match_id,tiratore,squadra,minuto,periodo,differenza_reti,possesso_passaggi_precedenti,distanza,angolo,difensori_cono,portiere_cono,distanza_min_difensore,angolo_libero,n_giocatori_visibili,compagni_vicini_5m,avversari_vicini_5m,gk_distanza_da_porta,gk_distanza_da_tiratore,gk_offset_laterale,body_part,shot_type,shot_technique,play_pattern,position_tiratore,primo_tocco,porta_sguarnita,tiro_deviato,sotto_pressione,assist_altezza,assist_tecnica,assist_lunghezza,assist_cross,assist_cutback,assist_through_ball,distanza_x_angolo,angolo_libero_su_angolo_tot,pressione_relativa,xg_statsbomb_benchmark,goal
3930166,Pavel Šulc,Czech Republic,3,1,0,5,18.06128456118224,23.67325499771347,1,1,2.066497977966917,15.838090823543228,13,1,2,4.768746486999041,14.852351657639325,1.7932755388953154,Right Foot,Open Play,Normal,From Goal Kick,Left Center Midfield,1,0,0,1,Ground Pass,,33.56799,1,1,1,427.5693950031326,0.6690288608420338,0.11441589168072161,0.06054878,0
3930166,Cristiano Ronaldo dos Santos Aveiro,Portugal,7,1,0,3,11.400438588054415,38.66716447674432,0,1,1.025715647081297,30.714180359622123,15,1,1,3.72552042252965,8.652118680900966,2.1468939927356274,Head,Open Play,Normal,Regular Play,Right Center Forward,1,0,0,1,High Pass,,21.079136,1,1,1,440.82263399132285,0.7943220242615572,0.08997159531704861,0.054354656,0
3930166,Nuno Mendes,Portugal,16,1,0,26,33.7675880098061,12.206258459311494,2,1,6.603274968699661,3.8983100941405184,18,0,0,3.098891856149311,30.699257455553855,0.9642910846145156,Left Foot,Open Play,Normal,Regular Play,Left Center Back,1,0,0,1,Low Pass,,38.125057,1,1,1,412.175906795241,0.3193697812589499,0.19555068507653173,0.007152914,0
3930166,Rúben Santos Gato Alves Dias,Portugal,21,1,0,37,23.683960817397075,16.5951053002497,1,1,3.111272084469962,0.0,19,0,1,5.01976233176484,18.789185128572186,3.384398739468807,Right Foot,Open Play,Normal,From Throw In,Right Center Back,1,0,0,1,Ground Pass,,38.042606,1,1,1,393.0378236916924,0.0,0.13136620637307314,0.03168744,0
3930166,João Pedro Cavaco Cancelo,Portugal,22,1,0,15,21.356497840235882,15.54223874752455,1,1,1.3098998645360396,0.0,16,0,3,3.9005379246924825,17.471655054800923,2.93887273187395,Right Foot,Open Play,Normal,From Corner,Left Wing Back,1,0,0,1,Ground Pass,,39.39264,1,1,1,331.9277882439385,0.0,0.061334956430364414,0.028342715,0
3930166,Bruno Miguel Borges Fernandes,Portugal,23,1,0,21,33.57260788202192,11.159916853285063,2,1,3.717191034325921,5.190380199920332,21,0,1,2.7442613477097004,31.20682731688927,0.28967946371974307,Right Foot,Open Play,Normal,From Corner,Left Defensive Midfield,1,0,0,1,Ground Pass,,12.525175,1,1,1,374.6675125113074,0.46509129666073434,0.11072094987045886,0.0055739963,0
3930166,Cristiano Ronaldo dos Santos Aveiro,Portugal,31,1,0,23,10.720541031123384,39.51668629557381,0,1,5.857792375833824,27.758719291866637,15,0,0,4.8705735111988835,5.857792375833824,1.303882101276514,Left Foot,Open Play,Normal,Regular Play,Right Center Forward,1,0,0,1,Ground Pass,Through Ball,23.410467,1,1,1,423.64025684573016,0.702455643275328,0.5464082790996975,0.4916691,0
3930166,Vitor Machado Ferreira,Portugal,31,1,0,23,24.446881191677598,17.768973043575393,2,1,1.002315756029099,8.186029536579486,17,0,2,2.161392715969672,22.71100034050802,0.6468193798760424,Right Foot,Open Play,Normal,Regular Play,Right Defensive Midfield,1,0,0,1,,,,0,0,0,434.3959728944095,0.4606923268162227,0.04099973931931715,0.037158106,0
3930166,Vitor Machado Ferreira,Portugal,32,1,0,4,14.167568598739877,30.128213971107055,1,1,1.0273702790907824,21.46350264293794,12,1,3,5.758317544050334,8.46669213705747,1.265731733303575,Right Foot,Open Play,Normal,Regular Play,Right Defensive Midfield,1,0,0,1,Ground Pass,,8.937561,1,1,1,426.8435381931723,0.7124054105404798,0.07251563822900148,0.15270437,0
3930166,Cristiano Ronaldo dos Santos Aveiro,Portugal,45,1,0,4,16.831518053936783,19.907343551825296,1,1,1.2768728323904832,0.0,19,0,1,3.3749074068498666,13.456649915497913,2.3354939835151853,Left Foot,Open Play,Normal,From Corner,Right Center Forward,1,0,0,1,Ground Pass,,22.679066,1,1,1,335.07081239846946,0.0,0.07586201246368451,0.07862081,0
3930166,José Diogo Dalot Teixeira,Portugal,45,2,0,3,26.06012279326404,14.086447283280991,1,1,0.7809700599624393,1.428398411425016,17,0,2,4.0420706816175995,22.026888920280758,2.2346409517947166,Left Foot,Open Play,Normal,From Free Kick,Right Wing Back,1,0,0,1,Ground Pass,,9.013878,1,1,1,367.09454592314324,0.10140231832055781,0.029968011515444686,0.02290134,0
3930166,Bernardo Mota Veiga de Carvalho e Silva,Portugal,51,2,0,1,24.22436789681002,14.233986839628455,2,1,0.43554362504307587,0.0,15,0,2,3.8412214508661355,20.41763260250069,2.8859150042881723,Left Foot,Open Play,Normal,From Free Kick,Center Attacking Midfield,1,0,0,1,Ground Pass,,22.157843,1,1,1,344.8093338415119,0.0,0.01797956615001832,0.032631624,0
3930166,Cristiano Ronaldo dos Santos Aveiro,Portugal,54,2,0,26,8.215229759416351,51.87132888062922,1,1,0.5047560155598627,0.0,17,1,2,3.58937325253502,6.597215758079972,2.933702908245351,Head,Open Play,Normal,From Throw In,Right Center Forward,1,0,0,1,High Pass,,32.30387,1,1,1,426.13488468061803,0.0,0.0614414971147104,0.09138278,0
3930166,Cristiano Ronaldo dos Santos Aveiro,Portugal,57,2,0,0,27.77210831031739,16.351542876146876,4,1,11.718483569820673,4.551894206273213,17,1,0,1.5393321992435378,26.664482080277235,0.9632733443233477,Right Foot,Free Kick,Normal,From Free Kick,Right Center Forward,1,0,0,1,,,,0,0,0,454.1168197971498,0.27837704617546366,0.42195152917026596,0.05240551,0
3930166,Rafael Alexandre Conceição Leão,Portugal,59,2,0,6,23.034105148670307,10.653870657013533,0,1,2.8272406569788786,6.797988082431637,16,0,2,5.199870728424992,17.83454512147187,4.398153951885256,Right Foot,Open Play,Normal,From Corner,Left Center Forward,1,0,0,1,High Pass,,28.65397,1,1,1,245.40237695398292,0.638076836230076,0.12274150173105758,0.008591539,0
3930166,Mojmír Chytil,Czech Republic,61,2,0,5,12.529964086141673,35.12815323338343,1,1,0.9208959923900343,0.0,17,1,3,1.0359268875549927,11.763317361544907,0.7806930122366893,Head,Open Play,Normal,From Goal Kick,Center Forward,1,0,0,1,High Pass,,32.381786,1,1,1,440.15449842677583,0.0,0.07349550134852813,0.040316492,0
3930166,Lukáš Provod,Czech Republic,61,2,0,7,23.162469643800943,18.44485530305724,4,1,5.457511181759203,1.8944152432056482,18,0,0,3.2933547078136627,21.64462647079831,3.2365877752122714,Right Foot,Open Play,Normal,From Goal Kick,Right Defensive Midfield,1,0,0,1,Ground Pass,,9.5,1,1,1,427.2284010413641,0.10270697232803168,0.2356187084402641,0.035857204,1
3930166,Nuno Mendes,Portugal,68,2,-1,19,10.558882516630252,22.728421478289373,1,1,0.6629250607476784,0.0,18,0,1,1.7869438073740054,9.342964439169,0.5604505847479686,Head,Open Play,Normal,From Throw In,Left Wing Back,1,0,0,1,High Pass,,30.263014,1,1,1,239.98673217771318,0.0,0.06278363829728863,0.045160558,0
3930166,Bernardo Mota Veiga de Carvalho e Silva,Portugal,71,2,-1,20,18.340392580312994,15.492283394053732,0,1,3.310627273645673,10.666706155947812,13,1,2,4.132673008690198,14.25223496929251,3.5850411972458147,Left Foot,Open Play,Normal,From Throw In,Center Attacking Midfield,1,0,0,1,,,,0,0,0,284.13455941240926,0.6885173660095787,0.18051016406264814,0.067471,0
3930166,Vitor Machado Ferreira,Portugal,77,2,-1,15,29.115288080319594,15.432756891206337,0,1,2.4760741420065777,12.848566646675415,17,0,1,2.8998182478628984,26.608243567054732,0.9447232243746129,Right Foot,Open Play,Normal,From Throw In,Right Defensive Midfield,1,0,0,1,Ground Pass,,15.008331,1,1,1,449.3291627610099,0.8325516132504228,0.08504377958328614,0.03203486,0
3930166,Bruno Miguel Borges Fernandes,Portugal,80,2,-1,2,26.545244395183108,8.522831935105698,2,1,1.875059636954877,0.0,20,0,1,3.0784486263642927,23.543946772188917,2.3173777183113557,Right Foot,Open Play,Normal,From Corner,Left Defensive Midfield,1,0,0,1,Ground Pass,,7.9075913,1,1,1,226.24065665645213,0.0,0.07063636744271697,0.0076566194,0
3930166,Petr Ševčík,Czech Republic,80,2,1,3,14.610270360263707,29.386124878545214,1,1,2.9694471101590953,14.118912507584856,12,0,1,3.236340137118187,11.40606052945396,1.3714232916412357,Left Foot,Open Play,Normal,From Throw In,Right Attacking Midfield,1,0,0,1,Ground Pass,,3.9,1,1,1,429.33922931601705,0.48046186987699974,0.20324381663978316,0.11256568,0
3930166,Tomáš Souček,Czech Republic,80,2,1,3,19.961212388028947,22.0875444448225,2,1,3.2929957993909,8.110192690853912,15,0,1,1.8137057787506,18.161425609744853,0.631969301822167,Left Foot,Open Play,Normal,From Throw In,Left Defensive Midfield,1,0,0,1,,,,0,0,0,440.8941657931308,0.36718398965146204,0.16496972906143523,0.06547854,0
3930166,Francisco Fernandes Conceição,Portugal,91,2,-1,3,5.805170109479994,62.772599375549845,0,1,3.1751950730380605,44.046845467880765,15,0,3,2.118827159753101,3.6880701841606,1.4732210329383904,Left Foot,Open Play,Normal,From Goal Kick,Center Attacking Midfield,1,0,0,1,,,,0,0,0,364.40561758930454,0.7016890475470284,0.5469598673521874,0.59001094,1
3930159,Roland Sallai,Hungary,9,1,0,3,23.315445524372898,18.36944114293896,1,1,3.0785843284864933,4.0370179820039125,12,0,2,3.142589748710209,20.434848091381067,2.1041875552489984,Right Foot,Open Play,Normal,Regular Play,Right Attacking Midfield,1,0,1,1,Ground Pass,,12.845622,1,1,1,428.2917042813676,0.21976814376607773,0.13204055334341702,0.044836354,0
3930159,Kwadwo Duah,Switzerland,11,1,0,22,11.709824934643553,37.45869679977792,0,1,1.9998453516601742,17.48715267528434,14,0,2,8.253226005649845,3.460135365451331,0.9974905471707913,Right Foot,Open Play,Normal,Regular Play,Center Forward,1,0,1,1,Ground Pass,Through Ball,24.31954,1,1,1,438.6347818052921,0.4668382557128366,0.170783539704648,0.38862705,1
3930159,Fabian Lukas Schär,Switzerland,21,1,1,4,29.09982817818689,14.36679237474043,1,1,3.3673594440932186,6.457346328794946,18,0,1,3.6683515247708622,25.447519765168295,1.1888912434633596,Right Foot,Open Play,Normal,From Corner,Right Center Back,1,0,1,1,Ground Pass,,16.63851,1,1,1,418.0711895766321,0.44946332906906883,0.11571750264207324,0.017150318,0
3930159,Fabian Lukas Schär,Switzerland,28,1,1,8,19.431160541768982,20.16763294487504,2,1,1.6115510345389648,0.0,13,0,4,3.517968095680313,16.110271413800724,0.8415829136220765,Left Foot,Open Play,Normal,Regular Play,Right Center Back,1,0,1,1,,,,0,0,0,391.8805134993361,0.0,0.08293642734693045,0.053312253,0
3930159,Willi Orban,Hungary,39,1,-1,1,8.700574693662485,49.37837328362999,0,1,2.9791919447640716,39.661838181546294,18,2,5,2.6129464012171177,7.084561836228587,1.8154274989265744,Head,Open Play,Normal,From Free Kick,Center Back,1,0,1,1,High Pass,,33.452206,1,1,1,429.62022500577086,0.8032228594030063,0.34241323701687437,0.14360759,0
3930159,Michel Aebischer,Switzerland,44,1,1,20,24.62214450449026,18.018976073970364,2,1,5.086857337087418,7.100023171296561,17,0,0,3.474369985257659,21.147807342725372,0.7897277888297367,Right Foot,Open Play,Normal,Regular Play,Left Wing Back,1,0,1,1,Ground Pass,,15.605127,1,1,1,443.6658327162509,0.3940303345844955,0.2065968435917409,0.03557817,1
3930159,Kwadwo Duah,Switzerland,46,2,2,3,14.798986451781085,21.312177087798965,1,1,1.8798785334614283,0.0,17,1,1,4.984375338850992,10.281618519489797,4.639456638957505,Right Foot,Open Play,Normal,From Throw In,Center Forward,1,0,1,1,Ground Pass,,7.6550636,1,1,1,315.39861998029613,0.0,0.12702751905250792,0.06089901,0
3930159,Kwadwo Duah,Switzerland,47,2,2,7,18.601075237738275,19.983106521899995,0,1,2.0035115166013653,16.60079551562317,16,0,3,4.137444892190381,15.11857142630199,0.5182488539591361,Left Foot,Open Play,Normal,From Throw In,Center Forward,1,0,1,1,Ground Pass,,9.066973,1,1,1,371.7072678976002,0.8307414814323256,0.10770944641611882,0.10888988,0
3930159,Ruben Vargas,Switzerland,53,2,2,7,15.033296378372913,23.474617598135367,1,1,1.406503975734187,11.749601712209072,17,1,3,3.0251282292901704,12.015439503362755,1.8261458830557729,Left Foot,Open Play,Half Volley,From Throw In,Left Attacking Midfield,1,0,1,1,Low Pass,,8.532878,1,1,1,352.9008837217375,0.5005236683021566,0.09355925276359223,0.12474265,0
3930159,Dan Ndoye,Switzerland,57,2,2,1,25.995576546789643,15.969020707839599,1,1,1.526071017795873,0.0,14,0,2,3.5153756901165347,22.529641642943893,1.952557351700662,Right Foot,Open Play,Normal,From Free Kick,Right Attacking Midfield,1,0,1,1,,,,0,0,0,415.1239001879132,0.0,0.058705026797504785,0.03159932,0
3930159,Barnabás Varga,Hungary,62,2,-2,6,8.57263086805912,48.76958430555626,0,1,0.8465992177316345,40.652150594526844,17,1,2,0.7055207235314094,8.47712144030316,0.628182596005459,Head,Open Play,Normal,From Free Kick,Right Attacking Midfield,1,0,1,1,High Pass,,29.62786,1,1,1,418.08364384022315,0.8335554049390451,0.09875605642673707,0.15456991,0
3930159,Barnabás Varga,Hungary,65,2,-2,11,4.965883607174055,76.47417313636227,0,1,0.8914685083108107,57.37618057783694,16,0,2,1.714097836713556,3.6168335247591648,1.429504355260427,Head,Open Play,Diving Header,From Throw In,Right Attacking Midfield,1,0,1,1,High Pass,,29.220541,1,1,1,379.76184275005187,0.7502687276595799,0.17951860712621906,0.57968694,1
3930159,Roland Sallai,Hungary,68,2,-1,2,15.728000508646986,27.569396704519487,1,1,1.1977783330987875,9.656642584507225,21,1,4,2.1623103119123934,13.67140327582234,1.176931333585209,Right Foot,Open Play,Normal,From Free Kick,Center Forward,1,0,1,1,High Pass,,32.67415,1,1,1,433.61148539177304,0.35026673554028837,0.0761557918592557,0.08412952,0
3930159,Dan Ndoye,Switzerland,70,2,1,6,18.30437106267243,15.819609539862112,0,1,3.5936991758265333,11.611905667409589,14,0,2,3.976379659154847,14.562262220210481,2.2429593683150415,Right Foot,Open Play,Normal,From Throw In,Right Attacking Midfield,1,0,1,1,Ground Pass,,38.71563,1,1,1,289.5680030842288,0.7340197391187192,0.19633010954170718,0.052711353,0
3930159,Fabian Lukas Schär,Switzerland,71,2,1,1,7.116881339463236,57.11914108817754,1,1,0.4495997151924773,0.0,18,1,4,2.0489343303903556,5.476890030404588,1.5982216867171104,Head,Open Play,Normal,From Corner,Right Center Back,1,0,1,1,High Pass,Inswinging,42.827328,1,1,1,406.51014933661855,0.0,0.06317369838660071,0.11983715,0
3930159,Dan Ndoye,Switzerland,82,2,1,16,17.4928556845359,22.479434397103105,1,1,1.0403544869444687,0.0,9,0,1,5.7363750953090165,11.77020282240507,3.225485607938957,Right Foot,Open Play,Normal,Regular Play,Right Attacking Midfield,1,0,1,1,High Pass,,46.85307,1,1,1,393.2295017785169,0.0,0.05947310751921236,0.14827995,0
3930159,Vincent Sierro,Switzerland,88,2,1,3,30.900647242412248,13.696142752449253,1,1,1.7549247724197052,7.539082761316112,17,0,1,3.389036995064459,27.522664279864117,1.0405746475715105,Right Foot,Open Play,Normal,From Free Kick,Right Defensive Midfield,1,0,1,1,Ground Pass,,18.285788,1,1,1,423.2196757751555,0.5504529923191632,0.0567924923595454,0.020479834,0
3930159,Granit Xhaka,Switzerland,89,2,1,1,10.500476179678708,16.544089472933525,2,1,2.928110283341068,0.0,20,0,3,4.04949855050327,6.451552308809899,3.799768982929436,Head,Open Play,Normal,From Corner,Left Defensive Midfield,1,0,1,1,High Pass,Inswinging,30.302805,1,1,1,173.72081742501175,0.0,0.2788549998339849,0.044237033,0
3930159,Breel-Donald Embolo,Switzerland,92,2,1,1,15.771493271088826,28.353872340501074,0,1,3.2671594218617668,11.603783767444067,6,0,2,11.844177909481827,3.960931440339199,1.5698300628932529,Right Foot,Open Play,Lob,From Counter,Center Forward,1,0,1,1,,,,0,0,0,447.1829068275243,0.4092486425873145,0.20715599757766057,0.4426999,1
3930163,Jude Bellingham,England,12,1,0,15,6.618912297349159,62.224019803747616,1,1,0.6991065370357421,1.3724160472834386,12,0,2,2.6074062988241917,6.300357740174334,2.40427891542717,Head,Open Play,Normal,From Throw In,Center Attacking Midfield,1,0,0,1,,,,0,0,0,411.85532986952273,0.022056049281483112,0.10562257144814122,0.28910747,1
3930163,Trent Alexander-Arnold,England,18,1,1,3,26.58270114190806,15.659231006735505,1,1,5.23658698918913,5.281873529538638,13,0,0,3.0715642445137017,23.517241005398393,1.1030597057506242,Right Foot,Open Play,Half Volley,Regular Play,Right Defensive Midfield,1,0,0,1,Ground Pass,,10.793516,1,1,1,416.26465796415,0.33730095221577266,0.19699228311052128,0.025817266,0
3930163,Aleksandar Mitrović,Serbia,19,1,-1,1,18.501081049495458,22.62672226840344,1,1,1.3787547284158101,0.5536450547593257,13,0,2,4.460756672814428,14.229826224846855,2.7387596978209885,Right Foot,Open Play,Normal,Regular Play,Center Forward,1,0,0,1,Ground Pass,,8.823265,1,1,1,418.61882257215575,0.024468637047463583,0.07452292786174299,0.09554446,0
3930163,Dušan Vlahović,Serbia,22,1,-1,19,22.108143296079835,19.648833658150146,1,1,1.6985279593643923,0.0,12,0,2,3.6584694464389855,19.423798811615487,3.0627430172417363,Left Foot,Open Play,Normal,From Goal Kick,Right Attacking Midfield,1,0,0,1,Ground Pass,,17.873165,1,1,1,434.39923011521995,0.0,0.0768281594983859,0.037229445,0
3930163,Trent Alexander-Arnold,England,29,1,1,0,28.504911857432568,15.600322170329767,3,1,11.36740893141668,5.443364668868255,20,1,0,0.12290573149804372,28.528596677125304,0.11248988725740361,Right Foot,Free Kick,Normal,From Free Kick,Right Defensive Midfield,1,0,0,1,,,,0,0,0,444.6858084128011,0.34892642661066214,0.39878772431470133,0.05354343,0
3930163,Trent Alexander-Arnold,England,55,2,1,15,31.064449134018137,13.828650972280125,0,1,3.006870147787027,11.521033277699921,17,0,1,1.4066869790841363,29.796782553261096,0.995907857082571,Right Foot,Open Play,Normal,From Free Kick,Right Defensive Midfield,1,0,0,1,Ground Pass,,16.910648,1,1,1,429.5794247204864,0.8331277794771247,0.0967945748793033,0.023010701,0
3930163,Harry Kane,England,76,2,1,2,6.440496875241848,58.51253063578603,0,1,1.5366591443941695,54.41687830021618,13,0,1,2.5293036152402624,7.067290247282025,2.1327951797365117,Head,Open Play,Normal,From Free Kick,Center Forward,1,0,0,1,High Pass,,30.016663,1,1,1,376.8497707222728,0.9300038420648148,0.23859325983082108,0.16733526,0
3930163,Dušan Vlahović,Serbia,81,2,-1,13,24.413520843991343,17.672383651410478,0,1,3.849381248314823,14.365510950930428,13,0,2,3.8824665881023015,20.79441379036933,2.4110189800917112,Left Foot,Open Play,Normal,From Free Kick,Right Center Forward,1,0,0,1,,,,0,0,0,431.4451066367215,0.8128790792623993,0.15767415412604172,0.045151852,0
3930163,Veljko Birmančević,Serbia,82,2,-1,1,22.37789087470042,19.87028661148723,5,1,2.9775110604032493,3.5260770292667263,18,0,1,0.5587049737228316,22.172252418312144,0.5495254094576651,Right Foot,Open Play,Half Volley,From Corner,Right Wing Back,1,0,0,1,,,,0,0,0,444.65510544088204,0.1774547644032604,0.13305592904510535,0.033204958,0
3930163,Sergej Milinković-Savić,Serbia,88,2,-1,8,32.608741159388536,12.989862151083406,2,1,4.9194390450213685,0.0,20,1,1,1.7898253311340389,30.85980823289782,1.0032551262502096,Right Foot,Open Play,Normal,From Throw In,Left Defensive Midfield,1,0,0,1,Ground Pass,,16.772001,1,1,1,423.58305258081674,0.0,0.150862586843681,0.01536182,0
3930163,Ivan Ilić,Serbia,92,2,-1,2,30.99193443462347,14.02910647499962,2,1,4.486426997511806,2.819105508733723,20,0,1,3.574957000566995,27.539509688816185,1.8950540944217025,Left Foot,Open Play,Normal,From Throw In,Right Defensive Midfield,1,0,0,1,Ground Pass,,20.5,1,1,1,434.78914804953985,0.2009469037645036,0.14476111541135922,0.02291271,0
3930181,Benjamin Šeško,Slovenia,4,1,0,12,11.808894952534724,37.16946618772925,1,1,3.2576951783889325,12.609721610825236,14,1,3,1.8888492589969028,10.187115091774013,0.6650661307189694,Head,Open Play,Normal,From Free Kick,Left Center Forward,1,0,0,1,High Pass,,7.5186434,1,1,1,438.930321652686,0.33924946748328827,0.27586791071332917,0.06892924,0
3930181,Andraž Šporar,Slovenia,18,1,0,5,24.86966023089178,18.157773257720937,1,1,1.2386910436042513,0.0,16,0,1,4.432148496754099,20.484233628960737,1.09082752510092,Left Foot,Open Play,Half Volley,Regular Play,Right Center Forward,1,0,0,1,Low Pass,,28.853077,1,1,1,451.57765146909264,0.0,0.049807316710568275,0.04272891,0
3930181,Harry Kane,England,30,1,0,1,12.902712893031453,32.96708604270657,0,1,1.4753190677797403,26.302947592680376,18,0,2,2.86760455643212,10.322970765386376,1.9170321398525587,Head,Open Play,Normal,From Corner,Center Forward,1,0,0,1,High Pass,Outswinging,45.852806,1,1,1,425.3648461289073,0.7978547924619949,0.11434177292874093,0.027990201,0
3930181,Harry Kane,England,30,1,0,2,27.60525312327347,12.748985952586398,1,1,3.5420546571850546,4.613498611852783,18,1,1,3.3714465853106006,24.23567103820393,2.2531603047098514,Right Foot,Open Play,Normal,From Corner,Center Forward,1,0,0,1,Ground Pass,,8.99611,1,1,1,351.93898428620525,0.3618718091784264,0.12831089218301045,0.020003181,0
3930181,Andraž Šporar,Slovenia,31,1,0,12,27.569729777420747,16.300912003937523,1,1,3.749713364191828,4.500371019121349,11,0,1,3.4542931636347354,24.17789982087426,0.04923937261862932,Left Foot,Open Play,Normal,From Keeper,Right Center Forward,1,0,0,1,,,,0,0,0,449.4117390740716,0.2760809344921483,0.1360083466346774,0.025362415,0
3930181,Harry Kane,England,39,1,0,13,5.420332093147057,68.74627951211588,0,0,1.703640965501112,68.74627951211588,20,0,2,4.058917252033533,4.164082976796487,0.8508849747176868,Right Foot,Open Play,Volley,Regular Play,Center Forward,1,0,0,1,High Pass,,30.44536,1,1,1,372.62766512397974,1.0,0.3143056433119717,0.39533535,0
3930181,Harry Kane,England,42,1,0,16,32.073041639358124,13.418501563924664,1,1,6.075667029940354,5.899309972346492,16,0,0,6.0427046959415405,26.095061039646225,2.7661290141011534,Right Foot,Open Play,Normal,From Throw In,Center Forward,1,0,0,1,Ground Pass,,13.661991,1,1,1,430.3721593975479,0.4396399958849841,0.18943220597090668,0.022610057,0
3930181,Phil Foden,England,50,2,0,2,31.61724213146998,14.325744978768983,2,1,7.58825608201619,7.56303869565783,21,0,0,0.7797741539784676,31.294551188621046,0.6626475593531822,Left Foot,Open Play,Volley,From Corner,Left Wing,1,0,0,1,,,,0,0,0,452.9405477074292,0.5279333610130846,0.24000373120662782,0.011521615,0
3930181,John Stones,England,57,2,0,1,8.050465825031493,52.66881886448022,2,1,0.8843434072000836,39.27736988083282,19,1,4,1.6321128144835815,7.0526841892680565,1.320041111588317,Head,Open Play,Normal,From Corner,Right Center Back,1,0,0,1,High Pass,Outswinging,40.8049,1,1,1,424.00852631327206,0.7457423714379405,0.1098499672466623,0.07156796,0
3930181,Adam Gnezda Čerin,Slovenia,62,2,0,5,30.03081750469008,14.044613369256602,1,1,2.2413074973053457,10.021442600378478,17,0,1,3.3070773780939153,26.726135892635373,1.1670850164454691,Left Foot,Open Play,Normal,From Throw In,Right Defensive Midfield,1,0,0,1,Ground Pass,,8.732124,1,1,1,421.7712210160755,0.7135435014761766,0.07463358255083492,0.027896708,0
3930181,Declan Rice,England,74,2,0,3,21.34900466063933,13.600741030499991,0,1,3.2157105774962638,9.618091569069916,17,1,2,4.100815875515995,17.267093124738206,3.4162040413985295,Right Foot,Open Play,Half Volley,From Throw In,Left Defensive Midfield,1,0,0,1,Low Pass,,8.0062475,1,1,1,290.3622836482929,0.707174083198931,0.15062578460273585,0.035136804,0
3930181,Phil Foden,England,82,2,0,14,23.657979626333265,18.16580787581972,2,1,3.704745207950676,2.360966690961312,17,1,1,2.130860989098291,22.350213929906708,1.9969732158535365,Left Foot,Open Play,Normal,Regular Play,Left Wing,1,0,0,1,Ground Pass,,14.812158,1,1,1,429.7663126220273,0.1299676131719947,0.1565960097381685,0.038287748,0
3930181,Cole Palmer,England,91,2,0,13,22.655683613610073,15.12400730831056,0,1,4.257236554389324,11.672370540418784,14,0,1,2.771849806391804,19.922528901256065,2.1577841014118775,Left Foot,Open Play,Normal,From Throw In,Right Wing,1,0,0,1,Ground Pass,,11.101802,1,1,1,342.6447245470105,0.7717776315808099,0.1879103110281718,0.0473352,0
3930178,Luka Sučić,Croatia,4,1,0,3,30.36264151881387,14.03192763710552,0,1,2.251395920689611,11.583859053022953,18,0,1,2.275598948416065,28.087516034107395,0.7826500950716664,Left Foot,Open Play,Normal,Regular Play,Right Wing,1,0,0,1,Ground Pass,,15.926079,1,1,1,426.0463886633719,0.8255358317549342,0.07415019932618704,0.021476122,0
3930178,Lorenzo Pellegrini,Italy,10,1,0,8,18.64322933399683,21.22890447568457,0,1,1.1102604483025256,16.808301829815523,15,0,1,3.159303400869335,15.55715300849518,2.095580427248734,Head,Open Play,Normal,Regular Play,Left Center Midfield,1,0,0,1,High Pass,,25.195635,1,1,1,395.7753346496991,0.7917649188665212,0.05955301135935243,0.040648647,0
3930178,Mateo Retegui,Italy,20,1,0,25,6.942621983083909,59.37821096162716,1,1,1.1260502410874602,18.333801892296304,13,0,2,2.2191990522702016,5.585663229636629,1.845712681584132,Head,Open Play,Normal,From Free Kick,Left Center Forward,1,0,0,1,High Pass,,40.400124,1,1,1,412.2404727383867,0.30876312363375885,0.1621937999549947,0.11477187,0
3930178,Mateo Retegui,Italy,21,1,0,5,14.34050208326054,30.204753324742782,2,1,1.607839656250651,11.225330107459275,18,0,2,2.185993087395323,12.60297251257697,1.6844202707755258,Right Foot,Open Play,Half Volley,From Corner,Left Center Forward,1,0,0,1,High Pass,,24.5473,1,1,1,433.15132797784463,0.3716411780216009,0.11211878405062671,0.050440855,0
3930178,Mateo Retegui,Italy,25,1,0,19,16.738578195294846,14.759574936703663,1,1,0.5230807893785817,0.0,11,0,2,6.325775946062391,10.450396814502446,5.666897381585571,Left Foot,Open Play,Normal,Regular Play,Left Center Forward,1,0,0,1,Ground Pass,,26.35925,1,1,1,247.05429920732823,0.0,0.03125001318962789,0.02528777,0
3930178,Alessandro Bastoni,Italy,26,1,0,3,9.35093578204877,38.09199530534601,0,0,3.8369345403786252,38.09199530534602,19,1,1,4.47881837988771,8.266371932147765,1.575093537847792,Head,Open Play,Normal,From Corner,Center Back,1,0,0,1,High Pass,,24.821362,1,1,1,356.1958019103938,1.0000000000000002,0.4103262635750837,0.14318198,0
3930178,Luka Modrić,Croatia,30,1,0,60,24.74934342563455,15.157628735031901,1,1,2.8478491763589697,10.951030050725274,18,0,2,1.737939337210961,23.049364845844856,1.2682958573105623,Right Foot,Open Play,Normal,From Free Kick,Right Center Midfield,1,0,0,1,Ground Pass,,24.709917,1,1,1,375.1413590815711,0.7224764666135113,0.11506766573085175,0.020104777,0
3930178,Lorenzo Pellegrini,Italy,35,1,0,12,21.023082552280474,17.315339848658123,2,1,1.7440507884329075,0.0,16,1,4,4.6398988525241345,16.47289775832805,3.4385440720475913,Left Foot,Open Play,Normal,From Free Kick,Left Center Midfield,1,0,0,1,Ground Pass,,14.746186,1,1,1,364.0218190591314,0.0,0.082958851733364,0.027555797,0
3930178,Andrej Kramarić,Croatia,51,2,0,40,18.603494295427403,17.23485309957074,2,1,1.7806792936483067,0.0,19,0,2,2.942541289312826,15.668319319408155,1.999426741360537,Right Foot,Open Play,Normal,From Throw In,Left Wing,1,0,0,1,High Pass,,45.800983,1,1,1,320.62849132039355,0.0,0.0957174639006385,0.024291756,0
3930178,Luka Modrić,Croatia,53,2,0,0,12.0,36.86989764584404,0,1,9.004482079072899,30.941756303293978,10,0,0,0.39782552476678307,11.603234293825588,0.028535548870515015,Right Foot,Penalty,Normal,Other,Right Center Midfield,1,0,0,1,,,,0,0,0,442.43877175012847,0.8392145972442567,0.7503735065894083,0.7835,0
3930178,Ante Budimir,Croatia,54,2,0,5,8.746427842267954,49.0011051752244,0,1,0.9342332694989911,37.79757794838512,17,1,2,2.6744146561347284,6.1466886552231035,0.7926584404014179,Left Foot,Open Play,Volley,Other,Center Forward,1,0,0,1,High Pass,,32.790546,1,1,1,428.584630606483,0.7713617440509498,0.10681312260809138,0.14855804,0
3930178,Luka Modrić,Croatia,54,2,0,5,6.801470429252776,53.43690413140593,1,1,3.444779253664438,27.28868493501222,10,0,2,3.359066606597986,3.444779253664438,2.1542403124955385,Left Foot,Open Play,Normal,Other,Right Center Midfield,1,0,0,1,,,,0,0,0,363.4495232805729,0.5106711434462409,0.5064756642693937,0.48530436,1
3930178,Davide Frattesi,Italy,56,2,-1,5,16.070469812671938,22.429839373767557,1,1,0.3831366508706732,0.0,15,0,1,5.768635153700159,10.487002746177868,4.459781011528058,Right Foot,Open Play,Normal,From Kick Off,Right Center Midfield,1,0,0,1,Ground Pass,,4.8703184,1,1,1,360.45805655921197,0.0,0.02384103609519624,0.05347716,0
3930178,Alessandro Bastoni,Italy,60,2,-1,1,6.484597134749387,60.68916933519722,0,1,2.524373228571377,48.34812448944235,19,3,4,1.9582355480316593,5.582025215440008,0.9192352480509172,Head,Open Play,Normal,From Corner,Center Back,1,0,0,1,High Pass,Outswinging,37.550632,1,1,1,393.54481358134024,0.7966516104777599,0.3892875958390494,0.16923,0
3930178,Matteo Darmian,Italy,66,2,-1,16,14.283556979968262,18.579270380444676,0,1,4.145415119471186,11.22742101063138,12,0,1,4.987862991212732,9.358478644866999,4.47434102106596,Left Foot,Open Play,Normal,Regular Play,Left Wing Back,1,0,0,1,Low Pass,,9.106591,1,1,1,265.3780671253181,0.6042982733298627,0.2902228853278532,0.055198677,0
3930178,Giacomo Raspadori,Italy,71,2,-1,0,26.139625092950354,17.187645137999837,2,1,9.530146697758072,4.832264095198141,20,1,0,2.5542535989604493,26.006184732454027,2.5496211313188084,Right Foot,Free Kick,Normal,From Free Kick,Left Center Forward,1,0,0,1,,,,0,0,0,449.2786001379867,0.2811475368731334,0.36458620442602585,0.06597319,0
3930178,Giovanni Di Lorenzo,Italy,72,2,-1,1,7.496665925596531,47.06011102372309,2,1,0.4146155262717103,0.0,18,2,7,4.317888083146402,3.5285500536582273,3.7162373182516717,Head,Open Play,Normal,From Corner,Right Center Back,1,0,0,1,High Pass,Inswinging,35.11766,1,1,1,352.79393076633454,0.0,0.0553066563705409,0.11527714,0
3930178,Gianluca Scamacca,Italy,91,2,-1,5,33.86871712952825,12.829989199877515,1,1,0.8897654747833328,6.808337085007871,18,0,2,2.7846529675665734,31.19370456369019,0.12617205372526996,Right Foot,Open Play,Normal,Regular Play,Left Center Forward,1,0,0,1,Ground Pass,,17.77667,1,1,1,434.53527498555405,0.5306580527030271,0.026271012019158994,0.013674787,0
3930178,Mattia Zaccagni,Italy,97,2,-1,4,20.483163818121454,18.214889894946932,0,1,5.888655639868075,14.442525797054925,16,0,0,6.5865166806628395,14.208557629751688,2.383766062760614,Right Foot,Open Play,Normal,From Free Kick,Left Wing Back,1,0,0,1,,,,0,0,0,373.0985736472431,0.792896683995959,0.28748760163009496,0.11067648,1
3930160,Álvaro Borja Morata Martín,Spain,6,1,0,2,22.487552112224222,19.103095987468233,0,1,3.0696091828454324,15.842069782470853,14,0,2,1.406963548772562,21.086680124673272,0.5867345514544837,Left Foot,Open Play,Half Volley,Regular Play,Center Forward,1,0,1,1,Low Pass,,10.956277,1,1,1,429.58186652301333,0.8292933141760562,0.13650259341374887,0.05367552,0
3930160,Lamine Yamal Nasraoui Ebana,Spain,14,1,0,2,16.740967713964444,22.229265677403866,1,1,0.5994741587920399,0.0,7,0,2,5.149276308258944,11.65797466426382,3.5718303128390403,Left Foot,Open Play,Normal,Regular Play,Right Wing,1,0,1,1,Ground Pass,,43.280712,1,1,1,372.1394190105561,0.0,0.0358088115952813,0.04807823,0
3930160,Ante Budimir,Croatia,21,1,0,11,12.319902597017556,35.930908322518384,1,1,0.7637432949294519,0.0,11,0,1,1.1677711705284255,11.245369933651405,0.3745221797385625,Head,Open Play,Normal,Regular Play,Center Forward,1,0,1,1,High Pass,,38.98025,1,1,1,442.665290755794,0.0,0.06199264068161882,0.048898492,0
3930160,Álvaro Borja Morata Martín,Spain,28,1,0,3,15.900314462299171,28.24099238597212,0,1,1.5816063751695018,20.383110589743836,9,0,3,7.244671941980248,8.756666311924288,0.9387415095126457,Left Foot,Open Play,Normal,Regular Play,Center Forward,1,0,1,1,Ground Pass,Through Ball,34.82944,1,1,1,449.04065966435326,0.7217561731247286,0.09947013179642504,0.4253404,1
3930160,Mateo Kovačić,Croatia,29,1,-1,9,17.24905794529081,26.04743576088214,1,1,2.738335645979243,12.335466899902963,13,1,3,3.2280675370064835,14.037055899907141,0.5316291853774331,Left Foot,Open Play,Normal,From Kick Off,Left Center Midfield,1,0,1,1,Low Pass,,26.512074,1,1,1,449.29372876569613,0.47357701591602663,0.1587527652040174,0.06378076,0
3930160,Fabián Ruiz Peña,Spain,31,1,1,6,16.152399202595255,27.741181458819035,1,1,1.1462313482514628,0.0,19,1,4,3.275233486392754,12.982114548702565,0.9914991707721796,Left Foot,Open Play,Normal,From Throw In,Left Defensive Midfield,1,0,1,1,Ground Pass,,14.908387,1,1,1,448.08663727447885,0.0,0.07096353513026686,0.056130085,1
3930160,Marcelo Brozović,Croatia,32,1,-2,8,18.201098867925534,24.788046476826963,1,1,4.984518314156615,16.181424753518378,16,0,1,3.48959646984177,15.731750224434439,2.257131234520422,Right Foot,Open Play,Normal,From Kick Off,Center Defensive Midfield,1,0,1,1,,,,0,0,0,451.1696846674608,0.6527914480330484,0.2738580978174053,0.07775181,0
3930160,Lovro Majer,Croatia,32,1,-2,8,10.689246933250256,15.905340779397392,0,0,4.14775027489017,15.905340779397392,15,0,1,,,,Right Foot,Open Play,Normal,From Kick Off,Right Wing,1,0,1,1,,,,0,0,0,170.0161151484738,1.0,0.3880301672130024,0.10645112,0
3930160,Robin Aime Robert Le Normand,Spain,35,1,2,1,7.280109889280515,51.430658691013505,2,1,1.0504660564481378,47.11040095673059,19,2,5,2.4147862989702733,7.666465103709092,1.921491162105923,Head,Open Play,Normal,From Corner,Right Center Back,1,0,1,1,High Pass,Inswinging,35.970684,1,1,1,374.4208469486583,0.9159983977604044,0.14429260992267168,0.108392105,0
3930160,Joško Gvardiol,Croatia,40,1,-2,13,13.865424623862047,15.234486446292749,0,0,4.3089010225410584,15.234486446292738,12,0,1,6.487873133752825,7.752319942336603,4.965347861476104,Left Foot,Open Play,Half Volley,From Free Kick,Left Back,1,0,1,1,Low Pass,,33.13608,1,1,1,211.2326235043201,0.9999999999999993,0.3107658899335508,0.05044837,0
3930160,Andrej Kramarić,Croatia,44,1,-2,16,34.50289842897261,12.928506237895979,2,1,1.458596556930308,1.1747720636688066,19,0,1,3.45697124275412,31.130635669725006,0.01945964520357535,Right Foot,Open Play,Normal,From Keeper,Left Wing,1,0,1,1,Ground Pass,,22.416288,1,1,1,446.07093756446375,0.09086680565039448,0.042274609477605585,0.013197766,0
3930160,Mateo Kovačić,Croatia,45,1,-2,7,30.54766766874355,14.19546981310143,2,1,2.8586374841535096,1.4260536944008544,20,0,2,2.7600620310597503,27.895879442263197,1.5307544361467862,Right Foot,Open Play,Normal,Regular Play,Left Center Midfield,1,0,1,1,Ground Pass,,22.160551,1,1,1,433.63849425230364,0.10045836546281167,0.0935795660458384,0.019094488,0
3930160,Daniel Carvajal Ramos,Spain,46,1,2,4,7.684399781375247,53.603936730242346,0,1,0.9608075787532269,36.00909300837925,18,0,3,3.813897868252471,3.9230719896230717,0.7552030122787556,Right Foot,Open Play,Volley,From Corner,Right Back,1,0,1,1,High Pass,,31.541243,1,1,1,411.91407969072685,0.6717620981755915,0.12503352325342904,0.30100337,1
3930160,Joško Gvardiol,Croatia,50,2,-3,3,24.686838598735154,14.221466247840697,2,1,5.170769906006731,3.2695043135557005,17,0,0,3.3039637032518687,21.38556385188997,2.23431219329197,Left Foot,Open Play,Half Volley,Regular Play,Left Back,1,0,1,1,Ground Pass,,7.570997,1,1,1,351.0830418978029,0.22989924221436187,0.20945451906797247,0.018449154,0
3930160,Lamine Yamal Nasraoui Ebana,Spain,51,2,3,6,14.101418368376994,26.508620683656808,0,1,5.07239162732318,22.30023366886219,9,0,0,4.252381786420415,10.437221821423867,0.7590268007789049,Left Foot,Open Play,Normal,Regular Play,Right Wing,1,0,1,1,Ground Pass,,8.440379,1,1,1,373.8091506288564,0.8412445873734506,0.35970790276659154,0.28168085,0
3930160,Álvaro Borja Morata Martín,Spain,53,2,3,2,6.08358446970205,44.712221657060766,0,1,1.7918817744186688,24.37125437084436,18,0,4,4.324375330631074,1.7918817744186688,3.7782593703929166,Other,Open Play,Normal,From Corner,Center Forward,1,0,1,1,Low Pass,,13.509256,1,1,1,272.01057727877054,0.54506918841497,0.29454374856513305,0.2103611,0
3930160,Josip Stanišić,Croatia,54,2,-3,10,11.24499888839478,30.399756830228686,2,1,7.027021672355765,12.284142468215826,15,0,0,1.8061851893920033,9.79007811967919,0.3261129106741478,Right Foot,Open Play,Normal,From Free Kick,Right Back,1,0,1,1,,,,0,0,0,341.8452317633932,0.40408686611600825,0.6249019445976015,0.22294979,0
3930160,Ante Budimir,Croatia,54,2,-3,10,4.242640687119285,85.23635830927383,1,0,2.196916201079976,64.14663853399942,15,3,4,3.416138084743486,6.363527580725712,3.1428711864021537,Head,Open Play,Normal,From Free Kick,Center Forward,1,0,1,1,,,,0,0,0,361.62724178480306,0.7525736646472868,0.51781811449408,0.20600665,0
3930160,Andrej Kramarić,Croatia,54,2,-3,10,1.5999999999999943,136.3971810272965,1,1,1.153580131832667,76.42155608148884,15,2,3,2.1382316999160222,1.5784751075673091,1.5713452642425665,Head,Open Play,Normal,From Free Kick,Left Wing,1,0,1,1,,,,0,0,0,218.23548964367365,0.560286917265504,0.7209875823954195,0.71037304,0
3930160,Mateo Kovačić,Croatia,54,2,-3,10,7.441102068914259,44.87603070742547,4,0,1.6085441504491729,12.264145082049193,15,1,4,3.0698823441201797,5.9277409438508,0.0380774751860784,Head,Open Play,Normal,From Free Kick,Left Center Midfield,1,0,1,1,,,,0,0,0,333.9271249416835,0.2732894351108439,0.21617015000627154,0.099854395,0
3930160,Lamine Yamal Nasraoui Ebana,Spain,57,2,3,0,29.203595669026786,15.342271294904815,0,1,10.011275589228276,12.92808936434239,20,1,0,0.724352427666687,28.481706758511724,0.0755642019121936,Left Foot,Free Kick,Normal,From Free Kick,Right Wing,1,0,1,1,,,,0,0,0,448.04948754091623,0.8426450761978002,0.34280969037816783,0.042338703,0
3930160,Daniel Olmo Carvajal,Spain,73,2,3,11,26.119150062741316,17.401757400272132,2,1,2.0452354291773394,7.27361081386069,14,1,2,2.1235887597306076,24.068036721668175,0.44884850904577434,Right Foot,Open Play,Normal,Regular Play,Left Wing,1,0,1,1,Ground Pass,,16.512419,1,1,1,454.519112893127,0.4179813938646762,0.07830405753113864,0.027441183,0
3930160,Bruno Petković,Croatia,79,2,-3,0,12.0,36.86989764584404,0,1,9.575420050130846,30.594624386754145,16,0,0,1.070645531970903,10.961962819848365,0.2506081574146748,Right Foot,Penalty,Normal,Other,Center Forward,1,0,1,1,,,,0,0,0,442.43877175012847,0.8297995476047316,0.7979516708442372,0.7835,0
3930160,Ivan Perišić,Croatia,83,2,-3,8,21.763501556505098,18.011380052040202,2,1,3.413699721581236,6.904985296368304,14,0,2,3.7506048079719436,18.02159775500348,1.745074754274782,Right Foot,Open Play,Normal,From Throw In,Left Wing,1,0,1,1,High Pass,,41.785164,1,1,1,391.9906977973818,0.3833679194163779,0.15685434224443,0.035310246,0
3930160,Ivan Perišić,Croatia,83,2,-3,9,36.10235449385539,11.486305578720351,1,1,5.601745552869033,5.206634174800848,20,0,0,4.473743164621219,31.69427314323877,2.5196054152247243,Left Foot,Open Play,Normal,From Throw In,Left Wing,1,0,1,1,Ground Pass,,8.028076,1,1,1,414.68267582771085,0.45329058495942437,0.15516288705830666,0.006942888,0
3930160,Ferrán Torres García,Spain,87,2,3,4,20.615528128088304,11.498387041382353,1,1,0.9043562464844349,0.0,10,0,1,7.934850658661631,12.83838446980817,7.392819272459803,Right Foot,Open Play,Normal,Regular Play,Right Wing,1,0,1,1,Low Pass,,36.556805,1,1,1,237.04532147926395,0.0,0.04386772149932288,0.012741043,0
3930160,Ivan Perišić,Croatia,91,2,-3,35,17.466825699021562,18.655254454174873,0,1,1.4401495585213173,13.820592750942934,17,0,1,3.4685777261700093,14.225470466554047,1.5731640822852597,Head,Open Play,Normal,From Free Kick,Left Wing,1,0,1,1,High Pass,,50.849777,1,1,1,325.8480779219681,0.7408418247465938,0.08245055989778326,0.019089911,0
3930170,Adam Gnezda Čerin,Slovenia,3,1,0,3,26.14804007951648,16.295652836894174,1,1,4.8997773093011885,9.124905973750465,13,0,1,4.510082788022023,22.435276621199698,3.5898990688587062,Right Foot,Open Play,Normal,From Throw In,Right Defensive Midfield,1,0,1,1,,,,0,0,0,426.0993835009953,0.5599595220322331,0.18738602566008433,0.041358393,0
3930170,Jan Mlakar,Slovenia,7,1,0,4,15.99062225180747,19.99078306240176,0,1,1.1523909871365716,13.198883136119907,11,0,1,5.940325087575144,10.129007877518774,3.787562634937558,Right Foot,Open Play,Half Volley,Regular Play,Left Midfield,1,0,1,1,High Pass,,9.617692,1,1,1,319.66506046869745,0.660248430235036,0.07206667564211351,0.14476232,0
3930170,Andraž Šporar,Slovenia,19,1,0,34,11.569356075426153,37.245310445073386,1,1,0.881025406263686,4.749613128932149,15,1,1,3.84990314871625,8.389824727615542,2.626714087420474,Right Foot,Open Play,Half Volley,Regular Play,Right Center Forward,1,0,1,1,Ground Pass,,21.411213,1,1,1,430.90425867884295,0.12752244704568982,0.07615163718013872,0.07042414,0
3930170,Timi Elšnik,Slovenia,20,1,0,42,29.9240705787164,15.215695829774196,2,1,4.31855977930724,1.6559606949254453,17,0,1,2.886357411199339,28.24466158696149,2.347998884111078,Left Foot,Open Play,Normal,Regular Play,Left Defensive Midfield,1,0,1,1,Ground Pass,,10.956277,1,1,1,455.31555591444385,0.1088324000066463,0.1443172568366695,0.023047987,0
3930170,Dušan Vlahović,Serbia,26,1,0,4,10.34456378974,38.348291305894456,1,1,1.7039597698246725,27.969942322704913,14,0,1,2.6211895620292744,9.155697539182848,2.6144282237445964,Head,Open Play,Normal,From Throw In,Left Attacking Midfield,1,0,1,1,High Pass,,27.90878,1,1,1,396.6963456413571,0.7293660648292222,0.1647203115045511,0.0682874,0
3930170,Jan Mlakar,Slovenia,36,1,0,2,22.842942017174586,15.38730855064609,2,1,2.2453516566241833,7.25900219028483,17,0,1,4.476999604709368,18.49845003695704,3.5722341931451282,Left Foot,Open Play,Half Volley,From Throw In,Left Midfield,1,0,1,1,Ground Pass,,9.291394,1,1,1,351.49139702278336,0.4717525593506108,0.09829520448530683,0.020043343,0
3930170,Timi Elšnik,Slovenia,37,1,0,14,17.623280057923377,21.223656502766218,0,1,2.737080263304398,15.694175917909071,17,0,2,5.578929559195898,12.439075147609561,4.502099815686464,Right Foot,Open Play,Normal,From Throw In,Left Defensive Midfield,1,0,1,1,,,,0,0,0,374.0304424014157,0.7394661667212502,0.1553104901192224,0.16156586,0
3930170,Andraž Šporar,Slovenia,37,1,0,14,9.46414285606468,45.62773666590214,0,0,1.3991419693763845,45.62773666590215,14,2,2,6.584062722887593,7.816084006593738,4.902948726237923,Left Foot,Open Play,Volley,From Throw In,Right Center Forward,1,0,1,1,,,,0,0,0,431.8274180049982,1.0000000000000002,0.14783609996755342,0.45923445,0
3930170,Benjamin Šeško,Slovenia,37,1,0,14,11.412712210513334,36.063139466454594,2,0,1.6402534324762104,23.60281624479964,13,0,2,6.502734821995759,12.339866729072105,5.504637522083883,Right Foot,Open Play,Normal,From Throw In,Left Center Forward,1,0,1,1,,,,0,0,0,411.5782321382517,0.6544858987319903,0.1437216151797131,0.23846735,0
3930170,Dušan Vlahović,Serbia,38,1,0,0,29.064239195272258,14.970482427407278,2,1,11.194607716218922,9.602221428911786,19,0,0,1.7315634941569324,28.471747374497745,1.727351956295827,Left Foot,Free Kick,Normal,From Free Kick,Left Attacking Midfield,1,0,1,1,,,,0,0,0,435.1056821387852,0.6414102869078204,0.38516775343769866,0.042383377,0
3930170,Dušan Vlahović,Serbia,38,1,0,0,26.041697333315284,16.42490263030303,3,1,3.1400918241684774,0.6000760437711299,17,0,1,2.665792180474347,23.569205989444868,1.7588208229900104,Left Foot,Open Play,Half Volley,From Free Kick,Left Attacking Midfield,1,0,1,1,,,,0,0,0,427.73234302752564,0.036534526704835556,0.12057938405387045,0.01660744,0
3930170,Aleksandar Mitrović,Serbia,41,1,0,33,7.559100475585706,34.23931355236905,0,0,2.845469320759258,34.23931355236905,15,0,2,3.42728919927615,5.162578164383939,1.5567824401942474,Right Foot,Open Play,Normal,Regular Play,Center Forward,1,0,1,1,High Pass,,41.258453,1,1,1,258.818411357441,1.0,0.3764296201577848,0.29717425,0
3930170,Saša Lukić,Serbia,42,1,0,3,17.977764043395382,23.629377730656824,3,1,2.814962231092623,6.956994588112247,15,1,1,1.6222391664218807,16.75244262195777,1.4059779283263794,Right Foot,Open Play,Half Volley,From Free Kick,Left Defensive Midfield,1,0,1,1,,,,0,0,0,424.80337733400984,0.2944214048889752,0.15658021900263927,0.08807026,0
3930170,Petar Stojanović,Slovenia,43,1,0,6,28.398943642325854,14.47029410006589,3,0,3.385723739008727,5.085203695213148,11,0,1,,,,Right Foot,Open Play,Normal,From Free Kick,Right Midfield,1,0,1,1,Ground Pass,,20.59733,1,1,1,410.94106663565157,0.3514236587071159,0.11922005908567093,0.023205703,0
3930170,Aleksandar Mitrović,Serbia,45,1,0,2,9.633275663033842,33.69006752597976,0,0,1.4934302161960493,33.690067525979764,16,1,3,3.0494484119572167,8.775408038291667,0.8585244939675363,Head,Open Play,Normal,From Corner,Center Forward,1,0,1,1,High Pass,,41.400482,1,1,1,324.54570758398756,1.0000000000000002,0.15502828616509434,0.051894434,0
3930170,Aleksandar Mitrović,Serbia,46,2,0,30,12.841339493993607,20.880055794896702,1,1,1.7501527982307226,2.48133460615735,12,0,2,8.782780506668884,4.214018363719656,7.794302736365687,Right Foot,Open Play,Normal,From Kick Off,Center Forward,1,0,1,1,Ground Pass,Through Ball,18.420097,1,1,1,268.1278851157971,0.11883754672551275,0.13629051697054945,0.2402346,0
3930170,Aleksandar Mitrović,Serbia,49,2,0,5,10.001999800039988,43.01146000322871,1,1,0.5677449254487013,0.0,14,0,1,2.005674466770179,8.817935215482686,1.2208212366828022,Head,Open Play,Normal,From Corner,Center Forward,1,0,1,1,High Pass,,43.029408,1,1,1,430.2006143517215,0.0,0.05676314105169562,0.068004765,0
3930170,Benjamin Šeško,Slovenia,57,2,0,3,29.06819567843866,13.040645271750865,1,0,0.8774772994620493,5.680867426762924,10,0,1,,,,Right Foot,Open Play,Normal,Regular Play,Left Center Forward,1,0,1,1,Ground Pass,,26.420069,1,1,1,379.06802853236,0.43562778592475265,0.030186851264143593,0.021775488,0
3930170,Aleksandar Mitrović,Serbia,64,2,0,3,20.185390756683407,19.471419077113662,1,1,2.1787423621610693,4.204887983324306,9,1,1,4.799623296584612,15.481528625954898,1.7193847271276894,Right Foot,Open Play,Half Volley,Regular Play,Center Forward,1,0,1,1,Low Pass,,4.88467,1,1,1,393.0382026586791,0.21595179923309502,0.10793659575005676,0.058491293,0
3930170,Žan Karničnik,Slovenia,68,2,0,2,7.54320886625845,49.09023852550914,0,1,1.415012780289236,47.358201012749184,12,0,1,4.020226225006388,10.327108706198212,4.005444992044659,Right Foot,Open Play,Half Volley,Regular Play,Right Back,1,0,1,1,Low Pass,,25.37282,1,1,1,370.2979224923627,0.9647172724194459,0.18758764411505746,0.3382771,1
3930170,Aleksandar Mitrović,Serbia,71,2,-1,5,6.7911707385398525,60.29720668239733,1,1,0.419723405938702,0.0,18,1,3,0.5006921931834507,6.647980758025875,0.42331032580933226,Right Foot,Open Play,Half Volley,From Throw In,Left Center Forward,1,0,1,1,High Pass,,32.584965,1,1,1,409.48862563718643,0.0,0.06180427824568954,0.18343204,0
3930170,Sergej Milinković-Savić,Serbia,74,2,-1,1,7.747257579298621,52.22431569404535,1,0,1.6323355041235312,29.83419633970599,19,1,5,8.04866677869594,3.022166620457202,5.744656651942137,Head,Open Play,Normal,From Free Kick,Left Defensive Midfield,1,0,1,1,High Pass,,31.212337,1,1,1,404.59522558437675,0.571270220456095,0.21069849394000797,0.09501195,0
3930170,Žan Karničnik,Slovenia,78,2,1,11,29.346550052774514,12.333143531425431,1,1,6.088582624785449,8.271260910732046,15,0,0,4.164914439532106,25.190061002519016,2.7574229573166633,Right Foot,Open Play,Normal,From Throw In,Right Back,1,0,1,1,Ground Pass,,12.940248,1,1,1,361.93521395302866,0.6706530974569852,0.2074718361727775,0.010003904,0
3930170,Lazar Samardžić,Serbia,82,2,-1,10,22.14339630679991,17.59271903563177,2,1,4.242649582370851,7.254035225826454,16,0,1,1.4845359326341456,20.829052677034703,1.2683890705893504,Left Foot,Open Play,Normal,Regular Play,Right Center Forward,1,0,1,1,Ground Pass,,6.477654,1,1,1,389.562549720177,0.4123316703423926,0.19159886422066139,0.049244836,0
3930170,Mijat Gaćinović,Serbia,94,2,-1,8,16.08011193990887,27.225397269442418,3,1,1.4102489736572508,0.0,18,1,4,2.3101024471368565,13.84463729591778,1.0689367399526546,Right Foot,Open Play,Half Volley,From Free Kick,Right Wing Back,1,0,1,1,Low Pass,,9.420191,1,1,1,437.7874357011234,0.0,0.087701440072515,0.032908905,0
3930170,Luka Jović,Serbia,94,2,-1,1,5.40832691319599,72.94854449388298,1,0,0.18760909459636346,0.0,22,3,6,,,,Head,Open Play,Normal,From Corner,Right Center Forward,1,0,1,1,High Pass,Inswinging,40.06557,1,1,1,394.52957646474243,0.0,0.03468893386208009,0.14172395,1
3938643,Piotr Zieliński,Poland,5,1,0,18,26.123169792351,17.396604726158102,4,1,4.750433979478548,3.0995820074668745,16,0,1,4.3419335900877085,22.015031638871942,1.1140358716492287,Right Foot,Open Play,Half Volley,From Goal Kick,Left Center Midfield,1,0,1,1,,,,0,0,0,454.454459071844,0.1781716637388583,0.18184753294638464,0.02182334,0
3938643,Theo Bernard François Hernández,France,10,1,0,13,14.78512766262098,16.288435646509104,0,1,8.475957922604312,10.427621526530352,16,0,0,3.0637652686073107,11.73641040976125,2.5068410550382936,Left Foot,Open Play,Normal,Regular Play,Left Back,1,0,1,1,Low Pass,,30.513111,1,1,1,240.8266004580234,0.640185574160105,0.5732759375512736,0.082832314,0
3938643,Sebastian Szymański,Poland,13,1,0,7,21.717504460687923,15.504328558979525,0,1,1.3259600172043344,11.215528582050549,11,0,1,5.682533392355908,16.035019127123476,3.8840524978707336,Left Foot,Open Play,Normal,From Goal Kick,Right Center Midfield,1,0,1,1,Ground Pass,Through Ball,32.103893,1,1,1,336.715324639609,0.7233804765801958,0.06105489788684189,0.054202277,0
3938643,Kacper Urbanski,Poland,14,1,0,1,14.003570973148248,31.692623896354057,3,1,2.2722782391545127,20.220735074177366,17,2,2,2.028074570028332,12.36223474510048,1.3152608513290502,Left Foot,Open Play,Half Volley,From Corner,Right Center Forward,1,0,1,1,,,,0,0,0,443.8099080578882,0.6380265370360696,0.16226419986099194,0.06955565,0
3938643,Jakub Moder,Poland,16,1,0,2,32.6266762021509,13.017363187653107,3,1,3.0265361107713953,4.029228758547529,17,0,1,2.943188091476081,29.737237298839517,0.5769625559927363,Right Foot,Open Play,Normal,From Throw In,Center Defensive Midfield,1,0,1,1,Ground Pass,,7.006426,1,1,1,424.71329372935674,0.3095272598961692,0.09276262442485246,0.016467048,0
3938643,Ousmane Dembélé,France,18,1,0,1,12.868954891520907,23.418696921825006,0,1,1.4989772321204438,8.408498312379324,9,0,2,8.306757570928708,4.593673150846571,6.71756046345012,Right Foot,Open Play,Normal,From Counter,Right Wing,1,0,1,1,Ground Pass,,13.473678,1,1,1,301.3741543051655,0.35905064831096734,0.11648010617459614,0.24532036,0
3938643,Robert Lewandowski,Poland,33,1,0,13,10.884851859350224,38.52865934548397,1,1,1.3742665862787602,22.94861479603088,10,0,2,1.6150982150245332,9.747686286468493,0.5973911534155718,Head,Open Play,Normal,Regular Play,Left Center Forward,1,0,1,1,High Pass,,29.87206,1,1,1,419.3787493149626,0.5956245347197823,0.12625496460921037,0.08242022,0
3938643,Aurélien Djani Tchouaméni,France,35,1,0,12,34.194882658082044,12.780106833622094,2,1,4.961358871983198,4.180045864516244,18,0,1,2.583009955221075,31.630000735123335,0.469518997538529,Right Foot,Open Play,Normal,Regular Play,Center Defensive Midfield,1,0,1,1,Ground Pass,,12.440257,1,1,1,437.01425353345996,0.32707440704011315,0.14509068276655043,0.013516772,0
3938643,Aurélien Djani Tchouaméni,France,37,1,0,8,20.969024774652738,21.53512582875757,4,1,2.480086324045172,0.6515371305063519,18,0,2,1.8666918328639346,19.43038582466404,1.1406301215405605,Right Foot,Open Play,Normal,Regular Play,Center Defensive Midfield,1,0,1,1,Ground Pass,,5.8523498,1,1,1,451.5705870284816,0.030254623803326115,0.11827380389397456,0.050685827,0
3938643,William Saliba,France,37,1,0,3,12.739309243440166,34.780400209884874,3,1,0.7653345779640355,0.0,18,2,3,1.5878685417042917,11.89477723011255,1.2215115065645819,Right Foot,Open Play,Half Volley,From Corner,Left Center Back,1,0,1,1,Low Pass,,9.824968,1,1,1,443.0782738843347,0.0,0.060076615092621924,0.046296313,0
3938643,Kylian Mbappé Lottin,France,41,1,0,29,11.661903789690603,16.34817154735129,0,1,1.9394081076215264,3.959351653593007,16,2,3,6.351663918038747,5.31036652527352,5.892386343784324,Right Foot,Open Play,Normal,Regular Play,Center Forward,1,0,1,1,,,,0,0,0,190.65080372256807,0.24218926514962444,0.1663028732355011,0.118999206,0
3938643,Dayotchanculle Upamecano,France,41,1,0,1,8.159656855530143,50.61044878278189,0,1,0.7665955165401686,40.652303513100705,19,1,5,1.9646051231747563,6.9130894703892345,0.8529451671974897,Head,Open Play,Normal,From Corner,Right Center Back,1,0,1,1,High Pass,Outswinging,43.38871,1,1,1,412.9638953718834,0.8032393407056878,0.0939494797530137,0.09202025,0
3938643,Kylian Mbappé Lottin,France,44,1,0,11,10.770793842609747,10.867464475021487,0,0,2.9779998912491936,10.867464475021512,13,0,2,5.475670459857695,5.606344673122227,4.893935877068927,Right Foot,Open Play,Normal,From Throw In,Center Forward,1,0,1,1,Ground Pass,,9.815294,1,1,1,117.0512194523416,1.0000000000000022,0.2764884311004164,0.033283398,0
3938643,N'Golo Kanté,France,47,2,0,6,19.933138237618277,22.557424062218278,1,1,1.221406819161269,13.68292255888928,14,0,1,2.5718341177584985,18.123663164058346,1.9474904553183734,Right Foot,Open Play,Normal,From Throw In,Right Center Midfield,1,0,1,1,Ground Pass,,17.24094,1,1,1,449.64025211677375,0.6065817852760494,0.061275189315458715,0.06638347,0
3938643,Kylian Mbappé Lottin,France,48,2,0,4,23.476371099469354,13.856230390309737,0,1,4.3274542534274225,10.511123851994281,18,0,1,3.0183135961125442,20.55680454037883,1.5821954557422941,Right Foot,Open Play,Normal,From Corner,Center Forward,1,0,1,1,,,,0,0,0,325.29400668265646,0.758584662344036,0.18433233292709528,0.03354426,0
3938643,Kylian Mbappé Lottin,France,48,2,0,11,25.060127693210184,14.651129474684314,2,1,2.9411024610231813,2.2456756531320283,16,0,2,3.6434504783256876,21.416942308031977,2.2276537177319113,Right Foot,Open Play,Normal,From Corner,Center Forward,1,0,1,1,Ground Pass,,12.39879,1,1,1,367.15917548534435,0.15327662328097852,0.11736183059514284,0.03001934,0
3938643,Ousmane Dembélé,France,50,2,0,13,24.76206776503125,11.066907934415571,1,1,2.2517689861001386,2.3482533916449677,18,1,1,4.104004865318455,20.835119791334442,3.8396396916380695,Left Foot,Open Play,Normal,From Free Kick,Right Wing,1,0,1,1,Ground Pass,,11.101802,1,1,1,274.0395242213604,0.21218694558237292,0.09093622582198344,0.0069303666,0
3938643,Kylian Mbappé Lottin,France,55,2,0,0,11.900420160649796,37.156345075648375,0,1,10.621098960650697,31.1662637406321,7,0,0,0.8697173500251995,11.483359523499907,0.7529878945063473,Right Foot,Penalty,Normal,Other,Center Forward,1,0,1,1,,,,0,0,0,442.1761180343067,0.8387871217467493,0.8924978124529307,0.7835,1
3938643,Bradley Barcola,France,58,2,1,9,13.050670480860363,9.996118373858433,0,1,1.7432672441932318,2.607097404573527,9,0,1,4.850183307211258,8.200858919491868,4.670068217268195,Left Foot,Open Play,Normal,From Throw In,Left Wing,1,0,1,1,,,,0,0,0,130.45604698490015,0.2608109775281908,0.13357683398334544,0.019646157,0
3938643,Antoine Griezmann,France,65,2,1,1,25.349161721840037,17.50333393827858,1,1,3.0422899472101688,7.129247566622382,11,0,1,3.171821716250491,22.226556187488658,0.19572484447356686,Left Foot,Open Play,Normal,From Counter,Right Center Midfield,1,0,1,1,Ground Pass,,12.033287,1,1,1,443.694842672795,0.40730797868349017,0.12001540644987198,0.04413893,0
3938643,Robert Lewandowski,Poland,71,2,-1,3,28.60069929215019,15.286548090751838,1,1,0.38497473822508527,0.0,12,0,1,4.37598118647803,24.392282223110897,0.1529606054815673,Right Foot,Open Play,Normal,Regular Play,Left Center Forward,1,0,1,1,,,,0,0,0,437.2059651585859,0.0,0.013460326067298162,0.023918275,0
3938643,Robert Lewandowski,Poland,78,2,-1,0,12.0,36.86989764584404,0,1,8.711529425084903,30.931048108772018,8,0,0,0.9224783263258012,11.582331469684606,0.8075753507403789,Right Foot,Penalty,Normal,Other,Left Center Forward,1,0,1,1,,,,0,0,0,442.43877175012847,0.8389241653416565,0.7259607854237419,0.7835,1
3938643,Robert Lewandowski,Poland,81,2,0,9,17.376133056580798,17.544938434694025,1,1,1.2947294008008652,0.0,12,0,2,4.034284273123397,13.455568213967261,3.542111387868431,Left Foot,Open Play,Normal,From Throw In,Left Center Forward,1,0,1,1,Ground Pass,,18.917189,1,1,1,304.8631847107618,0.0,0.07451194098162808,0.08196821,0
3938643,Kacper Urbanski,Poland,83,2,0,1,25.564428411368795,17.089087147119702,3,1,5.056726385998624,9.871067712137126,19,0,0,1.7436632328169934,24.120567126374016,0.4922050031394676,Right Foot,Open Play,Half Volley,From Corner,Right Center Midfield,1,0,1,1,,,,0,0,0,436.8727449881842,0.5776240490294916,0.19780322503709252,0.027794229,0
3938643,Olivier Giroud,France,84,2,0,15,12.416923934694935,35.455224319723236,1,1,1.8197283182015709,12.864349395195884,14,0,1,2.344604073343804,10.890088355332963,1.8722906286121344,Right Foot,Open Play,Normal,Regular Play,Center Forward,1,0,1,1,Ground Pass,,15.646086,1,1,1,440.2448234655494,0.36283367661672444,0.14655226429445617,0.102023974,0
3938643,Olivier Giroud,France,86,2,0,2,9.946356116689165,43.39160912000146,1,1,0.9578236365538085,15.854788449690956,19,1,4,2.2425603975798,9.127002295335771,1.7809241483445888,Head,Open Play,Normal,From Corner,Center Forward,1,0,1,1,High Pass,,12.647924,1,1,1,431.5883967837119,0.36538834975775664,0.09629894861160858,0.054901406,0
3938643,Youssouf Fofana,France,86,2,0,8,27.942798714516762,14.991084721798691,3,1,4.683238448029458,4.568621688460997,16,0,2,4.182711891882015,23.782225622202162,1.3057223479106028,Right Foot,Open Play,Normal,From Corner,Center Defensive Midfield,1,0,1,1,Ground Pass,,6.981404,1,1,1,418.8928628934883,0.3047559114796888,0.16760090840852085,0.023010036,0
3938643,Kylian Mbappé Lottin,France,91,2,0,10,21.652944372532797,18.645350216987485,2,1,2.2930247360476796,9.845017922484777,13,0,2,3.289470757965765,18.410637005335346,1.0792895314068787,Right Foot,Open Play,Normal,From Corner,Left Wing,1,0,1,1,Ground Pass,,18.90291,1,1,1,403.7267310548223,0.5280146421446745,0.10589898060036715,0.044415563,0
3938641,Stefan Posch,Austria,1,1,0,4,38.55191305240247,11.831689846108446,2,1,1.8764927077848292,0.19611751786602785,20,0,1,3.268005880865401,35.2885816929435,0.0023694633202708815,Right Foot,Open Play,Normal,From Throw In,Right Back,1,0,1,1,Ground Pass,,22.67708,1,1,1,456.134278210166,0.016575613493666142,0.048674438159117255,0.005845531,0
3938641,Gernot Trauner,Austria,8,1,0,2,8.602325267042627,34.59228868750995,1,1,1.3261388164339019,0.5859899484494212,16,1,3,4.794032403056529,4.0409089727949175,4.397765743397478,Head,Open Play,Normal,From Throw In,Right Center Back,1,0,1,1,High Pass,,16.573774,1,1,1,297.57411902139967,0.016939901078618178,0.1541605060569643,0.12611173,1
3938641,Marcel Sabitzer,Austria,9,1,1,1,13.538463723776049,30.86947784758248,0,1,3.1130424023084333,24.640473528893377,15,1,2,2.5023693957684645,11.043306986434416,0.8005647894920997,Right Foot,Open Play,Normal,Regular Play,Left Wing,1,0,1,1,Ground Pass,,28.765604,1,1,1,417.9253060114038,0.7982147819459497,0.22994059487276644,0.11302879,0
3938641,Marcel Sabitzer,Austria,16,1,1,2,14.588008774332431,30.515137660389414,1,1,0.47083194741869105,0.0,16,0,1,2.262940006691418,12.61500248070779,0.8024661826194688,Right Foot,Open Play,Half Volley,Regular Play,Left Wing,1,0,1,1,Low Pass,,34.216515,1,1,1,445.1550959397228,0.0,0.03227527174559415,0.066612996,0
3938641,Piotr Zieliński,Poland,16,1,-1,9,15.890248582070704,27.668602240183876,2,1,1.5725061457145006,0.0,12,1,4,4.996847615126303,10.894483124866658,1.184435218200207,Right Foot,Open Play,Normal,From Keeper,Right Center Midfield,1,0,1,1,Low Pass,,11.075197,1,1,1,439.66096751496013,0.0,0.09896044971183093,0.11300054,0
3938641,Nicola Zalewski,Poland,17,1,-1,10,17.195929750961415,20.82719421697819,0,1,4.869399294118766,15.935027060984302,16,0,1,3.140263902875984,14.058355613884784,1.898254415590415,Right Foot,Open Play,Normal,From Throw In,Left Wing Back,1,0,1,1,High Pass,,36.20083,1,1,1,358.1429686647868,0.7651067587392149,0.2831716205311039,0.09912066,0
3938641,Piotr Zieliński,Poland,23,1,-1,8,23.558013498595336,18.62035491499379,2,1,1.6764501864717791,10.538173407829946,18,0,2,1.675408200385832,21.970280363959553,0.9239163854516335,Left Foot,Open Play,Half Volley,From Free Kick,Right Center Midfield,1,0,1,1,,,,0,0,0,438.6585724360597,0.5659491162192738,0.07116262950489177,0.034465805,0
3938641,Piotr Zieliński,Poland,26,1,-1,7,20.696859665176255,21.784158938554327,1,1,6.835042622639101,11.23700005848451,17,0,0,2.382252146341365,18.38384208660495,0.7590513977390145,Right Foot,Open Play,Normal,From Throw In,Right Center Midfield,1,0,1,1,Ground Pass,,3.104835,1,1,1,450.86368047515384,0.5158335508926578,0.3302453963167892,0.07402389,0
3938641,Jan Bednarek,Poland,29,1,-1,5,11.099999999999994,39.634305039237965,1,1,4.973866295070593,18.16840613682091,17,2,1,3.175058831688842,9.042746397272605,2.166866188530058,Right Foot,Open Play,Normal,From Corner,Right Center Back,1,0,1,1,Ground Pass,,21.092415,1,1,1,439.9407859355412,0.4584010270606281,0.44809606261897256,0.20368662,0
3938641,Krzysztof Piątek,Poland,29,1,-1,5,6.403124237432852,63.250421990660506,2,1,0.6620820907308299,27.870097658233703,16,2,2,1.7288235121621631,4.674696058392374,0.46250904866547415,Right Foot,Open Play,Normal,From Corner,Right Center Forward,1,0,1,1,,,,0,0,0,405.00031007625415,0.44063101527368426,0.10339985078850705,0.4451365,1
3938641,Marcel Sabitzer,Austria,38,1,0,3,15.349592828475934,25.510924415562204,3,1,4.750735982826474,1.7196764868842838,9,0,1,9.288171969103027,6.061540661361559,4.81554446780261,Right Foot,Open Play,Normal,Regular Play,Left Wing,1,0,1,1,Ground Pass,,13.583077,1,1,1,391.5823024569052,0.06740941484014765,0.30950241064460704,0.13583574,0
3938641,Marcel Sabitzer,Austria,41,1,0,5,29.360177111182413,15.385348914939815,1,1,3.068385603248422,4.273506206369906,19,0,1,3.6188695456948046,27.9615981139121,3.011904246399098,Right Foot,Open Play,Normal,Regular Play,Left Wing,1,0,1,1,Ground Pass,,25.612886,1,1,1,451.7165690599711,0.2777646597419805,0.10450841599588873,0.020456407,0
3938641,Piotr Zieliński,Poland,45,1,0,0,29.373627627516495,15.018807070857777,4,1,9.756103897869394,3.317196237647939,19,1,0,2.2967946342606576,29.66509956361369,2.263826624354941,Right Foot,Free Kick,Normal,From Free Kick,Right Center Midfield,1,0,1,1,,,,0,0,0,441.1568463088881,0.22086948863499065,0.3321382030706386,0.04249511,0
3938641,Jakub Piotrowski,Poland,46,1,0,1,9.972462083156802,43.50321754411035,1,1,0.891182221495457,0.0,18,3,5,1.4160877812348045,8.87393347459845,0.6988816340199833,Head,Open Play,Normal,From Corner,Left Center Midfield,1,0,1,1,High Pass,Outswinging,42.37275,1,1,1,433.8341874539623,0.0,0.08936431285115015,0.04781311,0
3938641,Stefan Posch,Austria,48,2,0,4,27.14479692316743,16.095614082700187,2,1,5.472920988069502,5.018541246169739,17,0,0,2.9215610717533718,24.35795022539001,1.6004104567276585,Right Foot,Open Play,Normal,From Throw In,Right Back,1,0,1,1,Ground Pass,,37.813225,1,1,1,436.9121756285704,0.31179557489289855,0.20161952228121094,0.027307073,0
3938641,Stefan Posch,Austria,50,2,0,1,8.832326986700616,47.63794464720784,3,1,0.5648480790312744,0.0,19,1,3,1.254686707877617,8.28920589865557,0.8849225266073262,Head,Open Play,Normal,From Corner,Right Back,1,0,1,1,High Pass,Outswinging,43.24361,1,1,1,420.753904098484,0.0,0.0639523513884621,0.062189415,0
3938641,Krzysztof Piątek,Poland,51,2,0,10,24.836465126905644,18.204351850327726,0,1,2.4015391951844416,14.848065705680074,14,0,1,4.405932172172626,20.488350427660116,0.18628534763612237,Right Foot,Open Play,Normal,From Keeper,Right Center Forward,1,0,1,1,Ground Pass,,28.96636,1,1,1,452.1317498885848,0.815632757911827,0.09669408198442962,0.04481905,0
3938641,Marcel Sabitzer,Austria,54,2,0,1,21.115160430363776,16.97338170647395,1,1,1.3336770858671279,5.766117937694763,11,0,2,5.078272058812104,16.062277136672737,3.530072689955766,Left Foot,Open Play,Normal,From Counter,Left Wing,1,0,1,1,Ground Pass,,24.972185,1,1,1,358.39567777799914,0.33971532823629735,0.06316206264524939,0.03803288,0
3938641,Adam Buksa,Poland,56,2,0,1,16.27789912734441,27.353945024783503,1,1,1.0561164847683142,0.0,19,3,5,5.28105813743437,11.510226875193261,1.156250878863787,Head,Open Play,Normal,From Free Kick,Left Center Forward,1,0,1,1,High Pass,,35.42612,1,1,1,445.2647578483503,0.0,0.06488039251909347,0.01743585,0
3938641,Piotr Zieliński,Poland,59,2,0,0,28.125611104472025,13.466931387210664,4,1,9.35013406462743,0.0,19,1,0,2.0860872811823072,28.770324410332062,1.9790686113431661,Right Foot,Free Kick,Normal,From Free Kick,Right Center Midfield,1,0,1,1,,,,0,0,0,378.7656749672951,0.0,0.33244198783438134,0.04008755,0
3938641,Paweł Dawidowicz,Poland,60,2,0,1,10.186265262597473,32.542107052172135,2,1,1.2596141050471708,19.203482922751917,20,3,3,2.2603237248830386,9.054821385964283,0.30271525564178603,Head,Open Play,Normal,From Corner,Center Back,1,0,1,1,High Pass,Outswinging,33.343063,1,1,1,331.4825346372693,0.590111847765866,0.12365808984695262,0.06839087,0
3938641,Christoph Baumgartner,Austria,65,2,0,7,17.886866690396058,24.73161165609097,0,1,0.7395256664429649,18.907495749692018,13,0,4,6.253943276491363,11.810298165966028,0.0954229714348287,Right Foot,Open Play,Normal,From Throw In,Center Attacking Midfield,1,0,1,1,Ground Pass,,5.5145264,1,1,1,442.37104073114443,0.7645072230881252,0.04134461777143093,0.14242558,1
3938641,Karol Świderski,Poland,68,2,-1,9,21.56756824493666,19.968356359092006,0,1,2.3354884197411603,16.19721928568016,17,0,2,3.3414459329940516,18.235175816557867,1.2958026103808038,Left Foot,Open Play,Normal,From Throw In,Right Center Forward,1,0,1,1,Ground Pass,,8.854378,1,1,1,430.66888851393173,0.8111443422986204,0.10828705365471393,0.07291489,0
3938641,Patrick Wimmer,Austria,74,2,1,13,17.463390277950047,25.073419465737686,0,1,3.2114529555384115,19.935757705785655,13,0,2,4.556973991566956,13.387018941906982,2.779074451216914,Right Foot,Open Play,Normal,Regular Play,Right Wing,1,0,1,1,Ground Pass,,4.8104053,1,1,1,437.86690973292696,0.7950952893771613,0.1838963056098744,0.062519945,0
3938641,Nicolas Seiwald,Austria,75,2,1,4,24.480604567698073,18.290434114393438,1,1,5.42886960153806,12.069928883911869,17,0,0,2.727996828403072,21.809241420828656,0.9841051263121301,Right Foot,Open Play,Half Volley,From Throw In,Right Defensive Midfield,1,0,1,1,,,,0,0,0,447.76088492600064,0.6599039043263376,0.22176207235916887,0.033934437,0
3938641,Marko Arnautović,Austria,77,2,1,0,12.0,36.86989764584404,0,1,8.86849617618422,30.596211044691007,13,0,0,1.0380127453191053,10.964732403143044,0.07211373350708783,Right Foot,Penalty,Normal,Other,Center Forward,1,0,1,1,,,,0,0,0,442.43877175012847,0.8298425815711424,0.7390413480153516,0.7835,1
3938641,Stefan Posch,Austria,82,2,2,3,24.49020212248156,17.06492641563828,1,1,4.798442204252499,8.33750386496886,13,0,1,2.053529449359161,22.461686438004826,0.540959084953414,Left Foot,Open Play,Normal,Regular Play,Right Back,1,0,1,1,,,,0,0,0,417.9234971242562,0.4885754360668313,0.19593314012903212,0.040483512,0
3938641,Konrad Laimer,Austria,84,2,2,7,12.646343345014794,14.93835446303312,0,0,2.1510392508243097,14.93835446303312,9,0,2,13.328345390647964,2.1510392508243097,11.386267726025032,Left Foot,Open Play,Normal,Regular Play,Left Defensive Midfield,1,0,1,1,Ground Pass,Through Ball,33.65858,1,1,1,188.91555954905093,1.0,0.17009179587649362,0.16341422,0
3938641,Piotr Zieliński,Poland,86,2,-2,1,29.92323511921797,14.583736121098548,4,1,3.830670431413584,4.171524750309948,21,0,1,1.5634054264761243,28.376536597923725,0.6672782311385248,Left Foot,Open Play,Normal,From Corner,Right Defensive Midfield,1,0,1,1,,,,0,0,0,436.3925648682637,0.28603951111505166,0.12801658698171192,0.014394102,0
3938641,Kamil Grosicki,Poland,92,2,-2,10,10.183319694480772,33.65990391754608,0,1,4.665509764890885,20.68467794470057,11,1,1,4.873193944726891,5.31027932537858,3.4176531161063224,Left Foot,Open Play,Volley,From Throw In,Left Midfield,1,0,1,1,High Pass,,42.174164,1,1,1,342.7695624778775,0.614519815486406,0.45815214535781795,0.12030749,0
3938642,Adam Hložek,Czech Republic,2,1,0,1,13.438005804433928,24.325812824202824,0,1,3.1062747909386976,17.907787530656112,19,1,2,2.9120940717883625,10.718389442219044,1.3493178637597083,Left Foot,Open Play,Half Volley,From Throw In,Left Attacking Midfield,1,1,0,1,High Pass,,42.190166,1,1,1,326.8904139292108,0.736163994192986,0.23115593460405925,0.11786606,0
3938642,Ladislav Krejčí,Czech Republic,2,1,0,1,13.452509059651284,28.292677798729112,0,1,2.597104714766449,22.745320067075788,18,1,2,2.9563290115718583,11.28584506127854,0.2060116470571174,Right Foot,Open Play,Overhead Kick,From Throw In,Left Center Back,1,1,0,1,,,,0,0,0,380.60750440919816,0.8039295618775785,0.19305727305221165,0.03927281,0
3938642,Patrik Schick,Czech Republic,2,1,0,1,9.633275663033837,36.86989764584403,1,1,1.3656840263070398,25.87595182710268,16,0,2,1.1054142329702383,8.886030657413924,0.06485508068216461,Left Foot,Open Play,Half Volley,From Throw In,Center Forward,1,1,0,1,,,,0,0,0,355.1778876902578,0.7018178372952282,0.1417673566165697,0.1550353,0
3938642,Patrik Schick,Czech Republic,3,1,0,2,14.44991349455076,30.85875522107055,2,1,0.3993403790697145,0.0,17,1,3,5.7974346493940905,8.7334647815048,1.2248374854373907,Head,Open Play,Normal,From Corner,Center Forward,1,1,0,1,High Pass,,32.22701,1,1,1,445.90634349398607,0.0,0.027636177837349035,0.025926754,0
3938642,Václav Černý,Czech Republic,7,1,0,18,24.030189345904045,16.207876051399268,2,1,1.4014911026828183,6.546930314811978,17,0,3,3.2524666034819676,20.80034389205555,1.4061541174257783,Right Foot,Open Play,Normal,Regular Play,Right Attacking Midfield,1,1,0,1,,,,0,0,0,389.478330410068,0.4039351173497384,0.0583220998598458,0.030162912,0
3938642,Patrik Schick,Czech Republic,7,1,0,26,18.003610748958106,24.80367003535667,1,1,2.0802449544963952,12.286782704253636,12,0,2,2.8442939900881505,15.173545398832339,0.682659062688586,Left Foot,Open Play,Normal,Regular Play,Center Forward,1,1,0,1,,,,0,0,0,446.55562046215744,0.4953614802462419,0.11554598594155796,0.043804016,0
3938642,Lukáš Provod,Czech Republic,12,1,0,9,26.800186566514792,16.798371781305296,1,1,3.615038529693803,13.921584086082989,14,1,1,2.4389113004715006,24.36207186601329,0.3051444012318072,Right Foot,Open Play,Normal,From Free Kick,Left Defensive Midfield,1,1,0,1,Ground Pass,,14.729901,1,1,1,450.19949775265934,0.8287460396355885,0.13488855835841734,0.029279253,0
3938642,Patrik Schick,Czech Republic,14,1,0,3,8.132035415564786,51.22281001579047,1,1,0.7296446911254098,2.8060306562947734,15,3,4,4.446084219855351,4.822663879872674,3.2199360251727853,Head,Open Play,Normal,From Corner,Center Forward,1,1,0,1,High Pass,,38.818165,1,1,1,416.54570513315474,0.0547808809284332,0.08972473112068148,0.085338846,0
3938642,Ladislav Krejčí,Czech Republic,22,1,0,1,11.727744881263405,37.12398926071731,1,1,1.0871055951124724,29.362718397558726,20,2,5,1.901226716380504,9.924228214480946,0.899230990920195,Head,Open Play,Normal,From Throw In,Left Center Back,1,1,0,1,Low Pass,,37.719093,1,1,1,435.38067502445506,0.7909365071557339,0.09269519469589288,0.041940983,0
3938642,Adam Hložek,Czech Republic,22,1,0,1,7.406078584514207,51.47647338809434,1,0,0.1340642121081205,0.0,17,0,3,4.662515991385943,4.279927711639355,0.16979908478904804,Right Foot,Open Play,Half Volley,From Throw In,Left Attacking Midfield,1,1,0,1,,,,0,0,0,381.238807165881,0.0,0.018101915957041425,0.29124188,0
3938642,Václav Černý,Czech Republic,26,1,0,8,7.068238818828922,56.44442936198522,0,1,2.7493916621761767,39.50184866263893,12,1,3,4.5363141700400815,2.7493916621761767,1.1169925099281244,Left Foot,Open Play,Normal,Regular Play,Right Attacking Midfield,1,1,0,1,,,,0,0,0,398.962706723031,0.6998360885058932,0.388978320151285,0.53146774,0
3938642,Adam Hložek,Czech Republic,28,1,0,2,22.882744590629862,16.58672093015853,1,1,1.1223322827935727,8.78051466218197,15,0,2,3.753706766200705,19.12915435454622,2.093736966180657,Right Foot,Open Play,Normal,From Free Kick,Left Attacking Midfield,1,1,0,1,,,,0,0,0,379.54969864087224,0.5293701328402375,0.04904710089947649,0.047878973,0
3938642,Otar Kakabadze,Georgia,33,1,0,26,24.95796466060484,13.989585677333567,1,1,2.7408290413989,10.290534287790171,19,0,1,2.3916409650155988,22.631421224839997,1.1238626140126016,Left Foot,Open Play,Normal,Regular Play,Right Wing Back,1,1,0,1,,,,0,0,0,349.1515849513948,0.7355853507844244,0.10981781081392387,0.012979693,0
3938642,Georges Mikautadze,Georgia,48,1,0,0,11.900420160649796,37.156345075648375,0,1,9.95134818149715,31.041185462411125,18,0,0,1.2628787698194626,11.248697345618643,1.05638659753334,Right Foot,Penalty,Normal,Other,Center Forward,1,1,0,1,,,,0,0,0,442.1761180343067,0.8354208520567051,0.8362182214710794,0.7835,1
3938642,Patrik Schick,Czech Republic,49,1,-1,7,15.400324671902219,29.119449881552725,1,1,1.6280950063741098,4.1656302655597255,18,1,2,4.566305101010121,10.83426236293508,0.009844643287181043,Left Foot,Open Play,Normal,From Kick Off,Center Forward,1,1,0,1,Ground Pass,,13.534031,1,1,1,448.44898244309655,0.1430531923681246,0.10571822614522909,0.11700317,0
3938642,Patrik Schick,Czech Republic,50,2,-1,16,10.746627377926531,40.70830712496882,0,1,1.0433818928223797,35.7971804642296,17,1,3,3.932101763576648,8.343982784600431,2.428181405055021,Head,Open Play,Normal,Regular Play,Center Forward,1,1,0,1,High Pass,,31.164242,1,1,1,437.47700785823156,0.8793581210424017,0.09708924075710265,0.047342736,0
3938642,Ondřej Lingr,Czech Republic,56,2,-1,6,13.0034610777285,13.233009900548138,1,1,1.0356442469152878,0.0,10,0,1,4.806820209420259,8.230547204597622,4.332869436121982,Right Foot,Open Play,Normal,Regular Play,Left Attacking Midfield,1,1,0,1,Low Pass,,30.343369,1,1,1,172.07492918297362,0.0,0.07964373798058066,0.02231607,0
3938642,David Jurásek,Czech Republic,56,2,-1,1,22.046541678911908,19.059783431990216,4,1,3.075772521503606,8.119971124837672,19,0,2,1.9484130515865021,20.102667224244748,0.87529231513453,Left Foot,Open Play,Half Volley,From Corner,Left Wing Back,1,1,0,1,,,,0,0,0,420.20230982440694,0.42602641073082687,0.13951269846760875,0.038487274,0
3938642,Anzor Mekvabishvili,Georgia,56,2,1,1,17.873164241398328,24.26659549536357,1,1,0.808638361364035,7.568194729897646,11,1,3,4.8411725670541665,13.188126986830536,2.37667111087859,Right Foot,Open Play,Normal,From Counter,Right Defensive Midfield,1,1,0,1,Ground Pass,,21.10924,1,1,1,433.72084686820995,0.31187707115090135,0.045243156188932904,0.05346131,0
3938642,Ondřej Lingr,Czech Republic,58,2,-1,1,6.389053137985321,57.65951164437269,1,0,1.0526830329521664,42.39594304483464,21,2,2,4.744583242997787,6.927416503323929,2.7498775523207613,Head,Open Play,Normal,From Corner,Left Attacking Midfield,1,1,0,1,High Pass,Outswinging,36.391895,1,1,1,368.38968380618047,0.7352809941631251,0.16476354323828837,0.16812286,0
3938642,Patrik Schick,Czech Republic,58,2,-1,1,4.188078318274384,85.21574275578263,0,1,1.9866982096385237,72.77054100727518,17,1,2,1.4671258743806144,5.535489419003571,1.4582441471810341,Other,Open Play,Normal,From Corner,Center Forward,1,1,0,1,,,,0,0,0,356.89020461114063,0.8539565419951359,0.47436988008789294,0.719015,1
3938642,Ladislav Krejčí,Czech Republic,61,2,0,1,9.80051019080129,40.677834201147,0,0,2.426967133345893,40.67783420114701,19,2,3,4.425089926740878,8.969495452223004,2.6885901991856045,Head,Open Play,Normal,From Corner,Left Center Back,1,1,0,1,High Pass,Outswinging,36.38296,1,1,1,398.66352862806644,1.0000000000000002,0.24763681544087696,0.059734687,0
3938642,Matěj Jurásek,Czech Republic,65,2,0,1,25.026386075500387,17.872113371172407,1,1,2.6255147807862387,14.839251619484331,14,1,3,5.240964680560949,20.66004465492554,1.7502161315070879,Left Foot,Open Play,Normal,Regular Play,Right Attacking Midfield,1,1,0,1,Ground Pass,,11.346365,1,1,1,447.2744092120734,0.8303020080109798,0.10490986484686615,0.03587616,0
3938642,Khvicha Kvaratskhelia,Georgia,70,2,0,7,28.503508555965524,15.868405293050147,1,1,2.930260309430204,6.356932596869821,17,0,1,3.3023610311321625,25.20507899707213,0.5439057615159868,Right Foot,Open Play,Normal,From Throw In,Left Wing,1,1,0,1,Ground Pass,,10.590562,1,1,1,452.3052260399835,0.400603115402778,0.10280349535485264,0.023518495,0
3938642,Ladislav Krejčí,Czech Republic,71,2,0,15,39.194514922371475,11.163376613904596,1,1,5.899348952413465,6.51200097642908,19,0,0,4.872067616356476,34.32469520011988,1.5489992911432395,Left Foot,Open Play,Normal,From Goal Kick,Left Center Back,1,1,0,1,Ground Pass,,23.668121,1,1,1,437.54313127773645,0.5833361357994522,0.1505146565558394,0.005695847,0
3938642,David Jurásek,Czech Republic,71,2,0,1,28.54119829299394,15.774686962673673,5,1,1.515491079568848,1.7601592781825581,21,0,3,4.632092843864146,24.15005372513534,2.022413487450123,Right Foot,Open Play,Normal,From Corner,Left Wing Back,1,1,0,1,,,,0,0,0,450.2284686115756,0.111581249272805,0.053098369031718565,0.02393963,0
3938642,Mojmír Chytil,Czech Republic,76,2,0,9,10.396634070698076,32.02495296572439,1,1,0.5924039446405873,0.0,17,0,1,3.7583832798332475,6.640788348981116,2.786506527294428,Head,Open Play,Normal,From Goal Kick,Center Forward,1,1,0,1,High Pass,,29.516945,1,1,1,332.95171711595356,0.0,0.05698035927899218,0.066270776,0
3938642,Ondřej Lingr,Czech Republic,77,2,0,1,19.795201438732565,22.123962816329804,1,1,1.215038074350826,10.51446975489184,12,1,3,4.650421468514727,15.157756044624648,0.9259078597496355,Right Foot,Open Play,Normal,From Counter,Left Attacking Midfield,1,1,0,1,High Pass,,37.665104,1,1,1,437.9483005722775,0.47525255046673004,0.0613804349559891,0.06684302,0
3938642,Matěj Jurásek,Czech Republic,78,2,0,4,33.54906854146624,11.135643982156894,1,1,6.580730316986447,5.0093038301898,17,0,0,3.3126858682307545,30.668177733551044,0.4257462777554508,Left Foot,Open Play,Normal,From Throw In,Right Attacking Midfield,1,1,0,1,Low Pass,,12.042009,1,1,1,373.5904832107477,0.4498441076435647,0.19615240014347177,0.0065820687,0
3938642,Matěj Jurásek,Czech Republic,93,2,0,6,25.495097567963924,13.48206050226687,1,1,1.174657555057195,0.0,20,1,3,4.544860899917219,20.990844624503442,2.598339800637085,Right Foot,Open Play,Normal,Regular Play,Left Wing Back,1,1,0,1,Ground Pass,,17.844048,1,1,1,343.72644792248656,0.0,0.046073859961737136,0.029686315,0
3938642,Tomáš Holeš,Czech Republic,94,2,0,7,31.131495306200755,14.629144493066898,1,1,9.205013471266817,8.008959015369955,21,0,0,4.060102460877083,27.76405049593846,1.9831082172451389,Right Foot,Open Play,Normal,From Free Kick,Right Center Back,1,1,0,1,Ground Pass,,9.848858,1,1,1,455.42714311964477,0.5474659860776953,0.29568170050069414,0.01932125,0
3938642,Saba Lobzhanidze,Georgia,94,2,0,2,15.041608956491329,24.36074626624598,0,1,6.892169376321682,14.372297947776815,7,0,0,8.15067475623959,6.892169376321682,5.060891487718415,Right Foot,Open Play,Normal,From Counter,Right Wing,1,1,0,1,Ground Pass,,22.441479,1,1,1,366.4248192251782,0.5899777367531197,0.4582069242896592,0.30646315,0
3938639,Kaan Ayhan,Turkey,5,1,0,1,6.815423684555493,58.861027563021175,2,1,1.070688372797377,18.353983841442354,18,2,7,2.7442369874475467,4.183785837285062,1.582860701715326,Head,Open Play,Normal,From Corner,Left Defensive Midfield,1,1,1,1,High Pass,Inswinging,37.828297,1,1,1,401.1628413502882,0.31181895052360675,0.1570978448814086,0.109281614,0
3938639,Hakan Çalhanoğlu,Turkey,6,1,0,20,28.521746089606783,11.896044357866128,1,1,6.198764661976554,4.727511029295094,17,0,0,5.126632915182542,24.168996598826563,4.8657272159174525,Right Foot,Open Play,Normal,Regular Play,Right Defensive Midfield,1,1,1,1,Ground Pass,,5.517246,1,1,1,339.29595664575703,0.39740193354012504,0.21733468359552366,0.0104925465,0
3938639,Abdülkerim Bardakcı,Turkey,9,1,0,1,7.470609078247899,52.98453676349489,0,1,0.6276842759572183,38.93206632541884,18,1,7,2.932402181850566,4.90501405474053,2.274809238244899,Head,Open Play,Normal,From Corner,Left Center Back,1,1,1,1,High Pass,Outswinging,36.99351,1,1,1,395.8267613521245,0.7347816684554299,0.084020495435217,0.11773408,0
3938639,Kaan Ayhan,Turkey,9,1,0,3,23.021728866442672,18.742054464677164,2,1,3.224524984700966,10.403652774442557,16,0,1,3.0110441299171593,20.0498951540325,1.3848806753096738,Right Foot,Open Play,Normal,Regular Play,Left Defensive Midfield,1,1,1,1,Ground Pass,,10.697663,1,1,1,431.474496285899,0.5550967101312264,0.14006441494501107,0.047329877,0
3938639,Anzor Mekvabishvili,Georgia,10,1,0,6,27.31483113621609,16.65387542281612,2,1,4.279607848634915,5.4075784148966735,16,0,2,3.1341935434071506,24.23673112177536,0.6573504557545178,Right Foot,Open Play,Normal,From Throw In,Center Defensive Midfield,1,1,1,1,Ground Pass,,4.8754487,1,1,1,454.8977949378017,0.32470390690494716,0.15667707507664888,0.027525524,0
3938639,Kenan Yildiz,Turkey,13,1,0,2,21.048752932181046,8.94265425971279,0,1,1.0551560439282406,7.0920762598331955,19,1,2,3.8199747497808136,17.44816081855171,2.8735757995310465,Left Foot,Open Play,Normal,From Throw In,Left Wing,1,1,1,1,Low Pass,,10.555094,1,1,1,188.2317200706109,0.7930616631108549,0.05012914766627491,0.010085153,0
3938639,Hakan Çalhanoğlu,Turkey,20,1,0,24,18.970766985021985,21.230965234858274,1,1,0.812496277404093,6.732103578971415,18,1,3,3.2360633256835207,15.906881358648041,2.3062710180648196,Right Foot,Open Play,Half Volley,Regular Play,Right Defensive Midfield,1,1,1,1,Ground Pass,,12.300406,1,1,1,402.76769433759887,0.3170889078523026,0.04282885758101316,0.04039659,0
3938639,Orkun Kökçü,Turkey,22,1,0,13,29.488472323943814,14.402548724628712,1,1,2.1367974437191566,7.877152861478448,17,0,2,2.660243965228155,26.83200972310608,1.1077234174503232,Right Foot,Open Play,Normal,From Free Kick,Center Attacking Midfield,1,1,1,1,Low Pass,,10.499524,1,1,1,424.709159460466,0.5469277009289559,0.07246212758143246,0.021431247,0
3938639,Mert Müldür,Turkey,24,1,0,22,19.453791404248175,21.009434469386314,2,1,0.9553188425181671,6.789142570637623,17,0,1,2.299145087512541,17.320306801901857,1.6855706894624234,Right Foot,Open Play,Volley,Regular Play,Right Back,1,1,1,1,,,,0,0,0,408.71315568866277,0.32314732605155816,0.04910707751855259,0.04871227,1
3938639,Orkun Kökçü,Turkey,26,1,1,4,10.095543571299176,38.02977696672774,0,1,2.5070846236847713,26.0634663867297,11,0,2,4.425295912598506,5.75616462740726,2.9720618576287734,Right Foot,Open Play,Normal,Regular Play,Center Attacking Midfield,1,1,1,1,Ground Pass,,14.148145,1,1,1,383.93127037438967,0.6853436560917155,0.24833577369842794,0.32288,0
3938639,Georges Mikautadze,Georgia,31,1,-1,39,13.096946208945045,24.35368503964995,0,1,3.0742887580883647,17.5127716092155,17,0,3,4.880076527147804,8.755037344762423,4.573287600765553,Right Foot,Open Play,Normal,From Throw In,Right Center Forward,1,1,1,1,Ground Pass,,12.092973,1,1,1,318.95890295388506,0.7191015068439606,0.23473325071677129,0.19899806,1
3938639,Georges Mikautadze,Georgia,34,1,0,6,13.039171752837683,33.82377972083982,0,0,1.0432355249142016,33.82377972083981,13,0,3,7.319653196200399,7.377290788565508,4.299480390949753,Right Foot,Open Play,Volley,From Free Kick,Right Center Forward,1,1,1,1,High Pass,,10.804166,1,1,1,441.03407311017867,0.9999999999999996,0.08000780606998023,0.15692246,0
3938639,Giorgi Kochorashvili,Georgia,36,1,0,12,21.755918734909812,20.699251449116613,0,1,2.1560763415570996,16.294827232422232,15,0,3,6.170844208640244,15.614269591244385,0.23074326911763166,Right Foot,Open Play,Normal,Regular Play,Left Center Midfield,1,1,1,1,,,,0,0,0,450.3312324004452,0.7872181886614866,0.09910297826666511,0.04459064,0
3938639,Kaan Ayhan,Turkey,39,1,0,1,13.984634424968002,29.886251249186724,3,1,1.9165379681246073,0.0,17,0,3,2.1132821054834645,12.19767070257332,1.6785713807088527,Left Foot,Open Play,Half Volley,From Free Kick,Left Defensive Midfield,1,1,1,1,,,,0,0,0,417.94829805261963,0.0,0.13704598274680982,0.07663289,0
3938639,Ferdi Erenay Kadıoğlu,Turkey,40,1,0,0,46.806837107414125,9.767585397957664,3,0,2.979729498041816,3.471480451086876,19,1,1,,,,Right Foot,Open Play,Normal,Regular Play,Left Back,1,1,1,1,,,,0,0,0,457.1897786549611,0.35540825185032315,0.06366013348015416,0.004520179,0
3938639,Mert Müldür,Turkey,45,2,0,8,10.360019305001318,36.018419928685105,0,1,2.4590040666380406,26.5629065642778,17,1,3,3.300854975759251,7.2796702704010485,2.6788557214503115,Left Foot,Open Play,Normal,From Kick Off,Right Back,1,1,1,1,,,,0,0,0,373.1515257968219,0.7374811726019962,0.2373551625961693,0.39194897,0
3938639,Barış Alper Yılmaz,Turkey,47,2,0,19,15.50806241927082,23.32475857654364,0,1,1.4931134797402266,17.560021312796383,18,0,4,3.577633819287123,11.931843793614263,2.305923047081187,Left Foot,Open Play,Normal,Regular Play,Right Wing,1,1,1,1,Ground Pass,,19.285227,1,1,1,361.7218119194612,0.752849006139574,0.09627982138405862,0.08905159,0
3938639,Heorhii Tsitaishvili,Georgia,48,2,0,8,18.85576834817399,10.021263703190193,1,1,3.70077692008767,4.100906960769294,14,0,1,4.19252924112998,14.786900143454131,4.113864232023765,Left Foot,Open Play,Normal,From Free Kick,Left Wing Back,1,1,1,1,High Pass,,42.319027,1,1,1,188.9586269433185,0.4092205416632037,0.19626762759026242,0.010639418,0
3938639,Georges Mikautadze,Georgia,51,2,0,5,9.527329111561125,43.59899181663513,2,1,1.269704677553755,30.62236079182603,14,1,2,2.7436788922823676,6.783651037731483,0.980801800130358,Right Foot,Open Play,Half Volley,Regular Play,Center Forward,1,1,1,1,Ground Pass,,20.033972,1,1,1,415.38194396934307,0.7023639656764291,0.1332697404158115,0.071241885,0
3938639,Hakan Çalhanoğlu,Turkey,56,2,0,0,28.11565400270817,15.473542956810322,2,1,9.895190253344923,1.9357052515064217,19,0,0,1.2391091269468841,27.038696228239832,0.24520712807811407,Right Foot,Free Kick,Normal,From Free Kick,Left Defensive Midfield,1,1,1,1,,,,0,0,0,435.0487799697209,0.12509773985889028,0.3519459391693963,0.048409604,0
3938639,Kenan Yildiz,Turkey,59,2,0,9,24.239018131929353,14.74331610735997,1,1,1.4707881749561749,0.0,14,0,1,2.8896507710095833,21.414981517598477,1.3411159226867895,Right Foot,Open Play,Normal,Regular Play,Left Wing,1,1,1,1,Ground Pass,,4.1303754,1,1,1,357.3635064510644,0.0,0.06067853767635697,0.012807231,0
3938639,Mert Müldür,Turkey,59,2,0,25,26.073166282597906,15.748898051849187,1,1,3.306633074018388,3.1379924844544123,18,1,1,2.9250296540262153,23.164553420558683,1.5454854201204924,Right Foot,Open Play,Normal,Regular Play,Right Back,1,1,1,1,Ground Pass,,9.794386,1,1,1,410.62363767354606,0.19925155868832098,0.1268213088575032,0.026884427,0
3938639,Hakan Çalhanoğlu,Turkey,60,2,0,28,24.95696295625732,17.693955430109813,1,1,0.9226190490171056,0.0,16,0,1,3.3008844538086097,21.7524118884325,1.5028758130873285,Right Foot,Open Play,Normal,Regular Play,Left Defensive Midfield,1,1,1,1,Ground Pass,,7.0767226,1,1,1,441.5873902189187,0.0,0.03696840239071567,0.02077125,0
3938639,Khvicha Kvaratskhelia,Georgia,61,2,0,16,14.301048912579802,24.2191514566129,1,1,4.1702041984669345,6.22925007225018,13,0,1,2.9342915614156992,11.60224679491548,2.6109402893526976,Right Foot,Open Play,Normal,From Keeper,Left Wing,1,1,1,1,Ground Pass,,8.022469,1,1,1,346.3592696021994,0.25720348144357963,0.29160128211285596,0.12805878,0
3938639,Arda Güler,Turkey,64,2,0,1,27.925078334715554,14.392042153556732,2,1,4.442262842667316,5.07564313341031,15,1,1,3.0874766074550903,24.86153808270572,1.1536855784915474,Left Foot,Open Play,Normal,Regular Play,Center Forward,1,1,1,1,Low Pass,,7.543209,1,1,1,401.8989045346001,0.3526701130566072,0.15907790085390158,0.018738218,1
3938639,Orkun Kökçü,Turkey,68,2,1,3,11.638728452885216,36.625084856885096,0,1,2.5459222390700047,32.83812911792794,13,0,2,5.1847496663211645,7.7389587526858215,3.937230746552345,Left Foot,Open Play,Normal,Regular Play,Center Attacking Midfield,1,1,1,1,Ground Pass,,4.9648767,1,1,1,426.26941721316405,0.8966021306502107,0.2187457375069934,0.35099584,0
3938639,Giorgi Kochorashvili,Georgia,69,2,-1,14,12.49039631076613,35.31836598883536,0,1,0.8968566899311217,18.74567431973936,13,0,3,8.40509866179757,4.163186275579382,1.658558233038491,Right Foot,Open Play,Normal,From Free Kick,Left Defensive Midfield,1,1,1,1,Low Pass,,5.7628117,1,1,1,441.14038824923716,0.5307627857320788,0.07180370162939295,0.3773847,0
3938639,Orkun Kökçü,Turkey,71,2,1,4,68.02653893885827,6.72769908065489,1,0,11.641231558967235,6.668477297056274,19,0,0,,,,Right Foot,Open Play,Lob,Regular Play,Center Attacking Midfield,1,1,1,1,Ground Pass,,3.764306,1,1,1,457.6620834790908,0.9911973197836828,0.17112779424851063,0.0030440427,0
3938639,Luka Lochoshvili,Georgia,74,2,-1,4,11.693160394008114,30.24728900869598,1,1,1.1446739088643525,0.0,13,0,2,5.095206469926471,7.000878253274613,4.350348914271578,Head,Open Play,Normal,From Throw In,Left Wing Back,1,1,1,1,High Pass,,13.148765,1,1,1,353.68640186260075,0.0,0.09789260305117459,0.050998244,0
3938639,Yusuf Yazıcı,Turkey,86,2,1,4,8.544003745317534,49.012543941374105,0,0,0.8551675714743608,49.01254394137412,12,0,1,4.654907389184717,7.690440028550619,3.413197555336893,Head,Open Play,Normal,Regular Play,Center Forward,1,1,1,1,High Pass,,19.281597,1,1,1,418.7633590026406,1.0000000000000002,0.10008979361028814,0.15887032,0
3938639,Budu Zivzivadze,Georgia,92,2,-1,8,9.126335518706291,31.725171063313127,1,1,0.0693770415533978,0.0,16,0,2,3.3592715369668973,6.036909563775158,3.2261194048013238,Left Foot,Open Play,Volley,Regular Play,Right Center Forward,1,1,1,1,Low Pass,,20.22004,1,1,1,289.5345555121476,0.0,0.007601850864588023,0.057229597,0
3938639,Giorgi Kochorashvili,Georgia,92,2,-1,8,8.984430978086476,46.7502551058334,0,1,1.6394249738323945,35.360287735828514,14,1,2,2.9447394963181583,6.046398182797167,1.0068326163456476,Left Foot,Open Play,Half Volley,Regular Play,Right Defensive Midfield,1,1,1,1,,,,0,0,0,420.024440206295,0.7563656637975507,0.18247399059896421,0.3389554,0
3938639,Zuriko Davitashvili,Georgia,95,2,-1,1,12.432618388738549,32.65302201427012,4,0,1.6939052036335491,6.349900750604609,20,0,2,,,,Right Foot,Open Play,Half Volley,From Free Kick,Right Midfield,1,1,1,1,,,,0,0,0,405.96256194249935,0.19446594400449538,0.13624685892135854,0.07635267,0
3938639,Muhammed Kerem Aktürkoğlu,Turkey,96,2,1,1,27.159160517217764,14.840053301049785,0,0,3.6194268176723248,14.840053301049764,5,0,1,32.23739432264184,12.36473981798873,3.5899059741648145,Right Foot,Open Play,Normal,From Corner,Left Wing,1,1,1,1,,,,0,0,0,403.0433896872785,0.9999999999999986,0.1332672567466789,0.4724009,1
3938638,Viktor Tsygankov,Ukraine,6,1,0,6,23.357439928211317,19.082603378768844,2,1,2.9367678396471804,4.971477082661899,16,0,1,5.579165301102185,17.987456278344446,0.23396589507940746,Left Foot,Open Play,Normal,Regular Play,Right Wing,1,1,0,1,Ground Pass,,8.338465,1,1,1,445.72076209347557,0.26052404821205505,0.12573158054449823,0.046381094,0
3938638,Florinel Teodor Coman,Romania,7,1,0,2,30.903236076501756,14.38300940898673,0,1,8.819496770382896,11.857094616253173,13,1,0,3.7465620152459604,27.222020213717816,1.4724617765719117,Right Foot,Open Play,Normal,Regular Play,Left Midfield,1,1,0,1,Ground Pass,,31.698738,1,1,1,444.4815352564629,0.8243820384936044,0.28539071922920967,0.024980098,0
3938638,Georgiy Sudakov,Ukraine,11,1,0,7,22.53974267821175,18.181658430559345,1,1,2.454192610597228,11.431320842632257,18,0,1,2.692893392552147,20.08550387847755,0.16361546686187012,Right Foot,Open Play,Normal,Regular Play,Center Attacking Midfield,1,1,0,1,Ground Pass,,9.265528,1,1,1,409.8099024879469,0.6287281705511932,0.10888290277464419,0.028104939,0
3938638,Artem Dovbyk,Ukraine,21,1,0,2,26.70917445373406,17.02926355193912,1,1,1.8052991694220057,7.815739114513051,19,0,2,7.085138570960299,19.637319486851766,0.5571271273345104,Left Foot,Open Play,Normal,From Corner,Center Forward,1,1,0,1,Low Pass,,10.689247,1,1,1,454.8375710273569,0.45895931381149324,0.0675909759977481,0.041105933,0
3938638,Nicolae Claudiu Stanciu,Romania,28,1,0,1,23.928226010300058,18.590462383098203,1,1,0.4879489075871899,0.0,13,0,1,3.0959544806242634,21.372276620528595,2.160833585203136,Right Foot,Open Play,Normal,Regular Play,Left Center Midfield,1,1,0,1,Ground Pass,,13.946325,1,1,1,444.83678553875524,0.0,0.020392189014645262,0.046266142,1
3938638,Viktor Tsygankov,Ukraine,37,1,-1,10,17.526266002774243,25.551121629454535,0,1,1.837168071966563,21.35758764378344,10,0,2,6.654092312128585,11.561779437833035,3.1102725751351414,Left Foot,Open Play,Normal,From Goal Kick,Right Wing,1,1,0,1,Ground Pass,,10.855874,1,1,1,447.8157543470586,0.8358767162363268,0.1048237012764588,0.06380467,0
3938638,Dennis Man,Romania,37,1,1,2,26.096934685897498,12.7429965413463,1,1,3.4865405218342462,8.87328928160161,14,1,1,2.071508591355852,24.201390262482512,0.7444297950799807,Left Foot,Open Play,Normal,Regular Play,Right Midfield,1,1,0,1,Ground Pass,,12.304471,1,1,1,332.5531484421321,0.6963267433064958,0.13359961864480333,0.021797933,0
3938638,Florinel Teodor Coman,Romania,45,2,1,3,20.93442141545832,16.864047660650595,1,0,2.6728642905579107,13.144648495221693,15,0,3,5.163878001428205,17.58523356061568,5.136512712002201,Right Foot,Open Play,Normal,Regular Play,Left Midfield,1,1,0,1,Ground Pass,,12.984991,1,1,1,353.03908049843363,0.7794480162608001,0.12767796336536075,0.03314492,0
3938638,Georgiy Sudakov,Ukraine,49,2,-1,28,31.95246469366644,11.86842826572665,1,1,2.5393213849959335,5.039516222328182,19,0,1,3.5020244544953343,28.649262748777737,0.9628755804820486,Right Foot,Open Play,Normal,Regular Play,Center Attacking Midfield,1,1,0,1,Ground Pass,,8.927485,1,1,1,379.2255351299436,0.42461529947323956,0.07947184698710498,0.008008759,0
3938638,Mykhailo Mudryk,Ukraine,51,2,-1,2,16.979988221432894,18.81785547222392,1,1,1.4750937903134864,0.261586820659882,18,0,3,3.171509923831437,13.816079574936213,2.44677483013173,Right Foot,Open Play,Normal,From Corner,Left Wing,1,1,0,1,Ground Pass,,15.388308,1,1,1,319.5269642709887,0.013900989995698342,0.08687248607461091,0.031143205,0
3938638,Răzvan Gabriel Marin,Romania,52,2,1,3,28.50140347421509,15.06872038340172,3,1,4.0911207821547855,2.563969294045636,14,0,1,0.28718975227924554,28.225523712942152,0.16860309700340537,Right Foot,Open Play,Normal,Regular Play,Right Center Midfield,1,1,0,1,,,,0,0,0,429.4796794874615,0.1701517599908392,0.14354102898322108,0.019967925,1
3938638,Nicolae Claudiu Stanciu,Romania,55,2,2,12,21.949487465542337,20.440834320330758,1,1,5.828708448459081,16.8300852469437,15,0,0,1.765601837566811,20.318960760592006,0.39745310833696124,Right Foot,Open Play,Normal,Regular Play,Left Center Midfield,1,1,0,1,,,,0,0,0,448.6658366993276,0.8233560814200351,0.2655510046696693,0.07114553,0
3938638,Andrei Florin Ratiu,Romania,56,2,2,13,19.262658175859322,12.205468631770621,1,1,2.1123242861153675,3.9149561442462613,15,0,2,7.836556594711511,11.42733094871617,6.740087294827347,Right Foot,Open Play,Normal,Regular Play,Right Back,1,1,0,1,Ground Pass,,5.575841,1,1,1,235.10977012997085,0.3207542669894459,0.10965902352784367,0.013371198,0
3938638,Denis Mihai Drăguş,Romania,56,2,2,3,3.8897300677553486,91.68354667298463,0,0,1.6118270046986414,91.68354667298463,19,2,3,4.046713113524616,3.0831705190445478,3.62582338831443,Left Foot,Open Play,Normal,From Corner,Center Forward,1,1,0,1,Ground Pass,,10.638139,1,1,1,356.6242482123592,1.0,0.4143801694776163,0.8830415,1
3938638,Andriy Yarmolenko,Ukraine,64,2,-3,1,17.66182323544203,24.038608983040376,2,0,2.7409560346820117,13.809131402030118,19,0,1,4.844591379723778,15.672451012815714,2.946306895764934,Left Foot,Open Play,Half Volley,From Free Kick,Right Midfield,1,1,0,1,,,,0,0,0,424.56566268436796,0.5744563427847544,0.15519100141268133,0.05293641,0
3938638,Nicolae Claudiu Stanciu,Romania,67,2,3,0,35.50774563387543,3.236930109017523,0,0,16.113327640772297,3.2369301090176466,20,0,0,5.4567565036172745,38.26257740367451,3.5755452254227222,Right Foot,Free Kick,Normal,From Free Kick,Left Center Midfield,1,1,0,1,,,,0,0,0,114.93609094562687,1.0000000000000382,0.4537975405963174,0.007156054,0
3938638,Georgiy Sudakov,Ukraine,70,2,-3,0,29.377712640707756,13.38746807805039,4,1,9.42324809393501,0.5524925099568533,20,1,0,2.671115466739281,26.714288461245356,1.5350336734452554,Right Foot,Free Kick,Normal,From Free Kick,Left Defensive Midfield,1,1,0,1,,,,0,0,0,393.29319018361247,0.04126938019465384,0.32076180365647383,0.038833655,0
3938638,Georgiy Sudakov,Ukraine,76,2,-3,8,26.701685340067957,17.038470794073685,1,1,2.802708744529931,9.271772292528482,17,0,2,2.7831583842677396,23.94731899754696,0.3471253124905047,Right Foot,Open Play,Normal,From Free Kick,Left Defensive Midfield,1,1,0,1,Ground Pass,,24.729738,1,1,1,454.95588581929337,0.5441669269846321,0.10496373951063862,0.03194495,0
3938638,Roman Yaremchuk,Ukraine,77,2,-3,8,21.62336699036485,20.762806579695706,2,1,0.32110195295535837,0.0,18,0,2,2.8758033645834074,19.172038835169857,1.7592862263251874,Right Foot,Open Play,Normal,From Free Kick,Left Center Forward,1,1,0,1,Ground Pass,,15.890248,1,1,1,448.96178642272224,0.0,0.014849766601956027,0.05042256,0
3938638,Mykhailo Mudryk,Ukraine,83,2,-3,2,15.681836627130123,18.470825950050802,0,1,1.1118610034547374,10.61780216586905,10,0,1,7.507417533945155,8.21105538357282,5.593192078632711,Left Foot,Open Play,Normal,From Counter,Left Midfield,1,1,0,1,Ground Pass,,18.319935,1,1,1,289.65647491685223,0.574841763686255,0.07090119798411744,0.11517301,0
3938638,Roman Yaremchuk,Ukraine,91,2,-3,6,16.994116628998402,12.56438409670172,0,0,7.045871088578409,12.564384096701739,17,0,0,6.146431582302444,14.408146195264806,0.871800530544121,Right Foot,Open Play,Half Volley,From Throw In,Left Center Forward,1,1,0,1,High Pass,Through Ball,34.059948,1,1,1,213.5206087108818,1.0000000000000013,0.4146064924937306,0.027714925,0
3938638,Mykhailo Mudryk,Ukraine,93,2,-3,17,38.51493216922497,11.524522405149556,1,1,4.703070819900326,5.350390108521088,20,0,1,6.286192176869412,32.272138259779894,2.148300936429358,Right Foot,Open Play,Normal,Regular Play,Left Midfield,1,1,0,1,Ground Pass,,11.520851,1,1,1,443.8661987170486,0.4642613307888879,0.12211032332177582,0.007901854,0
3938640,Lukáš Haraslín,Slovakia,9,1,0,4,17.866449003649265,16.323531046956763,0,1,4.093872153163171,11.578867524041486,16,0,2,3.427584315325451,14.495144764831597,2.3040236902599958,Left Foot,Open Play,Normal,From Keeper,Left Wing,1,0,1,1,Ground Pass,,26.960897,1,1,1,291.6435350099385,0.7093359574428698,0.22913742693508868,0.054630604,0
3938640,Ivan Schranz,Slovakia,10,1,0,14,7.960527620704546,31.298753560133754,1,1,1.4462575906876938,14.199082629124113,12,0,1,2.8626086502982875,5.102333043273375,2.6081695504648224,Right Foot,Open Play,Volley,From Keeper,Right Wing,1,0,1,1,,,,0,0,0,249.1545922090695,0.4536628783585155,0.1816786097100047,0.1294898,0
3938640,Ondrej Duda,Slovakia,11,1,0,8,25.690659781329085,14.019286108325401,2,1,2.6383324081543793,0.8401615526288048,17,0,1,1.774853938277938,24.054944280513634,0.502994835884131,Right Foot,Open Play,Normal,From Keeper,Left Center Midfield,1,0,1,1,Ground Pass,,15.917601,1,1,1,360.16470978610096,0.059928982555671785,0.10269617170641179,0.02533847,0
3938640,Volodymyr Brazhko,Ukraine,12,1,0,16,27.789386463180506,16.22019369560277,2,1,5.801186169393023,4.347085714512312,18,0,0,1.763782131754539,26.211431782946686,0.9860151643862238,Right Foot,Open Play,Normal,From Goal Kick,Left Defensive Midfield,1,0,1,1,Ground Pass,,9.920181,1,1,1,450.7492311147494,0.2680045501362163,0.2087554605453162,0.02577948,0
3938640,Dávid Hancko,Slovakia,16,1,0,0,22.99412968563933,17.574864160107722,5,1,8.985048148631563,0.0,20,0,0,1.5498124395606947,22.841861306621826,1.2605105555726368,Left Foot,Free Kick,Normal,From Free Kick,Left Back,1,0,1,1,,,,0,0,0,404.1187057050117,0.0,0.3907539998890696,0.078277074,0
3938640,Ivan Schranz,Slovakia,16,1,0,2,7.9906195003891884,43.11452733652743,0,1,1.7108821951252908,28.013727252567566,14,0,2,3.434456178558289,4.566270415480268,2.3063527789566507,Head,Open Play,Normal,From Throw In,Right Wing,1,0,1,1,High Pass,,27.523445,1,1,1,344.51178288531884,0.6497514639070116,0.2141113333004983,0.14396761,1
3938640,Mykhailo Mudryk,Ukraine,22,1,-1,13,26.853863781586437,16.912282728714942,1,1,6.4635871935601905,6.259674265073002,13,0,0,3.7897357087440877,23.066389635244818,0.36086837861385135,Right Foot,Open Play,Normal,From Throw In,Left Midfield,1,0,1,1,High Pass,,34.67117,1,1,1,454.16013663258803,0.37012592359545043,0.24069486782725996,0.03218591,0
3938640,Artem Dovbyk,Ukraine,27,1,-1,4,13.231024147812594,20.66728523336145,1,1,0.11754276555241125,0.0,11,0,2,5.564645375228534,7.828809892091732,5.086626701395673,Left Foot,Open Play,Normal,Regular Play,Center Forward,1,0,1,1,Ground Pass,,18.346117,1,1,1,273.449349992336,0.0,0.008883875068117376,0.055954177,0
3938640,Mykhailo Mudryk,Ukraine,28,1,-1,2,22.132555207205513,14.755168220049748,1,1,3.1336780308655787,5.472780259193741,19,0,1,3.0184959214616436,19.137431581229016,2.372588386259764,Right Foot,Open Play,Half Volley,From Corner,Left Midfield,1,0,1,1,,,,0,0,0,326.56957522185536,0.3709059888424159,0.1415868164126559,0.028492702,0
3938640,Andriy Yarmolenko,Ukraine,28,1,-1,2,9.625487000666508,40.21121755638398,0,0,3.9080767379492376,40.211217556384,18,1,2,5.786950778997817,8.667774598915429,2.897930481955484,Left Foot,Open Play,Volley,From Corner,Right Midfield,1,0,1,1,,,,0,0,0,387.05255186994685,1.0000000000000004,0.40601340354816606,0.3173499,0
3938640,Andriy Yarmolenko,Ukraine,33,1,-1,28,12.30040649734797,32.80152595005263,1,1,1.59205958249853,19.805495718056275,14,1,2,7.596345495265307,5.491554972587157,5.320832062795461,Left Foot,Open Play,Normal,From Free Kick,Right Midfield,1,0,1,1,Ground Pass,,5.9093146,1,1,1,403.4721029189554,0.6037979985508722,0.12943146089048246,0.1337551,0
3938640,Oleksandr Zinchenko,Ukraine,42,1,-1,0,28.588284313683467,7.676217806978976,5,1,10.624145751113813,0.0,20,1,0,0.4644904689008204,28.14076003910289,0.3364432947035709,Left Foot,Free Kick,Normal,From Free Kick,Left Back,1,0,1,1,,,,0,0,0,219.44989711967477,0.0,0.3716258602489371,0.0076609575,0
3938640,Lukáš Haraslín,Slovakia,43,1,1,8,21.495348334000084,19.459517589309083,0,1,1.9713699659470652,15.76369255762962,14,0,4,2.8911766779616754,18.606632106805506,1.0541858106125517,Right Foot,Open Play,Normal,From Goal Kick,Left Wing,1,0,1,1,Ground Pass,,24.807257,1,1,1,418.28910899380037,0.8100762254399398,0.09171146870082898,0.061842117,0
3938640,Juraj Kucka,Slovakia,43,1,1,2,17.21859460002471,26.1319946678946,1,0,1.9096979086456436,5.510995864462576,18,1,3,9.43146794477208,11.081642834575833,5.188685633917196,Right Foot,Open Play,Overhead Kick,From Corner,Right Center Midfield,1,0,1,1,High Pass,,7.889233,1,1,1,449.9562222764844,0.21089074655419657,0.11090904647019817,0.032029018,0
3938640,Artem Dovbyk,Ukraine,50,2,-1,5,6.140032573203507,61.032339353935924,0,0,2.3821998034808356,61.03233935393591,14,0,2,5.167581009106945,2.3821998034808356,4.44411180722161,Head,Open Play,Normal,From Free Kick,Center Forward,1,0,1,1,High Pass,,35.96846,1,1,1,374.74055165197683,0.9999999999999998,0.3879783657626338,0.319456,0
3938640,Mykola Shaparenko,Ukraine,53,2,-1,4,11.520850663037,37.5092425400987,1,1,4.030458316746899,28.210300455105465,14,0,1,2.773903395193118,9.162658279847836,1.8374816131219234,Left Foot,Open Play,Normal,Regular Play,Right Defensive Midfield,1,0,1,1,Ground Pass,,22.947767,1,1,1,432.13838178811176,0.7520893130525806,0.34984034032122713,0.23976156,1
3938640,Ivan Schranz,Slovakia,57,2,0,8,29.730960293942747,11.817708371952447,1,1,2.9357589157539308,0.0,15,0,1,3.623163449590226,26.33787999281274,1.295933646481707,Left Foot,Open Play,Normal,Other,Right Wing,1,0,1,1,Ground Pass,,14.089003,1,1,1,351.351818371913,0.0,0.09874416724952033,0.008721116,0
3938640,Roman Yaremchuk,Ukraine,68,2,0,1,9.558765610684263,34.18887057482795,2,1,1.0942250637727637,6.315472408864939,20,1,3,2.6535919398421903,8.812808356071951,0.8152918447672732,Head,Open Play,Normal,From Corner,Center Forward,1,0,1,1,High Pass,Inswinging,33.418556,1,1,1,326.8034003188005,0.18472304883668186,0.11447346951887795,0.06388939,0
3938640,Peter Pekarík,Slovakia,73,2,0,3,26.8486498729452,14.14234664203267,2,1,3.0631408918306766,0.8389037635094148,16,0,1,2.614697371944479,24.315842068108623,0.9180483326132247,Left Foot,Open Play,Normal,Regular Play,Right Back,1,0,1,1,Low Pass,,54.329735,1,1,1,379.70291337375744,0.059318568887011786,0.11408919652668781,0.024953041,0
3938640,Mykhailo Mudryk,Ukraine,73,2,0,4,13.819551367537224,16.068142129125658,0,1,2.5047416171029853,9.419219820785807,7,0,1,3.492391382705376,10.346568404311347,3.2404740613213647,Left Foot,Open Play,Normal,From Counter,Left Midfield,1,0,1,1,Ground Pass,,16.763054,1,1,1,222.05451553434096,0.5862046616896804,0.18124623227543704,0.082766004,0
3938640,Georgiy Sudakov,Ukraine,76,2,0,20,24.95596121170251,16.313852426260564,1,1,0.9602645394662227,8.13328779758399,18,0,1,2.629274502936235,22.378524419505194,0.7422470082265491,Left Foot,Open Play,Normal,From Throw In,Center Attacking Midfield,1,0,1,1,Ground Pass,,18.890474,1,1,1,407.1278683631975,0.4985510218599108,0.03847836319828584,0.03816442,0
3938640,Roman Yaremchuk,Ukraine,79,2,0,17,10.567875850898329,23.498565675952097,0,1,1.962650780908053,0.0,10,0,2,8.615957943265597,1.9626507809080527,7.590066631757736,Right Foot,Open Play,Normal,From Throw In,Center Forward,1,0,1,1,High Pass,Through Ball,41.713905,1,1,1,248.32992473764253,0.0,0.18571856904821762,0.38643968,1
3938640,László Bénes,Slovakia,80,2,-1,8,16.890825912311104,25.28303760151486,0,1,3.338101822539754,20.123955412545246,19,0,1,3.5593618592240577,13.331473573113664,1.20802894561848,Right Foot,Open Play,Normal,From Throw In,Left Center Midfield,1,0,1,1,Ground Pass,,15.07216,1,1,1,427.0513866616032,0.7959469004365005,0.19762809941145235,0.08046466,0
3938640,Juraj Kucka,Slovakia,81,2,-1,13,12.664912159190054,34.05477157241999,2,1,0.5048733315841568,0.0,18,0,4,2.1901406186381664,11.5831271263178,1.4200493035836743,Head,Open Play,Normal,From Throw In,Right Center Midfield,1,0,1,1,High Pass,,37.23238,1,1,1,431.3006905659817,0.0,0.03986394261864699,0.03774482,0
3938640,Juraj Kucka,Slovakia,84,2,-1,0,33.366150512158285,11.49758283148726,1,1,10.465302067519898,3.708057400018273,21,0,0,2.665046971651115,30.780992075650882,0.9011940787744948,Right Foot,Free Kick,Normal,From Free Kick,Right Center Midfield,1,0,1,1,,,,0,0,0,383.630079281411,0.3225075613165746,0.3136502685170844,0.0087996805,0
3938640,Denis Vavro,Slovakia,89,2,-1,1,11.18257573191436,19.39880001736574,1,1,0.8413657688909372,7.7355603024661415,20,1,4,5.191449060868297,6.291300447929638,3.9828888175402,Head,Open Play,Normal,From Corner,Right Center Back,1,0,1,1,High Pass,Outswinging,30.184101,1,1,1,216.928550302454,0.3987648872889712,0.07523899583257306,0.041888792,0
3938640,Milan Škriniar,Slovakia,94,2,-1,14,34.232878932394804,13.316860734120958,2,1,3.1111148058552076,6.531551373398564,21,0,1,1.5047459752013748,32.728185529363685,0.05364513076026611,Right Foot,Open Play,Normal,From Throw In,Left Center Back,1,0,1,1,Ground Pass,,24.824383,1,1,1,455.87448127072497,0.490472304532192,0.09088089879905306,0.01799174,0
3938637,Cody Mathès Gakpo,Netherlands,1,1,0,3,19.672569735548027,12.050137655179318,1,1,0.7683568331731876,0.0,18,0,2,4.099487080876098,15.633667348333416,3.18608912937939,Right Foot,Open Play,Normal,From Throw In,Left Wing,1,0,1,1,High Pass,,56.36896,1,1,1,237.0571733444683,0.0,0.039057268242123896,0.010196376,0
3938637,Cody Mathès Gakpo,Netherlands,5,1,0,10,9.700515450222222,38.263988785880656,0,1,1.1621729987162068,29.83669194926434,15,0,1,1.5364960782441177,8.165957831657249,0.8773363172510713,Head,Open Play,Normal,Regular Play,Left Wing,1,0,1,1,High Pass,,34.6286,1,1,1,371.1804144045651,0.7797590605680406,0.1198052829955117,0.11391678,0
3938637,Bartosz Salamon,Poland,7,1,0,4,65.93390630017305,6.929430571524537,1,0,1.6439457258092698,6.781843046389359,20,0,1,,,,Right Foot,Open Play,Lob,From Free Kick,Center Back,1,0,1,1,,,,0,0,0,456.8844260164534,0.9787013487454992,0.02493323720765131,0.0034011703,0
3938637,Tijjani Reijnders,Netherlands,8,1,0,4,14.179210133149171,31.00244375071338,2,1,1.4409468984185636,8.75191900871237,16,0,2,3.6781584461303924,11.121469628812367,2.401864533562801,Right Foot,Open Play,Normal,From Throw In,Center Attacking Midfield,1,0,1,1,Ground Pass,,18.701069,1,1,1,439.5901645825023,0.28229771430553713,0.10162391874352825,0.114312105,0
3938637,Adam Buksa,Poland,9,1,0,8,19.663672088396915,14.636226723720702,0,1,1.094535643546346,9.958062259518377,11,0,1,4.969432332600618,14.70107306314453,4.051763744611648,Right Foot,Open Play,Normal,From Goal Kick,Right Center Forward,1,0,1,1,Ground Pass,,27.111805,1,1,1,287.8019629066758,0.6803708665826761,0.05566283035162118,0.04367851,0
3938637,Xavi Simons,Netherlands,13,1,0,7,28.116898833263953,12.576419489867146,1,1,5.378850202173422,6.961905145361235,18,0,0,3.395088190676497,24.79217837252876,1.6378097055651963,Right Foot,Open Play,Normal,From Free Kick,Right Wing,1,0,1,1,Low Pass,,34.46404,1,1,1,353.60991448128357,0.5535681400394175,0.1913031104201977,0.015395193,0
3938637,Adam Buksa,Poland,15,1,0,1,8.373768566183331,38.597783077222516,2,0,0.721085673655457,23.497038177501775,20,1,5,3.341768442896339,7.740198472585998,1.0160667180715066,Head,Open Play,Normal,From Corner,Right Center Forward,1,0,1,1,High Pass,Inswinging,33.932434,1,1,1,323.20890265640884,0.6087665224319048,0.08611244363350247,0.08721661,1
3938637,Virgil van Dijk,Netherlands,19,1,-1,1,13.046455457326331,33.995924618954334,3,1,1.1805770075312365,0.0,20,1,3,1.2765925654538308,11.90565200745275,0.4479747412364006,Right Foot,Open Play,Volley,From Corner,Left Center Back,1,0,1,1,High Pass,Outswinging,43.10696,1,1,1,443.52631627181137,0.0,0.09049024935491386,0.033487294,0
3938637,Memphis Depay,Netherlands,21,1,-1,3,15.22103807235236,29.414226413350843,0,1,2.983005565503751,22.771163016200028,11,1,3,5.107713437596146,10.355683417714369,1.5380241620358532,Right Foot,Open Play,Half Volley,From Counter,Center Forward,1,0,1,1,Low Pass,,6.2241464,1,1,1,447.7150601064056,0.7741547473050119,0.19597911465198362,0.11201969,0
3938637,Memphis Depay,Netherlands,22,1,-1,3,15.555384919699032,15.625410387773252,0,1,5.177599970077824,10.007928437644814,11,0,0,5.53206713440453,10.089214408309873,4.38083676311544,Right Foot,Open Play,Normal,Regular Play,Center Forward,1,0,1,1,Ground Pass,,21.125576,1,1,1,243.05927311007665,0.6404905976406182,0.33284936353590416,0.08160148,0
3938637,Denzel Dumfries,Netherlands,26,1,-1,9,10.374005976477944,40.84144965764154,0,0,2.2942636469803994,40.84144965764154,17,0,1,4.867378879478931,9.352619569262785,3.5530755528578197,Head,Open Play,Normal,Regular Play,Right Back,1,0,1,1,High Pass,,21.425451,1,1,1,423.68944283639644,1.0,0.22115503424447802,0.110036224,0
3938637,Tijjani Reijnders,Netherlands,26,1,-1,9,6.476109943476868,24.825544936418314,1,1,1.3006143270873445,11.433616624614064,15,1,3,2.2260980630836387,4.250065937252201,2.1684384188884565,Head,Open Play,Normal,Regular Play,Center Attacking Midfield,1,0,1,1,,,,0,0,0,160.77295841497047,0.4605585357299166,0.2008326508411739,0.075011835,0
3938637,Cody Mathès Gakpo,Netherlands,27,1,-1,16,27.809530740377483,11.289999965604606,1,1,2.4483337208311364,8.094826761115124,18,0,3,3.5295628863630126,24.29506204098864,2.3723538308175662,Right Foot,Open Play,Normal,From Corner,Left Wing,1,0,1,1,Ground Pass,,13.771347,1,1,1,313.969601102342,0.716990857907556,0.08803937555394734,0.010005396,0
3938637,Cody Mathès Gakpo,Netherlands,28,1,-1,9,22.968238939892625,19.22626004548346,0,1,2.1547523405878266,15.70715558183844,16,0,3,3.4868483760033473,19.540694082263684,0.24951009101530985,Right Foot,Open Play,Normal,Regular Play,Left Wing,1,0,1,1,Low Pass,,9.144397,1,1,1,441.593334645175,0.8169636499600081,0.09381443419440062,0.048307355,1
3938637,Jakub Piotr Kiwior,Poland,31,1,0,8,19.81136037731887,12.577461608037881,1,1,3.033243531609142,9.341478010494994,19,0,2,4.714195289866846,15.275873303193167,3.283519372367259,Left Foot,Open Play,Half Volley,From Free Kick,Left Center Back,1,0,1,1,,,,0,0,0,249.17662454873096,0.7427156847392111,0.15310627204993785,0.018577162,0
3938637,Cody Mathès Gakpo,Netherlands,41,1,0,19,9.526804291051647,38.37455157118311,1,1,2.0160737428304425,23.747701819428027,18,0,2,3.0619973063784185,7.106835060622935,2.8908516560936874,Right Foot,Open Play,Normal,From Free Kick,Left Wing,1,0,1,1,Ground Pass,,8.417244,1,1,1,365.58684257553,0.6188398521185865,0.21162119859270162,0.107844956,0
3938637,Tijjani Reijnders,Netherlands,44,1,0,3,29.553003231482247,14.491634829706983,2,1,3.126384603666744,0.0,19,0,1,1.5914292926098075,28.000336003356782,0.22336925441407374,Right Foot,Open Play,Normal,From Throw In,Center Attacking Midfield,1,0,1,1,Ground Pass,,16.862978,1,1,1,428.2713309517912,0.0,0.10578906580757473,0.01554486,0
3938637,Memphis Depay,Netherlands,45,1,0,6,15.945218719101975,21.94638313561006,0,1,2.2381096180659252,15.511731979661711,11,0,3,5.257799853467863,10.690724251073519,3.3459612818669413,Right Foot,Open Play,Half Volley,Regular Play,Center Forward,1,0,1,1,High Pass,,53.067883,1,1,1,349.9398791905134,0.70680129312481,0.1403624282296439,0.15418267,0
3938637,Xavi Simons,Netherlands,47,2,0,15,26.42820463065927,16.148110023152487,1,1,4.0153250078197855,6.759274843066561,17,1,2,1.6878608525723438,24.740837879023413,0.6371033807912099,Right Foot,Open Play,Normal,From Throw In,Right Wing,1,0,1,1,,,,0,0,0,426.76555609027395,0.4185799349506162,0.15193332517039848,0.021836616,0
3938637,Tijjani Reijnders,Netherlands,47,2,0,17,25.210315349078833,15.584191035940638,1,1,4.146527834828546,7.035639893796931,15,0,1,3.5789538614290026,21.632319626110576,1.7793836428627543,Right Foot,Open Play,Normal,From Throw In,Center Attacking Midfield,1,0,1,1,Ground Pass,,29.244144,1,1,1,392.882370476351,0.4514600647265661,0.16447742828334183,0.031454585,0
3938637,Memphis Depay,Netherlands,48,2,0,23,37.171225430432074,12.13285762175585,0,1,5.216586391554243,10.015796622121504,16,0,0,4.708712538118128,32.47844385219594,0.38801854144506365,Right Foot,Open Play,Normal,From Throw In,Center Forward,1,0,1,1,Ground Pass,,5.656854,1,1,1,450.99318577362266,0.8255101093547682,0.14033937087485485,0.01068202,0
3938637,Xavi Simons,Netherlands,53,2,0,4,17.22614292289484,21.04161372061245,1,1,3.7631327830902603,11.450880177090813,8,0,1,6.20292845187032,11.05505360585883,4.234231882658101,Right Foot,Open Play,Normal,From Counter,Right Wing,1,0,1,1,Ground Pass,,18.880943,1,1,1,362.4658452796151,0.5442016153862517,0.2184547521714088,0.04667762,0
3938637,Jakub Piotr Kiwior,Poland,57,2,0,5,16.337992532744035,20.616326528596336,2,1,3.714875103047955,4.129267198811594,14,0,1,3.9428742621763915,12.438624409492284,3.0722010366246764,Left Foot,Open Play,Normal,From Free Kick,Left Center Back,1,0,1,1,High Pass,,43.50322,1,1,1,336.8293888768197,0.20029112330385349,0.22737647208509443,0.060536034,0
3938637,Piotr Zieliński,Poland,58,2,0,7,24.961169844380287,17.619654625158123,2,1,2.186680838231683,6.09313692178898,20,0,1,2.429414125031511,22.57902853151631,0.18358260370136747,Left Foot,Open Play,Normal,From Free Kick,Right Center Midfield,1,0,1,1,Ground Pass,,14.3178215,1,1,1,439.80719169789256,0.34581477624929885,0.08760329951939286,0.036215097,0
3938637,Jakub Moder,Poland,62,2,0,2,13.452509059651284,28.292677798729112,1,1,2.6134762130300726,8.802783049404306,13,0,2,3.8088122965061286,9.645027436888865,2.2215862423905435,Right Foot,Open Play,Normal,Regular Play,Left Center Midfield,1,0,1,1,Ground Pass,,17.62555,1,1,1,380.60750440919816,0.3111329055533839,0.1942742577939449,0.17306519,0
3938637,Denzel Dumfries,Netherlands,64,2,0,11,19.123022773609822,12.886034394188956,1,1,1.8104942607859222,0.0,14,0,2,5.076138551637938,14.072183473973508,4.537955139932343,Right Foot,Open Play,Normal,From Free Kick,Right Back,1,0,1,1,Ground Pass,,5.235456,1,1,1,246.41992918159485,0.0,0.09467615461319445,0.03682928,0
3938637,Stefan de Vrij,Netherlands,72,2,0,1,9.296235797353674,45.952041649031536,1,1,1.0221371269938937,0.0,19,2,4,0.8077744189199221,8.700839443226089,0.641704294181352,Head,Open Play,Normal,From Corner,Right Center Back,1,0,1,1,High Pass,Outswinging,39.171673,1,1,1,427.1810145392139,0.0,0.10995172124236154,0.06877075,0
3938637,Jakub Moder,Poland,79,2,0,1,4.539823785126467,82.70267192572067,0,0,1.0909645611587726,82.70267192572067,18,1,4,7.795172583654367,4.9389623048377915,5.412713132839869,Head,Open Play,Normal,From Corner,Left Center Midfield,1,0,1,1,High Pass,Outswinging,39.932194,1,1,1,375.4555571018976,1.0,0.24030989148368043,0.2948724,0
3938637,Wout Weghorst,Netherlands,82,2,0,8,9.962429422585641,42.09160739365056,0,1,1.2336431921437898,28.921697571723286,16,0,1,4.753976671920032,5.232118561819359,1.2468425102899516,Left Foot,Open Play,Half Volley,From Free Kick,Center Forward,1,0,1,1,,,,0,0,0,419.3346679424277,0.6871131648939135,0.1238295539988489,0.09464203,1
3938637,Karol Świderski,Poland,88,2,-1,5,8.772684879784524,46.393604511725925,1,1,0.7800366487987281,0.0,16,1,2,3.9752949775052104,5.629718641595658,3.179619647704328,Left Foot,Open Play,Normal,Regular Play,Left Center Forward,1,0,1,1,Ground Pass,,9.276314,1,1,1,406.9964728187211,0.0,0.08891652435803524,0.13144952,0
3938637,Jakub Piotrowski,Poland,88,2,-1,5,8.06225774829855,9.272601777200324,0,1,2.0571292883802337,0.0,15,0,4,3.0929299199731646,4.969327837306512,3.069022975861202,Left Foot,Open Play,Normal,Regular Play,Right Center Midfield,1,0,1,1,,,,0,0,0,74.7581055251202,0.0,0.25515548529992954,0.021284437,0
3938637,Jakub Moder,Poland,91,2,-1,2,31.636213427020618,14.177834153852897,2,1,5.840070555310765,4.940558017524156,18,0,0,1.5954293872275414,30.185940511820284,0.3712783357305369,Left Foot,Open Play,Normal,Regular Play,Left Center Midfield,1,0,1,1,,,,0,0,0,448.53298722419254,0.3484705748361102,0.18460080783001476,0.020169877,0
3938637,Nicola Zalewski,Poland,94,2,-1,4,31.60268975894299,13.591880621663886,1,1,3.4425454282220973,7.427375101224255,18,1,1,3.332452576943772,28.37044772329538,0.3860028953583736,Right Foot,Open Play,Normal,From Throw In,Left Wing Back,1,0,1,1,Low Pass,,7.702597,1,1,1,429.53998652703297,0.5464567640026118,0.10893203883849535,0.018691555,0
3938644,Khvicha Kvaratskhelia,Georgia,1,1,0,1,13.80579588433785,21.506599052814273,0,1,0.6251151839527069,12.389624737425814,8,0,2,6.272640855557749,7.549382266575007,4.69237563189202,Left Foot,Open Play,Normal,From Counter,Left Center Forward,1,0,0,1,Ground Pass,Through Ball,28.833487,1,1,1,296.9157166894476,0.5760847964385403,0.04527918485756234,0.13665316,1
3938644,Giorgi Chakvetadze,Georgia,11,1,1,4,25.87856255668,11.281275315218817,0,1,3.389880815986637,8.143512736372474,13,0,1,3.9888288224294883,21.914828259348567,2.8227228655147982,Right Foot,Open Play,Normal,Regular Play,Right Center Midfield,1,0,0,1,Ground Pass,,24.548931,1,1,1,291.94318896402,0.7218610049687026,0.1309918512112881,0.008420149,0
3938644,Cristiano Ronaldo dos Santos Aveiro,Portugal,16,1,-1,0,32.94389169481955,13.828029169548733,2,1,11.871358444882883,5.690685804255957,20,0,0,0.8458958284751243,32.10529823475858,0.1526255429060086,Right Foot,Free Kick,Normal,From Free Kick,Center Forward,1,0,0,1,,,,0,0,0,455.549095314419,0.41153267284015055,0.36035082178070854,0.022706533,0
3938644,Gonçalo Bernardo Inácio,Portugal,16,1,-1,3,10.454664030948097,40.89333493264929,2,1,0.48640067996815156,0.0,15,1,4,4.373724179042035,6.931944584433309,3.0082223937190093,Head,Open Play,Normal,From Throw In,Left Center Back,1,0,0,1,High Pass,,11.1,1,1,1,427.5260778258818,0.0,0.04652475474374872,0.049144432,0
3938644,José Diogo Dalot Teixeira,Portugal,17,1,-1,15,15.340469353966975,26.71844897448691,2,1,0.21821877796566563,0.0,18,0,2,2.573193578156088,13.107440168637474,0.06359069505632675,Head,Open Play,Normal,From Throw In,Right Wing Back,1,0,0,1,High Pass,,35.79455,1,1,1,409.87354767864684,0.0,0.01422503920385169,0.026044907,0
3938644,António João Pereira Albuquerque Tavares Silva,Portugal,20,1,-1,1,5.263078946776307,41.63353933657013,0,0,1.5428916929177983,41.63353933657012,16,1,4,4.084170539537493,1.5428916929177983,3.6510982561833742,Head,Open Play,Normal,From Free Kick,Right Center Back,1,0,0,1,High Pass,,37.89776,1,1,1,219.1206043620855,0.9999999999999997,0.2931538189946469,0.18730545,0
3938644,João Maria Lobo Alves Palhinha Gonçalves,Portugal,22,1,-1,23,31.084562084739105,13.264042762890762,1,1,1.325804717662465,5.36501691077946,19,0,1,2.9803141119477274,28.105863440914494,1.3777515312452735,Right Foot,Open Play,Normal,Regular Play,Left Defensive Midfield,1,0,0,1,Ground Pass,,15.352199,1,1,1,412.3069607577123,0.4044782580005954,0.042651548831481395,0.019303527,0
3938644,João Neves,Portugal,23,1,-1,16,19.592345444075857,22.98055648032582,3,1,2.3183388052207787,6.950966677081439,19,0,1,2.7100212300903674,16.889567080300345,0.44517093314318856,Right Foot,Open Play,Volley,Regular Play,Right Defensive Midfield,1,0,0,1,,,,0,0,0,450.2430010596395,0.30247164306192154,0.11832880406474129,0.044234637,0
3938644,Francisco Fernandes Conceição,Portugal,27,1,-1,2,15.572411502397436,20.34784926268436,3,1,3.5332602362778163,4.285722742428965,19,0,1,4.677233327482708,11.3873570562581,1.9935274950336677,Left Foot,Open Play,Half Volley,From Corner,Right Attacking Midfield,1,0,0,1,,,,0,0,0,316.8650819072751,0.21062288633563317,0.22689229832732435,0.052520916,0
3938644,João Félix Sequeira,Portugal,29,1,-1,15,25.00499950009997,16.52869331337848,0,0,1.4301776807217748,16.52869331337843,17,1,1,,,,Left Foot,Open Play,Normal,Regular Play,Left Attacking Midfield,1,0,0,1,Ground Pass,,7.7,1,1,1,413.2999680383346,0.999999999999997,0.05719566923870792,0.03601527,0
3938644,Khvicha Kvaratskhelia,Georgia,32,1,1,20,19.366207682455546,11.216304478646222,0,1,1.7424047902220814,8.742376957858554,17,1,2,5.006614596676804,14.53423799232904,3.8094166687762936,Right Foot,Open Play,Normal,From Free Kick,Left Center Forward,1,0,0,1,,,,0,0,0,217.217281963119,0.7794347036942898,0.0899713985717803,0.013807702,0
3938644,Cristiano Ronaldo dos Santos Aveiro,Portugal,34,1,-1,25,13.591173606425608,19.334808537826415,1,1,0.8804351862251101,7.244049980620273,17,1,2,5.701824184030281,7.893278790098353,4.868473898032782,Left Foot,Open Play,Half Volley,From Goal Kick,Center Forward,1,0,0,1,Low Pass,,11.7515955,1,1,1,262.7827394845989,0.37466365216123504,0.06477992347981337,0.058714412,0
3938644,João Maria Lobo Alves Palhinha Gonçalves,Portugal,42,1,-1,6,24.481829996958975,18.500925180764327,1,1,2.5104026130638433,8.88289909723495,18,0,1,3.1052157990007743,21.408860293655167,0.16460363472074135,Right Foot,Open Play,Normal,From Free Kick,Left Defensive Midfield,1,0,0,1,Ground Pass,,18.91798,1,1,1,452.9365050619297,0.4801326966324163,0.1025414608865299,0.035719465,0
3938644,João Félix Sequeira,Portugal,45,1,-1,6,23.84156035162128,18.49653509033197,2,1,1.5620136299575174,8.082465260396575,18,0,3,2.7629400243983158,21.078834708537308,0.6523337687072086,Left Foot,Open Play,Normal,From Free Kick,Left Attacking Midfield,1,0,0,1,Ground Pass,,14.102837,1,1,1,440.9862576520304,0.43697185558938717,0.06551641784013087,0.04260302,0
3938644,Francisco Fernandes Conceição,Portugal,45,2,-1,3,18.262803727796015,20.449386509733788,1,1,2.4315090024733594,6.193484597089898,15,1,2,5.011641492701682,13.306568376665494,3.4265950649524797,Left Foot,Open Play,Normal,Regular Play,Right Attacking Midfield,1,0,0,1,Ground Pass,,14.501379,1,1,1,373.46313218110777,0.3028689684231767,0.13313996244577708,0.04607975,0
3938644,Cristiano Ronaldo dos Santos Aveiro,Portugal,46,2,-1,1,6.854195795277516,58.42168367718353,2,1,1.2701007442557237,14.146743739915005,18,0,5,2.275694994963101,4.57943325675213,0.9451327817754773,Left Foot,Open Play,Normal,From Corner,Center Forward,1,0,0,1,,,,0,0,0,400.43365861318443,0.24214885380716933,0.185302664556331,0.18968906,0
3938644,Danilo Luís Hélio Pereira,Portugal,46,2,-1,1,5.099019513592786,69.81419699053515,2,1,1.6948716838718298,17.54261596995727,18,3,6,1.2992575647257139,3.8137816933842354,1.0702048934483201,Left Foot,Open Play,Half Volley,From Corner,Center Back,1,0,0,1,,,,0,0,0,355.9839527805495,0.2512757680552504,0.3323916841960892,0.22954655,0
3938644,Khvicha Kvaratskhelia,Georgia,49,2,1,2,13.761177275218856,32.1107193041763,0,1,3.4300101519337614,25.457451728010234,10,0,1,4.190774646575621,10.339818618702767,2.6171120702400614,Right Foot,Open Play,Normal,From Free Kick,Left Center Forward,1,0,0,1,Low Pass,,27.596014,1,1,1,441.8813007795623,0.7928022878235323,0.2492526680918883,0.24445653,0
3938644,Georges Mikautadze,Georgia,56,2,1,0,11.900420160649796,37.156345075648375,0,1,9.838369959604353,30.76762362406798,9,0,0,1.2073257839208547,10.767501342683543,0.40642986077415344,Right Foot,Penalty,Normal,Other,Right Center Forward,1,0,0,1,,,,0,0,0,442.1761180343067,0.8280583992162498,0.826724588442359,0.7835,1
3938644,Francisco Fernandes Conceição,Portugal,65,2,-2,7,18.65743819499344,23.092313684990522,4,1,2.34788750684757,4.135847313999469,17,0,2,1.3473538464192865,17.760289782547815,0.6378127676735375,Left Foot,Open Play,Half Volley,From Free Kick,Right Attacking Midfield,1,0,0,1,,,,0,0,0,430.84341535711184,0.17910060336170108,0.12584190188970346,0.03953764,0
3938644,Giorgi Chakvetadze,Georgia,71,2,2,4,21.27087210247854,16.92359511826216,0,1,0.8188705617942914,12.833268789919964,7,0,1,4.465004314341002,16.812726520245903,2.9600771694201597,Right Foot,Open Play,Normal,Regular Play,Right Center Midfield,1,0,0,1,Ground Pass,,38.97448,1,1,1,359.97962727468456,0.7583062995918435,0.038497272601196,0.06953994,0
3938644,Nélson Cabral Semedo,Portugal,80,2,-2,1,27.12231553536681,16.765984374678478,5,1,5.720009442953026,1.3957541009566834,20,0,0,1.4384976931332267,25.68448848479242,0.015610383287665286,Right Foot,Open Play,Half Volley,From Corner,Right Wing Back,1,0,0,1,,,,0,0,0,454.7323184710593,0.08324915911675779,0.2108967958688586,0.020204514,0
3938644,Matheus Luiz Nunes,Portugal,81,2,-2,4,7.623647421018362,55.28720915989957,0,1,1.6266486896472527,44.37104526229072,16,1,3,3.508900941505197,5.095944707328444,1.7159303190505568,Head,Open Play,Normal,From Throw In,Right Defensive Midfield,1,0,0,1,High Pass,,29.15476,1,1,1,421.4901895271711,0.8025553457394181,0.21336882463407078,0.19409223,0
3938644,Zuriko Davitashvili,Georgia,84,2,2,6,14.177799547179387,15.698861800409889,1,1,0.32085195079159834,0.0,11,0,1,6.471561807371542,7.758588624223618,6.004383181968706,Left Foot,Open Play,Normal,From Throw In,Left Center Forward,1,0,0,1,Ground Pass,,21.272047,1,1,1,222.57531572508307,0.0,0.02263058874008629,0.08911559,0
3938644,Nélson Cabral Semedo,Portugal,90,2,-2,12,7.161005515987262,43.602818972703645,0,1,4.133989059789855,29.68051602644837,15,0,2,2.356004696545954,4.883509272126011,1.5734682604209382,Right Foot,Open Play,Volley,Regular Play,Right Wing Back,1,0,0,1,Low Pass,,31.901096,1,1,1,312.24002717612484,0.6807017694206663,0.5772917016416956,0.21424782,0
3938644,João Félix Sequeira,Portugal,91,2,-2,5,23.186634080866508,16.97234755328259,2,1,1.1148498691867788,3.2410049203714837,19,0,2,2.5136341324156883,20.856313708933662,0.4389552107032486,Left Foot,Open Play,Normal,From Throw In,Left Attacking Midfield,1,0,0,1,Ground Pass,,15.255491,1,1,1,393.53161221125333,0.1909579632515036,0.04808157429399152,0.01927459,0
3938644,Diogo José Teixeira da Silva,Portugal,92,2,-2,11,6.96419413859206,57.9946167919165,0,1,3.407982129898688,37.714236711680485,16,1,3,4.075092891427437,3.407982129898688,2.65051541872392,Left Foot,Open Play,Normal,From Throw In,Right Attacking Midfield,1,0,0,1,Ground Pass,,16.589455,1,1,1,403.8857703321575,0.6503058179864935,0.4893577149168438,0.70389277,0
3938644,José Diogo Dalot Teixeira,Portugal,93,2,-2,8,29.17344683097971,14.244467087457327,2,1,2.6865230848927633,3.625710927398006,19,0,2,3.2740464774837412,25.9122930915353,1.1158884570077632,Right Foot,Open Play,Normal,Regular Play,Right Center Back,1,0,0,1,Ground Pass,,18.729656,1,1,1,415.5602032115767,0.2545346838977607,0.09208795588870579,0.023084719,0
3938644,Gonçalo Matias Ramos,Portugal,93,2,-2,1,8.052949770115296,31.894549579768324,1,1,0.7959276090500522,20.357911290397812,19,1,3,0.9395684950663173,7.174778071323454,0.6316011358342024,Left Foot,Open Play,Half Volley,From Corner,Center Forward,1,0,0,1,High Pass,Outswinging,33.118725,1,1,1,256.8452057063262,0.6382880949449573,0.09883677804669291,0.102168575,0
3941019,Adrien Rabiot,France,1,1,0,25,14.708500943332059,30.41302336527094,0,1,1.2654606079328354,24.59277990046188,19,0,2,3.023313538864696,11.81814926636912,0.6947732142984364,Left Foot,Open Play,Volley,From Kick Off,Left Center Midfield,1,0,1,1,High Pass,,23.847221,1,1,1,447.3299828576676,0.8086266072627531,0.08603600141226618,0.049315576,0
3941019,Antoine Griezmann,France,9,1,0,45,24.763077353188557,18.16946160815223,1,1,1.7070140976702537,0.998694367140526,16,0,2,4.131637884025782,21.01088442758406,1.0208476980740855,Left Foot,Open Play,Normal,From Throw In,Right Wing,1,0,1,1,Ground Pass,,12.61507,1,1,1,449.9317832684634,0.05496554541233265,0.06893384345263753,0.026957866,0
3941019,Kylian Mbappé Lottin,France,13,1,0,4,19.168985366993216,16.723919417443582,2,1,2.5772569742774913,7.384045990267762,20,0,1,5.6662839176096895,13.840650245584554,5.059931318504034,Right Foot,Open Play,Normal,From Corner,Left Wing,1,0,1,1,Ground Pass,,11.374093,1,1,1,320.58056659174974,0.4415260445805525,0.13444931617065298,0.06710457,0
3941019,Marcus Thuram,France,17,1,0,1,12.288612614937458,22.52789603164061,3,1,4.2285562138091635,2.1134023306281438,18,0,2,3.7553455705593985,8.609126352893034,2.685200096544847,Head,Open Play,Normal,From Corner,Center Forward,1,0,1,1,High Pass,Inswinging,30.708467,1,1,1,276.8365873624183,0.09381268129344407,0.34410363043498743,0.02893819,0
3941019,Adrien Rabiot,France,19,1,0,25,33.163986491373436,13.609442791187604,1,1,7.152330881911928,8.501732033624256,19,0,0,3.123014625589416,30.091197194166842,0.07081725611928391,Left Foot,Open Play,Normal,Regular Play,Left Center Midfield,1,0,1,1,Ground Pass,,26.575365,1,1,1,451.3433768820653,0.6246936163418316,0.21566559508074762,0.021996574,0
3941019,Yannick Ferreira Carrasco,Belgium,26,1,0,13,14.080127840328723,30.65066795705286,0,1,4.479593314658451,30.37480694623332,15,0,1,4.460331031994053,11.662421975856097,2.4069878790877937,Left Foot,Open Play,Half Volley,From Free Kick,Right Midfield,1,0,1,1,,,,0,0,0,431.5653232267715,0.9909998368973207,0.31815004561449123,0.105909355,0
3941019,Marcus Thuram,France,33,1,0,9,9.590099061010793,44.708160556399825,1,1,0.6282074731489725,16.4949396815606,15,0,2,3.7156065934250577,6.641834067171979,2.4628975871252905,Head,Open Play,Normal,From Free Kick,Center Forward,1,0,1,1,High Pass,,33.243496,1,1,1,428.75568857144975,0.36894695456665133,0.06550583775541935,0.094443604,0
3941019,Aurélien Djani Tchouaméni,France,38,1,0,20,31.797012438277903,13.908139503941934,2,1,0.7560358683277956,0.0,19,0,1,3.471871828436376,28.349838615969468,1.2352071921276746,Right Foot,Open Play,Normal,From Throw In,Center Defensive Midfield,1,0,1,1,Ground Pass,,12.432618,1,1,1,442.2372848001459,0.0,0.023776946648536825,0.022445312,0
3941019,Marcus Thuram,France,40,1,0,8,9.72008230417829,30.592998950260732,0,1,1.4184610913467617,17.237846985475265,15,0,2,4.777045903252339,5.159868726235573,4.3584497078662,Right Foot,Open Play,Half Volley,Regular Play,Center Forward,1,0,1,1,Low Pass,,12.391126,1,1,1,297.3664677281743,0.5634572476369909,0.14593097537219615,0.16247946,0
3941019,Aurélien Djani Tchouaméni,France,45,1,0,5,18.306829326784037,22.71540708266335,4,1,2.4121150071962627,0.0,18,0,1,3.6525005240304824,14.73791542308741,2.1046082197356526,Right Foot,Open Play,Normal,From Corner,Center Defensive Midfield,1,0,1,1,,,,0,0,0,415.84708055073924,0.0,0.131760391935658,0.055180438,0
3941019,Aurélien Djani Tchouaméni,France,48,2,0,3,26.8033579985792,16.555005300807657,2,1,3.2065853757040776,9.24258619162544,15,0,1,2.278586407649821,24.527281842071584,0.6176475378268549,Right Foot,Open Play,Normal,Regular Play,Center Defensive Midfield,1,0,1,1,Ground Pass,,20.001,1,1,1,443.729733745924,0.5582955742801562,0.11963371812867825,0.027458923,0
3941019,Kylian Mbappé Lottin,France,49,2,0,1,17.67766952966369,12.916970717157218,1,1,2.0264847058510265,3.6290421938877584,20,0,2,3.9312585194494214,13.793529657514018,3.6724914954229675,Right Foot,Open Play,Normal,From Corner,Left Wing,1,0,1,1,,,,0,0,0,228.34193966224828,0.28095149190571533,0.11463528619824695,0.023882177,0
3941019,Marcus Thuram,France,49,2,0,2,6.989277502002615,58.11181587062265,1,1,0.8208959582234701,34.364010478334144,17,0,3,2.8512917499278765,4.288184175182558,1.5816106528641996,Head,Open Play,Normal,From Free Kick,Center Forward,1,0,1,1,High Pass,,30.7197,1,1,1,406.15960726506137,0.5913429130289186,0.11745076053830476,0.14512838,0
3941019,Kylian Mbappé Lottin,France,53,2,0,10,22.38258251408894,16.27626294206001,2,1,3.160324768811237,3.125296560299918,18,0,2,4.303634337840987,18.181207976310244,3.247979305434413,Right Foot,Open Play,Normal,Regular Play,Left Wing,1,0,1,1,Ground Pass,,3.733631,1,1,1,364.3047983216662,0.19201561018185195,0.14119571621469235,0.037212588,0
3941019,Kylian Mbappé Lottin,France,55,2,0,15,13.64184738222796,29.643209445591168,0,1,1.7530069982891794,22.903014884686502,16,0,2,3.4606417406135943,10.20661883724376,1.9105276162355551,Right Foot,Open Play,Normal,Regular Play,Left Wing,1,0,1,1,Ground Pass,,20.379646,1,1,1,404.388139176173,0.7726226448834428,0.12850217050316257,0.18814844,0
3941019,Yannick Ferreira Carrasco,Belgium,60,2,0,1,14.603081866510234,20.053043355659447,0,1,0.6621635585976109,12.01200893881634,12,0,1,6.050887728374544,8.557529943749298,4.882496211919538,Right Foot,Open Play,Normal,From Counter,Right Midfield,1,0,1,1,Ground Pass,Through Ball,28.914011,1,1,1,292.836233795374,0.5990117672301478,0.04534409685918245,0.13074823,0
3941019,Antoine Griezmann,France,64,2,0,19,22.910696191953665,19.638844956114205,1,1,2.356520273647376,8.341727293003432,17,0,1,3.0943953868037033,19.828673158440758,0.16244725249210745,Right Foot,Open Play,Half Volley,From Free Kick,Right Wing,1,0,1,1,Ground Pass,,12.560255,1,1,1,449.93961035041417,0.4247565124957302,0.1028567728323767,0.05479053,0
3941019,Aurélien Djani Tchouaméni,France,68,2,0,18,26.428204630659273,16.580939534615744,1,1,4.140439703963978,3.5156148005375316,19,0,1,5.662340010454232,22.32949627133338,4.65206531719808,Right Foot,Open Play,Normal,From Throw In,Center Defensive Midfield,1,0,1,1,Ground Pass,,12.448293,1,1,1,438.20446298941323,0.2120274784910736,0.1566674604585386,0.030925188,0
3941019,William Saliba,France,73,2,0,2,19.516659550240668,16.94812957298821,0,1,2.3388223969690776,12.517579862084071,19,0,1,4.03807650611739,15.522242858721182,2.4341591878599473,Left Foot,Open Play,Normal,From Corner,Left Center Back,1,0,1,1,Ground Pass,,14.5725765,1,1,1,330.77087488937667,0.7385817891099019,0.11983722885304092,0.06782964,0
3941019,Kylian Mbappé Lottin,France,77,2,0,34,18.784301956687138,21.868828324537713,0,1,3.022279324528463,17.323386201782963,18,0,2,3.6793186907434863,15.130094505882687,1.943801921101553,Right Foot,Open Play,Normal,From Throw In,Left Wing,1,0,1,1,Ground Pass,,18.618807,1,1,1,410.7906746870689,0.79214971852632,0.1608938853036561,0.09472088,0
3941019,Kevin De Bruyne,Belgium,82,2,0,7,21.16246677492962,19.5794074444307,1,1,0.5994404638487475,0.0,13,0,3,5.282162504729094,16.06729031499446,3.262512773140962,Right Foot,Open Play,Normal,From Free Kick,Left Center Forward,1,0,1,1,Ground Pass,,24.748737,1,1,1,414.3485595155743,0.0,0.028325642290381862,0.082713604,0
3941019,Randal Kolo Muani,France,84,2,0,13,16.776471619503308,18.806469674191646,1,1,2.2641097915268014,3.5977894505757946,18,0,2,3.7195679026736044,13.14229009471541,3.1721999083766974,Right Foot,Open Play,Normal,Regular Play,Center Forward,1,0,1,1,Ground Pass,,14.705441,1,1,1,315.50620475212577,0.1913059448639149,0.13495744772069262,0.06305356,0
3942227,Breel-Donald Embolo,Switzerland,9,1,0,41,19.693907687404245,5.895889869936781,0,1,1.88694727658872,5.463612474008241,15,2,3,3.969626726617564,15.931398921600094,3.4112384824758593,Right Foot,Open Play,Normal,From Throw In,Center Forward,1,1,0,1,,,,0,0,0,116.11311083363678,0.9266815687767969,0.09581375654540956,0.008929583,0
3942227,Declan Rice,England,13,1,0,53,22.94275484766379,19.745867618228388,4,1,4.653008463991768,5.793995751781223,18,0,1,1.7089337260096071,21.445230272823395,0.7021048605558136,Right Foot,Open Play,Normal,From Goal Kick,Left Defensive Midfield,1,1,0,1,High Pass,,12.924396,1,1,0,453.0246000194368,0.2934282688309172,0.2028094923598756,0.03981024,0
3942227,Kobbie Mainoo,England,15,1,0,4,23.0,19.731613886168734,3,1,3.556787003327995,5.279464485220452,16,0,1,3.0914770582398603,20.087962119636934,0.9697032296671892,Right Foot,Open Play,Normal,Regular Play,Right Defensive Midfield,1,1,0,1,Ground Pass,,14.406249,1,1,0,453.8271193818809,0.2675637439328365,0.1546429131881737,0.041179437,0
3942227,Harry Kane,England,21,1,0,1,13.485177047410245,30.884945330728616,1,1,1.7312662883447787,28.999604737623653,20,0,3,3.4037464076922217,12.715477535651418,2.4739536582841595,Head,Open Play,Normal,From Corner,Center Forward,1,1,0,1,High Pass,Outswinging,46.966476,1,1,0,416.48895588446175,0.9389560003129044,0.12838291127050935,0.024830516,0
3942227,Breel-Donald Embolo,Switzerland,24,1,0,2,17.12921480979207,25.446506592725743,1,1,1.5618397215116435,16.614349756475434,12,0,2,4.474870597422291,13.079513987489657,2.715176677103827,Left Foot,Open Play,Normal,From Counter,Center Forward,1,1,0,1,Ground Pass,,12.756567,1,1,0,435.8786775855894,0.6529127955514683,0.09117987828717074,0.050617944,0
3942227,Bukayo Saka,England,42,1,0,51,28.84874347350331,14.084955932287246,0,1,0.8059930846150627,11.34539034573712,19,0,2,3.7499733056772153,25.09941201251053,1.7860007695210953,Left Foot,Open Play,Normal,Regular Play,Right Wing Back,1,1,0,1,Ground Pass,,18.738462,1,1,0,406.3332805261534,0.8054970423961242,0.02793858544845611,0.022693586,0
3942227,Kobbie Mainoo,England,44,1,0,31,11.764352935882194,23.962488974578214,1,1,0.9042453482570714,15.435655614990305,18,0,3,5.268988555362989,6.891014877329238,4.996618100025742,Right Foot,Open Play,Normal,From Throw In,Right Defensive Midfield,1,1,0,1,Ground Pass,,5.663921,1,1,0,281.9031775191239,0.6441591118254026,0.07686316053125647,0.105490096,0
3942227,Bukayo Saka,England,46,2,0,10,15.063200191194433,17.079817531899852,1,1,1.0995524635249585,0.0,17,0,3,3.226933520218332,11.840111535202997,2.793202191017322,Left Foot,Open Play,Normal,Regular Play,Right Wing Back,1,1,0,1,,,,0,0,0,257.2767107120799,0.0,0.07299594040897957,0.043717798,0
3942227,Breel-Donald Embolo,Switzerland,50,2,0,17,11.940268003692378,24.168803713203697,0,1,1.1310704177365314,24.007533513426342,14,0,2,3.2753361331044784,9.610429246461907,0.8306343907001974,Right Foot,Open Play,Normal,From Free Kick,Center Forward,1,1,0,1,Ground Pass,,17.24094,1,1,0,288.5819936642876,0.9933273404140706,0.09472738948462146,0.052396607,0
3942227,Breel-Donald Embolo,Switzerland,56,2,0,6,7.470609078247899,52.98453676349489,1,1,1.477220990129819,8.405013158695029,18,0,2,1.6919550520915916,5.850669748830579,1.1479892865120078,Head,Open Play,Normal,Regular Play,Center Forward,1,1,0,1,High Pass,,35.554184,1,1,0,395.8267613521245,0.15863143611526084,0.19773769108479108,0.113653235,0
3942227,Michel Aebischer,Switzerland,65,2,0,12,16.846661390317074,26.238076925020255,3,1,3.8230012560358406,6.254984928542478,16,0,1,0.33959170817365564,17.173874380138844,0.02385391271958781,Right Foot,Open Play,Volley,From Goal Kick,Left Wing Back,1,1,0,1,,,,0,0,0,442.0239974889081,0.2383934213782952,0.2269293106486476,0.054864526,0
3942227,Breel-Donald Embolo,Switzerland,74,2,0,17,3.4438350715445076,99.47730737298103,0,1,0.8040162574444033,92.77972519784878,18,0,2,2.647699656267003,4.520398645226393,2.473457998911698,Right Foot,Open Play,Volley,From Free Kick,Center Forward,1,1,0,1,,,,0,0,0,342.5834399538851,0.9326722611216216,0.23346537820227675,0.673555,1
3942227,Bukayo Saka,England,79,2,-1,14,25.761405241174252,13.676611993875204,2,1,2.0463729210346346,3.6265799594124624,18,0,1,2.4147091266126384,23.44465378471247,1.0020502180624575,Left Foot,Open Play,Normal,From Throw In,Right Wing Back,1,1,0,1,Ground Pass,,17.974426,1,1,0,352.3287439005233,0.2651665457085829,0.07943560927196366,0.027096223,1
3942227,Harry Kane,England,82,2,0,5,12.406449935416664,35.72586119515532,2,1,1.5132920146791262,15.551276871627426,17,1,2,1.2067008237143604,11.215002073342308,0.22020152600026677,Right Foot,Open Play,Half Volley,From Throw In,Center Forward,1,1,0,1,High Pass,,23.853722,1,1,0,443.23110831733936,0.435294667542858,0.12197623192426184,0.043730237,0
3942227,Eberechi Eze,England,87,2,0,10,22.27128195681605,11.676501250341818,1,1,5.638633663378057,6.443017999806482,18,0,0,4.716864614651237,17.55452132143706,3.93355310636359,Right Foot,Open Play,Normal,From Throw In,Left Wing Back,1,1,0,1,High Pass,,46.37866,1,1,0,260.0506516154778,0.5517935434313312,0.253179573331762,0.012332749,0
3942227,Dan Ndoye,Switzerland,89,2,0,3,25.03197954617253,13.127496185785015,1,1,1.0319366176788256,0.0,17,0,1,1.7422614174404536,23.6603483144887,0.23808982416939273,Right Foot,Open Play,Normal,From Counter,Right Attacking Midfield,1,1,0,1,Ground Pass,,24.801815,1,1,0,328.60721601502837,0.0,0.041224730779895996,0.02836855,0
3942227,Steven Zuber,Switzerland,92,2,0,12,15.060212481900775,19.05156776583765,4,1,2.082806686762403,1.0195457436711075,17,0,2,3.04893930001367,12.050483213192365,2.1410428346293244,Right Foot,Open Play,Half Volley,From Throw In,Left Attacking Midfield,1,1,0,1,,,,0,0,0,286.92065866684663,0.053515057458909374,0.13829862555163155,0.049106847,0
3942227,Declan Rice,England,94,3,0,29,31.311499485013496,14.153466017305629,4,1,4.964445231696003,0.0,18,0,1,1.9956639796941424,29.380026564202463,0.008569172117489643,Right Foot,Open Play,Normal,Regular Play,Left Defensive Midfield,1,1,0,1,,,,0,0,0,443.16624391202123,0.0,0.15855022318787756,0.017482303,0
3942227,Phil Foden,England,100,3,0,13,29.904180309782777,15.040830925082918,1,1,3.5295474158396134,10.003577918921028,20,0,1,1.7925357725239979,28.11690194257826,0.16168224615892512,Left Foot,Open Play,Normal,From Free Kick,Right Attacking Midfield,1,1,0,1,Ground Pass,,10.7912,1,1,0,449.78371999263646,0.6650947656248506,0.11802856253795949,0.02448303,0
3942227,Jude Bellingham,England,101,3,0,15,17.771043863543863,23.762878289788098,3,1,1.0426247395428254,0.0,17,0,3,2.469381336663249,15.398664833218438,1.4781695789787221,Right Foot,Open Play,Normal,From Free Kick,Right Defensive Midfield,1,1,0,1,,,,0,0,0,422.29115241187844,0.0,0.058669864727625934,0.06517577,0
3942227,Jude Bellingham,England,101,3,0,15,16.89615340839447,25.68412171594747,2,1,1.3991205270955858,12.3679989341703,17,1,4,3.3396978903339565,13.840531936309969,2.051859819695842,Left Foot,Open Play,Normal,From Free Kick,Right Defensive Midfield,1,1,0,1,,,,0,0,0,433.96286067252424,0.48154260717783914,0.0828070444957291,0.06901925,0
3942227,Fabian Lukas Schär,Switzerland,112,4,0,29,23.24069706355642,11.894607945893203,0,1,7.957509346306041,8.374615784860026,17,0,0,3.7120309502655364,19.535767716469685,2.8570421091686526,Right Foot,Open Play,Half Volley,Regular Play,Right Center Back,1,1,0,1,Low Pass,,14.2351675,1,1,0,276.43897996027505,0.7040682486513977,0.3423954679390472,0.012323262,0
3942227,Xherdan Shaqiri,Switzerland,116,4,0,0,39.10626548265635,0.2120233269636147,0,0,34.834052798816785,0.2120233269659411,20,0,0,5.631066276846674,37.96147099872494,1.4362259138857496,Left Foot,Corner,Normal,From Corner,Center Forward,1,1,0,1,,,,0,0,0,8.291440512755166,1.0000000000109723,0.8907537543891965,0.00018,0
3942227,Mohamed Zeki Amdouni,Switzerland,118,4,0,11,24.506733768497178,14.05976390154497,1,1,2.717316433112505,10.538074966441696,18,0,1,4.244051865563543,20.28937122002722,2.4852643561195222,Left Foot,Open Play,Normal,From Free Kick,Left Attacking Midfield,1,1,0,1,Ground Pass,,23.433523,1,1,0,344.55889078308974,0.7495200517046883,0.11088039959880538,0.039720625,0
3942227,Silvan Widmer,Switzerland,118,4,0,14,10.241581909060727,36.759387861330694,1,1,0.5384188984724537,0.0,19,0,2,1.6603765712707979,8.71794935333088,1.39814133074632,Right Foot,Open Play,Volley,From Free Kick,Right Wing Back,1,1,0,1,,,,0,0,0,376.47428170875094,0.0,0.052571849080864604,0.11769032,0
3942227,Manuel Obafemi Akanji,Switzerland,121,5,-1,0,11.900420160649796,37.156345075648375,0,1,10.852812262940299,30.817895059469123,2,0,0,1.226001579997839,10.852812262940299,0.6168738072156188,Right Foot,Penalty,Normal,Other,Center Back,1,1,0,1,,,,0,0,0,442.1761180343067,0.8294113696254436,0.9119688310524076,0.7835,0
3942227,Fabian Lukas Schär,Switzerland,122,5,-2,0,11.900420160649796,37.156345075648375,0,1,11.988318982398548,31.418787402739426,2,0,0,0.1385753385915819,11.98831898239855,0.10678586540159074,Right Foot,Penalty,Normal,Other,Right Center Back,1,1,0,1,,,,0,0,0,442.1761180343067,0.8455833677605378,1.0073861948201963,0.7835,1
3942227,Bukayo Saka,England,123,5,1,0,11.900420160649796,37.156345075648375,0,1,11.926381275999049,31.388965217467945,2,0,0,0.2851084324247742,11.926381275999049,0.2843930040551399,Left Foot,Penalty,Normal,Other,Left Wing Back,1,1,0,1,,,,0,0,0,442.1761180343067,0.8447807542308495,1.0021815293072673,0.7835,1
3942227,Xherdan Shaqiri,Switzerland,124,5,-2,0,11.900420160649796,37.156345075648375,0,1,12.000583089568499,31.424655850310604,2,0,0,0.1806910853294873,12.000583089568499,0.1518452845609417,Left Foot,Penalty,Normal,Other,Center Forward,1,1,0,1,,,,0,0,0,442.1761180343067,0.8457413070723627,1.0084167556747201,0.7835,1
3942227,Mohamed Zeki Amdouni,Switzerland,126,5,-2,0,11.900420160649796,37.156345075648375,0,1,12.20132832829021,31.519034608996794,2,0,0,1.620507234999579,12.20132832829021,1.6071170647627326,Right Foot,Penalty,Normal,Other,Left Attacking Midfield,1,1,0,1,,,,0,0,0,442.1761180343067,0.8482813512692298,1.0252855078710081,0.7835,1
3942227,Trent Alexander-Arnold,England,127,5,1,0,11.900420160649796,37.156345075648375,0,1,12.156846390433039,31.498390925141045,2,0,0,0.5196285869228741,12.156846390433039,0.45461461309559326,Right Foot,Penalty,Normal,Other,Right Wing Back,1,1,0,1,,,,0,0,0,442.1761180343067,0.8477257615358015,1.0215476618742545,0.7835,1
3930174,Cristiano Ronaldo dos Santos Aveiro,Portugal,1,1,0,7,21.07937380474097,15.947515886103574,1,1,1.445014527502412,0.0,13,0,1,4.9774644475132,16.347931236814713,4.2806531475493586,Right Foot,Open Play,Volley,From Goal Kick,Center Forward,1,1,0,1,High Pass,,37.77327,1,1,1,336.16364862022215,0.0,0.06855111261309922,0.030822832,0
3930174,Bruno Miguel Borges Fernandes,Portugal,3,1,0,7,27.459060435491967,16.542418315630815,1,1,5.672731784662888,4.39945394070461,14,0,0,1.827784202449802,25.673193488827174,0.49275677772435245,Left Foot,Open Play,Normal,From Free Kick,Center Attacking Midfield,1,1,0,1,Ground Pass,,7.454529,1,1,1,454.2392642780958,0.26594986638365903,0.20658870677638513,0.041098516,0
3930174,Muhammed Kerem Aktürkoğlu,Turkey,4,1,0,4,12.969194269498782,32.670489608725944,1,1,1.584890528645421,20.279053202276675,16,0,1,3.2748085792415784,10.373902909427219,2.6067173702132607,Right Foot,Open Play,Volley,From Throw In,Left Wing,1,1,0,1,Low Pass,,16.43472,1,1,1,423.709926615208,0.620714701406261,0.12220423996368063,0.048342027,0
3930174,Muhammed Kerem Aktürkoğlu,Turkey,5,1,0,8,5.099019513592782,71.79151552941923,0,1,1.0932220911863657,66.42497331355953,11,0,2,1.9930926485375045,4.673767909627277,0.82992740991007,Right Foot,Open Play,Half Volley,Regular Play,Left Wing,1,1,0,1,High Pass,,28.2078,1,1,1,366.0663385949079,0.9252482389278918,0.21439849137115358,0.45019928,0
3930174,Cristiano Ronaldo dos Santos Aveiro,Portugal,7,1,0,5,9.078546139112808,39.72912240140273,0,0,2.269578428618083,39.72912240140272,17,2,2,3.6048348818622378,8.88696301322957,2.0636927067018007,Head,Open Play,Normal,Regular Play,Center Forward,1,1,0,1,High Pass,,25.66028,1,1,1,360.68267078759493,0.9999999999999997,0.24999359961834983,0.06344055,0
3930174,Rafael Alexandre Conceição Leão,Portugal,14,1,0,7,12.79062156425559,31.71134586523798,0,0,4.030780598058291,31.71134586523798,16,0,1,4.547998258612377,10.774074645343589,2.074968897167402,Head,Open Play,Normal,From Keeper,Left Wing,1,1,0,1,High Pass,,36.704224,1,1,1,405.60782425548024,1.0,0.3151356310409987,0.04168335,0
3930174,Bernardo Mota Veiga de Carvalho e Silva,Portugal,20,1,0,15,11.892854997854807,35.537677791974374,1,1,4.290960861489976,20.844920594303698,16,0,2,2.6314251910988533,9.283316962173494,0.5975414729157649,Left Foot,Open Play,Normal,Regular Play,Right Wing,1,1,0,1,,,,0,0,0,422.64444894043623,0.5865583203360348,0.36080157895341075,0.3171335,1
3930174,Bruno Miguel Borges Fernandes,Portugal,23,1,1,13,19.706090429103384,19.84806708855175,2,1,3.056680536097769,4.853701118530171,17,1,1,2.502704451237028,17.314417508844823,0.6683125884889662,Right Foot,Open Play,Volley,From Throw In,Center Attacking Midfield,1,1,0,1,,,,0,0,0,391.12780488991154,0.24454276060613261,0.15511349382541356,0.0370126,0
3930174,Muhammed Kerem Aktürkoğlu,Turkey,30,1,-1,11,15.54252231782216,17.886859793729336,0,1,1.8158497083392517,11.889154937168382,15,0,2,4.0785702269833015,11.4687766392444,3.2037855484087103,Right Foot,Open Play,Normal,Regular Play,Left Wing,1,1,0,1,Ground Pass,,29.881432,1,1,1,278.0069175397941,0.664686539407907,0.11683108257512807,0.09970065,0
3930174,Orkun Kökçü,Turkey,31,1,-1,2,16.051479682571326,20.676774320739028,5,1,5.154948921592806,2.469834519224055,21,0,0,4.194378579835943,12.709665574438672,4.089076578926232,Right Foot,Open Play,Normal,From Corner,Center Attacking Midfield,1,1,0,1,Low Pass,,8.668333,1,1,1,331.89282291045504,0.1194497014336895,0.3211510105943717,0.06214549,0
3930174,Hakan Çalhanoğlu,Turkey,31,1,-1,2,29.0,11.510126556306924,1,1,7.3550408483044745,7.139067456353086,21,0,0,2.582057107277361,26.438327610942924,1.5440332696302335,Right Foot,Open Play,Volley,From Corner,Right Defensive Midfield,1,1,0,1,,,,0,0,0,333.7936701329008,0.6202423076261716,0.2536220982173957,0.008017924,0
3930174,Bruno Miguel Borges Fernandes,Portugal,34,1,1,10,21.01071155387175,16.050282641800624,0,1,1.7279433662676138,11.376537347811587,9,0,2,6.3143756737264525,14.714965661238407,4.0233668338302095,Right Foot,Open Play,Normal,Regular Play,Center Attacking Midfield,1,1,0,1,Ground Pass,,27.644167,1,1,1,337.2278589449876,0.7088060442115238,0.08224106841108848,0.07170779,0
3930174,Cristiano Ronaldo dos Santos Aveiro,Portugal,36,1,1,9,20.57304061144098,19.772716971495996,2,1,2.110642052411478,1.073094791541245,16,0,3,3.87846373368462,17.124749654877036,0.17140123188488587,Right Foot,Open Play,Normal,From Throw In,Center Forward,1,1,0,1,Ground Pass,,27.376085,1,1,1,406.7849092531154,0.054271488996084846,0.10259261585464027,0.056781985,0
3930174,Orkun Kökçü,Turkey,40,1,-1,2,26.140007651108284,16.74728340340438,1,1,4.54614454936257,5.006215942474907,14,1,2,3.9501948841200996,22.312723168864302,1.9411283898646872,Right Foot,Open Play,Normal,From Counter,Center Attacking Midfield,1,1,0,1,Ground Pass,,6.8264194,1,1,1,437.7741163002693,0.29892704517421886,0.17391519581937928,0.039146766,0
3930174,Yusuf Yazıcı,Turkey,52,2,-1,10,34.167235767618074,12.00296968390258,1,1,4.563265795580027,9.802229822287448,16,0,1,1.9991598976413796,32.29700045785477,0.22029229100670022,Left Foot,Open Play,Normal,Regular Play,Center Attacking Midfield,1,1,0,1,Ground Pass,,9.213035,1,1,1,410.1082951014716,0.8166503857319087,0.13355677429149398,0.006459761,0
3930174,Bruno Miguel Borges Fernandes,Portugal,55,2,1,4,9.270382947861432,44.194240362194726,0,0,5.011850141569438,44.19424036219474,8,0,0,6.422399875453381,5.011850141569438,0.8356764695591465,Right Foot,Open Play,Normal,From Free Kick,Center Attacking Midfield,1,1,0,1,Ground Pass,,10.621205,1,1,1,409.6975322473794,1.0000000000000002,0.5406303245245778,0.85188305,1
3930174,Yusuf Yazıcı,Turkey,59,2,-2,4,23.829603437741046,16.24525278289118,2,1,1.3923709578493988,0.0,16,0,4,2.758374617210085,21.107842836052363,1.8198295168275465,Left Foot,Open Play,Normal,Regular Play,Center Attacking Midfield,1,1,0,1,Ground Pass,,12.719276,1,1,1,387.1179315621559,0.0,0.05843030336141381,0.019997858,0
3930174,Kenan Yildiz,Turkey,62,2,-2,6,27.430275244699974,13.969954371095264,0,1,2.6013593121630474,11.254871401642777,16,0,2,2.155164924359231,25.325697082247522,1.5330654584678172,Right Foot,Open Play,Normal,Regular Play,Left Wing,1,1,0,1,Ground Pass,,8.723532,1,1,1,383.19969355504264,0.8056484010377178,0.09483533391323433,0.025981167,0
3930174,Cristiano Ronaldo dos Santos Aveiro,Portugal,65,2,2,7,7.273238618387277,56.2381332891558,0,1,0.9609783842201411,46.1042185947039,11,0,1,1.9563125383490636,6.793488863307956,1.4930952488229465,Head,Open Play,Normal,Regular Play,Center Forward,1,1,0,1,High Pass,,21.148287,1,1,1,409.03336286469903,0.81980350161434,0.13212523810104593,0.19733512,0
3930174,Arda Güler,Turkey,80,2,-2,1,31.12378511685235,13.686330238131834,2,1,2.718758193572151,5.331392388020907,18,1,2,1.2015564453917777,30.078221038467127,0.9239416864217844,Left Foot,Open Play,Normal,Regular Play,Center Attacking Midfield,1,1,0,1,,,,0,0,0,425.97040136989386,0.38954141068195025,0.08735307043679744,0.014791918,0
3930174,Bernardo Mota Veiga de Carvalho e Silva,Portugal,89,2,2,4,13.756816492197604,30.975913497626944,1,1,2.758839781247483,7.216487393297734,11,1,1,3.642312581725223,10.190236634802305,1.7738090106463318,Left Foot,Open Play,Normal,Regular Play,Right Wing,1,1,0,1,Ground Pass,,2.641969,1,1,1,426.1299576650407,0.23297093058613386,0.20054347477937232,0.16763084,0
3930174,Arda Güler,Turkey,90,2,-2,5,60.82902267832355,7.312958450180968,0,0,1.295892363651391,7.312958450180954,16,0,1,,,,Left Foot,Open Play,Lob,From Free Kick,Center Attacking Midfield,1,1,0,1,Ground Pass,,16.565626,1,1,1,444.84011541169593,0.999999999999998,0.021303849816958886,0.004203976,0
3930174,Rúben Diogo Da Silva Neves,Portugal,94,2,2,6,28.115476165272398,15.143384283294067,2,1,5.467739306663516,1.8914196582843692,17,0,0,2.100563373673853,26.033625380322384,1.0066349315221856,Right Foot,Open Play,Normal,Regular Play,Left Defensive Midfield,1,1,0,1,Ground Pass,,8.420214,1,1,1,425.76345987851494,0.12490072383429854,0.19447436260806225,0.024696983,0
3930162,Andreas Christensen,Denmark,10,1,0,1,14.434680460612912,30.91642638996024,0,1,1.079027619057099,24.22722205657771,20,2,3,4.165570674390791,10.284332080689115,0.011733401011497335,Head,Open Play,Normal,From Free Kick,Center Back,1,0,1,1,High Pass,,26.966646,1,1,1,446.26873592313643,0.7836359141574405,0.07475244235585125,0.023670547,0
3930162,Victor Bernth Kristansen,Denmark,14,1,0,2,18.53105501583761,24.20882333069191,1,1,2.09358817321541,12.741992475100508,18,0,2,2.868859818988369,15.817099842812034,1.177735487724071,Right Foot,Open Play,Volley,From Throw In,Left Wing Back,1,0,1,1,,,,0,0,0,448.61503700974487,0.5263367120758087,0.11297727902842661,0.05016356,0
3930162,Benjamin Šeško,Slovenia,15,1,0,7,30.589540696126843,14.811616310557365,1,0,3.319353728009302,9.333593342594256,15,1,1,,,,Right Foot,Open Play,Normal,Regular Play,Left Center Forward,1,0,1,1,Ground Pass,,9.859513,1,1,1,453.08053990721066,0.6301536001807915,0.10851270246204085,0.022961853,0
3930162,Christian Dannemann Eriksen,Denmark,16,1,0,2,12.126417442921875,32.160352926786295,0,1,1.599643048062496,24.285013035692735,14,0,2,3.3942617856064725,8.737284957861084,1.654969811646808,Right Foot,Open Play,Half Volley,From Throw In,Center Attacking Midfield,1,0,1,1,Low Pass,,4.5177426,1,1,1,389.98986470190493,0.7551227155677697,0.1319139024853708,0.2766666,1
3930162,Erik Janža,Slovenia,20,1,-1,2,25.904439773907487,17.106662632807307,4,1,7.4034783473623635,1.8177879217179473,19,0,0,3.5196435435060964,23.274896134311874,2.788380581489193,Left Foot,Open Play,Volley,From Corner,Left Back,1,0,1,1,High Pass,,12.432618,1,1,1,443.1385119041106,0.10626198462766068,0.285799593119153,0.02282429,0
3930162,Erik Janža,Slovenia,20,1,-1,1,28.969811873741953,15.16939911765147,4,1,8.085301538389805,2.2292882836369055,19,0,0,3.0095835417708945,26.413347275328622,2.159853055603733,Left Foot,Open Play,Half Volley,From Corner,Left Back,1,0,1,1,High Pass,Outswinging,55.346634,1,1,1,439.45463867607026,0.14695956420863454,0.27909402979997494,0.02002185,0
3930162,Jannik Vestergaard,Denmark,28,1,1,1,6.894925670375279,58.76157740554936,2,1,0.9890738713003633,27.246443111399213,19,4,6,0.7843865522839595,6.123956900890812,0.3860239571445305,Head,Open Play,Normal,From Corner,Left Center Back,1,0,1,1,High Pass,Inswinging,42.69766,1,1,1,405.1567084852662,0.4636778710577313,0.14344953355335152,0.10208895,0
3930162,Joachim Andersen,Denmark,34,1,1,1,9.265527507918799,45.224688179624515,3,1,0.34267552109667315,0.0,20,2,6,3.820238221976974,7.509080394417678,2.095880527426104,Head,Open Play,Normal,From Corner,Right Center Back,1,0,1,1,High Pass,Outswinging,37.888916,1,1,1,419.0305923653611,0.0,0.036983919243001,0.07210865,0
3930162,Christian Dannemann Eriksen,Denmark,39,1,1,20,17.172361514946047,14.783499643729789,1,1,3.037032834449029,6.988261504020584,14,0,1,3.100159899125316,14.076495258529564,2.5356278006128434,Left Foot,Open Play,Normal,From Free Kick,Center Attacking Midfield,1,0,1,1,Ground Pass,,5.375872,1,1,1,253.86760033820403,0.4727068469869755,0.1768558641049883,0.033157267,0
3930162,Christian Dannemann Eriksen,Denmark,41,1,1,1,31.310701046127985,14.421983222730123,0,1,2.086896587514925,11.65562958469152,17,0,1,6.519512066613444,24.856407791013577,0.09756167403992322,Right Foot,Open Play,Normal,Regular Play,Center Attacking Midfield,1,0,1,1,High Pass,,11.815245,1,1,1,451.5624051791763,0.8081849357806336,0.0666512252293693,0.03012717,0
3930162,Christian Dannemann Eriksen,Denmark,42,1,1,27,17.61732102222129,22.044628232569632,1,1,5.944058489786484,11.65677671549228,15,0,0,6.122937623342535,12.359860434728489,5.165004870648794,Left Foot,Open Play,Normal,From Counter,Center Attacking Midfield,1,0,1,1,Ground Pass,,12.4964,1,1,1,388.36729238870197,0.5287808255378098,0.3373985455727947,0.10017875,0
3930162,Andreas Christensen,Denmark,54,2,1,1,13.827870407260832,31.83900423295293,0,1,1.2634241822361398,30.637922861254225,20,1,3,4.19667435397203,11.959952882863092,2.970501414316324,Head,Open Play,Normal,From Free Kick,Center Back,1,0,1,1,High Pass,,39.057907,1,1,1,440.2656244295022,0.962276415339158,0.09136795074191124,0.028868087,0
3930162,Pierre-Emile Højbjerg,Denmark,55,2,1,1,9.677293009927935,42.51879923238964,3,1,0.43869409776629215,0.0,20,3,6,3.7659784502691593,6.397190193611963,2.731399308066898,Right Foot,Open Play,Volley,From Free Kick,Left Defensive Midfield,1,0,1,1,High Pass,,26.637192,1,1,1,411.4668786021335,0.0,0.04533231527827419,0.06811079,0
3930162,Rasmus Winther Højlund,Denmark,64,2,1,9,3.6674241641784477,95.5171359789881,1,1,0.5872891606849925,0.0,10,0,2,2.7871942132507246,0.9511988558470068,1.4906019028884359,Right Foot,Open Play,Normal,From Free Kick,Left Center Forward,1,0,1,1,Ground Pass,,25.071098,1,1,1,350.30185258245956,0.0,0.16013668842053702,0.44749036,0
3930162,Alexander Hartmann Bah,Denmark,64,2,1,10,21.423818520515894,19.21592210814008,3,1,5.293915070072979,6.846372026032073,14,0,0,2.5118038126803826,18.91263829885514,1.04275409193189,Right Foot,Open Play,Normal,From Free Kick,Right Wing Back,1,0,1,1,Ground Pass,,10.801851,1,1,1,411.6784279491623,0.35628641641568026,0.24710417823057151,0.05694469,0
3930162,Adam Gnezda Čerin,Slovenia,65,2,-1,4,6.911584478250995,60.0777018645088,1,1,0.36861229310832494,0.0,12,1,3,2.258642842135629,5.8419495035014855,1.881808880065499,Head,Open Play,Normal,From Free Kick,Right Defensive Midfield,1,0,1,1,High Pass,,23.33238,1,1,1,415.2321116957299,0.0,0.05333253095122464,0.19572966,0
3930162,Christian Dannemann Eriksen,Denmark,67,2,1,2,13.250283015845364,15.14842277515555,1,1,1.6381495499655956,0.0,15,0,1,3.1372238138508286,10.113639389699951,2.8429895998795303,Left Foot,Open Play,Half Volley,From Throw In,Center Attacking Midfield,1,0,1,1,Low Pass,,6.905071,1,1,1,200.72088901448868,0.0,0.12363128757375318,0.030444594,0
3930162,Jonas Older Wind,Denmark,70,2,1,1,6.573431371817919,58.266976605967045,1,1,0.8664285169574929,15.362547105064186,19,3,7,3.513776773580845,3.5030769517733664,2.8301101119719334,Head,Open Play,Normal,From Corner,Right Center Forward,1,0,1,1,High Pass,Inswinging,43.84632,1,1,1,383.0139719626445,0.26365787277678876,0.13180764625795086,0.13023244,0
3930162,Andraž Šporar,Slovenia,73,2,-1,1,6.067124524847005,66.5612584147481,1,1,1.0774087395747194,34.74478801796896,20,2,7,1.5505904595424058,4.5388376197463085,0.4516231275941536,Right Foot,Open Play,Volley,From Free Kick,Right Center Forward,1,0,1,1,High Pass,,36.222782,1,1,1,403.83544333279724,0.5219971623954528,0.17758144491057543,0.33457097,0
3930162,Erik Janža,Slovenia,76,2,-1,1,27.970877712363624,12.877112757511735,2,1,10.244573995309365,5.28328222707414,20,0,0,4.211311241177986,23.888950149170356,3.3005725677065385,Left Foot,Open Play,Half Volley,From Corner,Left Back,1,0,1,1,,,,0,0,0,360.1841462286783,0.41028469087468306,0.36625858153822183,0.012828235,1
3930162,Andraž Šporar,Slovenia,78,2,0,8,7.553806987208503,55.61486288461437,1,1,1.100000910810942,4.686073455347,14,1,2,3.2466737937838763,7.442846816208917,3.0259052944957148,Left Foot,Open Play,Half Volley,Regular Play,Right Center Forward,1,0,1,1,Low Pass,,18.613167,1,1,1,420.1039398504429,0.08425937262615069,0.14562205688782703,0.18183897,0
3930162,Andraž Šporar,Slovenia,78,2,0,8,8.90898422941696,48.33001932255302,1,1,2.0012897930467552,22.108633918641907,16,0,2,1.7453396591350807,7.219952320714122,0.4716518948129078,Left Foot,Open Play,Volley,Regular Play,Right Center Forward,1,0,1,1,,,,0,0,0,430.5713799520418,0.457451377602181,0.22463725846978266,0.10890295,0
3930162,Jannik Vestergaard,Denmark,80,2,0,1,14.534441853748636,17.93612306567086,0,0,2.1761231836219523,17.93612306567083,19,0,1,2.998032762654652,13.415785664545798,0.28289615197414975,Head,Open Play,Normal,From Corner,Left Center Back,1,0,1,1,High Pass,Straight,52.79441,1,1,1,260.69153777967284,0.9999999999999984,0.1497218266459059,0.01490126,0
3930162,Andraž Šporar,Slovenia,80,2,0,3,15.472879499304584,10.944014823530544,0,1,1.7405496139702539,2.2911982611982715,7,0,2,7.759250522923929,7.713632300209438,7.27314470515946,Right Foot,Open Play,Normal,Regular Play,Right Center Forward,1,0,1,1,Ground Pass,Through Ball,37.60439,1,1,1,169.33542260309125,0.20935628269362394,0.11249034893915393,0.026201004,0
3930162,Morten Hjulmand,Denmark,85,2,0,23,24.716391322359343,18.37425110210967,0,1,2.01853388122619,15.141731631177768,19,0,1,3.4533994545144115,21.272587995924155,0.11306208727287981,Left Foot,Open Play,Normal,From Throw In,Right Defensive Midfield,1,0,1,1,Ground Pass,,5.661272,1,1,1,454.14518049503505,0.8240734028849341,0.08166782338488673,0.046085708,0
3930162,Žan Karničnik,Slovenia,90,2,0,20,34.30801655590133,11.603443265070055,0,1,10.950376606441742,9.268499533656955,18,0,0,5.449122066744569,29.448115796406757,4.433859753264038,Right Foot,Open Play,Normal,From Throw In,Right Back,1,0,1,1,Ground Pass,,30.340237,1,1,1,398.0911236434853,0.798771478597047,0.3191783642927666,0.0077642933,0
3930176,Kai Havertz,Germany,2,1,0,1,7.849203781276161,48.745501028889464,1,0,0.8277030379601378,0.0,20,2,3,4.586411791881983,9.050603718405773,3.771725366009626,Head,Open Play,Normal,From Corner,Center Forward,1,0,0,1,High Pass,Outswinging,36.188534,1,1,1,382.6133709961602,0.0,0.10545057320776628,0.08929836,0
3930176,Kai Havertz,Germany,11,1,0,8,12.831601614763455,32.636739801645696,0,1,1.5440711495740924,26.096355761580526,13,0,2,2.316525697946647,10.518079493893444,0.7666219854291825,Left Foot,Open Play,Normal,From Throw In,Center Forward,1,0,0,1,Ground Pass,,30.654364,1,1,1,418.78164313941164,0.7996005704057678,0.12033347012562755,0.087086074,0
3930176,Dan Ndoye,Switzerland,27,1,0,4,8.043009387039154,45.98865737005967,0,1,1.095513050487445,27.683412484135392,13,0,3,4.303826429422641,3.7720458228753766,2.950388609358896,Right Foot,Open Play,Volley,Regular Play,Left Attacking Midfield,1,0,0,1,Low Pass,,15.921055,1,1,1,369.8872029247173,0.6019617459447365,0.13620685961809284,0.18121041,1
3930176,Dan Ndoye,Switzerland,30,1,1,4,22.94013949390893,16.092112137331213,1,1,1.6650201580225183,4.608509221010856,10,0,1,4.795024960300046,18.220747119129392,3.434078493911315,Left Foot,Open Play,Normal,From Throw In,Left Attacking Midfield,1,0,0,1,Low Pass,,34.295773,1,1,1,369.155297182003,0.2863831162548157,0.07258108253721016,0.046368696,0
3930176,Robert Andrich,Germany,32,1,-1,19,31.093407661432032,14.257220952260509,1,1,3.585070621846939,0.0,18,0,1,3.819380764642821,27.314715826021164,1.4066263464223923,Right Foot,Open Play,Normal,Regular Play,Right Defensive Midfield,1,0,0,1,Ground Pass,,19.114916,1,1,1,443.3055831877462,0.0,0.11530002310727192,0.021470767,0
3930176,Antonio Rüdiger,Germany,40,1,-1,4,9.220086767487603,32.521126282148906,1,1,2.922088457682483,21.559155596201865,20,1,1,1.7566643074153907,7.497522898704016,1.5729311971605213,Head,Open Play,Normal,From Corner,Right Center Back,1,0,0,1,High Pass,,25.356853,1,1,1,299.84760609783444,0.6629277045683332,0.3169263512775735,0.07583652,0
3930176,Kai Havertz,Germany,41,1,-1,1,16.080111939908882,23.047045686394604,1,1,3.3898155747021557,13.988678944067113,11,0,2,2.690492804660114,13.530696547190106,0.9033070499966485,Left Foot,Open Play,Half Volley,From Counter,Center Forward,1,0,0,1,Ground Pass,,10.394229,1,1,1,370.59907452141937,0.6069619132279965,0.21080795876109829,0.074331574,0
3930176,Robert Andrich,Germany,42,1,-1,7,24.80020161208372,18.324408632279667,3,1,3.3792080968676634,4.267479813981262,18,1,1,1.986707949625752,24.68029247960164,1.977483788331611,Right Foot,Open Play,Volley,From Free Kick,Right Defensive Midfield,1,0,0,1,,,,0,0,0,454.449028502743,0.2328849950695714,0.13625728329648615,0.024752146,0
3930176,Jamal Musiala,Germany,49,2,-1,10,21.198113123577766,19.3281994373291,1,1,1.310237588543759,7.520120876333289,11,0,1,5.3406934964833415,15.86310572747996,2.5573958538960753,Right Foot,Open Play,Normal,Regular Play,Right Wing,1,0,0,1,Ground Pass,Through Ball,27.022398,1,1,1,409.7213581475744,0.38907508693279863,0.06180916107511649,0.10492643,0
3930176,İlkay Gündoğan,Germany,49,2,-1,10,17.00646935727696,26.32801523958547,0,1,3.059310517643891,20.92327271832812,11,0,1,4.373534876541961,12.725940852864492,1.251732578270989,Left Foot,Open Play,Half Volley,Regular Play,Center Attacking Midfield,1,0,0,1,,,,0,0,0,447.7465844099311,0.7947151552415144,0.17989098462314468,0.13064142,0
3930176,Toni Kroos,Germany,54,2,-1,6,24.77296913977007,18.293918656335986,1,1,5.521166030625723,12.073085456161426,17,0,0,3.038651542136591,21.734321225532334,0.22866852686991734,Right Foot,Open Play,Normal,Regular Play,Left Defensive Midfield,1,0,0,1,Ground Pass,,14.589037,1,1,1,453.1946823188753,0.6599507564761138,0.22287058121596515,0.04210514,0
3930176,David Raum,Germany,62,2,-1,6,28.906746617355616,13.92433779086025,1,1,5.461526490904413,8.318139718888164,15,0,0,3.1517757171889915,25.754994612359038,1.5147789527119642,Left Foot,Open Play,Normal,From Corner,Left Back,1,0,0,1,Ground Pass,,22.146105,1,1,1,402.5073043348665,0.5973813508279066,0.1889360488469952,0.024444293,0
3930176,İlkay Gündoğan,Germany,63,2,-1,8,10.007996802557443,43.54837084739169,1,1,0.4833951842461626,0.0,18,0,1,2.49984933839725,8.110979496572654,1.539610731579927,Head,Open Play,Normal,Regular Play,Center Attacking Midfield,1,0,0,1,High Pass,,24.768126,1,1,1,435.8319561972818,0.0,0.04830089315402617,0.06176375,0
3930176,Kai Havertz,Germany,63,2,-1,2,9.732420048477145,44.29268063145575,0,1,0.9608060784001017,36.90011510952101,20,1,4,1.0989152008786505,9.307005737273057,0.897363282989815,Head,Open Play,Normal,From Corner,Center Forward,1,0,0,1,High Pass,,37.84706,1,1,1,431.0749729783753,0.8330973556681802,0.09872221642863034,0.06201411,0
3930176,Kai Havertz,Germany,67,2,-1,2,5.2924474489597015,72.9661114186558,1,1,0.71393581221134,2.4406599129461726,18,0,2,0.13515374381317924,5.3902359157781525,0.050524713977566194,Head,Open Play,Normal,From Free Kick,Center Forward,1,0,0,1,High Pass,,31.890438,1,1,1,386.16931023817426,0.03344922547595363,0.1348970998949972,0.22987874,0
3930176,Joshua Kimmich,Germany,69,2,-1,16,9.80051019080129,30.09819887184437,1,1,1.4239359625128019,14.933206883489255,20,1,3,4.990484068520112,4.818362398478113,4.139049933639306,Left Foot,Open Play,Normal,Regular Play,Right Back,1,0,0,1,Ground Pass,,13.656135,1,1,1,294.97770476827463,0.4961495186829487,0.14529202406720632,0.09524317,0
3930176,Kwadwo Duah,Switzerland,73,2,1,1,28.836088500349703,14.51923956532835,1,1,1.1445825254814967,6.513668306896968,12,0,1,3.120521994508625,25.7487141411318,1.6358334216088082,Right Foot,Open Play,Normal,Regular Play,Center Forward,1,0,0,1,Ground Pass,,12.7236,1,1,1,418.67807706358724,0.4486232407413041,0.03969271093989103,0.024068562,0
3930176,Leroy Sané,Germany,81,2,-1,1,20.282997806044357,17.30615712014869,2,1,4.296205213621654,3.7675670595269866,19,0,1,3.7733164661325604,16.514134139070155,2.3277346904398613,Left Foot,Open Play,Half Volley,From Free Kick,Right Wing,1,0,0,1,,,,0,0,0,351.0207468990348,0.21770096234366193,0.2118131281531461,0.037312206,0
3930176,Kai Havertz,Germany,84,2,-1,1,6.621178142898739,59.88626684901758,0,1,0.9989997589456904,44.85707204219554,19,4,6,2.6495827462161654,4.587900230271963,2.2181690362900497,Head,Open Play,Normal,From Corner,Center Attacking Midfield,1,0,0,1,High Pass,Outswinging,37.680763,1,1,1,396.51764112051654,0.7490377076815803,0.15087945640265318,0.18030311,0
3930176,Granit Xhaka,Switzerland,87,2,1,3,27.29047452867025,16.277743542108908,1,1,5.765820431694692,11.267816287708357,12,0,0,2.9864817237154875,24.79526943824025,2.0926491384377996,Left Foot,Open Play,Normal,Regular Play,Left Defensive Midfield,1,0,0,1,Ground Pass,,17.10263,1,1,1,444.2273455201498,0.6922222517242413,0.21127593166756256,0.028437931,0
3930176,Niclas Füllkrug,Germany,91,2,-1,11,6.551335741663685,62.26544796867096,3,1,0.7436687060532244,0.0,18,3,3,1.3450007739183785,6.888333344718449,1.342549013173958,Head,Open Play,Normal,From Free Kick,Center Forward,1,0,0,1,High Pass,,35.31147,1,1,1,407.9218547478546,0.0,0.11351405810632029,0.16287667,1
3930169,Scott McTominay,Scotland,12,1,0,4,17.72794404323299,23.48451646370637,2,1,4.680739804993686,8.466897597776315,16,0,1,2.866294310103677,14.963286132230941,0.4944398513998536,Left Foot,Open Play,Normal,Regular Play,Center Attacking Midfield,1,0,1,1,Ground Pass,,10.141499,1,1,1,416.3321937509705,0.360531059298636,0.26403173394381235,0.06252074,1
3930169,Ricardo Iván Rodríguez Araya,Switzerland,15,1,-1,1,19.502820308868156,23.07169397725301,3,1,3.0278177816325176,0.33936674279238,20,0,1,0.7627310364597638,18.851265443682394,0.4550024439848386,Left Foot,Open Play,Volley,From Corner,Left Center Back,1,0,1,1,,,,0,0,0,449.9631018595611,0.01470922521454084,0.1552502527163076,0.03573002,0
3930169,Xherdan Shaqiri,Switzerland,25,1,-1,3,23.148650068632517,18.6245270831209,0,1,2.631878365061197,14.852448858355734,15,0,1,4.919116808190445,18.230627696795988,1.506366694253515,Left Foot,Open Play,Normal,Regular Play,Center Attacking Midfield,1,0,1,1,,,,0,0,0,431.1326601409348,0.7974671674652218,0.11369468013288227,0.08584379,1
3930169,Silvan Widmer,Switzerland,27,1,0,6,20.120636172845035,18.220730208545007,4,1,5.189553709512043,7.562103041170749,20,0,0,3.7870658526538903,16.337195901165156,2.4131863288602915,Right Foot,Open Play,Normal,From Throw In,Right Wing Back,1,0,1,1,,,,0,0,0,366.61268332970093,0.41502744152505683,0.25792194963079274,0.04224507,0
3930169,Dan Ndoye,Switzerland,29,1,0,3,11.500000000000002,32.338648429076834,0,1,0.909953341345255,22.31295581715588,16,0,3,4.994355760608187,6.866630759230147,4.016773567047579,Right Foot,Open Play,Normal,From Free Kick,Right Center Forward,1,0,1,1,Ground Pass,,7.8294315,1,1,1,371.89445693438364,0.6899779954035897,0.07912637750828302,0.05182667,0
3930169,Dan Ndoye,Switzerland,31,1,0,9,12.169634341261036,26.686366923366688,1,1,2.129249395125151,12.246825781895328,12,0,3,5.677239689442428,6.502319903208303,4.31530818291683,Right Foot,Open Play,Normal,Regular Play,Right Center Forward,1,0,1,1,Ground Pass,,11.543396,1,1,1,324.76332735409585,0.45891693751583545,0.1749641226200158,0.22225732,0
3930169,Jack Hendry,Scotland,37,1,0,1,12.349089035228467,35.787046449480606,1,1,0.7227410120163532,17.81509292788992,20,3,4,1.7938427523011735,10.636699942580794,0.34030948329002797,Head,Open Play,Normal,From Free Kick,Right Center Back,1,0,1,1,High Pass,,24.930304,1,1,1,441.93742291249276,0.4978084166023285,0.05852585643803985,0.066154584,0
3930169,Che Adams,Scotland,40,1,0,1,8.06225774829855,27.584771288652387,0,1,1.9077744011680895,10.757576037983355,20,0,3,3.969306336250199,4.100663025282717,3.7096473067337072,Right Foot,Open Play,Volley,From Corner,Right Center Forward,1,0,1,1,High Pass,Inswinging,47.408123,1,1,1,222.39553605698106,0.3899824263690279,0.2366302915049701,0.10378359,0
3930169,Granit Xhaka,Switzerland,41,1,0,9,22.010224896624752,15.464481155572683,2,1,4.909910558517829,6.2622433202568955,19,0,1,2.3410627439782092,19.738002059173088,1.9358328321551141,Left Foot,Open Play,Normal,From Keeper,Left Defensive Midfield,1,0,1,1,Ground Pass,,8.203658,1,1,1,340.3767081437702,0.404943641966305,0.22307407496189463,0.039015256,0
3930169,Ruben Vargas,Switzerland,55,2,0,14,23.05558500667463,13.943115410982324,1,1,2.3218377038051616,1.441302876416112,19,0,1,2.564884738605102,20.762962487746034,0.9142406620182442,Right Foot,Open Play,Normal,From Corner,Left Center Forward,1,0,1,1,High Pass,,46.300972,1,1,1,321.46668261577804,0.1033702177693277,0.10070608501727395,0.026921839,0
3930169,Dan Ndoye,Switzerland,57,2,0,2,17.353097706173386,25.761347374241648,0,1,1.191667910519092,15.403789708192246,10,0,3,11.362663573792215,6.094432286470356,2.3996639675110316,Right Foot,Open Play,Normal,From Counter,Right Center Forward,1,0,1,1,High Pass,,26.666271,1,1,1,447.0391780278885,0.5979419276646316,0.06867176862002884,0.293888,0
3930169,Ruben Vargas,Switzerland,63,2,0,6,19.26655132606767,16.081651956813715,1,1,2.7582856188190106,11.290258060071174,15,1,1,3.5813952073037623,15.685436022838633,2.703438247445355,Right Foot,Open Play,Normal,From Throw In,Left Wing,1,0,1,1,High Pass,,76.66616,1,1,1,309.83797283390805,0.7020583513677865,0.14316447049280928,0.04814583,0
3930169,Billy Gilmour,Scotland,64,2,0,1,30.929112499391245,14.587988755397568,1,1,1.2562026184621746,5.742718079172728,18,0,1,3.69793387651386,27.252200003760986,0.1696811461351544,Right Foot,Open Play,Normal,Regular Play,Right Defensive Midfield,1,0,1,1,High Pass,,28.402817,1,1,1,451.19354535554584,0.3936607146785685,0.04061554040669287,0.025520865,0
3930169,Grant Campbell Hanley,Scotland,66,2,0,1,6.212889826803629,61.48612786815189,1,1,0.5885775878657872,0.0,20,3,3,0.8972464356310345,5.390902049693285,0.17522654013952632,Head,Open Play,Normal,From Free Kick,Center Back,1,0,1,1,High Pass,,31.148836,1,1,1,382.006538321588,0.0,0.094734914713367,0.19868778,0
3930169,Scott McKenna,Scotland,73,2,0,1,13.718600511714008,32.28565799551963,1,1,0.8402239281954921,0.0,20,1,6,3.1367002055470596,10.992476015225046,1.7432564487511186,Head,Open Play,Normal,From Free Kick,Left Center Back,1,0,1,1,High Pass,,39.4118,1,1,1,442.91404429835904,0.0,0.06124705850848587,0.025902173,0
3930169,Billy Gilmour,Scotland,75,2,0,2,9.640020746865641,38.68523067261615,4,1,0.7985274175545871,0.0,19,0,6,3.8144847660866907,5.910382793569173,2.7636243542991323,Head,Open Play,Normal,From Corner,Right Defensive Midfield,1,0,1,1,High Pass,,18.027756,1,1,1,372.9264262813027,0.0,0.08283461607841669,0.062246423,0
3930169,Dan Ndoye,Switzerland,77,2,0,15,20.308865059377396,13.284010915383742,2,1,1.1777927703972817,0.0,19,0,2,5.15678205854961,15.154407021042575,4.136581122511373,Right Foot,Open Play,Normal,From Free Kick,Left Wing,1,0,1,1,Ground Pass,,19.281597,1,1,1,269.7831851278248,0.0,0.057994022164889455,0.034561172,0
3930169,Scott McTominay,Scotland,80,2,0,5,11.162884931772785,37.98183713456968,0,1,1.727034122953495,31.11129196285436,16,1,2,2.7692376883922107,9.962643338011366,1.7592370911169013,Head,Open Play,Normal,Regular Play,Center Attacking Midfield,1,0,1,1,High Pass,,32.585888,1,1,1,423.9868774305359,0.8191097195385001,0.15471216746468994,0.049823087,0
3930169,Scott McTominay,Scotland,80,2,0,6,13.576818478568535,31.114186031891695,2,1,2.555494848233718,12.353835694904333,16,1,3,1.793871472497051,12.23900074112309,1.5518267507138646,Right Foot,Open Play,Volley,Regular Play,Center Attacking Midfield,1,0,1,1,High Pass,,18.35647,1,1,1,422.43165586340615,0.3970483329450364,0.18822486669227054,0.06748764,0
3930169,Scott McTominay,Scotland,80,2,0,6,12.592855117089211,34.61106550788541,2,1,2.6079685121432483,16.21147086412187,16,0,2,1.6271908305191471,11.674051628010124,1.4733855809048038,Right Foot,Open Play,Half Volley,Regular Play,Center Attacking Midfield,1,0,1,1,,,,0,0,0,435.8521333888846,0.46838982349238645,0.20709906434197664,0.065750904,0
3930169,Kenneth McLean,Scotland,86,2,0,4,29.77599704459953,11.175589846513837,0,1,2.023302785204902,8.562530496076558,19,0,1,3.504581300429707,26.314325539083786,2.769470303130632,Left Foot,Open Play,Normal,From Free Kick,Right Defensive Midfield,1,0,1,1,Ground Pass,,18.26171,1,1,1,332.76433024145257,0.7661815272101805,0.06795079883217103,0.011382165,0
3930169,Mohamed Zeki Amdouni,Switzerland,89,2,0,1,9.291393867445297,41.21417410888613,0,1,1.036996428192325,32.61088056160969,20,1,2,1.2999359393536773,7.999212076165484,0.6147732048078183,Head,Open Play,Normal,From Free Kick,Left Wing,1,0,1,1,High Pass,,39.376137,1,1,1,382.9371245671273,0.7912540107064406,0.1116082735256439,0.10971865,0
3930169,Callum McGregor,Scotland,90,2,0,11,21.540659228538015,19.653824058053313,4,1,5.1862566572910485,3.891483782092396,17,0,0,2.1951194605381765,20.112901314132046,2.048932453634812,Left Foot,Open Play,Half Volley,From Goal Kick,Left Defensive Midfield,1,0,1,1,,,,0,0,0,423.35632657216854,0.19800135437244995,0.24076592096216196,0.032622617,0
3942819,Xavi Simons,Netherlands,6,1,0,9,23.272301132462175,17.249688004299585,0,1,2.8367414093742926,13.715501189413674,13,0,2,3.8400530028002997,19.457329287955922,2.1891597511152128,Right Foot,Open Play,Normal,Regular Play,Center Attacking Midfield,1,0,1,1,,,,0,0,0,401.43993367708043,0.7951158992553955,0.12189346439047945,0.04893475,1
3942819,Harry Kane,England,12,1,-1,4,31.981244503614924,14.18076726892697,1,1,3.4747263340599903,9.389509431794606,17,0,2,2.123799764131052,29.858804135569507,0.2986464914400173,Right Foot,Open Play,Normal,Regular Play,Center Forward,1,0,1,1,Ground Pass,,30.941397,1,1,1,453.5185852764131,0.6621298589653175,0.10864887805311119,0.028932061,0
3942819,Bukayo Saka,England,13,1,-1,15,15.582361823549085,28.66600572661784,2,1,1.4277483374542472,0.0,16,1,6,3.2570581443511455,12.558313429249212,1.3946418691948281,Left Foot,Open Play,Normal,From Throw In,Right Wing Back,1,0,1,1,Ground Pass,,23.867342,1,1,1,446.68407326808926,0.0,0.09162592639175791,0.07174964,0
3942819,Harry Kane,England,17,1,-1,0,11.900000000000006,37.158540760889345,0,1,9.908875571479749,31.183512354881547,15,0,0,0.611709216395818,11.512263305769562,0.4652594176429119,Right Foot,Penalty,Normal,Other,Center Forward,1,0,1,1,,,,0,0,0,442.1866350545834,0.8392017478711994,0.8326786194520793,0.7835,1
3942819,Phil Foden,England,22,1,0,7,8.1706792863262,25.30540432571261,0,1,1.638416524352031,14.817743601686992,13,0,3,6.632189134744222,1.638416524352031,5.964649813717877,Right Foot,Open Play,Normal,Regular Play,Right Attacking Midfield,1,0,1,1,,,,0,0,0,206.76234295620944,0.5855564847320305,0.20052390590020525,0.17228934,0
3942819,Donyell Malen,Netherlands,28,1,0,2,17.844326829555655,24.33966698238346,1,1,0.7853428289164832,0.0,10,0,3,4.009622980054526,13.863710028627521,1.5461297177343525,Left Foot,Open Play,Normal,From Counter,Right Wing,1,0,1,1,Ground Pass,,20.436487,1,1,1,434.32497255619506,0.0,0.04401078485155941,0.039829366,0
3942819,Denzel Dumfries,Netherlands,29,1,0,1,9.340770846134705,44.328834135486545,3,1,0.7271488162675624,17.40632984654353,20,3,6,1.2976060391928788,8.116467654524605,0.07606031010108438,Head,Open Play,Normal,From Corner,Right Back,1,0,1,1,High Pass,Outswinging,37.61981,1,1,1,414.06548153589364,0.39266383125129944,0.07784676749333415,0.0631593,0
3942819,Phil Foden,England,31,1,0,31,26.836542251191755,15.372090829693732,2,1,2.040582640312526,6.148306879064157,16,1,1,2.83782912831121,24.003812258817643,1.3696891756885563,Left Foot,Open Play,Normal,From Goal Kick,Right Attacking Midfield,1,0,1,1,Ground Pass,,12.815616,1,1,1,412.53376504023316,0.3999655575276518,0.07603746493167941,0.028710563,0
3942819,Phil Foden,England,38,1,0,31,24.060756430336927,17.06495700894623,3,1,1.3683816940015208,0.0,20,0,1,1.1461879224609854,23.35303611425634,0.47802333552797904,Left Foot,Open Play,Normal,Regular Play,Right Attacking Midfield,1,0,1,1,Ground Pass,,12.980755,1,1,1,410.5957740864262,0.0,0.056871931602125406,0.03463848,0
3942819,Kobbie Mainoo,England,40,1,0,18,24.816325271885038,15.787579294444132,1,1,1.4642150574272137,11.077869276868908,15,1,2,3.6464487140586903,21.170019496509926,1.9209051278556828,Right Foot,Open Play,Normal,Regular Play,Right Defensive Midfield,1,0,1,1,,,,0,0,0,391.78970302660287,0.7016825740199046,0.059002090010725934,0.029809527,0
3942819,Virgil van Dijk,Netherlands,64,2,0,1,12.455520864259352,31.119737059619677,1,1,0.5472326744797956,0.0,18,1,2,2.1804995372523903,10.276862101072028,1.1035122624884508,Left Foot,Open Play,Half Volley,From Free Kick,Left Center Back,1,0,1,1,High Pass,,48.193466,1,1,1,387.6125342363579,0.0,0.04393494904336431,0.08157874,0
3942819,Denzel Dumfries,Netherlands,64,2,0,1,10.01848291908511,40.16108185118594,2,1,0.2199068222616802,0.0,19,1,5,3.422980827654982,7.082219203781317,2.7259834285830777,Head,Open Play,Normal,From Corner,Right Back,1,0,1,1,High Pass,Outswinging,36.501644,1,1,1,402.3531125380854,0.0,0.0219501120117458,0.058512155,0
3942819,Wout Weghorst,Netherlands,76,2,0,47,9.662815324738432,44.78816601468702,0,1,1.3454214275475778,35.60174737511989,14,0,3,2.7503175833280067,7.492433971213568,1.206668957110054,Head,Open Play,Normal,From Throw In,Center Forward,1,0,1,1,High Pass,,39.274548,1,1,1,432.77977693364676,0.7948918328882968,0.1392370010532099,0.057835978,0
3942819,Xavi Simons,Netherlands,76,2,0,47,17.240939649566666,25.14223040704808,2,1,6.095560504970039,9.926276342342724,12,0,0,1.0976393106074893,16.2996047558702,0.8009183689988575,Right Foot,Open Play,Volley,From Throw In,Right Wing,1,0,1,1,,,,0,0,0,433.4756771034159,0.3948049230970419,0.3535515249671003,0.06232192,0
3942819,Cole Palmer,England,87,2,0,15,18.417383093154143,20.618188123104517,2,1,2.6924428971284113,3.1395153226581907,16,1,2,2.4240069388991308,16.125419272818434,0.6945436535966252,Left Foot,Open Play,Normal,From Goal Kick,Right Attacking Midfield,1,0,1,1,Ground Pass,,43.709267,1,1,1,379.73306934993667,0.15226921511789313,0.1461903074671455,0.051446717,0
3942819,Ollie Watkins,England,90,2,0,14,16.565325230734224,16.5520608711643,1,1,2.0854612734327107,3.2399887321087966,13,0,1,3.9445181626833627,12.624737738872678,3.123099238650269,Right Foot,Open Play,Normal,From Free Kick,Center Forward,1,0,1,1,Ground Pass,,25.380505,1,1,1,274.1902715697467,0.19574533692981097,0.12589316807154996,0.035494413,1
3943043,Nicholas Williams Arthuer,Spain,11,1,0,12,12.406449935416662,14.317409158409477,0,1,0.7354601555611979,6.129888115549707,12,0,2,4.083895844746284,8.40467699883052,4.0043456841451075,Left Foot,Open Play,Normal,From Free Kick,Left Wing,1,0,1,1,Low Pass,,34.60708,1,1,1,177.62821992868317,0.42814227404748395,0.0592804677719838,0.06802966,0
3943043,Robin Aime Robert Le Normand,Spain,12,1,0,2,8.05294977011529,49.303309256031696,4,1,1.835619176001575,0.0,18,2,3,1.3649006920152784,7.285298176369394,0.5442801724480546,Right Foot,Open Play,Overhead Kick,From Corner,Right Center Back,1,0,1,1,High Pass,,12.169634,1,1,1,397.0370729392835,0.0,0.22794370117812063,0.11746518,0
3943043,Declan Rice,England,16,1,0,14,23.813441582434066,19.06020392810296,1,1,2.9293966040405475,14.179774272863698,16,1,1,3.4236832112033753,20.872218408509365,1.7393715116250803,Right Foot,Open Play,Normal,From Corner,Left Defensive Midfield,1,0,1,1,Ground Pass,,19.516659,1,1,1,453.88905279116017,0.743946619162694,0.12301441578278255,0.0489952,0
3943043,Fabián Ruiz Peña,Spain,27,1,0,14,21.200943375236864,19.13470257490094,0,1,1.152324237410696,15.201446371941657,14,0,3,3.774990227172879,17.483843992096674,1.192676545362012,Right Foot,Open Play,Normal,From Throw In,Left Defensive Midfield,1,0,1,1,Ground Pass,,16.686522,1,1,1,405.6737457924738,0.7944438285589791,0.05435249823631123,0.048117142,0
3943043,Daniel Olmo Carvajal,Spain,34,1,0,2,26.503584663211125,16.243921087787037,2,1,6.30866469295916,9.296836278996619,19,0,0,1.4192258793186356,25.47743232467165,0.5598188620741169,Right Foot,Open Play,Normal,From Corner,Center Attacking Midfield,1,0,1,1,Ground Pass,,27.349041,1,1,1,430.52213781268426,0.5723271018588257,0.23803062012649323,0.02654902,0
3943043,Álvaro Borja Morata Martín,Spain,42,1,0,4,11.543396380615194,22.597307555696776,0,1,0.8093056372323151,11.152165242132007,9,0,3,7.191119317973464,4.373883737312132,5.917058254147854,Right Foot,Open Play,Normal,Regular Play,Center Forward,1,0,1,1,,,,0,0,0,260.84967825007857,0.4935174340856616,0.07010983687533945,0.07835983,0
3943043,Harry Kane,England,44,1,0,1,17.710166571774536,25.063769582260644,1,1,1.0872587525861164,0.0,11,1,3,3.263472140617679,14.634552504553008,1.5534104972843679,Right Foot,Open Play,Half Volley,Regular Play,Center Forward,1,0,1,1,Ground Pass,,19.123022,1,1,1,443.8835342184119,0.0,0.06139178579601436,0.048372418,0
3943043,Phil Foden,England,45,1,0,1,11.548592987892507,20.8918005373297,1,1,1.9082516223666093,0.0,18,0,1,2.6302403901812177,9.163703389526516,2.610778731271637,Left Foot,Open Play,Volley,From Free Kick,Center Attacking Midfield,1,0,1,1,,,,0,0,0,241.2709011898547,0.0,0.1652367196910664,0.1796937,0
3943043,Nicholas Williams Arthuer,Spain,46,2,0,10,15.684705926474997,19.355817991861105,0,1,4.57480668411152,12.95098022098177,11,0,1,4.94519202923948,10.740435484879006,3.8338383419600035,Left Foot,Open Play,Normal,From Throw In,Left Wing,1,0,1,1,Low Pass,,21.15396,1,1,1,303.5903131687153,0.6691001241294738,0.2916730926009569,0.1124816,1
3943043,Daniel Olmo Carvajal,Spain,48,2,1,13,13.705838172107535,27.536857305076392,0,1,3.396185674701286,20.76805077220704,11,0,2,3.5458547673834295,10.163524989693284,2.1537960120315276,Left Foot,Open Play,Half Volley,Regular Play,Center Attacking Midfield,1,0,1,1,Ground Pass,,11.1139555,1,1,1,377.41570999179424,0.7541910299392978,0.24779116986896813,0.2455793,0
3943043,Álvaro Borja Morata Martín,Spain,54,2,1,27,24.95696295625732,17.693955430109813,0,0,4.5936244842567415,17.693955430109817,15,0,1,6.585132406677185,20.131299974591172,5.160491695503914,Left Foot,Open Play,Normal,From Free Kick,Center Forward,1,0,1,1,Ground Pass,,13.923002,1,1,1,441.5873902189187,1.0000000000000002,0.18406183846600643,0.02528921,0
3943043,Álvaro Borja Morata Martín,Spain,54,2,1,9,14.27620397724829,21.18761564592682,0,1,2.2405639967670563,4.630260103403238,8,0,2,12.059938749221569,2.271228496468985,9.576590662044154,Right Foot,Open Play,Normal,From Throw In,Center Forward,1,0,1,1,Ground Pass,Through Ball,27.002962,1,1,1,302.47872275278854,0.21853615719583697,0.15694396075720127,0.24310583,0
3943043,Nicholas Williams Arthuer,Spain,55,2,1,13,23.052114870440843,19.488865455738996,1,1,2.925190120987351,4.594293270168891,16,0,2,1.458215634426054,21.750132633783455,0.8242379729809315,Right Foot,Open Play,Normal,From Throw In,Left Wing,1,0,1,1,Ground Pass,,11.300443,1,1,1,449.25956518026175,0.2357393908128184,0.12689465315558748,0.04913289,0
3943043,Jude Bellingham,England,63,2,-1,5,21.18584433059018,21.212935012342253,1,1,1.7441424670185377,8.542072022443664,15,0,2,2.6245544950503255,18.561339586954436,0.3618584757833503,Left Foot,Open Play,Normal,From Free Kick,Left Wing,1,0,1,1,Ground Pass,,28.595453,1,1,1,449.41393896640903,0.4026822322075497,0.08232584171781983,0.05628593,0
3943043,Lamine Yamal Nasraoui Ebana,Spain,65,2,1,4,19.140010449317945,20.645247385274903,1,1,2.041655827385564,0.3749799538228618,8,0,2,7.841997251798319,11.29824958332432,4.0145174551932,Left Foot,Open Play,Normal,From Counter,Right Wing,1,0,1,1,Ground Pass,,20.140507,1,1,1,395.1502506829156,0.018163015769445998,0.10666952522266353,0.16213313,0
3943043,Aymeric Laporte,Spain,66,2,1,1,8.947066558375425,45.333499024741485,2,1,1.6580393723001339,24.121922512145122,18,2,4,1.4790127518481861,7.858162486719174,1.333938590300363,Head,Open Play,Normal,From Corner,Left Center Back,1,0,1,1,High Pass,Inswinging,44.444347,1,1,1,405.6018330984095,0.5320992870852567,0.18531653492037892,0.097933225,0
3943043,Fabián Ruiz Peña,Spain,69,2,1,5,27.012959852633703,16.661674685581808,2,1,2.183704203346199,6.259140936984248,18,0,1,1.459232963855125,25.555697558693122,0.14831365644802474,Left Foot,Open Play,Normal,From Corner,Left Defensive Midfield,1,0,1,1,Ground Pass,,7.8,1,1,1,450.08114935926466,0.3756609737675769,0.08083913111555203,0.03257165,0
3943043,Ollie Watkins,England,69,2,-1,2,29.00017241328058,15.706445618325944,1,1,1.1680789230917663,3.569637002676635,8,0,1,13.767418761522576,15.235001851253855,0.22779275459594572,Right Foot,Open Play,Lob,From Goal Kick,Center Forward,1,0,1,1,,,,0,0,0,455.4896309312677,0.22727210786071542,0.04027834408863192,0.07470869,0
3943043,Mikel Oyarzabal Ugarte,Spain,71,2,1,1,17.088300090997937,13.054790426431047,0,1,2.3621018716508986,11.876382689426027,8,0,2,3.156865055353292,14.462038310273586,1.646757820011345,Left Foot,Open Play,Normal,From Counter,Center Forward,1,0,1,1,Ground Pass,,25.804264,1,1,1,223.08417643194065,0.9097336917321026,0.13822918950816215,0.037707567,0
3943043,Cole Palmer,England,72,2,-1,5,23.399999999999995,18.00835359957477,3,1,7.6163288327711625,5.718244159203616,14,0,0,2.2682191843750252,21.264925503210815,1.4996729464349912,Left Foot,Open Play,Normal,From Keeper,Center Attacking Midfield,1,0,1,1,Ground Pass,,10.376898,1,1,1,421.39547423004956,0.31753286759865934,0.32548413815261384,0.03794335,1
3943043,Lamine Yamal Nasraoui Ebana,Spain,81,2,0,4,16.36704005005181,22.12384647531135,0,1,6.5925526190938415,16.547853938042614,11,1,0,4.035732045113267,12.335395909050591,2.636456572482203,Left Foot,Open Play,Normal,Regular Play,Right Wing,1,0,1,1,Ground Pass,,4.080441,1,1,1,362.1018813226184,0.7479645981321038,0.40279443313716173,0.16392969,0
3943043,Mikel Oyarzabal Ugarte,Spain,85,2,0,6,9.546203433826454,43.13843421510924,0,1,1.8553165862121064,28.752218247516932,11,0,2,5.658483747112227,4.052422990583487,1.357456776614626,Right Foot,Open Play,Normal,From Throw In,Center Forward,1,0,1,1,Ground Pass,,26.122787,1,1,1,411.80826883417245,0.6665104742593199,0.1943512516858684,0.2833282,1
3943043,Declan Rice,England,89,2,-1,1,11.272089424769483,37.101963046691914,2,1,0.9414664225295515,21.65964429155717,19,1,3,2.26894544100005,10.19268509052834,2.2169927749607794,Head,Open Play,Normal,From Corner,Left Defensive Midfield,1,0,1,1,High Pass,Outswinging,45.235497,1,1,1,418.2166452968041,0.5837870159133909,0.08352190858783971,0.057442125,0
3943043,Marc Guehi,England,89,2,-1,1,6.87677249878168,53.0508520853173,2,1,1.3452920603748233,16.425208039233578,19,2,6,2.5249879030835687,4.759388074401908,0.6165263663256155,Head,Open Play,Normal,From Corner,Left Center Back,1,0,1,1,,,,0,0,0,364.81864065724477,0.3096125206965248,0.19562840861947395,0.117154144,0
3943043,Declan Rice,England,89,2,-1,1,7.040596565632779,58.69403335679641,2,1,3.3987160746084064,47.058157506624134,19,3,2,3.377698569980084,6.278448591068639,2.6461563610504086,Head,Open Play,Normal,From Corner,Left Defensive Midfield,1,0,1,1,,,,0,0,0,413.2410096749966,0.8017536845791683,0.4827312633134724,0.10578214,0
3942752,Fabián Ruiz Peña,Spain,4,1,0,19,6.161980201201556,59.16233937387369,0,0,5.553473709926102,59.16233937387369,16,0,0,6.1187404010770745,6.5719743019247865,2.3903597890478565,Head,Open Play,Normal,Regular Play,Left Defensive Midfield,1,0,1,1,High Pass,,22.736975,1,1,0,364.55716387857694,1.0,0.9012482235569667,0.19328672,0
3942752,Randal Kolo Muani,France,8,1,0,4,6.300793600809342,59.848452018177916,0,0,2.806295217839854,59.8484520181779,16,1,2,3.5252927407944354,5.000476597521375,0.9959694850581613,Head,Open Play,Normal,From Free Kick,Center Forward,1,0,1,1,High Pass,,22.968674,1,1,0,377.0927434944804,0.9999999999999998,0.4453875806183182,0.27131972,1
3942752,Kylian Mbappé Lottin,France,15,1,1,0,31.811475916719118,14.155703076719568,1,1,10.016533557427612,7.166029152011926,20,0,0,2.6792591275033484,29.16601981518145,0.023605381372306056,Right Foot,Free Kick,Normal,From Free Kick,Left Wing,1,0,1,1,,,,0,0,0,450.3138075092913,0.5062291228612416,0.3148717017610376,0.030292137,0
3942752,Kylian Mbappé Lottin,France,18,1,1,4,19.709134937891104,20.168163788385787,2,1,2.2698166956700847,0.0,12,0,4,2.6446400499947202,17.113339398609575,0.8849499304677408,Right Foot,Open Play,Normal,Regular Play,Left Wing,1,0,1,1,Ground Pass,,22.219135,1,1,0,397.4970615547845,0.0,0.11516571898375552,0.08122322,0
3942752,Daniel Olmo Carvajal,Spain,24,1,0,7,13.682105101189658,21.431167276233168,1,1,3.523522348133346,5.750723432320108,14,0,2,5.933372892045397,7.758462352251022,4.836178069636517,Right Foot,Open Play,Normal,From Throw In,Center Attacking Midfield,1,0,1,1,,,,0,0,0,293.2234831145987,0.2683345875750581,0.25752779430315703,0.07387237,1
3942752,Fabián Ruiz Peña,Spain,35,1,1,8,20.30615670184784,22.281326491446038,2,1,1.601390248489658,9.020499713593853,16,0,2,3.4905006970898245,17.295148703844852,1.551137089349922,Left Foot,Open Play,Half Volley,From Free Kick,Left Defensive Midfield,1,0,1,1,Ground Pass,,18.282232,1,1,0,452.44810726033677,0.4048457221367358,0.0788623013208567,0.04887295,0
3942752,Lamine Yamal Nasraoui Ebana,Spain,39,1,1,2,24.39877046082445,17.116628120823652,0,1,1.0031727824198398,13.479092844074737,10,0,1,5.496339466947415,18.90469187116217,2.102655924122182,Left Foot,Open Play,Normal,Regular Play,Right Wing,1,0,1,1,Low Pass,,44.401012,1,1,0,417.62468058326925,0.7874852890959533,0.04111571048346761,0.024287114,0
3942752,Aurélien Djani Tchouaméni,France,52,2,-1,1,8.507055894961542,48.979750730341344,3,1,0.4033981729775094,0.0,18,1,5,0.8811903216757786,7.9765298611534305,0.4770697489981117,Head,Open Play,Normal,From Corner,Center Defensive Midfield,1,0,1,1,High Pass,Outswinging,43.36323,1,1,0,416.67347718429727,0.0,0.04741924561897251,0.08108944,0
3942752,Kylian Mbappé Lottin,France,55,2,-1,4,17.861970775925037,12.934537352720135,2,1,1.575310177150152,3.7683156910092297,15,0,2,4.292929008633414,13.749833840467167,3.1021632742558154,Right Foot,Open Play,Normal,Regular Play,Left Wing,1,0,1,1,Low Pass,,48.964172,1,1,0,231.03632819439784,0.2913374934293071,0.0881935256143968,0.037130367,0
3942752,Dayotchanculle Upamecano,France,62,2,-1,1,7.881624198095208,38.58701323193987,2,1,1.1270184572031952,0.0,19,0,4,5.021802131311912,3.2989508670812446,4.698029569525993,Head,Open Play,Normal,From Corner,Right Center Back,1,0,1,1,High Pass,Inswinging,46.52795,1,1,0,304.1283372210773,0.0,0.14299317359936642,0.09654521,0
3942752,Theo Bernard François Hernández,France,75,2,-1,9,17.77245059073172,24.269521828465813,1,1,4.9103068282601114,16.349726607271588,17,0,1,0.8193344584669502,16.981076891884488,0.04804394044710136,Right Foot,Open Play,Normal,Regular Play,Left Back,1,0,1,1,Ground Pass,,15.1343975,1,1,0,431.32887755709356,0.6736732071949985,0.27628754983405734,0.12171783,0
3942752,Lamine Yamal Nasraoui Ebana,Spain,80,2,1,15,22.82651966463569,17.247703626068553,1,1,2.777293963094093,6.939310080848499,14,0,2,3.000508890027498,19.995737437367996,2.2613534897053356,Left Foot,Open Play,Normal,Regular Play,Right Wing,1,0,1,1,Ground Pass,,14.759743,1,1,0,393.70504599026214,0.40233240501421164,0.12166961954330932,0.05438437,0
3942752,Kylian Mbappé Lottin,France,85,2,-1,3,18.999210509913304,20.24032849010201,1,1,1.8019046962395595,3.750518375507903,10,0,1,3.826604889120771,15.952714881057746,0.026886484162609747,Right Foot,Open Play,Normal,From Goal Kick,Left Center Forward,1,0,1,1,Ground Pass,,25.777704,1,1,0,384.5502617732438,0.18529928391932937,0.09484103012066589,0.09963949,0
3942752,Antoine Griezmann,France,94,2,-1,5,12.314625451064277,31.028932354119853,1,1,2.3383099729074504,12.019709504160145,12,0,1,6.222329759574236,6.787596031999667,5.01869002737314,Head,Open Play,Normal,From Throw In,Right Midfield,1,0,1,1,High Pass,,49.73178,1,1,0,382.10968008739616,0.3873710305912035,0.18988072208930762,0.03180728,0
3942382,Memphis Depay,Netherlands,0,1,0,13,17.661540136692494,23.780436604431088,0,1,3.2829045759952025,18.80251036696121,16,0,3,3.849234363035436,13.816308500258854,1.6240688708777995,Right Foot,Open Play,Normal,From Throw In,Center Forward,1,1,0,1,,,,0,0,0,419.99913555723106,0.7906713690638328,0.18587872578421677,0.1305271,0
3942382,Memphis Depay,Netherlands,6,1,0,11,11.964113005150029,36.36036363238795,0,1,2.442221843141664,29.589373235041368,14,0,4,1.91641106575064,10.160250736597355,0.9634803785188311,Left Foot,Open Play,Half Volley,Regular Play,Center Forward,1,1,0,1,Ground Pass,,24.075298,1,0,1,435.01949940623683,0.8137810043430003,0.2041289514810161,0.064000264,0
3942382,Salih Özcan,Turkey,10,1,0,5,27.5530397597071,15.578770918332717,1,1,5.696145493384387,5.671824643932714,14,0,0,2.5425203168551103,25.07335277846187,1.3516209807751025,Right Foot,Open Play,Normal,Regular Play,Right Defensive Midfield,1,1,0,1,Ground Pass,,18.285788,1,0,1,429.24249452019006,0.3640739486873287,0.2067338320222037,0.025876114,0
3942382,Xavi Simons,Netherlands,11,1,0,4,25.920069444351423,16.895003985537095,1,1,3.967239711894954,12.339539789815097,12,0,1,4.709563105214197,21.662899574874512,0.5629212626192839,Right Foot,Open Play,Normal,Regular Play,Center Attacking Midfield,1,1,0,1,Ground Pass,,8.670063,1,0,1,437.91967656771556,0.7303661958516443,0.15305667758384445,0.03922345,0
3942382,Hakan Çalhanoğlu,Turkey,20,1,0,13,27.54087870784082,12.807934809531396,1,1,2.332815498953481,4.392635094516276,17,1,3,4.251501439209391,23.289393588856395,2.7406497508996566,Right Foot,Open Play,Normal,From Throw In,Left Defensive Midfield,1,1,0,1,,,,0,0,0,352.7417790872365,0.3429620122088199,0.08470374252399339,0.018811692,0
3942382,Abdülkerim Bardakcı,Turkey,28,1,0,1,10.830050784737809,36.8816615779181,0,1,2.344045429288441,28.416081065138627,19,0,3,2.701073919045535,8.129095882531177,1.3161355360981304,Right Foot,Open Play,Volley,From Free Kick,Left Center Back,1,1,0,1,High Pass,,35.732616,1,0,1,399.43026791436625,0.7704664011708189,0.21643900623178744,0.103276074,0
3942382,Arda Güler,Turkey,31,1,0,3,33.70534082308025,8.410282955840147,0,1,2.657299529402847,7.458355711808007,18,1,4,3.8257707622195136,30.598703285033057,1.2043554839610948,Left Foot,Open Play,Normal,From Throw In,Right Wing,1,1,0,1,,,,0,0,0,283.47145344513496,0.8868138861640659,0.07883912354872911,0.006275559,0
3942382,Kenan Yildiz,Turkey,33,1,0,1,22.821919288263203,13.371014983131952,0,1,2.171632772729767,9.937937655294627,20,0,1,3.037476715452036,20.030198905778814,1.3909635385894674,Right Foot,Open Play,Normal,From Corner,Left Wing,1,1,0,1,,,,0,0,0,305.15222474719536,0.7432448223139169,0.09515557150561779,0.019850902,0
3942382,Samet Akaydin,Turkey,34,1,0,2,5.331041174104732,53.52501244403585,1,0,0.9006288251365792,40.713593018593684,18,2,4,2.6393587670860237,4.8211259598183815,0.10888671726531385,Head,Open Play,Normal,From Corner,Center Back,1,1,0,1,High Pass,,30.370544,1,0,1,285.3440451836233,0.7606461196279515,0.16894051194189588,0.24565445,1
3942382,Steven Bergwijn,Netherlands,41,1,-1,2,28.783502219153245,14.782259053601418,2,0,0.6818137578715294,0.0,12,0,3,,,,Right Foot,Open Play,Normal,Regular Play,Right Wing,1,1,0,1,Ground Pass,,15.953056,1,0,1,425.4851862734346,0.0,0.023687658043844085,0.025480429,0
3942382,Arda Güler,Turkey,55,2,1,0,30.378446306550963,14.729100606542232,3,1,10.184533101418983,5.8670298710054105,20,0,0,0.24708570186891918,30.292215443332072,0.20989824342736085,Left Foot,Free Kick,Normal,From Free Kick,Right Wing,1,1,0,1,,,,0,0,0,447.4471919196304,0.39832913276452525,0.3352552332218103,0.042380717,0
3942382,Memphis Depay,Netherlands,56,2,-1,8,26.341791890454225,16.437804790798403,1,0,1.7844854265320464,7.699683243012983,10,0,2,,,,Right Foot,Open Play,Normal,From Goal Kick,Center Attacking Midfield,1,1,0,1,,,,0,0,0,433.00123293512297,0.4684131087457087,0.06774350939955269,0.02907499,0
3942382,Memphis Depay,Netherlands,62,2,-1,34,23.23617868755532,14.879129585511436,0,1,5.329010721311006,11.326381271178079,16,0,0,3.8856495564507307,19.355705881132042,2.435358545637726,Right Foot,Open Play,Normal,Regular Play,Center Attacking Midfield,1,1,0,1,Ground Pass,,3.6769552,1,0,1,345.7341137642346,0.7612260654149522,0.22934109747421946,0.03874837,0
3942382,Kenan Yildiz,Turkey,64,2,1,1,22.70682716717595,19.89465874316353,4,1,3.4501246047689125,1.9311294894904532,17,0,1,1.329468655375559,21.38523906314613,0.011520434639137989,Right Foot,Open Play,Normal,From Free Kick,Left Wing,1,1,0,1,,,,0,0,0,451.7445776309601,0.0970677363417482,0.1519421704920655,0.038447194,0
3942382,Cody Mathès Gakpo,Netherlands,69,2,-1,15,9.962429422585638,42.39335777333041,0,1,1.406663096233597,33.20431330766711,13,2,3,2.548949528850323,7.490297551180538,0.237081167314372,Right Foot,Open Play,Overhead Kick,Regular Play,Left Wing,1,1,0,1,High Pass,,5.0249376,1,0,1,422.3408348032264,0.783243296867508,0.14119679413181863,0.07885103,0
3942382,Wout Weghorst,Netherlands,69,2,-1,18,9.780081799248922,30.650667957052885,0,1,4.167364159518606,21.11792506740903,14,0,1,2.806355490638823,7.2208284752520076,2.6906324831352606,Right Foot,Open Play,Volley,Regular Play,Center Forward,1,1,0,1,High Pass,,28.486137,1,0,1,299.7660398215951,0.6889874340421897,0.4261072908243616,0.15561853,0
3942382,Stefan de Vrij,Netherlands,69,2,-1,3,9.940824915468541,43.72005790269528,0,1,1.1450075844361554,35.276805804490834,20,4,4,3.1093868720569438,8.150554430703263,2.078063872150679,Head,Open Play,Normal,From Corner,Right Center Back,1,1,0,1,High Pass,,34.60361,1,0,1,434.61344090484056,0.8068792105217242,0.1151823509791881,0.061265625,1
3942382,Joey Veerman,Netherlands,74,2,0,2,27.640730815229908,14.912154807859551,1,1,5.266953628862524,11.49259810142759,21,0,0,4.239278617044011,23.869702878736952,0.046474128231146494,Right Foot,Open Play,Normal,From Corner,Left Defensive Midfield,1,1,0,1,Ground Pass,,27.250137,1,0,1,412.1828569190823,0.7706866143429748,0.1905504476010619,0.024245147,0
3942382,Cenk Tosun,Turkey,83,2,0,7,13.471822445385774,29.70161190012046,1,1,1.1561710151909808,0.0,16,0,1,3.691455313692323,10.003201003912961,2.654099275080121,Head,Open Play,Normal,Regular Play,Center Forward,1,1,0,1,High Pass,,33.741516,1,0,1,400.13484186018,0.0,0.08582142615656134,0.041926187,0
3942382,Mehmet Zeki Çelik,Turkey,84,2,0,3,14.308738588708652,21.933183794827173,1,0,2.62128433872527,13.396925649572097,15,1,1,7.183093831451484,13.513177212626987,2.525101184976876,Right Foot,Open Play,Normal,From Free Kick,Right Back,1,1,0,1,,,,0,0,0,313.83619333828284,0.6108062456820196,0.18319464867390786,0.24236712,0
3942382,Muhammed Kerem Aktürkoğlu,Turkey,84,2,0,4,14.732277488562314,21.30439832335339,1,1,4.676301768400452,7.596765716132559,13,0,1,3.867481926727263,10.89038290373771,3.127566497936556,Right Foot,Open Play,Normal,From Free Kick,Left Midfield,1,1,0,1,,,,0,0,0,313.86230782650387,0.3565820353539466,0.31741879502547987,0.08011716,0
3942382,Cenk Tosun,Turkey,87,2,0,2,10.511898020814321,36.37194072981466,1,1,0.5965264859391581,0.0,15,0,1,1.727667925208165,9.192118429239416,0.08754316147366836,Head,Open Play,Normal,From Throw In,Center Forward,1,1,0,1,High Pass,,33.488655,1,0,1,382.3381317709145,0.0,0.056747742867938065,0.07797563,0
3942382,Cody Mathès Gakpo,Netherlands,88,2,0,5,19.319679086361653,16.349156032906876,0,1,4.497939844003496,10.890453751735384,10,0,2,6.802457325046479,12.60023755138745,4.380313108125037,Left Foot,Open Play,Half Volley,From Goal Kick,Left Midfield,1,1,0,1,Low Pass,,14.475496,1,0,1,315.86044788861443,0.666117182429206,0.23281648850879352,0.07189418,0
3942382,Muhammed Kerem Aktürkoğlu,Turkey,89,2,0,1,10.778218776773835,21.372131920214013,2,1,4.847403197077995,5.628207938784704,17,0,1,0.43002818685876937,10.929855781998905,0.31256278480522326,Head,Open Play,Normal,From Free Kick,Left Midfield,1,1,0,1,,,,0,0,0,230.35351356213812,0.2633433089312667,0.4497406572896577,0.095398486,0
3942382,Semih Kılıçsoy,Turkey,91,2,0,7,8.84590300647707,48.19066039750848,0,0,2.091564578594669,48.19066039750848,16,2,1,4.17267509649851,7.500077082344466,3.067213608023465,Other,Open Play,Normal,Regular Play,Center Attacking Midfield,1,1,0,1,High Pass,,31.223389,1,0,1,426.2899076944357,1.0,0.23644443954033884,0.113987,0
3942382,Hakan Çalhanoğlu,Turkey,92,2,0,4,21.58240023723033,18.4884319993591,1,1,1.7008125630059474,6.982899204717339,8,0,2,3.50339144290563,18.08066055461248,1.6342172177640464,Left Foot,Open Play,Normal,Regular Play,Right Defensive Midfield,1,1,0,1,Ground Pass,,29.5853,1,0,1,399.0247391689847,0.3776901797274858,0.07880553341198776,0.030088589,0
3942349,Bruno Miguel Borges Fernandes,Portugal,15,1,0,11,28.401760508813535,15.549149132866841,3,1,1.2843675252296811,4.242735496893978,17,0,3,1.8056141175383926,26.826191462494688,0.43252103397797015,Right Foot,Open Play,Normal,Regular Play,Center Attacking Midfield,1,0,0,1,Ground Pass,,23.125095,1,1,1,441.62320978750967,0.2728596568622487,0.04522140537137199,0.02740746,0
3942349,Theo Bernard François Hernández,France,19,1,0,7,31.541242841714396,13.156317390801558,2,1,3.271373856344564,2.7425795736632024,18,0,1,5.183276098657583,26.402704253768103,2.7335650887263796,Left Foot,Open Play,Normal,Regular Play,Left Back,1,0,0,1,Ground Pass,,25.556604,1,1,1,414.96660172594227,0.20846103755301001,0.10371734153791992,0.017666074,0
3942349,Antoine Griezmann,France,27,1,0,4,29.134343994674055,11.932893336388528,2,1,5.427714707952353,0.0,13,0,0,3.693924462741255,25.446577799391413,2.26768646445435,Left Foot,Open Play,Normal,Regular Play,Center Attacking Midfield,1,0,0,1,Ground Pass,,19.501026,1,1,1,347.65701931409717,0.0,0.1862995339433273,0.009978434,0
3942349,Eduardo Camavinga,France,27,1,0,6,28.937346111901824,13.73762864421805,2,1,0.9733419253430187,6.773621691956427,17,0,1,2.5912545848833384,26.395351234926274,1.6836951928938078,Left Foot,Open Play,Normal,Regular Play,Right Center Midfield,1,0,0,1,,,,0,0,0,397.53051483451435,0.4930706650603295,0.033636184934826716,0.021160081,0
3942349,Kylian Mbappé Lottin,France,49,2,0,8,23.603813251252433,16.860161929995883,1,1,1.035841742225903,7.879760301214834,16,1,2,2.887860073054925,20.80374768409883,0.8170753877159669,Right Foot,Open Play,Normal,From Throw In,Left Center Forward,1,0,0,1,Ground Pass,,4.7853947,1,1,1,397.9641135814986,0.4673597047247789,0.04388450845631651,0.033553086,0
3942349,Aurélien Djani Tchouaméni,France,50,2,0,6,32.03576126768334,13.577770424497349,3,1,3.081882017044709,5.218615349444458,17,0,1,2.4864950863601654,29.59524450309783,0.312129988970824,Right Foot,Open Play,Normal,From Free Kick,Center Defensive Midfield,1,0,0,1,Ground Pass,,17.491713,1,1,1,434.9742118666085,0.3843499474721493,0.0962013042641073,0.019283272,0
3942349,Bernardo Mota Veiga de Carvalho e Silva,Portugal,53,2,0,1,10.987720418721983,32.3751578177899,1,1,3.0143907485792503,14.10671160294586,16,0,1,2.3382576529635593,8.69199549236343,1.808409711849741,Head,Open Play,Normal,From Corner,Right Midfield,1,0,0,1,High Pass,Straight,47.825726,1,1,1,355.7291826138767,0.4357264196931368,0.27434177733927667,0.04770692,0
3942349,Bruno Miguel Borges Fernandes,Portugal,60,2,0,4,16.152399202595262,19.266073963278345,0,1,4.48865067148996,13.160342727682641,12,0,1,4.896853997602536,11.266050934325945,3.840171150611333,Right Foot,Open Play,Normal,From Free Kick,Center Attacking Midfield,1,0,0,1,Ground Pass,,31.25252,1,1,1,311.1933177215985,0.6830837851430763,0.27789374291645497,0.13447225,0
3942349,João Pedro Cavaco Cancelo,Portugal,60,2,0,6,19.191925385432278,17.98838544561589,1,1,0.73488163542568,7.132670679849631,19,0,2,5.491408877722551,13.702988999940525,3.765039716236842,Left Foot,Open Play,Normal,From Free Kick,Right Back,1,0,0,1,Ground Pass,,8.850988,1,1,1,345.2317512766561,0.3965153349317405,0.03829118864663237,0.052601743,0
3942349,Aurélien Djani Tchouaméni,France,62,2,0,17,33.09924470437355,11.88480630164428,1,1,4.260489269322713,2.942447299735745,19,0,1,2.761416023935329,30.46352325326904,0.6810581939709905,Right Foot,Open Play,Normal,From Goal Kick,Center Defensive Midfield,1,0,0,1,Ground Pass,,19.165855,1,1,1,393.3781120422048,0.2475805852493072,0.12871862507363366,0.006239464,0
3942349,Vitor Machado Ferreira,Portugal,62,2,0,5,11.940268003692376,31.248490816065047,0,1,6.392540241720303,26.093579337340824,12,0,0,3.73126789487897,8.81545719431446,0.5599267028690704,Right Foot,Open Play,Normal,From Goal Kick,Left Defensive Midfield,1,0,0,1,Ground Pass,,13.935925,1,1,1,373.11535505473654,0.8350348658734568,0.5353766129657636,0.264942,0
3942349,Cristiano Ronaldo dos Santos Aveiro,Portugal,62,2,0,5,5.263078946776307,41.63353933657013,0,0,0.9163469523181422,41.63353933657012,8,0,2,5.364500021991579,0.9163469523181422,4.895653199180138,Right Foot,Open Play,Backheel,From Goal Kick,Center Forward,1,0,0,1,,,,0,0,0,219.1206043620855,0.9999999999999997,0.17410853258802333,0.1352057,0
3942349,Randal Kolo Muani,France,65,2,0,5,15.82182037567106,23.60487415432184,0,1,2.6812984640461606,14.769497817048684,7,0,1,8.10307147422896,7.789493469102526,5.348349177784968,Right Foot,Open Play,Half Volley,Regular Play,Right Center Forward,1,0,0,1,High Pass,Through Ball,16.041508,1,1,1,373.47207886000047,0.6256969522688398,0.16946839240882466,0.116558924,0
3942349,Kylian Mbappé Lottin,France,66,2,0,12,18.52700731364891,16.22019369560277,1,1,0.624255076965077,0.0,15,0,3,6.058984414338341,12.825647814828585,5.550347075227876,Right Foot,Open Play,Normal,From Corner,Left Wing,1,0,0,1,Ground Pass,,14.354442,1,1,1,300.51164722723445,0.0,0.03369432884636399,0.022234876,0
3942349,Ousmane Dembélé,France,69,2,0,5,17.56843760839307,9.7715888995504,2,1,0.840332330580425,0.0,14,0,2,4.839943097249725,12.762498386548573,4.3200102911308065,Right Foot,Open Play,Normal,Regular Play,Right Wing,1,0,0,1,Ground Pass,,25.723335,1,1,1,171.6715499166175,0.0,0.04783193299892349,0.010713111,0
3942349,Eduardo Camavinga,France,69,2,0,5,11.271202242884298,20.537948006188742,0,1,4.2239591369468545,13.389073933487945,14,0,2,6.729055059088054,4.767240488174866,6.4018926254374975,Right Foot,Open Play,Normal,Regular Play,Left Center Midfield,1,0,0,1,,,,0,0,0,231.48736563159565,0.6519187763769481,0.3747567514027629,0.23683809,0
3942349,Ousmane Dembélé,France,73,2,0,14,26.94086115921316,13.254736370323949,1,1,2.6085233181496585,0.0,16,0,3,3.5411675228574673,24.241656935802165,0.07966457302708818,Left Foot,Open Play,Normal,From Throw In,Right Wing,1,0,0,1,Ground Pass,,17.85077,1,1,1,357.0940122548705,0.0,0.096824051121974,0.02501046,0
3942349,Cristiano Ronaldo dos Santos Aveiro,Portugal,84,2,0,0,29.41870153490803,10.927299560519023,2,1,9.552832067232488,3.9448159466843813,20,0,0,1.3636308742638172,28.060216312401366,1.0550628963119522,Right Foot,Free Kick,Normal,From Free Kick,Center Forward,1,0,0,1,,,,0,0,0,321.46696435344086,0.36100556453464805,0.3247197044334932,0.010742701,0
3942349,Vitor Machado Ferreira,Portugal,85,2,0,2,36.37705320665763,11.079736681657401,1,0,3.4857677256521864,10.026460082838542,19,0,1,5.670038040853664,33.23159774768181,2.3159391017394455,Right Foot,Open Play,Normal,From Free Kick,Left Defensive Midfield,1,0,0,1,Ground Pass,,16.130096,1,1,1,403.0481707844075,0.9049366759263722,0.09582325720144454,0.00655848,0
3942349,N'Golo Kanté,France,87,2,0,3,26.971281022598827,16.356179778441692,1,1,2.562968466900847,8.432873628144204,13,0,1,3.640056103730345,23.373490718252683,1.4067266734794686,Right Foot,Open Play,Normal,Regular Play,Right Center Midfield,1,0,0,1,Ground Pass,,11.980818,1,1,1,441.1471212604991,0.5155772156074718,0.09502583376567744,0.02393025,0
3942349,N'Golo Kanté,France,88,2,0,2,24.588005205790886,17.785070869971605,1,1,2.9841919143725018,9.2221045325611,13,1,3,4.248862865959597,20.45259417391102,0.31236046572443144,Right Foot,Open Play,Normal,From Free Kick,Right Center Midfield,1,0,0,1,Ground Pass,,16.491512,1,1,1,437.2994151362217,0.5185306597867847,0.12136779252306627,0.052443802,0
3942349,Bernardo Mota Veiga de Carvalho e Silva,Portugal,89,2,0,14,18.252123164169145,17.501009310346284,1,1,3.8424413973563567,4.8153630984469045,19,0,4,5.030642764803473,13.224858553491766,3.771410922168556,Left Foot,Open Play,Half Volley,From Keeper,Center Attacking Midfield,1,0,0,1,,,,0,0,0,319.43057742971126,0.2751477365136963,0.21052024264768698,0.050959174,0
3942349,Kylian Mbappé Lottin,France,91,2,0,1,28.006606363499316,13.973589287017342,1,1,3.0758079478064606,3.1225636689116127,20,0,1,2.304656410233801,26.620897619183445,0.7773295536175695,Right Foot,Open Play,Normal,From Corner,Left Wing,1,0,0,1,High Pass,Outswinging,57.938763,1,1,1,391.3528146467058,0.2234618182039128,0.10982437171735042,0.019525701,0
3942349,Kylian Mbappé Lottin,France,92,2,0,3,20.124860247961966,22.458096302381925,3,1,2.2534765638645364,0.0,15,0,3,3.0959184045732875,17.088809479705816,0.7088727942925814,Right Foot,Open Play,Normal,Regular Play,Left Wing,1,0,0,1,Ground Pass,,11.094143,1,1,1,451.9660495207076,0.0,0.11197476832629161,0.04812045,0
3942349,Cristiano Ronaldo dos Santos Aveiro,Portugal,92,3,0,7,9.01387818865997,46.51698983230877,1,0,2.3838963892727945,24.108853898327556,14,0,2,4.8497729502571305,7.440163109336626,4.63822812652932,Right Foot,Open Play,Half Volley,Regular Play,Center Forward,1,0,0,1,Ground Pass,,15.758172,1,1,1,419.29848005156555,0.5182806107024266,0.26446955898204694,0.2695404,0
3942349,Kylian Mbappé Lottin,France,96,3,0,2,15.356106277308715,25.998210069964397,1,1,1.208333890425584,11.666617326791593,12,0,3,5.209431728261058,10.1476336541902,2.4730968946598963,Right Foot,Open Play,Normal,Regular Play,Left Wing,1,0,0,1,Ground Pass,,11.24322,1,1,1,399.2312768541709,0.4487469443240625,0.07868751808595548,0.06612929,0
3942349,Marcus Thuram,France,96,3,0,6,19.200260414900622,23.097529478119217,0,1,3.39640390595927,19.084638956215148,15,0,2,2.5370868003600604,17.13702126260254,0.9340211906097196,Left Foot,Open Play,Normal,From Throw In,Center Forward,1,0,0,1,Ground Pass,,3.2280025,1,1,1,443.4785809207326,0.8262632146132527,0.17689363751147066,0.18562049,0
3942349,Rafael Alexandre Conceição Leão,Portugal,101,3,0,20,10.977249200050068,37.71140143046955,1,1,4.480427941868191,19.48536956634047,17,0,1,1.2266176901746353,10.295611386694064,0.6220780245279087,Right Foot,Open Play,Half Volley,From Free Kick,Left Midfield,1,0,0,1,High Pass,,13.629746,1,1,1,413.9674511853888,0.5166970419348283,0.40815580116808825,0.13186198,0
3942349,Francisco Fernandes Conceição,Portugal,104,3,0,30,23.621176939348302,14.086977615982946,0,1,3.2848114890634963,11.989905469702908,15,1,2,4.138005621940605,20.12879621663918,1.0244617426764862,Left Foot,Open Play,Normal,From Throw In,Right Midfield,1,0,0,1,Low Pass,,34.264996,1,1,1,332.7509908077721,0.8511339903102622,0.1390621431564503,0.021586083,0
3942349,João Félix Sequeira,Portugal,107,4,0,10,10.031948963187562,20.71019326108922,1,1,0.7753382766028605,0.0,16,0,1,3.6368372865887264,6.6843180532979325,2.7015101023991477,Head,Open Play,Normal,From Throw In,Left Midfield,1,0,0,1,High Pass,,29.062174,1,1,1,207.76360181299802,0.0,0.07728690401515995,0.08330991,0
3942349,Ousmane Dembélé,France,111,4,0,23,20.89258241577618,20.354195056890934,2,1,3.3413756536921855,4.121990110630764,16,1,3,2.8098464084565262,18.1065397631033,1.3183798298201665,Left Foot,Open Play,Normal,Regular Play,Right Wing,1,0,0,1,High Pass,,55.96508,1,1,1,425.2516977328779,0.2025130494774963,0.15993119410499884,0.0539449,0
3942349,Bradley Barcola,France,113,4,0,5,12.880993750483693,16.63751521040978,0,1,1.2073357984866775,7.129592291504761,14,0,3,5.642859541329489,7.239634651590614,5.123336012197669,Left Foot,Open Play,Normal,From Goal Kick,Left Wing,1,0,0,1,Ground Pass,,23.591948,1,1,1,214.30772944886579,0.428525065272001,0.09373001973868211,0.059450485,0
3942349,Dayotchanculle Upamecano,France,117,4,0,1,10.720074626605923,40.06664443573348,1,1,0.43332856809388937,0.0,19,2,5,1.1153558178168375,9.797380448201364,0.35266161039844235,Head,Open Play,Normal,From Corner,Right Center Back,1,0,0,1,High Pass,Outswinging,43.851112,1,1,1,429.51741838874784,0.0,0.04042215965721176,0.039004326,0
3942349,Nuno Mendes,Portugal,119,4,0,4,16.985287751463034,26.3881609173077,0,1,1.4726003247413648,21.901792366450582,14,0,1,1.6776596386968268,15.329213892548816,0.4195175044756425,Right Foot,Open Play,Normal,Regular Play,Left Back,1,0,0,1,Ground Pass,,12.946815,1,1,1,448.210506412382,0.829985554320515,0.0866985797526169,0.1323755,0
3942349,Ousmane Dembélé,France,120,5,0,0,11.900420160649796,37.156345075648375,0,1,10.586465536362063,30.65825584892443,2,0,0,2.038550731675258,10.586465536362063,1.4783326957064915,Right Foot,Penalty,Normal,Other,Right Wing,1,0,0,1,,,,0,0,0,442.1761180343067,0.8251149510670607,0.8895875434186361,0.7835,1
3942349,Cristiano Ronaldo dos Santos Aveiro,Portugal,120,5,-1,0,11.900420160649796,37.156345075648375,0,1,11.652390185814964,31.25323393388566,2,0,0,1.1217446311847956,11.652390185814964,1.0838195873572474,Right Foot,Penalty,Normal,Other,Center Forward,1,0,0,1,,,,0,0,0,442.1761180343067,0.8411277769720276,0.9791578808574362,0.7835,1
3942349,Youssouf Fofana,France,121,5,0,0,11.900420160649796,37.156345075648375,0,1,11.1984652536714,31.013728918162894,2,0,0,0.943171228082017,11.1984652536714,0.6168738072156117,Right Foot,Penalty,Normal,Other,Right Center Midfield,1,0,0,1,,,,0,0,0,442.1761180343067,0.8346819057423588,0.9410142753363032,0.7835,1
3942349,Bernardo Mota Veiga de Carvalho e Silva,Portugal,122,5,-1,0,11.900420160649796,37.156345075648375,0,1,11.017958065699256,30.91299555982971,2,0,0,0.9925663673504775,11.017958065699256,0.4445820295174414,Left Foot,Penalty,Normal,Other,Center Attacking Midfield,1,0,0,1,,,,0,0,0,442.1761180343067,0.8319708382751981,0.9258461396288755,0.7835,1
3942349,Jules Koundé,France,123,5,0,0,11.900420160649796,37.156345075648375,0,1,11.536955930092605,31.194116628060613,2,0,0,0.8389393735014777,11.536955930092605,0.7473229930096181,Right Foot,Penalty,Normal,Other,Right Back,1,0,0,1,,,,0,0,0,442.1761180343067,0.8395367349654823,0.969457865718134,0.7835,1
3942349,João Félix Sequeira,Portugal,124,5,-1,0,11.900420160649796,37.156345075648375,0,1,11.725365699839113,31.29000553543745,2,0,0,0.5332042278672138,11.725365699839113,0.4982395031903124,Right Foot,Penalty,Normal,Other,Left Midfield,1,0,0,1,,,,0,0,0,442.1761180343067,0.8421174222527172,0.9852900604812659,0.7835,0
3942349,Bradley Barcola,France,125,5,1,0,11.900420160649796,37.156345075648375,0,1,11.750934003929347,31.30278095347128,2,0,0,0.2717854449398459,11.750934003929347,0.224260055085864,Right Foot,Penalty,Normal,Other,Left Wing,1,0,0,1,,,,0,0,0,442.1761180343067,0.8424612509583614,0.9874385816044762,0.7835,1
3942349,Nuno Mendes,Portugal,126,5,-2,0,11.900420160649796,37.156345075648375,0,1,11.782347692956163,31.318401058471693,2,0,0,0.3431719302639793,11.782347692956163,0.32160557251651767,Left Foot,Penalty,Normal,Other,Left Back,1,0,0,1,,,,0,0,0,442.1761180343067,0.8428816395883144,0.9900782942030859,0.7835,1
3942349,Theo Bernard François Hernández,France,127,5,1,0,11.900420160649796,37.156345075648375,0,1,10.669816770741424,30.70907192801925,2,0,0,1.2336943732012464,10.669816770741424,0.07229330357707653,Left Foot,Penalty,Normal,Other,Left Back,1,0,0,1,,,,0,0,0,442.1761180343067,0.8264825796373994,0.8965916015320606,0.7835,1
3930180,Tijjani Reijnders,Netherlands,13,1,0,7,13.54474067673501,32.819188981852655,1,1,4.752649980908103,22.00022218881015,11,0,1,2.467276798731482,11.106860238566439,0.5411028442800188,Right Foot,Open Play,Normal,Regular Play,Right Center Midfield,1,1,1,1,Ground Pass,,18.402445,1,1,1,444.52740397995314,0.6703463087090651,0.3508852693703797,0.14255726,0
3930180,Donyell Malen,Netherlands,22,1,0,12,16.05521722057974,25.47714203122841,0,1,2.252007921669288,15.288867719119716,9,0,1,9.298570530691922,6.757336946233589,4.177844642272376,Left Foot,Open Play,Normal,From Free Kick,Right Wing,1,1,1,1,Ground Pass,Through Ball,24.5204,1,1,1,409.04104947093424,0.6001013653878251,0.14026642497135708,0.35075784,0
3930180,Marcel Sabitzer,Austria,29,1,0,3,18.439631232755165,22.889284353018944,3,1,5.707689379174247,5.982200917797786,17,0,0,2.1129148698109903,16.639027951851517,1.659580329084477,Right Foot,Open Play,Half Volley,From Throw In,Center Attacking Midfield,1,1,1,1,High Pass,,7.6661596,1,1,1,422.0699626513422,0.2613537769698236,0.3095338137259175,0.055332307,0
3930180,Florian Grillitsch,Austria,29,1,0,3,29.850293130889018,12.973956429190881,2,1,3.3341741117212207,2.654576934400434,18,0,1,4.103879365520749,26.00938447829872,3.216169109174828,Right Foot,Open Play,Volley,From Throw In,Left Defensive Midfield,1,1,1,1,,,,0,0,0,387.27640247872995,0.20460812774334144,0.11169652830883006,0.012392985,0
3930180,Tijjani Reijnders,Netherlands,33,1,0,2,25.241434190631875,17.71440927153229,2,1,3.744666767455737,7.989165636549888,19,0,2,3.9030779966262528,22.285269428771468,2.9237893292657233,Right Foot,Open Play,Normal,From Free Kick,Right Center Midfield,1,1,1,1,Ground Pass,,14.317122,1,1,1,447.13709585330145,0.4509981402195992,0.1483539619490217,0.044637516,0
3930180,Marcel Sabitzer,Austria,36,1,0,1,26.54241887997399,14.401814826464712,3,1,4.384837789402853,5.3033310829363325,18,0,1,2.402074535530428,24.14568008515565,1.45473003140458,Right Foot,Open Play,Normal,From Corner,Center Attacking Midfield,1,1,1,1,Ground Pass,,33.941273,1,1,1,382.25900175584627,0.3682404715543873,0.16520113744083711,0.02351871,0
3930180,Florian Grillitsch,Austria,37,1,0,3,20.602184350209086,20.313541957524023,2,1,2.503119043574646,4.727829058024779,20,0,1,3.2517536600541073,17.674868030582704,2.386742189925805,Right Foot,Open Play,Normal,From Corner,Left Defensive Midfield,1,1,1,1,Ground Pass,,7.839005,1,1,1,418.5033362146171,0.23274272246124053,0.1214977499970406,0.035556145,0
3930180,Marko Arnautović,Austria,37,1,0,3,7.414849964766647,56.27824734084703,0,1,3.3257603238344218,35.4909779551128,18,0,2,4.11361638895445,3.3257603238344218,0.4238529519630987,Right Foot,Open Play,Volley,From Corner,Center Forward,1,1,1,1,,,,0,0,0,417.29476031240824,0.6306340305902396,0.4485269883595125,0.46128318,0
3930180,Jerdy Schouten,Netherlands,40,1,0,7,16.070469812671938,22.429839373767557,2,1,5.083056270128482,0.34958735705099825,14,1,0,3.012131095241842,13.343134684492986,2.6513266459068845,Right Foot,Open Play,Normal,From Throw In,Right Defensive Midfield,1,1,1,1,Ground Pass,,13.822446,1,1,1,360.45805655921197,0.015585816341594148,0.31629792590882283,0.07204104,0
3930180,Memphis Depay,Netherlands,40,1,0,2,6.543699259593151,56.68096335121134,0,0,9.215915908920978,56.680963351211346,8,0,0,5.855330197794339,9.229367384932731,4.924739350799783,Head,Open Play,Normal,Regular Play,Center Forward,1,1,1,1,High Pass,,20.171762,1,1,1,370.90317791434813,1.0000000000000002,1.4083648320803133,0.37566358,0
3930180,Florian Grillitsch,Austria,46,1,0,1,8.354639429682171,50.64406962176387,0,1,1.9024053280913473,41.5455340699968,18,3,6,0.9670576179643109,7.564649310231347,0.3657504890965342,Head,Open Play,Normal,From Corner,Left Defensive Midfield,1,1,1,1,High Pass,Outswinging,39.265762,1,1,1,423.11294094155744,0.8203435146559184,0.2277064550903927,0.09956471,0
3930180,Cody Mathès Gakpo,Netherlands,46,2,0,1,15.962455951387927,22.885121291416418,1,1,1.7115088266995102,6.647098712541746,11,0,2,4.960313617323942,11.00215358826278,3.052257691004286,Right Foot,Open Play,Normal,From Counter,Left Wing,1,1,1,1,Ground Pass,,15.211838,1,1,1,365.30274055640456,0.2904550352999392,0.10722089582654075,0.12614554,1
3930180,Virgil van Dijk,Netherlands,53,2,1,1,6.216912416947817,63.17973545731344,1,1,0.39849102476292186,0.0,19,3,6,3.7054033967136952,3.738686536366895,3.18539314837858,Head,Open Play,Normal,From Corner,Left Center Back,1,1,1,1,High Pass,Inswinging,37.619144,1,1,1,392.78288186405024,0.0,0.06409789909161377,0.14079262,0
3930180,Romano Schmid,Austria,58,2,-1,5,9.824968193332737,44.232160672434325,1,1,1.242323876657869,25.728160214846575,13,1,2,3.2539200880687966,9.096878618256778,2.91242367574754,Head,Open Play,Normal,Regular Play,Right Wing,1,1,1,1,High Pass,,20.017992,1,1,1,434.5795717290504,0.5816618456733107,0.1264455876305956,0.17982809,1
3930180,Xavi Simons,Netherlands,72,2,0,6,46.65661796572915,9.66498099352885,0,0,5.591943373920832,9.664980993528836,19,0,0,,,,Right Foot,Open Play,Half Volley,From Free Kick,Right Wing,1,1,1,1,,,,0,0,0,450.9353258611089,0.9999999999999986,0.1198531659116034,0.020448573,0
3930180,Memphis Depay,Netherlands,74,2,0,14,10.599056561788881,40.540507550820905,0,1,0.6135833111449228,30.633917023845925,16,1,2,3.712178908937886,6.948975405613458,1.397654004010164,Right Foot,Open Play,Half Volley,From Free Kick,Center Attacking Midfield,1,1,1,1,Low Pass,,12.39758,1,1,1,429.69113257478,0.7556372348186257,0.05789037048419749,0.121777005,1
3930180,Marcel Sabitzer,Austria,79,2,-1,5,12.034118164618457,17.574088399151133,0,1,2.8157167013192828,7.137404351961336,9,0,1,5.44049002308062,6.596930751433869,4.985597663280068,Left Foot,Open Play,Normal,From Keeper,Left Wing,1,1,1,1,Ground Pass,Through Ball,24.678938,1,1,1,211.48865643083516,0.40613226642845884,0.2339778173026237,0.1324231,1
3930180,Wout Weghorst,Netherlands,85,2,0,6,12.766362050325851,34.6541865508743,0,1,0.8966423997084616,26.960452420663366,14,1,2,4.068047907894578,8.94320203214096,0.7579857693239518,Head,Open Play,Diving Header,From Free Kick,Center Forward,1,1,1,1,High Pass,,43.94963,1,1,1,442.40789206799417,0.7779854356437974,0.0702347619606774,0.080460265,0
3930180,Memphis Depay,Netherlands,94,2,0,2,17.304623659588785,13.948220623956747,1,1,6.028327630462388,8.833209726090987,18,0,0,3.5178771047985924,13.889189689327235,2.5746799448122673,Right Foot,Open Play,Half Volley,From Corner,Center Attacking Midfield,1,1,1,1,High Pass,,34.00735,1,1,1,241.36870861848615,0.6332857763175554,0.34836513922809237,0.03492738,0
3930171,Pierre-Emile Højbjerg,Denmark,0,1,0,5,26.13752092299498,15.354552235045539,1,1,3.962131519885224,6.674274672409789,15,1,1,3.296075264864317,22.845205108421645,1.716250473958432,Right Foot,Open Play,Half Volley,Regular Play,Left Defensive Midfield,1,0,1,1,Ground Pass,,7.5960517,1,1,1,401.3299303067221,0.4346772585902108,0.15158788515399957,0.025765574,0
3930171,Phil Foden,England,12,1,0,19,19.240841977418764,19.293864881080655,0,1,2.358518868014624,14.761611568064845,17,1,3,4.0672401865181795,15.17409986190356,2.364030234744746,Left Foot,Open Play,Normal,From Free Kick,Left Wing,1,0,1,1,Ground Pass,,24.619707,1,1,1,371.2302053105424,0.765093549636077,0.12257877647883622,0.10147241,0
3930171,Harry Kane,England,16,1,0,0,22.74950548913097,19.90455056221912,1,1,2.4473475499601958,6.095364273394865,15,0,1,2.548252628197418,20.349428916761614,0.967247650386021,Left Foot,Open Play,Normal,Regular Play,Center Forward,1,0,1,1,,,,0,0,0,452.81868227388884,0.30622968623890917,0.10757805487813635,0.052686803,0
3930171,Harry Kane,England,17,1,0,20,7.111258679024404,58.674187314141506,0,1,1.3556102395097844,42.137432285120546,15,1,4,2.943003468838291,4.172170354980768,0.2814539316839273,Left Foot,Open Play,Normal,From Counter,Center Forward,1,0,1,1,,,,0,0,0,417.24732377239235,0.7181596237459038,0.1906287340535559,0.45489097,1
3930171,Christian Dannemann Eriksen,Denmark,22,1,-1,8,20.251419703319566,13.24959488259292,0,1,2.6008556808487686,9.113998181089581,16,1,2,3.692034501211065,16.628764352625723,3.3494332595790866,Right Foot,Open Play,Normal,From Throw In,Left Wing,1,0,1,1,Ground Pass,,4.661545,1,1,1,268.32310686634435,0.6878699508815465,0.12842831361706666,0.01892699,0
3930171,Jonas Older Wind,Denmark,24,1,-1,14,9.462557793746893,39.950867322737466,1,1,0.9041729300130183,1.1116536531700745,17,0,1,1.8798844875372085,7.583503930258008,1.1329785408897237,Head,Open Play,Normal,Regular Play,Right Wing,1,0,1,1,High Pass,,44.68389,1,1,1,378.03739095171744,0.027825519886457952,0.09555269830008538,0.06100823,0
3930171,Christian Dannemann Eriksen,Denmark,25,1,-1,19,19.969977466186588,19.983106521899956,2,1,0.7277313494586406,0.0,14,1,3,2.6571918143660245,17.32083765352724,1.1328253790267198,Right Foot,Open Play,Normal,From Keeper,Left Wing,1,0,1,1,Ground Pass,,9.78366,1,1,1,399.06218694674834,0.0,0.03644127043662639,0.039681155,0
3930171,Marc Guehi,England,27,1,1,2,14.200352108310554,11.449337988500059,0,1,2.3531683470317235,7.311739731289286,14,0,2,3.8477924776293593,10.41987817538651,3.3813809013279084,Right Foot,Open Play,Volley,From Free Kick,Left Center Back,1,0,1,1,High Pass,,39.58093,1,1,1,162.5846308437569,0.6386168124858697,0.16571197172319166,0.021727161,0
3930171,Jonas Older Wind,Denmark,31,1,-1,27,15.728954192825405,22.193082068164774,2,1,0.9716574789356037,0.0,16,0,3,4.146486036108243,11.797194451829263,3.4908444298598695,Right Foot,Open Play,Normal,Regular Play,Right Wing,1,0,1,1,,,,0,0,0,349.0739712477786,0.0,0.06177508479100377,0.03800949,0
3930171,Morten Hjulmand,Denmark,33,1,-1,1,31.407801578588725,14.512426558232177,1,0,0.8510456093416057,10.496794721613256,17,0,1,,,,Right Foot,Open Play,Normal,Regular Play,Right Defensive Midfield,1,0,1,1,Ground Pass,,12.506398,1,1,1,455.8034137647975,0.7232970089112318,0.027096630982340997,0.019366447,1
3930171,Morten Hjulmand,Denmark,37,1,0,18,24.62376900476448,17.170088494318264,1,1,3.792985334626263,11.081062874574089,12,0,2,3.2053046323028878,21.4316802214801,0.9550766176724608,Right Foot,Open Play,Normal,From Free Kick,Right Defensive Midfield,1,0,1,1,Ground Pass,,20.094278,1,1,1,422.7922928754573,0.6453701667432239,0.15403756158906276,0.037683774,0
3930171,Joachim Andersen,Denmark,38,1,0,1,12.022063050907693,8.146952034502123,2,1,1.3073941539812608,0.0,17,0,2,3.7861064841376675,8.256793062326468,3.765022502273794,Head,Open Play,Normal,From Corner,Right Center Back,1,0,1,1,High Pass,Straight,51.851036,1,1,1,97.94317103150523,0.0,0.10874956722860886,0.011467024,0
3930171,Phil Foden,England,40,1,0,8,27.19558787744806,15.920293699018284,2,1,0.7357345860909884,0.0,11,0,3,4.114465131588402,23.081417175210166,1.2580103717290214,Left Foot,Open Play,Normal,From Goal Kick,Left Wing,1,0,1,1,Ground Pass,,14.230249,1,1,1,432.96174632643437,0.0,0.027053454016380957,0.025206389,0
3930171,Pierre-Emile Højbjerg,Denmark,43,1,0,23,30.371368095625858,13.355745624581363,2,1,5.768922733850329,7.635111716083687,14,0,0,4.716965622690222,26.471582228816477,4.056101576620094,Right Foot,Open Play,Normal,Regular Play,Left Defensive Midfield,1,0,1,1,Ground Pass,,12.119819,1,1,1,405.6322665557051,0.5716724420111146,0.18994609382384656,0.021093283,0
3930171,Phil Foden,England,46,1,0,37,28.520343616443334,13.809304872758892,3,1,1.9530155836929797,0.0,18,0,1,3.8008602858609337,24.769450911747253,1.4317907330380848,Left Foot,Open Play,Normal,From Keeper,Left Wing,1,0,1,1,Ground Pass,,18.607525,1,1,1,393.8461200753089,0.0,0.06847798224166463,0.01993659,0
3930171,Jonas Older Wind,Denmark,46,2,0,8,20.97474672075923,19.436924223683302,2,1,3.0752262718779817,1.6558998982508768,15,1,2,3.457538949381244,17.83580080128877,2.6354005888734804,Left Foot,Open Play,Normal,From Throw In,Right Wing,1,0,1,1,Ground Pass,,8.011242,1,1,1,407.684562622347,0.08519351514645579,0.1466156570479277,0.0451295,0
3930171,Declan Rice,England,50,2,0,18,29.60827587010091,13.737454881684377,1,1,1.9478951814229506,6.102035177200423,19,0,2,3.0386092962971296,26.570102012378676,1.3522635263901535,Right Foot,Open Play,Normal,Regular Play,Left Defensive Midfield,1,0,1,1,Ground Pass,,18.96945,1,1,1,406.7423538899755,0.4441896428235796,0.06578887571734557,0.021318365,0
3930171,Phil Foden,England,55,2,0,10,25.805619543037523,15.93771099076726,1,1,3.738596494525124,7.564641349075366,15,0,2,3.4495970556394266,22.360780814592847,1.3571586792121693,Left Foot,Open Play,Normal,From Throw In,Left Wing,1,0,1,1,Ground Pass,,20.562344,1,1,1,411.2825062146275,0.4746378795209409,0.14487528533426802,0.035421107,0
3930171,Bukayo Saka,England,55,2,0,10,14.35862110371327,22.610237347056792,0,1,1.563050188372866,16.225013685327504,14,0,1,3.7099368282936225,10.773393608871288,2.050506470636698,Right Foot,Open Play,Normal,From Throw In,Right Wing,1,0,1,1,,,,0,0,0,324.6518311314156,0.7175959029655891,0.10885795906743768,0.22372523,0
3930171,Bukayo Saka,England,58,2,0,2,22.557703783851753,14.64595317877946,1,1,1.279235861508793,6.7452305438171045,15,0,2,3.9582258506675374,19.390104125592266,0.7380260561833225,Left Foot,Open Play,Normal,Regular Play,Right Wing,1,0,1,1,High Pass,,55.676655,1,1,1,330.37907343906903,0.46055251313996265,0.05670948930646708,0.04036888,0
3930171,Christian Dannemann Eriksen,Denmark,63,2,0,7,27.28094573140748,16.346722682897056,1,1,5.244649785632474,5.086376131348321,17,0,0,4.152918304027732,24.23228425338962,3.2529743259820165,Left Foot,Open Play,Normal,Regular Play,Left Wing,1,0,1,1,,,,0,0,0,445.9540543984823,0.3111557117604986,0.1922458934257002,0.02688801,0
3930171,Mikkel Damsgaard,Denmark,66,2,0,3,26.743410403312446,15.293732244351258,4,1,1.9738064904031227,0.0,20,0,1,2.523685329160698,24.223844339347366,1.008134659083261,Right Foot,Open Play,Half Volley,From Corner,Left Wing,1,0,1,1,Low Pass,,6.6730804,1,1,1,409.00655800905844,0.0,0.07380533973178853,0.017544413,0
3930171,Ollie Watkins,England,70,2,0,12,12.174152947946729,16.833136769518507,0,1,3.1587976982260844,11.925915785073501,12,0,2,9.107640802249339,3.1587976982260844,8.013460121835855,Right Foot,Open Play,Normal,From Throw In,Center Forward,1,0,1,1,Low Pass,Through Ball,39.22958,1,1,1,204.9291816258242,0.7084785176027907,0.25946755488716294,0.114346,0
3930171,Pierre-Emile Højbjerg,Denmark,72,2,0,18,31.287857069476647,14.129587705819626,0,0,6.293121372404079,14.129587705819608,17,0,0,,,,Right Foot,Open Play,Normal,Regular Play,Left Defensive Midfield,1,0,1,1,Ground Pass,,8.769264,1,1,1,442.0845205903189,0.9999999999999988,0.20113622222288374,0.022561343,0
3930171,Pierre-Emile Højbjerg,Denmark,76,2,0,4,35.341194094144576,12.652737068331074,1,1,4.1706790515493335,8.072610618984317,19,0,1,4.09240323088376,31.458459683084495,1.9900431251186461,Right Foot,Open Play,Normal,From Free Kick,Left Defensive Midfield,1,0,1,1,Ground Pass,,13.384319,1,1,1,447.1628365540663,0.6380129908167856,0.11801183175755633,0.01088163,0
3930171,Andreas Christensen,Denmark,83,2,0,1,6.506919393998976,63.136032323088585,0,1,2.8835165608021764,52.79152290159246,17,0,4,2.894759280696679,5.821176450447139,2.5272929430537303,Right Foot,Open Play,Half Volley,From Corner,Left Center Back,1,0,1,1,High Pass,Inswinging,40.820827,1,1,1,410.8210731832513,0.8361552184882358,0.44314619349081036,0.2926257,0
3930171,Pierre-Emile Højbjerg,Denmark,84,2,0,4,21.561307938063496,19.163560776628014,1,1,3.066720166009728,11.960459934121898,13,1,3,2.464519855846882,19.15920966220221,0.5581157885373358,Right Foot,Open Play,Normal,From Goal Kick,Left Defensive Midfield,1,0,1,1,,,,0,0,0,413.1914350946719,0.6241251338169336,0.14223256654091282,0.04469684,0
3942226,Pedro González López,Spain,0,1,0,3,18.5024322725419,24.39499241025242,0,1,2.2954205649009287,20.040092713921446,16,0,1,2.714423332086925,15.791750262235787,0.17556029800419992,Left Foot,Open Play,Normal,Regular Play,Right Center Midfield,1,0,0,1,Ground Pass,,8.01561,1,1,1,451.3666948598691,0.8214838675456709,0.12406047654109745,0.11743693,0
3942226,Nicholas Williams Arthuer,Spain,11,1,0,16,30.286960890785984,14.00482803061056,1,1,1.055633011375736,9.249089915109305,16,0,1,4.881015376080389,25.501099937045183,2.607645343370386,Right Foot,Open Play,Normal,From Throw In,Left Wing,1,0,0,1,Ground Pass,,16.637308,1,1,1,424.1636788452853,0.6604215271257479,0.034854372321551905,0.021921165,0
3942226,Lamine Yamal Nasraoui Ebana,Spain,14,1,0,0,22.785302280198078,18.54521756906496,4,1,8.708372931814804,3.3079994990360513,20,0,0,1.0076888911310715,22.312328224779012,0.6301497190979575,Left Foot,Free Kick,Normal,From Free Kick,Right Wing,1,0,0,1,,,,0,0,0,422.55838816318527,0.1783748013047894,0.38219255661940243,0.084460065,0
3942226,Álvaro Borja Morata Martín,Spain,15,1,0,3,26.826293072282645,12.68648670249433,0,1,1.3090348385273416,9.656327952508569,14,0,2,4.13815916968411,22.69285355294963,2.6552422184593425,Right Foot,Open Play,Normal,Regular Play,Center Forward,1,0,0,1,Ground Pass,,36.188396,1,1,1,340.33141033872954,0.7611506778003407,0.04879670981749831,0.013587153,0
3942226,Fabián Ruiz Peña,Spain,16,1,0,3,21.452505681155294,21.076827323305555,0,1,2.576881012387761,17.45655158785233,12,0,1,2.4693194586828593,18.99478914348325,0.05248964369416598,Left Foot,Open Play,Normal,Regular Play,Left Center Midfield,1,0,0,1,Ground Pass,,31.300638,1,1,1,452.15075789394155,0.8282343125025212,0.12012028108452581,0.06860946,0
3942226,Kai Havertz,Germany,20,1,0,12,9.599999999999994,45.239729896080874,0,1,1.3239198180642107,36.104465461037194,13,1,4,2.7753461407245767,7.534299249785096,1.6322333986103743,Head,Open Play,Normal,Regular Play,Center Forward,1,0,0,1,High Pass,,29.198801,1,1,1,434.30140700237615,0.7980698722996781,0.13790831438168868,0.07551446,0
3942226,Aymeric Laporte,Spain,22,1,0,6,29.28822288907267,13.055247223796647,1,1,1.7378923242337327,9.04107987855731,19,0,1,5.03225811815272,24.345196315093578,3.4589999662691326,Left Foot,Open Play,Normal,Regular Play,Left Center Back,1,0,0,1,Ground Pass,,14.445068,1,1,1,382.3649905625034,0.6925246013018848,0.05933758189480776,0.020855846,0
3942226,Jonathan Tah,Germany,24,1,0,1,12.92478239662084,29.76938499672622,1,1,1.6140583109384128,25.68810442197841,19,1,3,2.4986201424681944,12.532543550428546,1.6760048015369762,Head,Open Play,Normal,From Free Kick,Left Center Back,1,0,0,1,High Pass,,42.393394,1,1,1,384.7628231639156,0.8629034299769164,0.1248808886221872,0.021546038,0
3942226,Kai Havertz,Germany,34,1,0,6,17.32887763243771,25.958061822625137,1,1,4.533138982276238,20.097690333305362,9,0,1,4.328635256164655,13.012924180615268,0.5356710377569271,Right Foot,Open Play,Half Volley,Regular Play,Center Forward,1,0,0,1,High Pass,,55.467197,1,1,1,449.82407689952396,0.7742369392073851,0.26159449437110177,0.154297,0
3942226,Daniel Olmo Carvajal,Spain,38,1,0,23,28.43694779683643,15.726345277537828,0,0,6.0337570380128644,15.726345277537844,13,0,0,,,,Right Foot,Open Play,Normal,From Throw In,Right Center Midfield,1,0,0,1,,,,0,0,0,447.20925969236833,1.000000000000001,0.21218019180961858,0.029002221,0
3942226,Lamine Yamal Nasraoui Ebana,Spain,44,1,0,5,32.26918034285966,13.555320176939144,0,0,2.3535423069605512,13.555320176939167,11,1,1,,,,Left Foot,Open Play,Normal,Regular Play,Right Wing,1,0,0,1,Ground Pass,,17.439323,1,1,1,437.4190713948536,1.0000000000000018,0.07293467890892151,0.027097616,0
3942226,Álvaro Borja Morata Martín,Spain,46,2,0,11,8.67640478539354,46.46880071438585,1,1,1.0574323427426064,0.0,16,0,2,3.1474049136414473,6.745342427147761,2.9455544446284065,Right Foot,Open Play,Normal,From Free Kick,Center Forward,1,0,0,1,Ground Pass,,12.940248,1,1,1,403.18212488979617,0.0,0.12187448244954652,0.15766257,0
3942226,Robert Andrich,Germany,47,2,0,11,28.37833680820636,13.286957761334934,1,1,6.748098296575609,8.96833643897414,17,0,0,3.652542007923495,24.908878708134242,1.1155128556595528,Right Foot,Open Play,Normal,From Goal Kick,Right Defensive Midfield,1,0,0,1,Ground Pass,,20.960917,1,1,1,377.0617625075743,0.6749729020041,0.23779047877901763,0.020109814,0
3942226,Daniel Olmo Carvajal,Spain,51,2,0,4,16.62077013859467,26.75407293409005,1,1,3.416326358244482,24.085168123448437,14,0,1,4.41711813898808,14.522692902204428,3.971661596241667,Right Foot,Open Play,Normal,From Free Kick,Right Center Midfield,1,0,0,1,Ground Pass,,15.002999,1,1,1,444.6732965087078,0.9002430464618756,0.20554561128978718,0.16316466,1
3942226,Nicholas Williams Arthuer,Spain,54,2,1,9,17.4691156044031,19.217731196066367,0,1,1.55561962368913,13.558498935595933,9,1,1,5.315475038275302,12.154103057797247,3.6393616048866875,Left Foot,Open Play,Normal,Regular Play,Left Wing,1,0,0,1,,,,0,0,0,335.71676791842725,0.7055202717358847,0.0890497068607775,0.12471274,0
3942226,Florian Wirtz,Germany,59,2,-1,12,26.900743484149288,16.914785931605266,2,1,4.333972173644405,8.585686278693547,17,0,1,3.1026017994413,23.95915082598044,0.9087905915412975,Right Foot,Open Play,Normal,From Throw In,Right Wing,1,0,0,1,Ground Pass,,13.048371,1,1,1,455.0203174354104,0.5075846843944504,0.16110975431582808,0.028129423,0
3942226,Niclas Füllkrug,Germany,63,2,-1,1,10.781465577554846,33.20191377793205,2,1,0.2082714094239071,0.0,20,1,3,1.1668600260522792,9.782442236306514,0.22296282672050438,Head,Open Play,Normal,From Corner,Center Forward,1,0,0,1,High Pass,Outswinging,34.00353,1,1,1,357.9652905057183,0.0,0.019317541564802868,0.046607595,0
3942226,Robert Andrich,Germany,69,2,-1,11,20.518284528683193,21.752609754081487,3,1,4.667354788552963,4.099019420977688,17,0,1,1.866476541989319,18.904180187268263,0.5984503034258211,Right Foot,Open Play,Normal,Regular Play,Right Defensive Midfield,1,0,0,1,Ground Pass,,13.68247,1,1,1,446.32623617565326,0.18843805259773855,0.22747295379534835,0.06904092,0
3942226,Kai Havertz,Germany,71,2,-1,16,13.15484701545404,29.705577046881746,1,1,2.032443161398542,3.2901096755014416,16,0,2,2.45060466742994,10.829248855683542,1.828309185182171,Left Foot,Open Play,Normal,Regular Play,Center Attacking Midfield,1,0,0,1,Ground Pass,,8.130191,1,1,1,390.7723215575124,0.11075730561668422,0.15450146695061295,0.08557191,0
3942226,Niclas Füllkrug,Germany,71,2,-1,5,9.326306878931229,46.34760923847709,0,1,1.1133171763327603,38.133343381497475,15,1,2,1.0968485153778864,8.377358883655177,0.5920524735958708,Head,Open Play,Normal,Regular Play,Center Forward,1,0,0,1,High Pass,,36.54942,1,1,1,432.25202686282546,0.8227682939434068,0.11937385192072338,0.078394026,0
3942226,Niclas Füllkrug,Germany,76,2,-1,16,11.10855526159905,38.81560876610579,1,1,1.2984979396506748,7.385074842885283,8,0,1,4.640982176069632,7.289888129077748,3.021903386202652,Right Foot,Open Play,Normal,From Throw In,Center Forward,1,0,0,1,Ground Pass,,23.036058,1,1,1,431.1853349908947,0.19026044103510262,0.11689170275269073,0.10089645,0
3942226,Jamal Musiala,Germany,80,2,-1,8,16.89644933114647,14.958408848917083,1,1,1.4800590179328939,6.1737908132959,13,0,2,4.341760462967437,12.554706275775937,3.680203462246702,Left Foot,Open Play,Normal,From Throw In,Left Center Midfield,1,0,0,1,Ground Pass,,13.017296,1,1,1,252.7439971903005,0.4127304498528166,0.08759586046309693,0.06056656,0
3942226,Kai Havertz,Germany,81,2,-1,1,32.53459696999489,11.663560021879876,0,1,4.309458166369453,7.3652492389529085,8,0,1,16.535419000189687,15.999555274084647,9.36547441714314,Left Foot,Open Play,Lob,From Goal Kick,Right Center Forward,1,0,0,1,,,,0,0,0,379.4692245472065,0.6314752292727357,0.13245770864608716,0.037947286,0
3942226,Fabián Ruiz Peña,Spain,83,2,1,12,24.060756430336937,18.394633242378973,1,1,4.4392145350043615,13.07140420940336,15,0,2,4.271534712886101,20.22795095474071,0.7706578274591038,Left Foot,Open Play,Normal,From Free Kick,Left Center Midfield,1,0,0,1,Ground Pass,,8.908984,1,1,1,442.58879007025945,0.7106096673506082,0.18450020671034226,0.04979181,0
3942226,Maximilian Mittelstädt,Germany,87,2,-1,4,22.8177562437677,19.871812865740736,3,1,5.511871282580587,10.728874021714942,20,0,0,1.2490899974599796,21.62274733699681,0.400878404944784,Left Foot,Open Play,Normal,From Corner,Left Back,1,0,0,1,Ground Pass,,9.192389,1,1,1,453.430182092239,0.5399041393053605,0.24156061725333158,0.040309463,0
3942226,Florian Wirtz,Germany,88,2,-1,11,9.873702446397706,38.834299601184895,1,1,2.7474675572102956,28.79629457543162,17,1,2,4.489356095088443,7.372661775617411,4.396065318829194,Right Foot,Open Play,Half Volley,From Throw In,Right Center Midfield,1,0,0,1,Low Pass,,5.2478566,1,1,1,383.4383189763608,0.7415170318805749,0.2782611256644334,0.119556814,1
3942226,Thomas Müller,Germany,93,2,0,6,7.6941536246685365,51.54629078329405,1,0,1.1061635920306432,36.96290764750847,15,1,2,,,,Right Foot,Open Play,Volley,From Free Kick,Center Attacking Midfield,1,0,0,1,High Pass,,38.804638,1,1,1,396.6050800685003,0.7170818129844564,0.14376676707937405,0.23735376,0
3942226,Ferrán Torres García,Spain,90,3,0,9,13.776792079435625,31.66632368674562,0,1,1.1529051493979159,25.951234851797906,12,0,1,2.3738493636655553,12.03541167207914,1.037360818065224,Head,Open Play,Normal,From Kick Off,Right Wing,1,0,0,1,High Pass,,35.2511,1,1,1,436.2603573524018,0.8195215557232542,0.08368458656778577,0.051860645,0
3942226,Mikel Oyarzabal Ugarte,Spain,94,3,0,1,22.005453869438817,20.428277689781623,0,0,2.200511027172462,20.428277689781627,12,0,3,,,,Left Foot,Open Play,Normal,From Counter,Center Forward,1,0,0,1,Ground Pass,,23.269077,1,1,1,449.5335223345757,1.0000000000000002,0.09999843857928932,0.026732832,0
3942226,Daniel Olmo Carvajal,Spain,96,3,0,18,22.77586441828279,14.711582422204755,1,1,1.9768716699553988,6.058552286562956,13,0,2,3.8365948636071394,18.964315927919248,2.919611135799542,Right Foot,Open Play,Normal,From Free Kick,Left Wing,1,0,0,1,Ground Pass,,22.852789,1,1,1,335.0690066265278,0.41182193136603384,0.08679677897838695,0.018918002,0
3942226,Robert Andrich,Germany,100,3,0,7,22.06762334280699,18.15054498996436,2,1,2.209298071079556,9.066841943361943,15,0,1,4.815442918277356,17.920513909899032,4.0018817911615585,Right Foot,Open Play,Volley,From Free Kick,Right Defensive Midfield,1,0,0,1,,,,0,0,0,400.5393903052059,0.49953552074469953,0.10011490756206348,0.0269288,0
3942226,Mikel Oyarzabal Ugarte,Spain,103,3,0,7,27.518720900506988,14.05661064442959,1,0,3.958726771247706,0.0,15,0,2,,,,Left Foot,Open Play,Normal,From Throw In,Right Center Forward,1,0,0,1,Ground Pass,,5.6,1,1,1,386.81994513115353,0.0,0.1438557695163358,0.022105819,0
3942226,Florian Wirtz,Germany,105,3,0,24,18.04882267628556,24.44395478041653,0,1,1.69069456968426,19.913391196586446,11,0,2,3.3729230841678155,15.179756277561935,2.2388175430246164,Left Foot,Open Play,Normal,Regular Play,Right Midfield,1,0,0,1,Ground Pass,,16.144659,1,1,1,441.18460533888066,0.8146550497033409,0.09367339909132534,0.1075199,0
3942226,Jamal Musiala,Germany,105,4,0,4,20.229928324143913,21.8390801155069,2,1,5.092895845519157,6.705619742888958,13,0,0,1.6841446136092522,18.673056767109507,0.24447399067606312,Right Foot,Open Play,Normal,Regular Play,Left Midfield,1,0,0,1,Ground Pass,,8.46286,1,1,1,441.8030254019411,0.30704680359350917,0.25175056302304905,0.0490711,0
3942226,Niclas Füllkrug,Germany,108,4,0,2,18.86716724895394,19.919752466504725,1,1,1.7518165253368403,0.0,10,0,2,4.520103763121853,14.347595196407505,2.6604824545153605,Left Foot,Open Play,Normal,From Counter,Right Center Forward,1,0,0,1,Ground Pass,,12.589679,1,1,1,375.8293013433074,0.0,0.09285000245248617,0.045802347,0
3942226,Mikel Oyarzabal Ugarte,Spain,111,4,0,3,22.90720410700529,19.484558901157946,1,1,1.8987061244342163,0.0,11,0,1,2.8641278823433005,20.043773027910472,0.47947859888806477,Left Foot,Open Play,Normal,Regular Play,Right Center Forward,1,0,0,1,Ground Pass,,19.659603,1,1,1,446.3367676837918,0.0,0.08288685583648202,0.04228213,0
3942226,Niclas Füllkrug,Germany,116,4,0,5,12.088010589009254,35.49600329209877,1,1,0.5465196184247748,0.0,12,0,1,3.5574127279047447,8.559544615442409,1.3604681557537361,Head,Open Play,Normal,Regular Play,Right Center Forward,1,0,0,1,High Pass,,31.642534,1,1,1,429.0760636623973,0.0,0.04521170910635082,0.052276906,0
3942226,Mikel Merino Zazón,Spain,118,4,0,10,7.443117626371364,56.35462496067586,0,0,3.204943874083869,56.35462496067585,16,0,1,4.903871295204169,6.52157433166194,3.9395267204875495,Head,Open Play,Normal,From Throw In,Left Defensive Midfield,1,0,0,1,High Pass,,27.404562,1,1,1,419.4541023723541,0.9999999999999999,0.43059159279286163,0.20066643,1
3942226,Joshua Kimmich,Germany,121,4,-1,3,21.852459815773603,20.1770375242501,4,1,5.309647733644923,2.5282616465903316,18,0,0,2.191551340113135,19.734501440096473,0.0037069532940492422,Right Foot,Open Play,Normal,From Throw In,Right Back,1,0,0,1,,,,0,0,0,440.9179017000314,0.12530390765005514,0.2429771192079849,0.044950247,0
3942226,Ferrán Torres García,Spain,121,4,1,1,13.822445514452209,21.228074239349837,0,1,1.9561178515671644,3.1977774744935306,4,0,2,10.566798276174673,3.275453206171582,8.522351820897086,Right Foot,Open Play,Normal,From Counter,Right Midfield,1,0,0,1,High Pass,,22.747747,1,1,1,293.42389955015966,0.1506390753319445,0.1415174941020331,0.29318613,0
3942226,Niclas Füllkrug,Germany,122,4,-1,4,10.186756107809792,42.06178162290094,1,1,3.264301378828434,21.426683506616232,15,1,3,2.674120685420372,7.8514114496882215,1.6783747043347077,Head,Open Play,Normal,From Keeper,Right Center Forward,1,0,0,1,High Pass,,29.343653,1,1,1,428.4731108524478,0.5094097938768782,0.3204456202034542,0.08594657,0
3938645,Romelu Lukaku Menama,Belgium,6,1,0,7,13.081666560496032,25.381570449799124,0,1,3.500942041304468,13.659896268787906,10,0,2,7.793870601812463,5.318816693113978,5.2206174581903895,Left Foot,Open Play,Normal,Regular Play,Center Forward,1,0,1,1,Ground Pass,,30.78701,1,0,1,332.0332414060114,0.5381816816971629,0.26762202087282977,0.27452216,0
3938645,Roman Yaremchuk,Ukraine,19,1,0,23,29.065787448476264,15.58648677999201,1,0,3.160959088664583,12.77861350164764,15,0,1,,,,Right Foot,Open Play,Normal,Regular Play,Left Center Forward,1,0,1,1,Ground Pass,,15.973103,1,0,1,453.033511815733,0.8198520732748596,0.10875188206298853,0.030924592,0
3938645,Artem Dovbyk,Ukraine,20,1,0,2,25.80716954646518,17.166877121959153,1,1,1.4471009688060337,7.148684551417706,9,0,1,3.958044620721305,21.907712699517912,1.5166156066098395,Left Foot,Open Play,Normal,Regular Play,Right Center Forward,1,0,1,1,Ground Pass,,17.083618,1,0,1,443.02850846973405,0.41642312114376395,0.05607360257778613,0.040268533,0
3938645,Arthur Theate,Belgium,22,1,0,17,32.67185332973934,11.021990051862256,1,0,1.8316349017323026,5.593073352353956,16,0,1,,,,Left Foot,Open Play,Normal,Regular Play,Left Back,1,0,1,1,Ground Pass,,19.734234,1,0,1,360.1088423762897,0.5074467792146992,0.056061554979651824,0.008175447,0
3938645,Volodymyr Brazhko,Ukraine,25,1,0,10,30.28696089078598,14.00482803061056,2,0,2.9060359385327525,0.0,16,0,2,,,,Right Foot,Open Play,Normal,From Goal Kick,Center Defensive Midfield,1,0,1,1,Ground Pass,,17.066048,1,0,1,424.16367884528523,0.0,0.09595006739077734,0.018024947,0
3938645,Georgiy Sudakov,Ukraine,26,1,0,4,24.28600419995022,18.572334154853305,1,1,6.7663806012577155,13.289779142065042,11,0,0,2.265323698543342,22.08385261069021,0.22992802428399273,Right Foot,Open Play,Normal,Regular Play,Left Center Midfield,1,0,1,1,Ground Pass,,9.479451,1,0,1,451.04778528764626,0.715568599577031,0.27861234584121436,0.046265554,0
3938645,Roman Yaremchuk,Ukraine,28,1,0,5,9.202716990106783,45.37702224898027,0,1,0.6633482185864343,36.10397916442104,12,2,2,3.4914537834639705,7.422593856401204,3.247752982836886,Head,Open Play,Normal,Regular Play,Left Center Forward,1,0,1,1,High Pass,,22.986954,1,0,1,417.5918936111442,0.7956445217211754,0.07208177968523373,0.10216147,0
3938645,Kevin De Bruyne,Belgium,32,1,0,0,43.449510929353394,7.763554227511421,0,1,11.067302477804358,5.988118149281767,20,0,0,4.908103920273411,38.72721024764083,2.2931113227864017,Right Foot,Free Kick,Normal,From Free Kick,Center Attacking Midfield,1,0,1,1,,,,0,0,0,337.3226342588853,0.7713114346599002,0.25471638785069883,0.005830124,0
3938645,Georgiy Sudakov,Ukraine,33,1,0,9,18.75233318816621,20.635508379355063,1,1,1.0294587080367288,10.074449303515225,15,1,1,4.405622161054578,14.415042174767192,1.7738223439198606,Right Foot,Open Play,Half Volley,From Throw In,Left Center Midfield,1,0,1,1,Low Pass,,16.88668,1,0,1,386.9639286368619,0.4882094067328275,0.0548976331481981,0.04998817,0
3938645,Georgiy Sudakov,Ukraine,43,1,0,0,37.600531911131256,9.806289307807088,2,1,9.645383265039161,0.8268935591129872,20,1,0,2.4546441508264354,35.38796972424609,0.49890711458951387,Right Foot,Free Kick,Normal,From Free Kick,Left Center Midfield,1,0,1,1,,,,0,0,0,368.72169404798564,0.08432277828624452,0.25652252175144746,0.0074785133,0
3938645,Kevin De Bruyne,Belgium,45,1,0,4,25.06671099286861,14.43315988595112,2,1,3.867292475115641,3.352956868058756,16,0,2,2.8777337137231465,22.485046176689096,2.5622847133674256,Right Foot,Open Play,Normal,Regular Play,Center Attacking Midfield,1,0,1,1,Ground Pass,,20.62062,1,0,1,361.7918475750012,0.23230927215892902,0.154280012093165,0.027014952,0
3938645,Youri Tielemans,Belgium,51,2,0,7,27.731750756127894,14.13198090783947,2,1,3.599873422323906,0.0,18,0,1,2.894978606984843,24.894411264873145,1.9418164846760746,Right Foot,Open Play,Normal,Regular Play,Left Defensive Midfield,1,0,1,1,Ground Pass,,13.797463,1,0,1,391.9045722265622,0.0,0.12981053572784043,0.02085355,0
3938645,Youri Tielemans,Belgium,51,2,0,1,22.777181564012697,19.1294916386703,4,1,0.9035839694950221,0.0,16,0,2,2.094793951377624,20.70533935756403,0.8831401356746795,Right Foot,Open Play,Half Volley,From Corner,Left Defensive Midfield,1,0,1,1,High Pass,Straight,53.323635,1,0,1,435.71590428125614,0.0,0.03967057851102435,0.03379251,0
3938645,Jeremy Doku,Belgium,54,2,0,2,20.508047201037943,21.282892059139723,2,1,1.49496852229931,10.09777233562188,18,0,2,2.8233137049619916,18.331385618608234,1.004392733768391,Left Foot,Open Play,Normal,From Corner,Left Wing,1,0,1,1,Ground Pass,,7.5591006,1,0,1,436.47055492343304,0.4744548958648453,0.07289667844257973,0.04610922,0
3938645,Romelu Lukaku Menama,Belgium,64,2,0,1,20.438444167793207,16.316543853666342,1,1,2.238059993911277,0.0,11,0,2,4.010299116672778,16.43450940416614,2.637022696390744,Left Foot,Open Play,Normal,From Counter,Center Forward,1,0,1,1,Ground Pass,,32.05152,1,0,1,333.48477056450895,0.0,0.10950246386356552,0.032758437,0
3938645,Jeremy Doku,Belgium,72,2,0,13,18.117670931993434,24.8786159563118,3,1,2.781999283497463,0.0,16,0,3,2.0200949652909923,16.116316265441736,0.34711977078038103,Right Foot,Open Play,Normal,Regular Play,Left Wing,1,0,1,1,,,,0,0,0,450.74257713989834,0.0,0.15355170617349148,0.049519155,0
3938645,Artem Dovbyk,Ukraine,74,2,0,1,10.176934705499491,19.61029191076284,1,0,1.1797361565459832,0.0,16,0,3,8.912172829106494,2.7650025942624783,8.831827744857037,Left Foot,Open Play,Half Volley,From Throw In,Right Center Forward,1,0,1,1,High Pass,,31.338316,1,0,1,199.57266033161827,0.0,0.11592254354432167,0.054199155,0
3938645,Artem Dovbyk,Ukraine,78,2,0,19,17.506855799943065,17.573320271947594,1,1,0.43779013446424003,0.0,14,0,2,4.349410683039619,13.30672220955039,3.840877451479642,Right Foot,Open Play,Normal,From Throw In,Right Center Forward,1,0,1,1,Ground Pass,,13.260844,1,0,1,307.65358392720276,0.0,0.025006782455228985,0.0340628,0
3938645,Ruslan Malinovskiy,Ukraine,82,2,0,0,39.31272058761642,0.2996829375499611,0,0,29.48740857689948,0.29968293755187,16,0,0,3.2939369660281206,37.735906867982855,1.6106199594132633,Left Foot,Corner,Normal,From Corner,Right Defensive Midfield,1,0,1,1,,,,0,0,0,11.781351588777722,1.0000000000063696,0.7500729569499209,0.00018,0
3938645,Taras Stepanenko,Ukraine,82,2,0,1,9.265527507918796,41.03750591442749,1,0,1.7747430398398238,24.496723641211034,17,3,7,8.229033619988787,3.1051249014166884,6.673254916882605,Head,Open Play,Normal,From Corner,Left Defensive Midfield,1,0,1,1,High Pass,Inswinging,35.52253,1,0,1,380.2341399065082,0.596935001174103,0.1915425795588041,0.06703938,0
3938645,Johan Bakayoko,Belgium,86,2,0,2,18.78297101099823,21.754464982712356,1,1,2.4764484059759972,11.065790156145155,10,1,1,3.0340350261269697,15.776439946454033,1.0124418140725737,Left Foot,Open Play,Normal,From Counter,Right Wing,1,0,1,1,,,,0,0,0,408.6134851300623,0.5086675385921381,0.1318454042507935,0.06330791,0
3938645,Ruslan Malinovskiy,Ukraine,87,2,0,7,22.363586474445466,20.145239865945275,2,1,7.566275234421774,11.720255528471673,14,0,0,3.558041822299088,19.038223559441036,1.5643911109519308,Left Foot,Open Play,Normal,From Goal Kick,Right Defensive Midfield,1,0,1,1,Ground Pass,,7.8714676,1,0,1,450.51981379051335,0.5817878370504934,0.3383301351537529,0.06252074,0
3938645,Georgiy Sudakov,Ukraine,90,2,0,1,16.264070831129573,26.664561307748816,0,1,1.5900004559555225,21.146935754603476,14,0,5,4.373878077778729,12.465780707722125,2.9311188487931616,Right Foot,Open Play,Normal,From Counter,Left Midfield,1,0,1,1,Ground Pass,,18.534832,1,0,1,433.6743137902237,0.7930727046485517,0.09776153045965884,0.18075049,0
3938645,Yannick Ferreira Carrasco,Belgium,92,2,0,6,24.37724348649781,8.885344129315728,0,1,3.4471117984014605,5.475624659258379,9,0,2,4.210522817016843,20.167372368805786,3.7615830060220645,Right Foot,Open Play,Normal,Regular Play,Left Wing,1,0,1,1,High Pass,,70.58364,1,0,1,216.6001973016534,0.61625352710791,0.14140695605353262,0.007042983,0
3930184,Kenan Yildiz,Turkey,6,1,0,4,19.925109786397666,8.83179750188454,0,1,2.0388374851109714,4.525028322382276,15,1,3,4.0277420240290365,15.92262524577822,3.5714319825413767,Right Foot,Open Play,Normal,Regular Play,Left Wing,1,0,1,1,Ground Pass,,9.885848,1,1,0,175.9745348362821,0.5123564394922687,0.10232503142857614,0.008673587,0
3930184,Arda Güler,Turkey,12,1,0,12,29.642199648474133,15.300181009692091,0,1,3.416633001976501,12.807832529896226,10,0,2,2.475199446774791,27.588580445808343,1.5303179604326687,Left Foot,Open Play,Normal,Regular Play,Center Forward,1,0,1,1,Ground Pass,,12.149486,1,1,0,453.5310201470855,0.8371033337306888,0.11526246508336896,0.026633171,0
3930184,David Jurásek,Czech Republic,14,1,0,3,40.624746153053074,10.915884845954354,1,0,1.3565846320878232,7.257534124948671,20,0,1,,,,Left Foot,Open Play,Normal,From Throw In,Left Wing Back,1,0,1,1,,,,0,0,0,443.4550509028545,0.6648599016357761,0.03339306114004781,0.0066083334,0
3930184,Robin Hranáč,Czech Republic,16,1,0,2,7.117583859709697,56.31501819915449,0,1,2.9599665633666885,45.31980816500334,18,3,2,2.2189085296040028,6.1264185774665885,1.1462541681313425,Head,Open Play,Normal,From Throw In,Center Back,1,0,1,1,High Pass,,12.742449,1,1,0,400.82686459355983,0.8047552786848565,0.4158667634563586,0.2578839,0
3930184,Robin Hranáč,Czech Republic,22,1,0,3,8.595929269136644,46.025372704958826,3,1,1.3130663839313654,23.557664167024164,18,2,5,0.9517287205816408,7.787673657976513,0.015026752828418921,Right Foot,Open Play,Half Volley,From Free Kick,Center Back,1,0,1,1,Low Pass,,4.2201896,1,1,0,395.6308483574783,0.5118408126325946,0.15275444257619478,0.07917333,0
3930184,Kenan Yildiz,Turkey,26,1,0,33,16.620770138594658,14.313045017157965,1,1,1.7267637588535827,5.091108529739606,16,0,3,5.238692183985112,11.383573969525559,4.589577904522763,Left Foot,Open Play,Normal,Regular Play,Left Wing,1,0,1,1,Ground Pass,,13.640015,1,1,0,237.89383121354015,0.35569709475772404,0.10389192224275513,0.033986952,0
3930184,Arda Güler,Turkey,26,1,0,35,7.747257579298621,52.22431569404535,1,1,1.952424847018863,5.743222799363831,16,0,2,4.397416454317522,3.737505295921727,2.8215104328236293,Left Foot,Open Play,Volley,Regular Play,Center Forward,1,0,1,1,High Pass,,22.051077,1,1,0,404.59522558437675,0.10997219825742355,0.25201496491299324,0.17483498,0
3930184,Samet Akaydin,Turkey,27,1,0,1,9.135097153287424,38.88698686878945,0,1,0.7740156956677573,28.90349597993765,16,2,5,2.332835198672162,6.895583101001321,1.9331412748165988,Head,Open Play,Normal,From Corner,Right Center Back,1,0,1,1,High Pass,Outswinging,34.477238,1,1,0,355.23640304500395,0.7432691063841588,0.08472988110358676,0.07527008,0
3930184,Hakan Çalhanoğlu,Turkey,41,1,0,13,15.87576769797291,9.995239651329838,1,1,0.5791686705723708,0.0,14,0,1,5.631531105343276,10.246617385443209,5.276337793075683,Right Foot,Open Play,Normal,From Free Kick,Center Attacking Midfield,1,0,1,1,,,,0,0,0,158.68210279008025,0.0,0.03648130166620677,0.011782922,0
3930184,Hakan Çalhanoğlu,Turkey,42,1,0,28,28.419183661745112,12.202711176101861,2,1,2.9014703267815394,3.954409319756454,19,1,1,3.9640637195610124,24.49226772479779,2.965788642889507,Right Foot,Open Play,Normal,From Free Kick,Center Attacking Midfield,1,0,1,1,Ground Pass,,19.730686,1,1,0,346.7910900848685,0.3240598964188288,0.10209548456126805,0.0105593875,0
3930184,David Jurásek,Czech Republic,44,1,0,1,18.88200201249857,12.837350712062085,0,0,7.119611127841248,12.837350712062088,9,0,0,12.176862254997067,7.119611127841247,9.332647180171683,Left Foot,Open Play,Normal,From Counter,Left Wing Back,1,0,1,1,Ground Pass,,23.224556,1,1,0,242.39488198030625,1.0000000000000002,0.37705806424173455,0.07308208,0
3930184,Arda Güler,Turkey,48,1,0,18,23.9240464804765,17.554347244354705,1,1,1.3195192956152693,5.099226983474624,19,0,2,3.751457752495288,20.30329684235712,2.261915748024151,Right Foot,Open Play,Normal,From Throw In,Center Forward,1,0,1,1,Ground Pass,,40.178226,1,1,0,419.9710194083665,0.29048228979943885,0.05515451981302907,0.03921402,0
3930184,Barış Alper Yılmaz,Turkey,45,2,0,4,11.859595271340417,17.457347355285187,0,1,0.8289452929552359,9.980526733235951,15,0,1,4.363560051371116,7.527654932189822,3.782923244920184,Head,Open Play,Normal,From Throw In,Right Wing,1,0,1,1,High Pass,,43.52953,1,1,0,207.03707414488733,0.5717092368110761,0.0698965920834114,0.048628997,0
3930184,Kenan Yildiz,Turkey,46,2,0,1,22.943626565998677,17.731310885862584,1,1,4.1141222603030325,5.976280594563307,17,0,1,2.116340438065391,20.832024443853868,1.0864766231949403,Right Foot,Open Play,Half Volley,From Corner,Left Wing,1,0,1,1,,,,0,0,0,406.82057549085835,0.3370467436408369,0.17931438382108078,0.039678648,0
3930184,Adam Hložek,Czech Republic,49,2,0,8,22.69273011340857,18.608396666989957,1,1,2.7394742244218295,3.9776981387809665,13,1,4,4.42869544858511,18.657492655883814,0.027304508751868184,Left Foot,Open Play,Normal,From Free Kick,Right Center Midfield,1,0,1,1,,,,0,0,0,422.27532340725463,0.21375824096855883,0.1207203457112083,0.03270364,0
3930184,Kenan Yildiz,Turkey,50,2,0,5,13.761177275218856,32.1107193041763,2,1,1.0354035014022813,13.74905899500715,14,0,2,2.0453236359854725,11.937292022504726,0.5683754299721571,Right Foot,Open Play,Normal,From Keeper,Left Wing,1,0,1,1,Ground Pass,,25.59785,1,1,0,441.8813007795623,0.4281766118275325,0.07524091003949475,0.103175014,0
3930184,Kenan Yildiz,Turkey,50,2,0,5,10.846658471621565,39.836050515574634,1,1,2.5394754858081634,19.974101868935232,13,1,5,2.5423657482248667,8.340041779213081,0.897259828766849,Right Foot,Open Play,Normal,From Keeper,Left Wing,1,0,1,1,,,,0,0,0,432.0880348007022,0.5014076850094864,0.23412514485011846,0.12868324,0
3930184,İsmail Yüksek,Turkey,50,2,0,5,21.284971223847123,21.209056076450818,3,1,2.7058461652986914,0.0,16,0,2,3.1614955424887903,18.181163325289866,0.8311674979661134,Right Foot,Open Play,Normal,From Keeper,Left Defensive Midfield,1,0,1,1,,,,0,0,0,451.4341482722156,0.0,0.12712472743524936,0.04587865,0
3930184,Hakan Çalhanoğlu,Turkey,50,2,0,6,17.681628884240272,16.238841629692295,1,1,1.0181756097029235,0.0,17,0,1,3.9505656559203617,13.770685426430036,3.4043850972530194,Right Foot,Open Play,Normal,From Keeper,Center Attacking Midfield,1,0,1,1,Ground Pass,,10.914211,1,1,0,287.12917120617067,0.0,0.05758381291502101,0.07116598,1
3930184,Ladislav Krejčí,Czech Republic,63,2,-1,1,11.094142598686929,21.23087871291393,1,0,1.8117325436298013,19.312013870648673,17,1,1,3.422370337624529,9.109620679968051,0.8897245950380182,Head,Open Play,Normal,From Free Kick,Left Center Back,1,0,1,1,High Pass,,29.566536,1,1,0,235.53839593649397,0.9096191510388081,0.16330532328331823,0.050790045,0
3930184,Tomáš Chorý,Czech Republic,65,2,-1,2,5.656854249492381,63.43494882292201,0,0,2.1279411546111477,63.43494882292201,11,1,2,6.02313583319907,2.1279411546111477,2.479776469951453,Right Foot,Open Play,Half Volley,From Throw In,Center Forward,1,0,1,1,,,,0,0,0,358.84225981527806,1.0,0.37617040509786853,0.55123883,0
3930184,Tomáš Souček,Czech Republic,65,2,-1,2,9.050966799187812,37.836452534167634,3,0,4.381917223195041,25.95980106552551,11,2,1,5.475348617715454,4.381917223195041,2.2506609396737716,Right Foot,Open Play,Half Volley,From Throw In,Center Defensive Midfield,1,0,1,1,,,,0,0,0,342.4564756857968,0.686105576152598,0.48413802861239663,0.1198459,1
3930184,Kenan Yildiz,Turkey,72,2,0,5,9.929753269845131,38.45621143434402,1,1,0.5948626207539446,0.0,10,1,2,3.9704713067530077,6.376233355397694,3.2579283384957094,Left Foot,Open Play,Normal,From Free Kick,Left Wing,1,0,1,1,Ground Pass,,44.820644,1,1,0,381.86069123603323,0.0,0.059907089792496156,0.1691182,0
3930184,Ondřej Lingr,Czech Republic,79,2,0,12,11.039021695784456,31.47201859615231,1,1,2.8965805827085567,9.857556259245982,14,0,1,2.0680842239791764,9.15677455066503,1.8734742658724173,Right Foot,Open Play,Normal,From Throw In,Left Center Midfield,1,0,1,1,Ground Pass,,20.180435,1,1,0,347.4202960930572,0.3132165237234304,0.2623946815698979,0.10603972,0
3930184,Ondřej Lingr,Czech Republic,79,2,0,18,9.386160024205848,39.006992704046354,1,1,2.6116102351326607,15.476711282677117,13,0,1,2.1360652258176396,7.338095484549732,1.716713728286578,Head,Open Play,Normal,From Throw In,Left Center Midfield,1,0,1,1,High Pass,,31.747284,1,1,0,366.12587558320905,0.3967676103641708,0.2782405401567427,0.07450897,0
3930184,Okay Yokuşlu,Turkey,86,2,0,9,24.876695922087396,18.079238702383627,1,1,6.101981674793866,10.050917481178349,13,0,0,1.34228975108414,23.53457123257703,0.1793739728905308,Right Foot,Open Play,Normal,From Goal Kick,Left Defensive Midfield,1,0,1,1,Ground Pass,,15.754364,1,1,0,449.7517237020314,0.5559369864314697,0.24528907270905176,0.040461615,0
3930184,Matěj Jurásek,Czech Republic,90,2,0,9,24.288680491125902,16.682574106460386,1,1,2.845148039919928,10.672284954544626,14,0,2,2.9262411260378887,21.39815123383421,0.9681142411631356,Right Foot,Open Play,Normal,From Goal Kick,Left Wing Back,1,0,1,1,,,,0,0,0,405.1977122413465,0.6397265126136467,0.11713884749562371,0.026611561,0
3930184,Barış Alper Yılmaz,Turkey,91,2,0,4,21.611570974827355,20.33885626725398,0,1,1.99827865097096,16.798662454382715,10,0,1,2.1940892554067166,19.424324585052776,0.7155640276333344,Left Foot,Open Play,Normal,From Free Kick,Right Wing,1,0,1,1,High Pass,,19.52332,1,1,0,439.55463576657155,0.8259393858556807,0.09246336850285004,0.103810854,0
3930184,Cenk Tosun,Turkey,93,2,0,3,15.695222202950811,27.046566935514125,1,1,2.1800377901305845,0.8757545797591287,11,3,3,2.728501194639619,12.98195950354923,1.1969971033028912,Right Foot,Open Play,Normal,From Counter,Center Forward,1,0,1,1,Ground Pass,,21.711058,1,1,0,424.5018778798766,0.03237950982271243,0.1388981794549377,0.08598739,1
3941022,Merih Demiral,Turkey,0,1,0,1,4.317406628984584,85.50741852008466,2,1,2.1194706277020265,26.99506676409125,17,1,5,1.1772615039817145,3.72981473217724,0.7509002340227582,Left Foot,Open Play,Normal,From Corner,Center Back,1,0,0,1,,,,0,0,0,369.17029554597264,0.31570438251214933,0.49091290439800606,0.4581151,1
3941022,Christoph Baumgartner,Austria,2,1,-1,5,22.08098729676732,17.51265845745012,1,1,0.9523857145385728,0.0,15,1,2,3.8055116218008385,18.710360053843367,3.223110611534864,Right Foot,Open Play,Normal,From Kick Off,Center Attacking Midfield,1,0,0,1,Ground Pass,,17.821615,1,0,1,386.69678893158084,0.0,0.043131482380681554,0.043312646,0
3941022,Philipp Lienhart,Austria,6,1,-1,1,8.508818954473059,30.78414652632646,0,0,2.2943566334935497,30.78414652632646,18,1,2,4.02294518751465,8.575053502048211,1.1678950222468814,Head,Open Play,Normal,From Corner,Left Center Back,1,0,0,1,High Pass,Outswinging,32.86944,1,0,1,261.9367294604825,1.0,0.26964454711865904,0.12085788,0
3941022,Marcel Sabitzer,Austria,11,1,-1,0,30.480321520613913,14.774292379806754,4,1,11.62808982296817,0.0,20,0,0,0.8718245619979734,30.149578548838356,0.7384170571394009,Right Foot,Free Kick,Normal,From Free Kick,Left Wing,1,0,0,1,,,,0,0,0,450.32518197606595,0.0,0.38149498571083196,0.042849332,0
3941022,Philipp Lienhart,Austria,11,1,-1,2,16.662832892398583,26.350050409835436,1,1,2.3251615723169032,10.719486389019824,20,1,4,2.8112531798296296,13.881690460236761,0.2880092793255571,Right Foot,Open Play,Half Volley,From Corner,Left Center Back,1,0,0,1,Low Pass,,8.05295,1,0,1,439.06648668536667,0.40681084940234735,0.1395417926430516,0.060313236,0
3941022,Arda Güler,Turkey,18,1,1,1,61.04334525564601,7.492881619919198,1,0,0.49100125548229157,0.0,10,0,1,,,,Left Foot,Open Play,Lob,Regular Play,Center Forward,1,0,0,1,Ground Pass,,4.527693,1,0,1,457.39055968441176,0.0,0.00804348538609748,0.0070581385,0
3941022,Merih Demiral,Turkey,24,1,1,1,7.161005515987262,43.602818972703645,2,1,0.42746583738719995,0.0,17,3,6,5.311095148013963,1.9510695583865467,4.592745549805471,Other,Open Play,Normal,From Corner,Center Back,1,0,0,1,High Pass,Inswinging,34.45693,1,0,1,312.24002717612484,0.0,0.05969354952078497,0.10399367,0
3941022,Marcel Sabitzer,Austria,32,1,-1,2,31.4796759830847,12.087894095801783,4,1,6.033456259712374,0.7100629778298623,16,0,0,3.2797249505550132,28.232279895753226,1.456792377556873,Right Foot,Open Play,Normal,Regular Play,Left Wing,1,0,0,1,Ground Pass,,8.723532,1,0,1,380.5229894536827,0.058741661053803615,0.19166195557268104,0.00823542,0
3941022,Christoph Baumgartner,Austria,45,1,-1,13,10.262553288533995,37.60577373606979,1,1,0.9008789248208281,7.726483365276663,14,1,3,3.884508536155759,7.852219090549973,3.7625313967244693,Left Foot,Open Play,Normal,Regular Play,Center Attacking Midfield,1,0,0,1,Ground Pass,,25.704863,1,0,1,385.93125692296843,0.2054600290770181,0.08778311785502246,0.16866307,0
3941022,Michael Gregoritsch,Austria,49,2,-1,7,13.27742444904131,31.54523661417766,1,1,0.5647044913678994,0.0,11,0,1,2.7061854959318534,11.525623438980675,1.0540929399857646,Head,Open Play,Normal,Regular Play,Left Center Forward,1,0,0,1,High Pass,,39.64341,1,0,1,418.8394958718756,0.0,0.04253117715225813,0.0427339,0
3941022,Marko Arnautović,Austria,50,2,-1,13,10.916501271011702,37.51218825324536,0,1,1.487554078496825,26.717705250643156,12,0,2,8.757160980361817,2.446547513838661,4.597161071687253,Right Foot,Open Play,Normal,Regular Play,Right Center Forward,1,0,0,1,Ground Pass,Through Ball,13.631214,1,0,1,409.50185074498324,0.7122406475002608,0.13626656028034922,0.29855767,0
3941022,Konrad Laimer,Austria,52,2,-1,1,16.179307772584085,27.657559999380705,1,1,2.1560853912822595,13.870184410461116,12,0,2,5.172538802331048,11.014240110666323,0.7391805142152776,Left Foot,Open Play,Normal,From Throw In,Left Defensive Midfield,1,0,0,1,High Pass,,29.952797,1,0,1,447.48017546869096,0.5014970377275396,0.1332619059843683,0.10591905,0
3941022,Stefan Posch,Austria,53,2,-1,8,15.663013758533186,22.373726142159885,1,1,0.7047780353297313,13.441561016567725,14,0,3,1.6522500185200437,14.026404228802505,1.239002292345866,Right Foot,Open Play,Half Volley,From Throw In,Right Back,1,0,0,1,,,,0,0,0,350.4399803943039,0.600774360567467,0.044996323580815935,0.06528039,0
3941022,Ferdi Erenay Kadıoğlu,Turkey,56,2,1,5,18.1463494951464,15.009247495954192,1,1,3.408010489134969,5.890470606556131,12,0,3,5.342846143993206,12.803959947717605,4.39126427968516,Right Foot,Open Play,Normal,Regular Play,Left Wing Back,1,0,0,1,Ground Pass,,20.769209,1,0,1,272.3630507207357,0.39245609136260384,0.18780694651816934,0.050657645,0
3941022,Merih Demiral,Turkey,58,2,1,1,5.714017850864655,56.123735145933,2,0,0.2236360574600512,0.0,18,1,5,3.740032528317618,7.132249173547773,2.330113596046843,Head,Open Play,Normal,From Corner,Center Back,1,0,0,1,High Pass,Inswinging,35.336243,1,0,1,320.6920244810612,0.0,0.039138144699042234,0.1547648,1
3941022,Stefan Posch,Austria,65,2,-2,1,7.156814934033161,57.46035400275773,1,1,0.626566407221216,15.268382464406033,18,4,7,3.3283093957555043,5.337466763975402,2.887816557128197,Head,Open Play,Normal,From Corner,Right Back,1,0,0,1,High Pass,Outswinging,38.71976,1,0,1,411.23311964176867,0.26572029931582475,0.08754821984311392,0.11622289,0
3941022,Michael Gregoritsch,Austria,65,2,-2,1,5.166236541235794,70.62604455223082,0,0,6.2655430406507415,70.62604455223084,18,0,0,3.444467210379051,6.6138893637057965,2.8467278397928055,Left Foot,Open Play,Half Volley,From Corner,Left Center Forward,1,0,0,1,,,,0,0,0,364.87085212868203,1.0000000000000002,1.2127867143984832,0.5777065,1
3941022,Michael Gregoritsch,Austria,68,2,-1,18,10.638138934982935,41.11111671976694,0,0,6.0396601885100685,41.11111671976694,12,0,0,4.857080779082876,7.848043450810104,3.022173577600064,Head,Open Play,Normal,Regular Play,Left Center Forward,1,0,0,1,High Pass,Through Ball,39.213516,1,0,1,437.34577143718064,1.0,0.5677365397672123,0.098569036,0
3941022,Florian Grillitsch,Austria,73,2,-1,1,24.824383174612812,17.46021834187882,4,1,3.1815925845034165,0.0,19,0,1,2.86451314427559,22.562507781056276,0.8710371343960901,Right Foot,Open Play,Half Volley,From Corner,Left Defensive Midfield,1,0,0,1,,,,0,0,0,433.4391504312026,0.0,0.1281640136685104,0.024146283,0
3941022,Florian Grillitsch,Austria,74,2,-1,10,27.902867236182015,15.03294176695543,0,1,1.905173428798136,12.241557112531044,20,0,2,3.2696808936897717,24.633557911979565,1.3430684531199333,Right Foot,Open Play,Normal,From Throw In,Left Defensive Midfield,1,0,0,1,,,,0,0,0,419.4621782926128,0.8143154747954754,0.0682787690839052,0.024710217,0
3941022,Marko Arnautović,Austria,74,2,-1,1,23.348233337878046,19.405817506154442,1,1,0.5499457322710393,0.0,11,0,2,5.88393257239658,17.514482588535294,0.28706168419765987,Right Foot,Open Play,Normal,From Counter,Right Center Forward,1,0,0,1,Ground Pass,,32.838543,1,0,1,453.09155524597253,0.0,0.023554061856100154,0.030356593,0
3941022,Marcel Sabitzer,Austria,83,2,-1,12,23.967686580060246,16.138982567732562,1,1,2.7521782282730918,10.950478665147799,19,1,2,3.7474923091676158,20.293077803424087,1.4135382072597338,Left Foot,Open Play,Half Volley,Regular Play,Right Attacking Midfield,1,0,0,1,,,,0,0,0,386.81407590447,0.6785110907202796,0.11482869734130902,0.02972567,0
3941022,Christoph Baumgartner,Austria,83,2,-1,14,6.407807737440323,62.03472809528006,1,1,0.3801527527479551,0.0,16,0,3,5.48060227236586,1.1461131768954511,2.6971814815223,Head,Open Play,Normal,Regular Play,Left Attacking Midfield,1,0,0,1,High Pass,,33.20512,1,0,1,397.50661067894214,0.0,0.05932649173082271,0.24289556,0
3941022,Christoph Baumgartner,Austria,85,2,-1,1,10.159232254457027,41.07083800070133,3,1,0.5455677155856957,0.0,18,5,6,3.142305479933978,7.542210096715851,2.3745962198085095,Head,Open Play,Normal,From Corner,Left Attacking Midfield,1,0,0,1,High Pass,Outswinging,37.619278,1,0,1,417.24818213430433,0.0,0.05370166779545235,0.0522076,0
3941022,Michael Gregoritsch,Austria,90,2,-1,6,7.810889834071409,52.75412490380005,2,1,0.563791227897942,0.0,14,2,4,4.641546073003118,4.713618076319273,3.675008209244261,Head,Open Play,Normal,From Throw In,Left Center Forward,1,0,0,1,High Pass,,38.810566,1,0,1,412.05665791642514,0.0,0.07218015359001256,0.101370536,0
3941022,Barış Alper Yılmaz,Turkey,93,2,1,2,17.68191166135608,24.88405265295803,1,1,0.6399916349434206,2.5715884990347035,4,0,2,7.488702592230013,10.207697337683223,1.3904354578288078,Right Foot,Open Play,Normal,From Counter,Right Center Forward,1,0,0,1,Ground Pass,,33.955853,1,0,1,439.99762078613725,0.10334283305452709,0.03619470830985577,0.10791902,0
3941022,Christoph Baumgartner,Austria,94,2,-1,6,6.670832032063163,59.714371256006885,0,1,1.5122035004881003,44.344844058032535,12,0,5,2.753627827672574,4.486898711766412,2.2122084102402724,Head,Open Play,Normal,Regular Play,Left Attacking Midfield,1,0,0,1,High Pass,,28.723684,1,0,1,398.3445405490825,0.7426159419466671,0.2266888887652601,0.23239474,0
3941021,Xavi Simons,Netherlands,5,1,0,3,33.01060435678208,10.427831837951906,2,0,3.791493632185142,2.3912938334341414,17,0,2,,,,Right Foot,Open Play,Normal,From Throw In,Center Attacking Midfield,1,0,0,1,High Pass,,38.894985,1,1,1,344.22903110168613,0.22931841159262567,0.11485683785750422,0.008267852,0
3941021,Dennis Man,Romania,13,1,0,13,22.544178849538966,18.844615443895933,1,1,3.330744754335603,8.576781989689197,17,0,2,2.310286308235877,20.267763846192242,0.48114283956104487,Left Foot,Open Play,Normal,Regular Play,Right Midfield,1,0,0,1,High Pass,,56.57296,1,1,1,424.83638091797405,0.45513170673203374,0.1477430061465165,0.03920482,0
3941021,Stefan de Vrij,Netherlands,16,1,0,1,8.200000000000003,52.006691689022865,2,1,0.36668796421992417,0.0,16,0,4,3.8393176040520096,5.976405585300209,2.6043852110469174,Head,Open Play,Normal,From Corner,Right Center Back,1,0,0,1,High Pass,Outswinging,40.831852,1,1,1,426.4548718499876,0.0,0.04471804441706391,0.07967252,0
3941021,Nathan Aké,Netherlands,17,1,0,1,12.238463955905576,34.04832141590988,1,1,1.127349846435506,14.907323174698156,17,1,4,1.9596982525260043,10.563696945450431,0.21265226625705935,Head,Open Play,Normal,From Corner,Left Back,1,0,0,1,High Pass,Outswinging,46.106182,1,1,1,416.69915440770103,0.4378284319100782,0.09211530552341188,0.033201255,0
3941021,Cody Mathès Gakpo,Netherlands,19,1,0,20,19.602550854416883,15.192171672842017,2,1,1.6068419100365006,0.0,14,0,2,3.4293752232438046,16.930319101434936,0.877677852614184,Right Foot,Open Play,Normal,From Corner,Left Wing,1,0,0,1,Ground Pass,,31.891064,1,1,1,297.80531780591724,0.0,0.08197106192811861,0.046985872,1
3941021,Ianis Hagi,Romania,20,1,-1,3,32.6833290838005,10.25692027374285,1,1,6.027559034724991,4.361186209017069,14,0,0,2.6198325131094764,30.617138807943146,0.3084264802472205,Right Foot,Open Play,Normal,From Kick Off,Left Midfield,1,0,0,1,Ground Pass,,18.494595,1,1,1,335.2303006930427,0.4251945118635138,0.18442304390933517,0.007178938,0
3941021,Dennis Man,Romania,23,1,-1,4,12.192620719107104,36.117665093301355,1,1,2.2198293654403405,12.4946899592037,12,1,2,2.753305905354928,9.626325364062472,1.199319450943797,Left Foot,Open Play,Normal,Regular Play,Right Midfield,1,0,0,1,Ground Pass,,14.003571,1,1,1,440.36899174235754,0.34594401179939666,0.18206334934717006,0.10886951,0
3941021,Tijjani Reijnders,Netherlands,25,1,1,31,18.83215335536539,23.946789135402675,1,1,2.767586598378479,3.840866759795327,15,0,3,2.2996661281799105,16.537227926623633,0.003981818304097828,Right Foot,Open Play,Half Volley,From Goal Kick,Left Defensive Midfield,1,0,0,1,,,,0,0,0,450.9696053665009,0.16039172258451265,0.1469607084306149,0.052920066,0
3941021,Stefan de Vrij,Netherlands,25,1,1,1,9.6260064408871,36.536004337197575,0,1,2.6874987031751028,26.805153292004924,17,1,2,2.5628192341245595,7.074164100352742,1.874917418745241,Head,Open Play,Normal,From Corner,Right Center Back,1,0,0,1,High Pass,Inswinging,46.940067,1,1,1,351.69581307414285,0.7336640603776806,0.27919145075155716,0.0656883,0
3941021,Xavi Simons,Netherlands,43,1,1,11,9.932270636667132,43.77886618005776,3,1,1.6220612527143468,17.386184882066793,13,0,3,2.5621636233067595,7.438267987564541,0.303806842094545,Right Foot,Open Play,Normal,Regular Play,Center Attacking Midfield,1,0,0,1,Ground Pass,,16.7869,1,1,1,434.8235470667675,0.39713648157444936,0.16331222859817732,0.14239058,0
3941021,Denis Mihai Drăguş,Romania,46,1,-1,6,20.57036703610317,21.940061269181808,2,1,2.0728323086189584,11.72914794222463,15,0,1,2.1796461269532514,20.10420746412462,2.0472409832124754,Right Foot,Open Play,Normal,Regular Play,Center Forward,1,0,0,1,Ground Pass,,11.121151,1,1,1,451.3151131016614,0.5345995983475226,0.10076788153468133,0.056796633,0
3941021,Tijjani Reijnders,Netherlands,49,2,1,11,18.826576959181928,23.959975698657793,0,1,1.173218848604135,19.104107877973764,13,0,4,4.665114213574374,14.163383193475669,0.36364400804183106,Right Foot,Open Play,Normal,From Free Kick,Left Defensive Midfield,1,0,0,1,Ground Pass,,20.009249,1,1,1,451.0843264309097,0.7973341925820047,0.06231716212393796,0.09582185,0
3941021,Donyell Malen,Netherlands,49,2,1,16,7.3375745311376575,55.952543868593835,0,0,1.5461424931757095,55.952543868593835,15,1,2,4.467150802859181,6.571645938451026,3.143212086098039,Head,Open Play,Normal,From Free Kick,Right Wing,1,0,0,1,High Pass,,21.011663,1,1,1,410.5559608425566,1.0,0.21071574627480985,0.14581987,0
3941021,Donyell Malen,Netherlands,53,2,1,25,13.50740537631118,24.312849326489765,0,1,3.9149442129825385,17.296120023297583,15,0,2,3.7161099165891236,9.804841606773364,2.4736331408122965,Right Foot,Open Play,Normal,From Throw In,Right Wing,1,0,0,1,Ground Pass,,13.241223,1,1,1,328.4035117060715,0.7113983141602744,0.28983687865387026,0.22304013,0
3941021,Memphis Depay,Netherlands,53,2,1,25,6.236184731067547,64.50469270693497,0,1,2.0288812986249507,50.26127675568096,14,2,3,1.9176860783956273,4.839590238254944,0.6873967695408041,Right Foot,Open Play,Half Volley,From Throw In,Center Forward,1,0,0,1,,,,0,0,0,402.263179741192,0.7791879109328322,0.3253401536547547,0.3079616,0
3941021,Tijjani Reijnders,Netherlands,56,2,1,1,23.641488954801467,19.17507848750217,1,0,1.1953323907742321,12.53751341807626,15,1,5,,,,Right Foot,Open Play,Normal,Regular Play,Left Defensive Midfield,1,0,0,1,Low Pass,,8.405355,1,1,1,453.3274062697338,0.6538441772870914,0.05056079137229917,0.03629456,0
3941021,Virgil van Dijk,Netherlands,57,2,1,1,10.40192289915668,42.06265578171582,1,1,0.4266010306210169,0.0,18,1,4,1.8843315538543715,8.795998741860073,0.9368767771265283,Head,Open Play,Normal,From Corner,Left Center Back,1,0,0,1,High Pass,Outswinging,41.523487,1,1,1,437.53250237517494,0.0,0.04101174703531045,0.06589584,0
3941021,Cody Mathès Gakpo,Netherlands,58,2,1,6,14.235870187663275,17.819485074878976,0,1,2.0582707272536918,12.82584866686992,13,0,1,0.48440131320950175,13.772869255307697,0.32035483866214776,Right Foot,Open Play,Half Volley,Regular Play,Left Wing,1,0,0,1,Low Pass,,7.256721,1,1,1,253.6758763369803,0.7197653923766385,0.14458341500173116,0.11165685,0
3941021,Denis Mihai Drăguş,Romania,59,2,-1,4,17.489711261195822,23.558523640411074,1,1,2.568526960401628,8.462453412726768,12,1,2,4.0866814645844745,13.422085835813373,2.058135625027141,Right Foot,Open Play,Normal,From Keeper,Center Forward,1,0,0,1,,,,0,0,0,412.0317762108456,0.35920983597676354,0.14685931185727363,0.05565119,0
3941021,Cody Mathès Gakpo,Netherlands,61,2,1,0,24.03539057306954,18.06387927348281,1,1,2.3581540724100805,9.285779525330339,12,0,2,5.965102302108529,18.099028115369823,2.2886343887484912,Right Foot,Open Play,Normal,From Counter,Left Wing,1,0,0,1,,,,0,0,0,434.1723936029351,0.5140523463839554,0.09811174339943012,0.0472151,0
3941021,Nathan Aké,Netherlands,62,2,1,2,11.216059914247959,32.071003345719674,0,1,2.4279288641734635,24.62951231848824,18,0,2,1.9836130344815093,9.245900242557456,1.4267882940885954,Head,Open Play,Normal,From Corner,Left Back,1,0,0,1,High Pass,,28.328255,1,1,1,359.7102950356386,0.7679682501038868,0.2164689634984227,0.07373578,0
3941021,Memphis Depay,Netherlands,67,2,1,0,26.610148440021902,16.544941717048985,3,1,10.233803377623488,3.2106227944198187,18,1,0,2.649871157569859,24.227315925878553,0.44362924193710285,Right Foot,Free Kick,Normal,From Free Kick,Center Forward,1,0,0,1,,,,0,0,0,440.2633550221843,0.19405464517964327,0.3845827241696914,0.061553013,0
3941021,Joey Veerman,Netherlands,72,2,1,10,13.058713566044702,16.713189778153005,0,1,2.5663523462359334,10.02179863271807,14,0,2,2.8049376015030933,10.280974879528728,2.3403905616356084,Right Foot,Open Play,Normal,Regular Play,Left Defensive Midfield,1,0,0,1,Ground Pass,,6.706713,1,1,1,218.25275808784627,0.5996341072975953,0.19652413181869377,0.11710371,0
3941021,Memphis Depay,Netherlands,78,2,1,8,18.476471524617466,16.048603785302088,0,1,3.182772729939086,11.236751984385272,9,0,2,4.29527848511429,14.292864373948829,2.716059951939954,Right Foot,Open Play,Normal,Regular Play,Center Forward,1,0,0,1,Ground Pass,,18.04245,1,1,1,296.5215708490021,0.7001700667989766,0.17226085217074377,0.028539894,0
3941021,Cody Mathès Gakpo,Netherlands,79,2,1,2,18.168654325513494,19.495357110535366,2,1,1.8974989016927213,7.222546814734417,9,0,2,4.52856635606241,13.641597048166249,2.838018924833044,Right Foot,Open Play,Normal,From Counter,Left Wing,1,0,0,1,Ground Pass,,15.185519,1,1,1,354.2044042937586,0.3704752251412376,0.104438054007563,0.062258154,0
3941021,Donyell Malen,Netherlands,82,2,1,3,5.946427498927407,61.18920625702691,0,0,1.787327535780304,61.18920625702691,15,1,3,5.380341841951698,3.779065961526227,5.311823470841041,Right Foot,Open Play,Normal,From Throw In,Right Wing,1,0,0,1,Ground Pass,,4.3324356,1,1,1,363.85717872432576,1.0,0.3005716518199701,0.39829126,1
3941021,Memphis Depay,Netherlands,84,2,2,1,14.818906842274162,17.03942748450505,1,1,2.926638367901956,0.8432002147252315,12,0,2,3.838175426799689,10.996449612412635,3.096234326970574,Right Foot,Open Play,Normal,Regular Play,Left Wing,1,0,0,1,High Pass,,40.78946,1,1,1,252.50568853856632,0.04948524329775768,0.19749353977670486,0.070296794,0
3941021,Donyell Malen,Netherlands,92,2,2,1,17.20116275139561,24.304988066914813,0,1,1.6707361185163367,17.10926549079912,9,0,3,7.74615267836047,9.561255409976663,3.9135016449994,Right Foot,Open Play,Normal,From Counter,Right Wing,1,0,0,1,Ground Pass,,28.214357,1,1,1,418.0740554097299,0.7039405015832583,0.09712925472906081,0.35144565,1
3941020,Rúben Santos Gato Alves Dias,Portugal,4,1,0,1,13.697079980784224,14.630931053647167,1,1,3.9250535839247434,1.7762328845908322,19,1,1,2.108891818185829,11.848555946011746,2.1069805332397067,Left Foot,Open Play,Half Volley,From Corner,Right Center Back,1,0,0,1,,,,0,0,0,200.40103283514483,0.12140258730479471,0.28656133930963695,0.048859816,0
3941020,Cristiano Ronaldo dos Santos Aveiro,Portugal,30,1,0,4,8.452810183601661,50.135068245692096,1,1,0.3131238077926199,0.0,16,0,3,2.704367420070463,5.75113338555312,0.41387348282638925,Head,Open Play,Normal,From Throw In,Center Forward,1,0,0,1,High Pass,,19.701015,1,1,1,423.7822154227504,0.0,0.03704375243159676,0.07103491,0
3941020,Cristiano Ronaldo dos Santos Aveiro,Portugal,33,1,0,0,23.51531415907514,18.99107095591133,6,1,10.35581707580734,1.4405835812391374,19,1,0,3.5674914150249264,20.504517054860898,1.1758036670318432,Right Foot,Free Kick,Normal,From Free Kick,Center Forward,1,0,0,1,,,,0,0,0,446.58099974554233,0.0758558369132273,0.44038608226761766,0.08345447,0
3941020,Cristiano Ronaldo dos Santos Aveiro,Portugal,38,1,0,0,33.094561486745825,6.344561800017221,1,1,12.844968429517937,4.528739560753061,20,0,0,1.5262085668761889,34.054666168823836,1.3822522551628253,Right Foot,Free Kick,Normal,From Free Kick,Center Forward,1,0,0,1,,,,0,0,0,209.9704905971287,0.7137986362967996,0.3881292832558688,0.0067048697,0
3941020,Benjamin Šeško,Slovenia,43,1,0,5,31.42817207538485,13.96227353799056,0,0,3.1401388334242593,13.962273537990535,10,1,2,,,,Right Foot,Open Play,Normal,Regular Play,Left Center Forward,1,0,0,1,High Pass,,9.265528,1,1,1,438.8087353155598,0.9999999999999982,0.09991477792256574,0.03214056,0
3941020,Jaka Bijol,Slovenia,44,1,0,1,11.329607230614839,15.896892689481586,0,0,2.2206150831413862,15.896892689481577,19,1,2,2.4143928977331326,11.217292322928339,0.49715033725723856,Head,Open Play,Normal,From Corner,Left Center Back,1,0,0,1,High Pass,Inswinging,29.571777,1,1,1,180.10555035905875,0.9999999999999994,0.19600106499198358,0.036003575,0
3941020,João Maria Lobo Alves Palhinha Gonçalves,Portugal,47,1,0,4,21.302112571292074,21.267808846671148,1,1,3.101740720812883,12.368742952761103,17,0,1,1.4521850149835716,19.906769852707672,0.3691573272381774,Right Foot,Open Play,Normal,Regular Play,Left Defensive Midfield,1,0,0,1,Ground Pass,,22.42008,1,1,1,453.04925819651027,0.5815710984583664,0.14560718850922624,0.06763536,0
3941020,Bernardo Mota Veiga de Carvalho e Silva,Portugal,46,2,0,13,16.757386431063765,23.65581865250779,2,1,6.044664557994345,12.596152008822003,15,0,0,1.3288153771848636,15.43453960181073,0.55887116193243,Left Foot,Open Play,Half Volley,From Free Kick,Right Wing,1,0,0,1,,,,0,0,0,396.40969450323917,0.5324758442670369,0.3607164269237794,0.061536763,0
3941020,Timi Elšnik,Slovenia,48,2,0,2,16.794344286098223,14.013438674525263,2,0,2.9567236434734796,0.3410942656933202,20,0,1,5.082976451567529,12.584347466114922,5.082535973018416,Left Foot,Open Play,Volley,From Corner,Left Defensive Midfield,1,0,0,1,High Pass,,51.285084,1,1,1,235.34651373210122,0.024340511534359396,0.17605472372749637,0.030757122,0
3941020,Vitor Machado Ferreira,Portugal,51,2,0,17,33.15674893592554,11.7225577301483,1,0,5.174955059197928,8.509172217736356,17,0,0,,,,Right Foot,Open Play,Normal,From Free Kick,Right Defensive Midfield,1,0,0,1,Ground Pass,,9.64002,1,1,1,388.68190354542037,0.7258801716840604,0.1560754665422228,0.00635036,0
3941020,Cristiano Ronaldo dos Santos Aveiro,Portugal,54,2,0,0,24.579056125083408,18.22045533629675,7,1,10.592436652888471,0.0,19,2,0,2.7091013727359203,22.367705836172714,1.073495797908663,Right Foot,Free Kick,Normal,From Free Kick,Center Forward,1,0,0,1,,,,0,0,0,447.84159433541333,0.0,0.4309537599403047,0.07588849,0
3941020,Vitor Machado Ferreira,Portugal,56,2,0,11,13.76735268670052,31.895445996399587,2,1,1.7318310536246568,17.042341242747458,17,0,3,2.3373596014995988,11.696761339145054,1.3936702136876136,Right Foot,Open Play,Normal,Regular Play,Right Defensive Midfield,1,0,0,1,Ground Pass,,6.264982,1,1,1,439.1158541320432,0.5343189508831834,0.1257925973885766,0.0891514,0
3941020,Vitor Machado Ferreira,Portugal,57,2,0,6,19.266551326067674,23.38522105721374,2,1,2.6179683174235615,11.859744817631075,20,0,2,2.3284486930473114,18.051811461993143,2.0228537664006936,Left Foot,Open Play,Half Volley,From Corner,Right Defensive Midfield,1,0,0,1,,,,0,0,0,450.5525617702471,0.50714700488036,0.13588152197645492,0.052142147,0
3941020,João Maria Lobo Alves Palhinha Gonçalves,Portugal,58,2,0,8,13.656500283747663,30.392060568943737,2,1,0.41967576311242144,0.0,19,0,2,2.6177989466913876,11.042100217917723,1.1629386287584325,Head,Open Play,Normal,From Corner,Left Defensive Midfield,1,0,0,1,High Pass,,28.746653,1,1,1,415.04918378345633,0.0,0.030730842777623595,0.037417345,0
3941020,Adam Gnezda Čerin,Slovenia,58,2,0,1,24.305760634055453,15.998835214445215,4,1,4.069671811094472,0.0,18,0,1,3.179824848923344,21.306097222757487,2.441230691234651,Right Foot,Open Play,Half Volley,From Throw In,Right Defensive Midfield,1,0,0,1,,,,0,0,0,388.86385914600265,0.0,0.1674365131940099,0.020967843,0
3941020,Benjamin Šeško,Slovenia,60,2,0,2,18.317205026968495,21.33491453050649,0,1,1.983623453554744,14.401878227668558,5,0,1,8.39510101160583,9.923054877410143,4.478781410087606,Left Foot,Open Play,Normal,From Counter,Left Center Forward,1,0,0,1,,,,0,0,0,390.7960036881367,0.6750380090379794,0.10829291098910818,0.25142625,0
3941020,Cristiano Ronaldo dos Santos Aveiro,Portugal,71,2,0,0,31.170819687650173,14.593241638773845,4,0,10.993389720259303,1.8030793531980196,20,0,0,4.909515757609868,29.191965331781454,4.171031857656182,Right Foot,Free Kick,Normal,From Free Kick,Center Forward,1,0,0,1,,,,0,0,0,454.883303780528,0.12355577998566726,0.3526820863364997,0.029365536,0
3941020,Cristiano Ronaldo dos Santos Aveiro,Portugal,88,2,0,8,16.79196236298783,18.4627337619205,0,1,1.7585916176521637,11.196247106383572,12,0,1,7.325971773611821,9.468266934306337,5.405504218793226,Left Foot,Open Play,Normal,Regular Play,Center Forward,1,0,0,1,Ground Pass,Through Ball,25.085653,1,1,1,310.0255304480338,0.6064241217341225,0.10472817766245002,0.093401864,0
3941020,Bruno Miguel Borges Fernandes,Portugal,91,3,0,1,36.90596157804319,11.227642184246731,2,1,3.4560344474518763,3.2205013861006933,18,1,1,5.618783958678414,31.409739930767,1.3716504882486262,Right Foot,Open Play,Normal,From Throw In,Right Defensive Midfield,1,0,0,1,Low Pass,,15.915401,1,1,1,414.36693106382677,0.28683683833630813,0.09364434090529176,0.0052186823,0
3941020,Benjamin Verbič,Slovenia,94,3,0,3,23.99708315608378,18.26715359781229,1,1,2.9509393999681337,7.982419787078757,12,0,2,3.5289590973235634,20.47019077621385,0.8480368426820633,Right Foot,Open Play,Normal,From Goal Kick,Left Midfield,1,0,0,1,,,,0,0,0,438.35840391165647,0.4369821354124239,0.12297075360261052,0.04497154,0
3941020,Jon Gorenc Stankovič,Slovenia,95,3,0,4,21.408409562599456,18.593352753657342,1,1,2.3204437335004857,1.2443072894391847,20,2,1,3.153479260259713,18.25648460826309,1.6401609319487065,Left Foot,Open Play,Half Volley,From Corner,Left Defensive Midfield,1,0,0,1,High Pass,,18.023596,1,1,1,398.0541108921828,0.06692215793057696,0.10838935637490356,0.039114628,0
3941020,Diogo José Teixeira da Silva,Portugal,99,3,0,4,9.693812459502192,36.07278833873746,1,1,0.4305169335436936,0.0,20,3,4,2.2208779790854365,8.490788244961346,0.33140589422100675,Head,Open Play,Normal,From Corner,Left Wing,1,0,0,1,High Pass,,29.932257,1,1,1,349.6828450470386,0.0,0.044411518723130115,0.07446987,0
3941020,Cristiano Ronaldo dos Santos Aveiro,Portugal,104,3,0,0,11.900420160649796,37.156345075648375,0,1,11.48606159676193,31.19587873150402,4,0,0,0.5582012614037429,11.540363543387576,0.4168768589734384,Right Foot,Penalty,Normal,Other,Center Forward,1,0,0,1,,,,0,0,0,442.1761180343067,0.8395841589906339,0.9651811819839778,0.7835,0
3941020,João Maria Lobo Alves Palhinha Gonçalves,Portugal,107,4,0,1,14.475496537252184,27.324903841970233,1,1,4.126724576438926,19.744899931117633,21,1,1,3.207091912060775,12.365440870688635,3.085430575577547,Head,Open Play,Normal,From Free Kick,Left Defensive Midfield,1,0,0,1,High Pass,,34.59841,1,1,1,395.541550945189,0.7225972338387541,0.2850834557432241,0.050350625,0
3941020,Kléper Laveran Lima Ferreira,Portugal,107,4,0,1,10.135580891098451,38.74671141316949,1,1,0.621444428328104,26.48543505146333,20,3,7,3.5966099354736434,6.814177390666581,2.719980107176788,Head,Open Play,Normal,From Corner,Left Center Back,1,0,0,1,High Pass,Inswinging,45.93147,1,1,1,392.720427792227,0.6835531090378236,0.061313153632258616,0.050621446,0
3941020,Josip Iličić,Slovenia,111,4,0,0,27.46069918993324,14.987641821167347,5,1,9.720898570288478,3.5676150505274595,19,1,0,1.1593478049898929,26.93617366685588,0.6831564807597417,Left Foot,Free Kick,Normal,From Free Kick,Right Midfield,1,0,0,1,,,,0,0,0,411.57112361753974,0.23803711705258696,0.35399311951430723,0.045270752,0
3941020,Benjamin Šeško,Slovenia,114,4,0,0,22.57875107263465,19.12138362646339,0,1,3.934506971227666,11.833203091665395,6,0,1,13.171243862195057,9.44012168765211,3.628344549046936,Right Foot,Open Play,Normal,From Counter,Left Center Forward,1,0,0,1,,,,0,0,0,431.7369610662689,0.6188465920054349,0.17425706845212852,0.17587057,0
3941020,Žan Celar,Slovenia,114,4,0,0,27.267746514884575,16.129747361429448,1,1,6.129667158968504,9.993359898879106,6,0,0,13.36001904895383,13.94237316570637,2.8600692668630074,Right Foot,Open Play,Volley,Regular Play,Right Center Forward,1,0,0,1,,,,0,0,0,439.8218624005865,0.6195608446277286,0.2247955164033272,0.039013498,0
3941020,Cristiano Ronaldo dos Santos Aveiro,Portugal,119,4,0,3,13.697079980784226,30.230066305910942,1,1,0.8618058094342259,0.0,19,2,2,3.012810389198178,10.690325246889872,1.3837708776427178,Head,Open Play,Normal,From Corner,Center Forward,1,0,0,1,High Pass,,31.323154,1,1,1,414.0636360164725,0.0,0.06291894408467076,0.022550302,0
3941020,Rúben Diogo Da Silva Neves,Portugal,119,4,0,3,33.45399826627604,13.615459059453201,5,1,5.157411395297915,2.774050854930623,20,0,0,2.2743285797850277,31.20903492228817,0.47889903599617156,Right Foot,Open Play,Volley,From Corner,Right Defensive Midfield,1,0,0,1,,,,0,0,0,455.49154376949974,0.2037427341096224,0.15416427520105855,0.01152262,0
3941020,Cristiano Ronaldo dos Santos Aveiro,Portugal,120,5,0,0,11.900420160649796,37.156345075648375,0,1,9.254748973836755,29.721979075804537,2,0,0,2.792298840677448,9.254748973836755,0.8092307520700999,Right Foot,Penalty,Normal,Other,Center Forward,1,0,0,1,,,,0,0,0,442.1761180343067,0.7999166499097837,0.7776825396836593,0.7835,1
3941020,Jure Balkovec,Slovenia,121,5,-1,0,11.900420160649796,37.156345075648375,0,1,11.612625434378144,31.233002102457025,2,0,0,0.5726082114022263,11.612625434378144,0.4863766866271959,Left Foot,Penalty,Normal,Other,Left Back,1,0,0,1,,,,0,0,0,442.1761180343067,0.8405832715480563,0.9758164230853562,0.7835,0
3941020,Bruno Miguel Borges Fernandes,Portugal,122,5,1,0,11.800423721205943,37.449331471984074,0,1,11.220482728923011,31.31878023261392,2,0,0,0.5833243606953084,11.220482728923013,0.05625616734631933,Right Foot,Penalty,Normal,Other,Left Defensive Midfield,1,0,0,1,,,,0,0,0,441.91797944530515,0.8362974451504847,0.9508542230360127,0.7835,1
3941018,Fabián Ruiz Peña,Spain,1,1,0,18,24.901807163336564,18.249802777405947,2,1,1.216395345118856,0.0,20,0,2,3.560671592439917,21.42504626115339,0.6706105440190768,Left Foot,Open Play,Normal,Regular Play,Left Center Midfield,1,0,1,1,,,,0,0,0,454.4530695318869,0.0,0.04884767346965001,0.03403919,0
3941018,Pedro González López,Spain,4,1,0,5,12.619429464123963,30.386823952946788,0,1,2.2871532208718692,23.770838007622388,18,0,3,2.2222965466685345,10.39801905313013,1.184909023783291,Left Foot,Open Play,Normal,Regular Play,Right Center Midfield,1,0,1,1,Ground Pass,,26.248047,1,1,1,383.46438151296445,0.7822745162321313,0.1812406200592558,0.2088165,0
3941018,Fabián Ruiz Peña,Spain,5,1,0,19,11.542096863222033,31.84253152012157,2,1,1.948691122688513,1.125095854374307,18,0,2,5.4878498508607265,6.518294496537205,4.518248688151736,Head,Open Play,Normal,Regular Play,Left Center Midfield,1,0,1,1,High Pass,,11.0435505,1,1,1,367.5295831754439,0.035333115825396895,0.16883337107470145,0.0355224,0
3941018,Daniel Carvajal Ramos,Spain,9,1,0,1,11.898319209031161,22.805906360236694,2,1,1.098354551943726,0.0,19,2,4,3.084726617987067,8.829600886588805,2.406815219235469,Head,Open Play,Normal,From Corner,Right Back,1,0,1,1,High Pass,Inswinging,30.717422,1,1,1,271.3519537253702,0.0,0.09231174022546343,0.047663942,0
3941018,Nicholas Williams Arthuer,Spain,10,1,0,9,20.96783250600786,20.50044561660966,3,1,2.7835784515452815,0.0,18,0,3,3.124933477941695,17.843689550223893,0.9668908931572986,Right Foot,Open Play,Normal,From Throw In,Left Wing,1,0,1,1,High Pass,,37.12277,1,1,1,429.84990998759434,0.0,0.1327547065605236,0.04628006,0
3941018,Fabián Ruiz Peña,Spain,12,1,0,30,18.291254740995768,22.383843756693384,0,1,3.1031549213452942,17.773697041466427,20,0,2,3.7688677456066446,14.917851926009577,2.8871185327056423,Left Foot,Open Play,Normal,From Corner,Left Center Midfield,1,0,1,1,Ground Pass,,7.4464755,1,1,1,409.4285882363264,0.7940413288558451,0.1696523811671741,0.068191275,0
3941018,Nicholas Williams Arthuer,Spain,12,1,0,32,19.143667360252582,13.106319218222671,1,1,2.7298684716252666,0.0,16,0,3,3.304688394582139,15.844625750846367,2.6989780410072797,Right Foot,Open Play,Normal,From Corner,Left Wing,1,0,1,1,Ground Pass,,12.24949,1,1,1,250.90301543094048,0.0,0.14259903393919235,0.02863869,0
3941018,Aymeric Laporte,Spain,15,1,0,1,9.818350166906864,39.21170718201508,1,1,0.11837070307037291,0.0,20,1,4,4.130206806105208,6.176755246639409,3.3899179790304004,Head,Open Play,Normal,From Corner,Left Center Back,1,0,1,1,High Pass,Inswinging,46.134586,1,1,1,384.99427175524085,0.0,0.012056068591782968,0.05098217,0
3941018,Fabián Ruiz Peña,Spain,21,1,0,9,22.01658465793457,15.546489352344443,1,1,1.5959902280382663,2.0868802498415406,20,0,3,3.301709086141138,18.722123767760625,2.066056437074394,Left Foot,Open Play,Half Volley,Regular Play,Left Center Midfield,1,0,1,1,Low Pass,,11.920151,1,1,1,342.2805989595698,0.13423482321601016,0.07249036364334949,0.030612372,0
3941018,Rodrigo Hernández Cascante,Spain,25,1,0,12,33.76403411916296,12.985569931246435,2,1,2.0912475660811642,6.7473284310174675,21,0,1,3.5468842990271656,30.252418968401496,0.5358871945958015,Right Foot,Open Play,Normal,From Throw In,Center Defensive Midfield,1,0,1,1,Ground Pass,,15.494515,1,1,1,438.4452262153812,0.5196020249201198,0.06193713579072192,0.016834991,0
3941018,Pedro González López,Spain,26,1,0,11,19.902261178067185,20.643547350557952,1,1,3.2931380746800847,10.58165747671138,19,1,1,3.9707540254049687,15.986417364908494,2.246875253256576,Left Foot,Open Play,Half Volley,Regular Play,Right Center Midfield,1,0,1,1,,,,0,0,0,410.8532710126012,0.5125891057878373,0.1654655240033333,0.06233343,0
3941018,Aymeric Laporte,Spain,28,1,0,9,35.32378801884078,12.310243938865431,2,1,7.787504247113878,7.816778661928639,21,0,0,2.967332304879276,32.35717137372406,0.8561126087959039,Left Foot,Open Play,Normal,From Throw In,Left Center Back,1,0,1,1,Ground Pass,,27.596014,1,1,1,434.84444735670206,0.6349816218710179,0.22046062112478504,0.006787614,0
3941018,Giorgi Kochorashvili,Georgia,29,1,0,1,20.68139260301395,21.62267606210181,1,1,2.8365764799690627,7.683342342252511,11,0,1,2.606343150631924,18.077327646675272,0.5286276186911181,Right Foot,Open Play,Normal,Regular Play,Right Center Midfield,1,0,1,1,Ground Pass,,10.653169,1,1,1,447.1870527681192,0.35533725428737056,0.13715597080032615,0.050696027,0
3941018,Lamine Yamal Nasraoui Ebana,Spain,30,1,0,8,27.069170655932556,16.005769665751078,1,1,1.8250545988957851,7.045593780865841,21,0,2,2.900488918060355,24.91917769587663,1.075136655494866,Left Foot,Open Play,Normal,Regular Play,Right Wing,1,0,1,1,Ground Pass,,35.645477,1,1,1,433.2629105617645,0.4401908766650506,0.06742188824672399,0.031005034,0
3941018,Nicholas Williams Arthuer,Spain,37,1,0,3,14.223923509355636,15.821850747025225,1,1,2.4793614113765545,5.864095479900557,13,0,1,4.147340816731857,10.102810945798375,3.4752892383542147,Right Foot,Open Play,Normal,Regular Play,Left Wing,1,0,1,1,High Pass,,35.51014,1,1,1,225.04879480212813,0.3706327138121377,0.17430924805984654,0.042119805,0
3941018,Rodrigo Hernández Cascante,Spain,38,1,0,9,18.29890707118871,24.185516053476743,3,1,2.0822024343965193,3.1197117347793815,20,0,3,2.7676410324296166,16.120809015108875,2.034684782228169,Left Foot,Open Play,Normal,Regular Play,Center Defensive Midfield,1,0,1,1,Ground Pass,,17.85189,1,1,1,442.56851073131367,0.1289909104226417,0.11378834956077286,0.06652527,1
3941018,Lamine Yamal Nasraoui Ebana,Spain,46,1,1,14,28.938728375656037,14.888864420083342,2,1,1.958487366780872,0.0,21,0,3,3.0767635071067017,25.91123502832037,0.5165263191938436,Left Foot,Open Play,Normal,From Throw In,Right Wing,1,0,1,1,Ground Pass,,17.64001,1,1,1,430.86480327476136,0.0,0.06767703616266703,0.015696,0
3941018,Fabián Ruiz Peña,Spain,45,2,1,3,24.61970755309656,17.881816967352965,0,1,1.0787433157847388,14.458658489603058,17,0,1,4.574649669387181,20.088220520219345,1.70901199986735,Right Foot,Open Play,Normal,From Counter,Left Center Midfield,1,0,1,1,Ground Pass,,4.9739323,1,1,1,440.24510425423,0.808567636946536,0.043816252222259204,0.059734892,0
3941018,Khvicha Kvaratskhelia,Georgia,47,2,-1,2,63.72103263444497,7.058802090591769,1,0,2.67809802685845,2.3012170165625223,16,0,3,,,,Left Foot,Open Play,Normal,From Counter,Left Center Forward,1,0,1,1,Ground Pass,,7.574299,1,1,1,449.79415837468645,0.32600673414964687,0.04202847813566004,0.0055915527,0
3941018,Lamine Yamal Nasraoui Ebana,Spain,50,2,1,0,20.619408332927506,21.74537451202831,4,1,9.481230461967579,7.181925256759057,21,1,0,2.2732031270482476,18.405979830585906,0.16104698134399342,Left Foot,Free Kick,Normal,From Free Kick,Right Wing,1,0,1,1,,,,0,0,0,448.3767564159459,0.33027369810468993,0.45982068490427197,0.08360341,0
3941018,Fabián Ruiz Peña,Spain,50,2,1,4,6.222539674441621,57.159595728526504,0,0,4.28456705522405,57.159595728526504,17,0,1,3.9141760143225586,5.724942985926787,1.2817833350017693,Head,Open Play,Normal,From Free Kick,Left Center Midfield,1,0,1,1,High Pass,,31.360006,1,1,1,355.67785219579997,1.0,0.6885560043630458,0.29910773,1
3941018,Lamine Yamal Nasraoui Ebana,Spain,52,2,2,1,20.500975586542218,20.60464147868086,1,1,3.434316327583278,5.262009669156262,15,1,2,3.9819122296208125,16.584145211375343,0.8783011566682006,Left Foot,Open Play,Normal,Regular Play,Right Wing,1,0,1,1,Ground Pass,,9.630161,1,1,1,422.4152519238915,0.2553798218037785,0.16751965354457185,0.07618404,0
3941018,Álvaro Borja Morata Martín,Spain,54,2,2,29,25.344230112591706,17.842071752210206,0,1,0.7090909998567152,14.66050965211824,19,0,2,3.9504715252408964,21.613209942994747,0.7906781407372421,Right Foot,Open Play,Normal,Regular Play,Center Forward,1,0,1,1,Ground Pass,,7.7175126,1,1,1,452.1935721733878,0.8216820252559601,0.02797839968728896,0.046154205,0
3941018,Daniel Olmo Carvajal,Spain,59,2,2,3,25.05693516773351,17.694369995909003,3,1,4.424686015127516,4.8310943455811985,20,0,1,4.270066396477951,21.451736069898768,2.9030912614571847,Right Foot,Open Play,Normal,From Corner,Right Center Midfield,1,0,1,1,Ground Pass,,31.21618,1,1,1,443.36668182138095,0.27303002857395675,0.1765852840943334,0.030945767,0
3941018,Daniel Olmo Carvajal,Spain,60,2,2,23,20.662042493422575,19.708569056401007,1,1,1.5577455313008777,7.862316281273961,19,0,2,4.194044414968254,16.546439864118067,2.5227683648397417,Right Foot,Open Play,Normal,Regular Play,Right Center Midfield,1,0,1,1,Ground Pass,,15.913831,1,1,1,407.21929132791087,0.39892882424766474,0.07539165267890435,0.071499854,0
3941018,Lamine Yamal Nasraoui Ebana,Spain,62,2,2,0,15.174320413118995,29.41434683624398,1,1,0.7735113317592408,8.097314667267804,15,0,3,3.233040678478501,11.990385552818335,0.8122027826078124,Left Foot,Open Play,Normal,Regular Play,Right Wing,1,0,1,1,,,,0,0,0,446.3427236357791,0.2752845307885742,0.050975022979645256,0.075688556,0
3941018,Heorhii Tsitaishvili,Georgia,67,2,-2,7,20.251419703319566,13.24959488259292,0,1,5.216802128408598,8.822154122244337,13,0,0,4.74664094464005,15.533137153514026,4.1328583698725865,Left Foot,Open Play,Normal,Regular Play,Left Wing Back,1,0,1,1,Ground Pass,,40.676773,1,1,1,268.32310686634435,0.6658433107139543,0.2576017980385578,0.052708115,0
3941018,Fabián Ruiz Peña,Spain,69,2,2,18,28.33972476930572,15.182292486451715,1,1,6.0884083858329365,11.763733773047347,20,0,0,3.8715762090389747,25.31669950414652,1.1036757312231131,Left Foot,Open Play,Normal,From Goal Kick,Left Center Midfield,1,0,1,1,Ground Pass,,10.720075,1,1,1,430.26199043313983,0.774832508565159,0.21483653900644756,0.024543561,0
3941018,Nicholas Williams Arthuer,Spain,74,2,2,2,13.699999999999998,22.29565754124905,0,1,5.107278514397692,20.505203191816147,10,0,0,4.549608782823131,9.665150747929593,2.086613499458373,Right Foot,Open Play,Normal,From Counter,Left Wing,1,0,1,1,High Pass,Through Ball,55.52387,1,1,1,305.4505083151119,0.9196949295565563,0.372794052145817,0.21495746,1
3941018,Daniel Olmo Carvajal,Spain,76,2,3,10,11.783462988442746,37.30394827798342,1,1,2.4941355551521336,12.807002043378976,14,1,3,3.4216033666170156,8.391619368637759,0.02679664259705561,Right Foot,Open Play,Normal,Regular Play,Center Attacking Midfield,1,0,1,1,Ground Pass,,10.7912,1,1,1,439.5696938564002,0.343314920660492,0.21166405475184916,0.26680577,0
3941018,Lamine Yamal Nasraoui Ebana,Spain,79,2,3,21,8.96270048590267,32.8893603638505,0,1,1.1006585288653135,14.303250114322585,15,0,3,7.302632872033793,1.7115454318930534,5.72190374127468,Left Foot,Open Play,Normal,From Keeper,Right Wing,1,0,1,1,Ground Pass,,12.920139,1,1,1,294.7774861141109,0.4348898840259489,0.12280434123582805,0.2859731,0
3941018,Lamine Yamal Nasraoui Ebana,Spain,81,2,3,2,15.321879780235848,24.39262793368323,1,1,1.4749690369706652,10.908490473595238,12,0,3,4.597847935860191,10.7272560967738,2.8160070314457712,Left Foot,Open Play,Normal,Regular Play,Right Wing,1,0,1,1,Ground Pass,,21.82407,1,1,1,373.74091272391723,0.4472043972979209,0.09626554039885314,0.08169625,0
3941018,Daniel Olmo Carvajal,Spain,82,2,3,5,17.763445611704956,25.301264922449413,0,1,2.2147615268338074,20.55221032803455,14,0,3,3.3281231288612223,14.481749925514663,0.22047645458352605,Left Foot,Open Play,Normal,Regular Play,Center Attacking Midfield,1,0,1,1,Low Pass,,19.007366,1,1,1,449.43764335726854,0.8122997166753865,0.12468085163468644,0.1281342,1
3941018,Nicholas Williams Arthuer,Spain,89,2,4,25,18.474035834110534,20.49676282442046,2,1,2.544726568872821,13.053319377859756,16,0,3,3.5628863413239538,15.396872952030867,0.45152411064318443,Right Foot,Open Play,Normal,From Keeper,Left Wing,1,0,1,1,Ground Pass,,16.456001,1,1,1,378.65793090160827,0.6368478520084956,0.13774610982264243,0.06438794,0
3941018,Daniel Olmo Carvajal,Spain,89,2,4,31,20.54117815511077,21.998737344090603,2,1,0.5983397525080452,0.0,19,0,2,4.531983064237502,16.83448418698662,2.595113861021858,Right Foot,Open Play,Normal,From Keeper,Center Attacking Midfield,1,0,1,1,Ground Pass,,13.945967,1,1,1,451.87998297245343,0.0,0.029128794268267158,0.053031437,0
3941018,Daniel Olmo Carvajal,Spain,91,2,4,5,11.985407794480759,18.6971240904703,1,1,1.5298754168993032,12.843627631022564,17,0,2,6.577764210954208,5.483334527648729,5.5389624472246695,Right Foot,Open Play,Half Volley,Regular Play,Center Attacking Midfield,1,0,1,1,Low Pass,,10.761505,1,1,1,224.0926568082967,0.6869306514133265,0.12764483638210505,0.061232504,0
3941018,Rodrigo Hernández Cascante,Spain,92,2,4,4,14.0089257261219,31.855132382449256,0,1,0.7685661321506604,25.456298450950282,20,1,4,4.168969996420794,10.750502431227664,2.388790745245217,Head,Open Play,Normal,From Free Kick,Right Defensive Midfield,1,0,1,1,High Pass,,21.124393,1,1,1,446.2561835415122,0.7991270651562433,0.05486260311292428,0.033381354,0
3941017,David Strelec,Slovakia,3,1,0,1,13.376471881628582,31.946867797555644,0,1,1.2545447001838959,24.68645873251051,15,1,3,3.938785035697127,9.476182071047713,1.6670192938014452,Right Foot,Open Play,Volley,From Free Kick,Center Forward,1,1,0,1,High Pass,,39.704533,1,1,1,427.3363788001087,0.772734869939248,0.09378741354862814,0.092393875,0
3941017,Lukáš Haraslín,Slovakia,7,1,0,16,19.865548066942427,21.872338141306045,1,1,1.8131116790193205,2.7973706835928094,13,1,2,2.4871497151355175,17.59637078798256,1.5863329314798946,Right Foot,Open Play,Normal,From Free Kick,Left Wing,1,1,0,1,Low Pass,,5.5731497,1,1,1,434.50598468253344,0.12789536562211232,0.09126914963078502,0.053368397,0
3941017,Kieran Trippier,England,8,1,0,15,19.946177578674067,19.816673951590698,0,1,2.902568475021067,15.904282720222847,14,0,1,2.380454632695033,17.577049654071235,1.0125694428706211,Right Foot,Open Play,Normal,From Goal Kick,Left Back,1,1,0,1,Low Pass,,42.30981,1,1,1,395.2668976571128,0.8025707421474834,0.1455200357849224,0.08902558,0
3941017,Lukáš Haraslín,Slovakia,11,1,0,3,15.126797413861274,25.869527320933496,1,1,0.9873516772445219,18.146403236371057,10,0,3,5.586613035049732,9.580022584158995,3.3562744181696402,Right Foot,Open Play,Normal,From Goal Kick,Left Wing,1,1,0,1,Ground Pass,,35.40226,1,1,1,391.3230989761104,0.7014586316653368,0.06527169302470945,0.079396516,0
3941017,Harry Kane,England,22,1,0,19,10.480935072788112,35.27986445657337,1,1,1.107429590623426,0.0,17,1,1,3.217115087787833,7.373982488437095,2.471302710402014,Head,Open Play,Normal,Regular Play,Center Forward,1,1,0,1,High Pass,,31.995312,1,1,1,369.76596874611056,0.0,0.10566133488400957,0.051736627,0
3941017,Kobbie Mainoo,England,23,1,0,2,23.69662423215594,18.411944672202292,5,1,6.628297306143272,6.5547548783015905,20,1,0,0.7093805030813226,23.177198300779736,0.3072205034730189,Right Foot,Open Play,Volley,From Corner,Right Defensive Midfield,1,1,0,1,,,,0,0,0,436.3009342804233,0.35600557111154746,0.27971483369132294,0.030446114,0
3941017,Ivan Schranz,Slovakia,24,1,0,19,8.184130986244053,46.43510755863397,0,1,2.3679945081233575,36.93325713422022,9,0,2,4.79637437626317,3.6784302612208037,1.790113504574009,Right Foot,Open Play,Normal,From Goal Kick,Right Wing,1,1,0,1,Ground Pass,Through Ball,9.865597,1,1,1,380.03100262019177,0.7953735670275838,0.28933976155849656,0.52801526,1
3941017,Declan Rice,England,38,1,-1,3,11.104053313993049,32.96940390346212,1,1,1.1441830415351035,20.858942671271123,16,0,2,3.3945517413866324,7.710258290378144,2.1558226047451257,Head,Open Play,Normal,From Free Kick,Left Defensive Midfield,1,1,0,1,High Pass,,40.188183,1,1,1,366.09401867461395,0.6326757599970051,0.10304192614900658,0.04069054,0
3941017,Kobbie Mainoo,England,47,1,-1,4,23.307724041613326,18.92742261549354,1,1,2.2760253904015437,2.983045174773799,18,0,2,2.494781767341994,20.98958373139445,1.419607329582206,Right Foot,Open Play,Normal,From Free Kick,Right Defensive Midfield,1,1,0,1,Ground Pass,,10.9,1,1,1,441.15514314091456,0.15760440475038312,0.09765112141957558,0.043453604,0
3941017,Bukayo Saka,England,47,1,-1,2,28.537869577107543,15.618633494329703,3,1,1.9510272032031615,0.0,19,0,1,1.717170821756353,26.849288195185903,0.6512748594156506,Left Foot,Open Play,Normal,From Corner,Right Wing,1,1,0,1,Ground Pass,,12.560255,1,1,1,445.7225256338245,0.0,0.06836625270613168,0.026043994,0
3941017,Harry Kane,England,51,2,-1,1,16.860011862392025,24.24248572336819,1,1,0.5772296078752202,0.0,11,0,2,1.8911019223313899,14.969489118861743,0.8015134819549203,Right Foot,Open Play,Normal,From Counter,Center Forward,1,1,0,1,High Pass,,18.82817,1,1,1,408.728596869857,0.0,0.03423660745831322,0.10859543,0
3941017,Jude Bellingham,England,58,2,-1,11,8.302409288875126,51.44030013837071,1,1,0.5528213064886854,0.0,17,1,3,4.043927482420904,5.759506198764156,2.473996647414509,Head,Open Play,Normal,Regular Play,Center Attacking Midfield,1,1,0,1,High Pass,,28.62953,1,1,1,427.0784256913334,0.0,0.06658564848512617,0.08132238,0
3941017,Phil Foden,England,60,2,-1,0,25.437374078312413,14.839605613623355,5,1,9.567483008399675,0.0,20,1,0,0.5361172365440859,24.915889806051833,0.3985921148309828,Left Foot,Free Kick,Normal,From Free Kick,Left Wing,1,1,0,1,,,,0,0,0,377.4805991683621,0.0,0.3761191300228113,0.054180622,0
3941017,Harry Kane,England,77,2,-1,1,8.31504660239496,51.32967026455451,0,1,1.7058164915620082,41.489701590350975,19,2,5,2.631093389446759,6.995906814106293,2.1590833095425808,Head,Open Play,Normal,From Free Kick,Center Forward,1,1,0,1,High Pass,,36.863533,1,1,1,426.80860033533753,0.8082986190347986,0.2051481576868958,0.16138653,0
3941017,Declan Rice,England,80,2,-1,19,26.704681237565822,16.91449591979457,2,1,2.909128171622276,7.351049086940096,18,0,1,1.2672277602714441,25.43813072369385,0.11639611392411098,Right Foot,Open Play,Normal,Regular Play,Left Defensive Midfield,1,1,0,1,Ground Pass,,17.29046,1,1,1,451.69622183222174,0.43460054155899286,0.10893701167007257,0.026050739,0
3941017,Harry Kane,England,80,2,-1,19,12.599999999999994,35.225155685847675,0,1,2.151541441999643,34.56988711579135,13,1,2,4.3316160304537945,11.369390780299245,3.8852787737570793,Right Foot,Open Play,Volley,Regular Play,Center Forward,1,1,0,1,,,,0,0,0,443.8369616416805,0.9813977097532152,0.17075725730155905,0.12184181,0
3941017,Stanislav Lobotka,Slovakia,86,2,1,4,31.022088904520913,14.502955169906619,1,1,3.113918421379131,6.617297308140286,16,1,1,2.9521652632854196,28.413477920571786,1.738357062142299,Right Foot,Open Play,Normal,Regular Play,Center Defensive Midfield,1,1,0,1,,,,0,0,0,449.91196465912435,0.45627234109301146,0.10037745784827963,0.021908578,0
3941017,Jude Bellingham,England,94,2,-1,2,9.940824915468541,43.72005790269528,2,1,1.9484445149659295,18.684570775567803,19,1,3,1.8789525819195378,8.153811789746719,0.36003743412602063,Right Foot,Open Play,Overhead Kick,From Throw In,Right Defensive Midfield,1,1,0,1,High Pass,,10.885311,1,1,1,434.61344090484056,0.4273683904342662,0.19600430864988164,0.103242844,1
3941017,Eberechi Eze,England,90,3,0,1,23.622235287965445,19.12946461499959,4,1,6.083295069810848,7.95475216703241,20,0,0,5.088625796066524,18.563194091034877,0.03147951093514223,Right Foot,Open Play,Volley,From Free Kick,Left Wing Back,1,1,0,1,,,,0,0,0,451.88071406832967,0.4158376790532347,0.25752410792851754,0.028122703,0
3941017,Harry Kane,England,90,3,0,2,4.34165866921848,84.64417495714483,1,0,1.2226150927107338,52.21548719911023,18,0,3,3.0990403759400116,4.980166412539827,2.4838879684900803,Head,Open Play,Normal,From Free Kick,Right Center Forward,1,1,0,1,High Pass,,12.705904,1,1,1,367.49611600153366,0.6168822275785288,0.28160092394614944,0.49724415,1
3941017,Peter Pekarík,Slovakia,104,3,-1,8,5.594640292279739,69.44395478041662,1,0,0.4055802374860416,0.0,15,0,2,3.2487918839008443,5.530102930171395,2.4013941743931113,Other,Open Play,Normal,From Free Kick,Right Wing Back,1,1,0,1,High Pass,,20.66301,1,1,1,388.51394746977104,0.0,0.07249442614670285,0.5063636,0
3941017,Matúš Bero,Slovakia,106,4,-1,5,30.74020169094536,12.620724876025287,1,1,0.9993542741707284,4.800363585489051,19,0,2,6.561516513113544,24.198831534098556,3.8776765670687325,Right Foot,Open Play,Half Volley,From Throw In,Right Wing,1,1,0,1,Low Pass,,7.1589108,1,1,1,387.96362817494867,0.3803556160714641,0.03250968501176399,0.014195163,0
3941017,Ľubomír Tupta,Slovakia,110,4,-1,0,32.01999375390321,13.89082301999714,2,1,9.994014497442203,11.055099013312105,21,1,0,3.5302141852720665,30.078882091990035,3.2485451587248093,Right Foot,Free Kick,Normal,From Free Kick,Left Wing,1,1,0,1,,,,0,0,0,444.7840663368833,0.795856300047683,0.3121179402548741,0.02863606,0
3941017,Róbert Boženík,Slovakia,116,4,-1,3,17.98054504179448,7.26954014990228,0,1,1.0891291317658307,6.361291361941425,20,0,2,4.25527396252479,13.904055583329555,3.6697910988496574,Right Foot,Open Play,Normal,From Throw In,Center Forward,1,1,0,1,Ground Pass,,16.422241,1,1,1,130.71029409845133,0.875061039731232,0.06057264277774832,0.008433037,0
3941017,Dávid Hancko,Slovakia,118,4,-1,18,8.994442728707547,44.23967909679209,1,0,0.44515002047892155,0.0,19,0,2,4.236925108777542,7.620297262144277,2.059981356536177,Head,Open Play,Normal,Regular Play,Left Wing Back,1,1,0,1,High Pass,,35.556293,1,1,1,397.91125997249685,0.0,0.04949167323709083,0.0678651,0
3941017,Milan Škriniar,Slovakia,119,4,-1,11,8.90505474435727,45.67088010572804,1,1,1.0904229406352064,36.70090810606282,18,1,3,1.6634212464338334,8.729585011447961,1.346393541212393,Head,Open Play,Normal,Regular Play,Left Center Back,1,1,0,1,High Pass,,29.672379,1,1,1,406.70168756448555,0.8035953767718129,0.12244988626556821,0.07292546,0
3941017,Ivan Toney,England,120,4,1,4,20.209403751719144,22.28210370130906,0,1,2.237232093525039,18.10561626136491,9,0,1,3.7434839259003008,16.466028138315025,0.414549014384491,Right Foot,Open Play,Normal,Regular Play,Center Forward,1,1,0,1,,,,0,0,0,450.30803013743036,0.8125631450275145,0.11070252843727393,0.123356834,0
3941017,Dávid Hancko,Slovakia,120,4,-1,7,12.803515142334934,34.69172950875504,1,1,0.5707429365211985,0.0,17,1,4,1.726417399601972,12.354933494591583,1.6466605262076115,Head,Open Play,Normal,From Goal Kick,Left Wing Back,1,1,0,1,High Pass,,31.057688,1,1,1,444.1760840791328,0.0,0.04457705014414612,0.045808684,0
3930182,Alexander Hartmann Bah,Denmark,15,1,0,34,8.653900854527974,47.38109580216377,0,1,1.2278161356649113,46.378487024149244,17,0,3,3.7254189877819512,6.715419042153847,1.5715044549024029,Head,Open Play,Normal,Regular Play,Right Wing Back,1,0,0,1,High Pass,Through Ball,32.015152,1,1,1,410.03130545081683,0.9788394767778094,0.14188007885744172,0.18430655,0
3930182,Christian Dannemann Eriksen,Denmark,20,1,0,0,25.532724100651702,17.72060711134856,0,1,5.00388356481264,14.67420896872416,12,1,0,2.9866724952625585,22.571913343111603,0.06501373101198027,Right Foot,Open Play,Normal,Regular Play,Left Attacking Midfield,1,0,0,1,,,,0,0,0,452.4553722701093,0.8280872588911788,0.19597922826749695,0.05411584,0
3930182,Christian Dannemann Eriksen,Denmark,21,1,0,3,20.525106577067998,12.466521900709159,0,1,2.177762375867428,10.163686233644793,20,0,1,4.639880817964604,16.171356479634913,2.9247345311103032,Right Foot,Open Play,Normal,From Corner,Left Attacking Midfield,1,0,0,1,Ground Pass,,4.816638,1,1,1,255.8766906574078,0.8152784164335869,0.10610236627470512,0.012576064,0
3930182,Aleksandar Mitrović,Serbia,28,1,0,3,9.600520819205586,45.235968732500496,1,1,0.5716171295056548,0.0,15,0,3,1.5457097112603722,8.059729224780193,0.1289357872602679,Head,Open Play,Normal,From Throw In,Center Forward,1,0,0,1,High Pass,,37.91596,1,1,1,434.2888595933039,0.0,0.05954022081407812,0.061910562,0
3930182,Rasmus Winther Højlund,Denmark,31,1,0,2,21.927608168699116,15.30454558381076,0,1,1.986987237754173,12.128503220518834,19,0,1,3.9368451667044506,18.475091778404984,1.1759439895295287,Left Foot,Open Play,Normal,From Corner,Center Forward,1,0,0,1,Ground Pass,,12.986531,1,1,1,335.5920787617968,0.7924771862124699,0.0906157763522301,0.04584343,0
3930182,Jonas Older Wind,Denmark,38,1,0,27,16.504847772699996,27.239432995565494,1,1,3.298954675615958,15.78063076795858,13,0,1,2.2135310801009207,14.7748458500042,1.2615130546061337,Right Foot,Open Play,Half Volley,From Free Kick,Right Attacking Midfield,1,0,0,1,,,,0,0,0,449.5826950064699,0.5793303689738192,0.19987792199287205,0.10859825,0
3930182,Andreas Skov Olsen,Denmark,50,2,0,21,21.43944961980134,14.749601766539561,1,1,2.5646129932218424,8.54587940156135,14,0,3,4.296158392053706,17.143966364997887,3.192038613544554,Left Foot,Open Play,Normal,From Free Kick,Right Attacking Midfield,1,0,0,1,Ground Pass,,10.29563,1,1,1,316.22334398585775,0.5793972974204794,0.11962121410305152,0.03971446,0
3930182,Andreas Christensen,Denmark,59,2,0,10,29.45980312222062,15.134171072073798,2,0,4.282550766204449,9.518371853459247,16,0,2,,,,Right Foot,Open Play,Normal,Regular Play,Left Center Back,1,0,0,1,Ground Pass,,7.8108897,1,1,1,445.84970020130066,0.6289324871596663,0.1453692934890747,0.020697463,0
3930182,Morten Hjulmand,Denmark,61,2,0,16,29.541157729513582,14.753438626582785,0,1,6.303927530635811,12.167059088668777,16,0,0,3.3177558910523177,26.585724299840155,2.2566453128703756,Right Foot,Open Play,Normal,Regular Play,Left Defensive Midfield,1,0,0,1,Ground Pass,,10.020978,1,1,1,435.8336575205803,0.824693103528159,0.21339473518120677,0.021786047,0
3930182,Jannik Vestergaard,Denmark,64,2,0,1,10.316006979447042,41.21552009051208,0,1,2.132818768523806,33.41579653184861,19,0,4,2.6298412981885013,8.82185794916061,1.4243597307288098,Head,Open Play,Normal,From Corner,Center Back,1,0,0,1,High Pass,Outswinging,44.027493,1,1,1,425.1795929152624,0.8107576092322809,0.20674848056744227,0.045023,0
3930182,Morten Hjulmand,Denmark,66,2,0,23,32.79466420014085,13.17430969002971,1,0,3.6081033856695237,10.52991752147563,16,0,1,,,,Right Foot,Open Play,Normal,Regular Play,Left Defensive Midfield,1,0,0,1,Ground Pass,,14.698639,1,1,1,432.04706235318605,0.7992766049400409,0.11002104987719397,0.01887132,0
3930182,Aleksandar Mitrović,Serbia,80,2,0,7,20.52315765178448,13.969682415721337,2,1,6.398600857481196,4.791525484700186,12,0,0,3.433407750043048,17.159598397501895,3.0509043881501725,Right Foot,Open Play,Normal,From Throw In,Right Center Forward,1,0,0,1,,,,0,0,0,286.70199456321046,0.3429945894337478,0.31177467746659543,0.031952977,0
3930182,Aleksandar Mitrović,Serbia,82,2,0,8,10.581587782558906,37.18287705686686,1,1,0.5361024618301192,0.0,12,0,1,1.4058526157628088,9.432074751032847,0.05417808211392128,Head,Open Play,Normal,Regular Play,Right Center Forward,1,0,0,1,High Pass,,28.648386,1,1,1,393.4538775853322,0.0,0.05066370688846429,0.06519839,0
3930182,Dušan Vlahović,Serbia,88,2,0,14,14.57978051961002,28.064014250369034,1,0,3.161787743643609,15.725786174663222,16,0,1,,,,Head,Open Play,Normal,From Free Kick,Left Center Forward,1,0,0,1,Low Pass,,14.903691,1,1,1,409.16716826958844,0.5603541259054353,0.21686113445884578,0.060776833,0
3930182,Sergej Milinković-Savić,Serbia,91,2,0,8,18.87988347421668,23.7215710632468,1,1,6.913849631209334,14.458100363496463,21,0,0,2.530101333404691,16.87877466831403,1.7328792819101153,Right Foot,Open Play,Normal,From Throw In,Center Defensive Midfield,1,0,0,1,Ground Pass,,11.400438,1,1,1,447.8604974994498,0.609491686910115,0.3662019228376719,0.10460368,0
3930179,Mikel Merino Zazón,Spain,11,1,0,2,14.453373308677806,27.77567633602119,1,1,1.1925426579171479,21.09833650074125,17,1,2,3.749006328993589,10.938548395712639,2.701704311824521,Head,Open Play,Normal,Regular Play,Left Defensive Midfield,1,0,1,1,High Pass,,44.777225,1,1,1,401.4522189855224,0.759597579029233,0.08250964203637812,0.025040166,0
3930179,José Luis Sanmartín Mato,Spain,11,1,0,2,12.467958934805655,35.4267565084014,1,1,1.3854029299621693,0.0,19,0,2,1.7443784924402663,10.843020796482405,0.75926124007038,Head,Open Play,Normal,From Corner,Center Forward,1,0,1,1,High Pass,,32.824684,1,1,1,441.6993453401076,0.0,0.11111705911178993,0.060585164,0
3930179,Ferrán Torres García,Spain,12,1,0,5,18.398369492974098,17.22748822645097,0,1,2.3562275645533965,10.936477286372062,15,0,1,7.636009850477219,10.934567672614731,6.371737312082367,Left Foot,Open Play,Normal,Regular Play,Right Wing,1,0,1,1,Ground Pass,Through Ball,21.701843,1,1,1,316.957693826106,0.6348271519686932,0.1280671945116215,0.10358183,1
3930179,Daniel Olmo Carvajal,Spain,20,1,1,2,29.70016834969122,12.347965022787582,0,1,2.809213759980269,9.60438220506763,14,0,2,4.826460335970138,25.062667754303916,1.833147320916197,Right Foot,Open Play,Normal,Regular Play,Center Attacking Midfield,1,0,1,1,Ground Pass,,7.3539104,1,1,1,366.73663995288996,0.7778109338132396,0.09458578574048639,0.0103651,0
3930179,Daniel Vivian Moreno,Spain,25,1,1,1,10.317460927960907,42.33353778779839,0,1,1.6791880433722284,34.96051921884542,19,2,4,1.8200388562377245,9.331645779527005,1.3842027832372565,Head,Open Play,Normal,From Corner,Right Center Back,1,0,1,1,High Pass,Outswinging,41.789234,1,1,1,436.7746220679665,0.8258350481854114,0.16275206226577832,0.046571102,0
3930179,Daniel Olmo Carvajal,Spain,35,1,1,18,10.186265262597473,32.542107052172135,2,1,0.7137593546794553,4.0301876917996395,18,1,4,4.025257173926642,6.24134447941617,3.3185828225807157,Right Foot,Open Play,Normal,From Corner,Center Attacking Midfield,1,0,1,1,Ground Pass,,19.113346,1,1,1,331.4825346372693,0.12384532093568387,0.07007076060548696,0.10403911,0
3930179,Ferrán Torres García,Spain,40,1,1,11,14.56708618770412,22.97971675824861,1,1,2.2940799244244356,13.067242130974376,15,0,1,3.133911717692041,11.45666419361133,1.939011027714841,Head,Open Play,Normal,From Throw In,Right Wing,1,0,1,1,High Pass,,43.435585,1,1,1,334.74751458643624,0.5686424366516122,0.15748378878686373,0.030360926,0
3930179,Mikel Merino Zazón,Spain,43,1,1,12,14.629422408283935,27.526699975981263,2,1,4.059773457601258,4.725026360346413,15,0,3,3.2823130839298758,11.84003162915587,2.7332661559335207,Left Foot,Open Play,Normal,From Corner,Left Defensive Midfield,1,0,1,1,Ground Pass,,15.701274,1,1,1,402.6997214547291,0.17165248157132126,0.2775074329183635,0.100341134,0
3930179,Kristjan Asllani,Albania,44,1,-1,11,24.56013029281401,18.38810028102149,1,1,1.2342516212744115,0.0,19,0,1,3.2559191535813308,21.45649678513041,0.5575409590985814,Right Foot,Open Play,Normal,From Goal Kick,Left Defensive Midfield,1,0,1,1,,,,0,0,0,451.6141387392177,0.0,0.05025427823709625,0.027896741,0
3930179,José Luis Sanmartín Mato,Spain,45,1,1,7,22.41628872048181,14.740954084871998,1,1,0.48678745543336466,0.0,14,0,1,4.596338085681697,17.84244825984472,2.917443923161507,Right Foot,Open Play,Normal,From Keeper,Center Forward,1,0,1,1,High Pass,,51.2806,1,1,1,330.43748278185643,0.0,0.021715791650586028,0.014968767,0
3930179,José Luis Sanmartín Mato,Spain,46,2,1,26,10.324727599312238,40.28734831021155,1,1,0.755410933362574,4.623917784643709,20,0,2,3.1760195557595967,7.447410455126614,0.032472313472112546,Left Foot,Open Play,Volley,From Kick Off,Center Forward,1,0,1,1,High Pass,,28.60944,1,1,1,415.9558970015464,0.1147734457239444,0.07316521681529828,0.06717369,0
3930179,Mikel Oyarzabal Ugarte,Spain,47,2,1,2,12.369316876852986,33.65144550317228,0,0,1.75238783611336,33.65144550317226,12,0,2,12.772655371355803,1.75238783611336,6.50434090013092,Left Foot,Open Play,Normal,From Counter,Left Wing,1,0,1,1,Ground Pass,Through Ball,25.17876,1,1,1,416.24539279288746,0.9999999999999993,0.14167215971260688,0.18723619,0
3930179,Kristjan Asllani,Albania,49,2,-1,4,24.368011818775866,17.951678169798374,2,1,1.9938550781588624,0.0,16,0,1,4.232506378058898,20.226597060261334,1.9240006564213203,Right Foot,Open Play,Normal,Regular Play,Left Defensive Midfield,1,0,1,1,Ground Pass,,28.008749,1,1,1,437.4467058085075,0.0,0.0818226408041452,0.044980317,0
3930179,Daniel Olmo Carvajal,Spain,49,2,1,7,59.122246236082745,7.725246068013322,0,0,6.174884240186351,7.725246068013312,7,0,0,,,,Right Foot,Open Play,Lob,Regular Play,Center Attacking Midfield,1,0,1,1,,,,0,0,0,456.7339002674137,0.9999999999999987,0.10444265286418995,0.006101164,0
3930179,Armando Broja,Albania,63,2,-1,1,16.43471934655411,24.238057733161956,0,1,4.33205893613102,17.96360079026907,19,0,1,6.184998959256349,10.507273758448827,1.7421330404898185,Right Foot,Open Play,Half Volley,From Free Kick,Center Forward,1,0,1,1,High Pass,,32.907448,1,1,1,398.3456763500923,0.7411320241923379,0.26359190228820845,0.117052965,0
3930179,Kristjan Asllani,Albania,64,2,-1,4,25.810462994684922,16.646355837156943,1,1,4.981329564379083,7.526057624195204,15,1,1,3.36878814501689,22.444128797554818,1.0219397410214484,Left Foot,Open Play,Normal,From Throw In,Left Defensive Midfield,1,0,1,1,Ground Pass,,24.827806,1,1,1,429.6501513312966,0.4521144265939584,0.19299652103896292,0.030892402,0
3930179,Jasir Asani,Albania,68,2,-1,2,32.117907777437814,10.444195475355812,0,1,2.0438118364540214,9.748413493813601,18,0,1,5.276814739523149,27.62588155949291,1.2898022095836197,Left Foot,Open Play,Normal,Regular Play,Right Wing,1,0,1,1,High Pass,,48.64278,1,1,1,335.4457070870113,0.9333809882068961,0.06363465050764477,0.008626999,0
3930179,Fermin Lopez Marin,Spain,75,2,1,4,31.6395322342161,11.074172659552072,1,1,1.765986135057414,7.952531695912651,14,0,1,4.693314978143746,26.996349516635426,2.531887541552436,Right Foot,Open Play,Normal,Regular Play,Center Attacking Midfield,1,0,1,1,,,,0,0,0,350.38164282917245,0.7181151983442449,0.05581581048621239,0.008684722,0
3930179,Fermin Lopez Marin,Spain,76,2,1,4,24.007707095847362,17.881982680253213,1,1,2.1180941056438147,12.86952996806078,12,0,2,4.892313416353716,19.116321868032514,1.5703278724121574,Left Foot,Open Play,Normal,Regular Play,Center Attacking Midfield,1,0,1,1,Ground Pass,,27.446129,1,1,1,429.30540248053467,0.7196925641960494,0.08822558927379548,0.02939205,0
3930179,Kristjan Asllani,Albania,76,2,-1,4,26.940118782217716,13.682985986342048,0,1,2.004225080129568,10.639360117296414,15,0,2,4.39227622855882,22.59246803211261,3.0610844748569193,Left Foot,Open Play,Normal,Regular Play,Left Defensive Midfield,1,0,1,1,Ground Pass,,23.168297,1,1,1,368.6212677674752,0.777561281427629,0.07439555468673326,0.025797911,0
3930179,Medon Berisha,Albania,77,2,-1,5,26.48773300982928,16.631750843211677,1,1,3.217556409264761,3.4837888106328365,16,0,1,2.58597562568853,23.913345808007765,0.8857572015113746,Right Foot,Open Play,Normal,Regular Play,Center Attacking Midfield,1,0,1,1,Ground Pass,,15.411684,1,1,1,440.53737582099393,0.20946614962397422,0.12147345369536774,0.03180046,0
3930179,Daniel Olmo Carvajal,Spain,78,2,1,7,17.824140933015535,18.063830378938142,1,1,4.166128141077077,6.848041251055655,13,0,2,4.4747815009263645,13.377498650021808,3.5227978130710724,Right Foot,Open Play,Normal,Regular Play,Left Wing,1,0,1,1,Ground Pass,,25.858847,1,1,1,321.97225846428086,0.3791023889949861,0.2337351436309722,0.06142092,0
3930179,Álvaro Borja Morata Martín,Spain,79,2,1,1,7.902531240052141,46.878365873206334,0,0,0.8794684306515628,46.878365873206334,20,1,5,3.1252603496914495,8.490205236873827,2.4466974102547,Head,Open Play,Normal,From Corner,Center Forward,1,0,1,1,High Pass,Outswinging,35.544903,1,1,1,370.4577507956072,1.0,0.11128945953344438,0.09585059,0
3930179,Arbër Hoxha,Albania,83,2,-1,3,16.14187101918486,16.404759953161793,2,1,0.5533933553863518,0.0,14,0,1,4.470508748997633,11.672983013625945,3.7672419368505317,Right Foot,Open Play,Normal,Regular Play,Left Wing,1,0,1,1,Ground Pass,,17.780045,1,1,1,264.8035192646267,0.0,0.034283098578141,0.05797654,0
3930179,Berat Djimsiti,Albania,91,2,-1,1,11.587924749496779,36.14701023151734,2,1,0.7196164695928239,0.0,19,2,4,3.328940538590798,11.159697822055572,2.661796832883617,Head,Open Play,Normal,From Free Kick,Left Center Back,1,0,1,1,High Pass,,37.619278,1,1,1,418.8688344821131,0.0,0.0621005473498673,0.04627785,0
3930179,Armando Broja,Albania,91,2,-1,1,11.228535078094563,39.14398641457103,1,1,1.3361939963301217,7.866430652396871,17,2,5,2.002615708761697,9.232622360537114,0.29035765768845323,Right Foot,Open Play,Normal,From Free Kick,Center Forward,1,0,1,1,,,,0,0,0,439.52962455246785,0.20096140870998913,0.11899985056259614,0.111852095,0
3940983,Joshua Kimmich,Germany,6,1,0,2,30.389636391375266,14.245061981599115,1,1,4.240556921817741,6.429084944613236,17,0,1,3.299289087669604,27.298979444805827,2.030383138006883,Right Foot,Open Play,Normal,Regular Play,Right Back,1,0,0,1,Ground Pass,,28.234907,1,1,1,432.90225399340073,0.45132025068883014,0.1395395741892204,0.024539126,0
3940983,Nico Schlotterbeck,Germany,6,1,0,1,12.57338458808924,28.640398451405535,2,1,0.45385418416533857,0.0,19,1,3,2.8380375362717305,9.805455032189544,2.198016384118425,Head,Open Play,Normal,From Corner,Left Center Back,1,0,0,1,High Pass,Outswinging,48.9703,1,1,1,360.1067444856373,0.0,0.036096421053983696,0.029666193,0
3940983,Kai Havertz,Germany,9,1,0,8,17.5504985684168,19.46343116276485,0,1,3.4229951946211488,14.367711337764906,9,0,1,4.116718930761363,13.497131500709996,2.294749424006561,Left Foot,Open Play,Volley,From Throw In,Center Forward,1,0,0,1,High Pass,,48.176342,1,1,1,341.5929207585834,0.7381900558854969,0.19503692053404334,0.07374886,0
3940983,Robert Andrich,Germany,10,1,0,1,9.774456506629921,43.696206445396314,1,1,1.2860212258166792,23.739695504454577,17,3,5,1.7924089062490005,8.152088192031385,1.0644857408503157,Head,Open Play,Normal,From Corner,Right Defensive Midfield,1,0,0,1,High Pass,Outswinging,43.35366,1,1,1,427.1066694052483,0.5432896225012163,0.13156958905534882,0.054684527,0
3940983,Jamal Musiala,Germany,12,1,0,3,29.881097704067027,15.209551422706113,2,0,0.7363099293727179,0.0,14,0,2,,,,Right Foot,Open Play,Normal,From Throw In,Left Wing,1,0,0,1,Ground Pass,,12.149898,1,1,1,454.47809209691303,0.0,0.02464132799487152,0.024523731,0
3940983,Toni Kroos,Germany,15,1,0,0,27.95943490129942,16.14028714842852,5,1,10.048344610952235,3.2877252410740128,20,1,0,1.4754915969011364,27.117586295451233,1.0640342917823133,Right Foot,Free Kick,Normal,From Free Kick,Left Defensive Midfield,1,0,0,1,,,,0,0,0,451.27330781476684,0.20369682464999506,0.35939011809159405,0.056089107,0
3940983,Christian Dannemann Eriksen,Denmark,20,1,0,35,19.001052602421794,23.7748653160852,1,1,1.7769328806613847,6.978172074745398,10,0,3,7.15264863133917,12.022704694208873,1.3207659109134084,Right Foot,Open Play,Normal,Regular Play,Left Attacking Midfield,1,0,0,1,High Pass,Through Ball,65.333374,1,1,1,451.7474664864283,0.29351047763977123,0.0935176023056167,0.12234442,0
3940983,Joakim Mæhle,Denmark,23,1,0,31,14.663219291819926,16.777659218975053,0,1,1.1967335816649503,10.11315829908157,17,0,1,4.708931088444732,10.199916933004761,4.54040474618202,Left Foot,Open Play,Normal,From Free Kick,Left Wing Back,1,0,0,1,Ground Pass,,7.495332,1,1,1,246.01449633125543,0.6027752839111118,0.08161465486181224,0.092478566,0
3940983,Christian Dannemann Eriksen,Denmark,30,1,0,0,19.303885619221848,23.300887690234816,6,1,8.283303381904503,5.484284440739127,20,1,0,1.8304523332639853,18.03395887754968,1.1302888269148426,Right Foot,Free Kick,Normal,From Free Kick,Left Attacking Midfield,1,0,0,1,,,,0,0,0,449.7976707986273,0.23536804750308027,0.4291003140661174,0.08993592,0
3940983,Rasmus Winther Højlund,Denmark,32,1,0,3,24.47059459841546,10.953879237333632,1,1,0.7631372267283574,0.0,12,0,2,6.115246011481508,18.700964547361938,5.803900894909091,Left Foot,Open Play,Normal,Regular Play,Center Forward,1,0,0,1,Ground Pass,,31.453457,1,1,1,268.04793809679165,0.0,0.031185888175262102,0.008721689,0
3940983,Kai Havertz,Germany,41,1,0,2,8.505292469985967,50.357252491234085,0,1,0.999754193566215,40.80798335226694,15,1,3,1.790216626866872,7.2083607600819315,1.1807258302761383,Head,Open Play,Normal,From Free Kick,Center Forward,1,0,0,1,High Pass,,31.99953,1,1,1,428.30316042287535,0.8103695363318435,0.11754495181608546,0.13610949,0
3940983,Nico Schlotterbeck,Germany,41,1,0,4,11.5433963806152,27.716229879264468,1,1,0.6232089136178619,0.0,15,0,2,4.348888010845592,7.205670687885658,3.39888257986604,Head,Open Play,Normal,From Free Kick,Left Center Back,1,0,0,1,High Pass,,34.10176,1,1,1,319.9394276726003,0.0,0.05398834910186531,0.039883997,0
3940983,Rasmus Winther Højlund,Denmark,46,1,0,6,12.723600119463047,15.332518899637053,0,1,0.8480454656790258,6.008577526735514,15,0,1,5.346383050316579,7.382163526342636,4.982453003241062,Right Foot,Open Play,Normal,From Throw In,Center Forward,1,0,0,1,,,,0,0,0,195.08483930309143,0.39188456678685374,0.0666513767893245,0.061353974,0
3940983,Rasmus Winther Højlund,Denmark,49,1,0,3,12.083045973594569,35.985421513037664,0,1,1.788280985736582,30.206425777048427,10,0,2,10.583353269000302,1.788280985736582,1.3793850036946225,Left Foot,Open Play,Normal,Regular Play,Center Forward,1,0,0,1,Ground Pass,,18.300274,1,1,1,434.81350252121314,0.8394073073759749,0.14799918742712428,0.48120555,0
3940983,Kai Havertz,Germany,52,2,0,0,12.0,36.86989764584404,0,1,9.874326808158765,31.1671137537231,13,0,0,0.47155082597253645,12.061359065170176,0.46864701194017755,Left Foot,Penalty,Normal,Other,Center Forward,1,0,0,1,,,,0,0,0,442.43877175012847,0.8453268314737576,0.8228605673465638,0.7835,1
3940983,Kai Havertz,Germany,58,2,1,4,14.29020643657746,25.25856638299999,0,1,4.9806323190036235,11.621483828835125,7,0,1,9.246810941047993,5.053683084309243,5.620010645620354,Left Foot,Open Play,Lob,Regular Play,Center Forward,1,0,0,1,Ground Pass,,13.524792,1,1,1,360.95012790506553,0.46010069030112655,0.3485346654093891,0.42521873,0
3940983,Rasmus Winther Højlund,Denmark,65,2,-1,12,17.088007490635068,22.6552327086798,1,1,1.7256449807676595,0.0,17,0,2,6.039118893901491,11.066421576397106,3.557093062043897,Left Foot,Open Play,Normal,Regular Play,Center Forward,1,0,0,1,Ground Pass,,17.906982,1,1,1,387.132786228001,0.0,0.10098573410114574,0.059370115,0
3940983,Jamal Musiala,Germany,67,2,1,29,14.807092894960846,21.093215893612623,0,1,2.237836983518168,11.1745543981354,8,0,1,7.908557893975607,6.922890198195976,5.639521589389261,Right Foot,Open Play,Normal,Regular Play,Left Wing,1,0,0,1,High Pass,Through Ball,73.03314,1,1,1,312.32920719018665,0.5297700670441269,0.1511327712598973,0.25639373,1
3940983,Joachim Andersen,Denmark,76,2,-2,1,8.937561188601729,35.99322683749405,2,0,1.445753034696473,4.963900969225146,19,2,6,5.580371837878127,6.102675086545853,5.577501042080982,Head,Open Play,Normal,From Corner,Right Center Back,1,0,0,1,High Pass,Inswinging,33.604317,1,1,1,321.6916672353249,0.13791208528306398,0.16176146984484696,0.0607214,0
3940983,Joshua Kimmich,Germany,78,2,2,2,72.33270353028429,6.292902830055992,1,0,1.9313511967644046,4.505351970508374,18,0,1,,,,Right Foot,Open Play,Normal,Regular Play,Right Back,1,0,0,1,Ground Pass,,17.502571,1,1,1,455.18267475132706,0.7159417668091163,0.026700940273244253,0.0027235784,0
3940983,Pierre-Emile Højbjerg,Denmark,82,2,-2,18,25.87450482617977,17.464536446110877,1,1,3.1375566460768063,0.2750349413080513,18,0,1,3.201628966718505,22.771606978339776,0.37389380400587413,Right Foot,Open Play,Normal,Regular Play,Left Defensive Midfield,1,0,0,1,Ground Pass,,10.492378,1,1,1,451.8862325618884,0.015748195902977886,0.12126054844930725,0.03581329,0
3940983,Benjamin Henrichs,Germany,88,2,2,4,28.408625450732387,12.70890419925798,0,1,3.1907023938914745,10.020390882592375,15,0,2,3.0935007060411417,25.575935631453657,0.8460682899683718,Right Foot,Open Play,Normal,Regular Play,Left Wing Back,1,0,0,1,High Pass,,54.984543,1,1,1,361.04249928595993,0.7884543565272468,0.11231456444187858,0.018572439,0
3940983,Florian Wirtz,Germany,89,2,2,4,19.260321908005583,22.743536574764885,0,1,0.81291364572617,18.35623068663095,14,0,3,3.609786839359244,15.675163183579395,1.2986138352037102,Left Foot,Open Play,Normal,Regular Play,Left Wing,1,0,0,1,Ground Pass,,14.297202,1,1,1,438.04783575647036,0.8070965843983177,0.04220664896510796,0.11136572,0
3940983,Jannik Vestergaard,Denmark,93,2,-2,11,13.382077566656086,32.92446793445699,1,1,0.7415724721844096,2.942696343936717,16,0,1,4.237144511374415,9.321309089721797,1.6710500671801256,Right Foot,Open Play,Half Volley,From Corner,Left Center Back,1,0,0,1,Ground Pass,,10.339246,1,1,1,440.5977837397846,0.08937718750063833,0.055415347018475974,0.061550424,0
3940983,Kai Havertz,Germany,94,2,2,2,16.96231116328197,21.53041303319007,0,1,2.8638051978217605,14.687984084094815,7,0,2,6.92374736720297,10.054296518012293,3.955725206763894,Left Foot,Open Play,Normal,From Counter,Right Wing,1,0,0,1,Ground Pass,,29.347061,1,1,1,365.20556534295156,0.6821970419913751,0.16883343137938606,0.18960205,0
3940878,Dan Ndoye,Switzerland,11,1,0,8,16.618363336983574,19.63080182652364,0,1,1.571588016218641,13.97778173143424,10,0,2,4.765688354535779,12.16744847968475,4.265193820112778,Right Foot,Open Play,Volley,Regular Play,Right Wing Back,1,0,1,1,High Pass,Through Ball,44.77946,1,0,1,326.23179734949065,0.7120331535591444,0.09456936187699833,0.04959083,0
3940878,Breel-Donald Embolo,Switzerland,23,1,0,9,16.704789732289353,22.470455928137575,0,1,3.5044318476733065,14.194225801115776,7,0,1,8.3963018822112,8.314745334427363,4.687548060853608,Right Foot,Open Play,Half Volley,Regular Play,Center Forward,1,0,1,1,High Pass,Through Ball,42.349144,1,0,1,375.364241468213,0.6316839251731302,0.20978604962021466,0.19980636,0
3940878,Dan Ndoye,Switzerland,23,1,0,9,15.814234094637651,22.298469285872937,1,1,1.6858283158752736,9.990923711316558,13,0,3,3.0132419309350698,12.801704530723693,2.00691507869994,Left Foot,Open Play,Normal,Regular Play,Right Wing Back,1,0,1,1,,,,0,0,0,352.63321323888226,0.44805424010186423,0.10660195781766696,0.037947614,0
3940878,Remo Freuler,Switzerland,23,1,0,9,25.72178065375723,17.6000358331136,2,1,5.447425272315284,7.912674951316566,15,0,0,1.5572361119787037,24.191676596246328,0.42822438967653653,Right Foot,Open Play,Normal,Regular Play,Right Defensive Midfield,1,0,1,1,,,,0,0,0,452.70426119761544,0.44958288871374097,0.21178258790258242,0.029872663,0
3940878,Breel-Donald Embolo,Switzerland,25,1,0,11,26.5452443951831,16.989237954729063,2,1,1.2150848105988257,0.0,14,1,1,2.8661387416933923,23.691408694350784,0.13891467553698789,Left Foot,Open Play,Normal,Regular Play,Center Forward,1,0,1,1,,,,0,0,0,450.9834735962037,0.0,0.04577410524121281,0.028032592,0
3940878,Federico Chiesa,Italy,25,1,0,6,16.67123270787136,18.255610642875627,1,1,0.9978688729622206,0.17919478513331477,15,0,3,3.863005350857723,12.809020059369336,2.9867763154869422,Right Foot,Open Play,Normal,Regular Play,Right Wing,1,0,1,1,,,,0,0,0,304.3435332516727,0.009815874617332876,0.05985573415282449,0.060102012,0
3940878,Dan Ndoye,Switzerland,27,1,0,5,17.758941409892653,16.802078202578215,1,1,2.172525937825925,6.456208138717442,14,0,2,4.447238324527144,13.459404792526156,3.9741051351117846,Right Foot,Open Play,Normal,Regular Play,Right Wing Back,1,0,1,1,Ground Pass,,29.536757,1,0,1,298.38712236402097,0.3842505707256357,0.12233420268033067,0.03514188,0
3940878,Fabian Lukas Schär,Switzerland,30,1,0,5,19.147062437878038,15.19107729894466,1,1,1.577722940983374,4.498951560588456,16,0,2,3.721317410564211,15.517883125906774,3.317315106383539,Left Foot,Open Play,Normal,Regular Play,Right Center Back,1,0,1,1,Ground Pass,,12.360016,1,0,1,290.86450554152503,0.2961575056234493,0.082400260933093,0.017792227,0
3940878,Ricardo Iván Rodríguez Araya,Switzerland,31,1,0,8,31.842110482818192,12.826102253879974,2,1,2.4541629969615855,5.521214680357268,20,0,1,2.966498262128471,28.913100582163498,1.7256980754386646,Left Foot,Open Play,Normal,Regular Play,Left Center Back,1,0,1,1,Ground Pass,,16.964964,1,0,1,408.41016503196954,0.4304670718407119,0.07707287487385099,0.014435371,0
3940878,Remo Freuler,Switzerland,36,1,0,32,10.515227054134405,36.97541283315895,1,1,2.6606140974860364,13.029203411469219,14,0,2,2.9689887164850997,7.70279597203191,2.208941152199394,Left Foot,Open Play,Half Volley,From Free Kick,Right Defensive Midfield,1,0,1,1,Ground Pass,,21.444113,1,0,1,388.80486136102144,0.3523747921425462,0.25302488322778816,0.14406602,1
3940878,Fabian Rieder,Switzerland,45,1,1,0,33.120386471175124,8.41959235742087,2,0,11.125079899353022,5.548064956792489,20,0,0,3.2074997431083245,32.50282726455279,1.269203141384594,Left Foot,Free Kick,Normal,From Free Kick,Right Attacking Midfield,1,0,1,1,,,,0,0,0,278.8601528075316,0.6589469800046233,0.3358982513394053,0.008087687,0
3940878,Ruben Vargas,Switzerland,45,2,1,6,21.9,15.892823041537477,0,1,3.6861357452642216,12.094610478606441,17,0,2,3.856416836337247,18.105233794949037,2.972692736854306,Right Foot,Open Play,Normal,Regular Play,Left Attacking Midfield,1,0,1,1,Ground Pass,,18.717104,1,0,1,348.0528246096707,0.7610108315556003,0.16831670069699642,0.044832002,1
3940878,Federico Chiesa,Italy,52,2,-2,1,24.709917037497316,18.38347534532813,4,1,2.148709926733576,4.138886843405821,19,0,1,1.148381471855402,23.616182840213806,0.37310993446116925,Left Foot,Open Play,Half Volley,From Corner,Right Wing,1,0,1,1,,,,0,0,0,454.2541506439354,0.225141697402589,0.08695739137743388,0.026729954,0
3940878,Ricardo Iván Rodríguez Araya,Switzerland,54,2,2,4,30.677679182102423,13.798173732006294,2,1,5.091238243136442,4.572972437155894,19,0,0,2.499293828479287,28.29182149336978,1.5673195876518378,Left Foot,Open Play,Normal,Regular Play,Left Center Back,1,0,1,1,Ground Pass,,19.06725,1,0,1,423.295947049402,0.33141867365739935,0.16595904184651317,0.023338681,0
3940878,Bryan Cristante,Italy,55,2,-2,9,30.464569585011372,14.742171389935649,2,1,1.4017615587481238,0.0,19,0,1,2.534993595705286,28.11537426873881,1.3123601157825249,Right Foot,Open Play,Normal,Regular Play,Right Defensive Midfield,1,0,1,1,Ground Pass,,13.780058,1,0,1,449.1139061428584,0.0,0.04601284632748572,0.021880716,0
3940878,Dan Ndoye,Switzerland,58,2,2,32,28.08504940355277,14.56586815403183,1,1,3.2158432403205497,5.258041836517317,16,0,2,3.8222049714284596,24.27477652595641,1.4594185355942457,Left Foot,Open Play,Normal,From Free Kick,Right Wing Back,1,0,1,1,Ground Pass,,31.950743,1,0,1,409.08312671161997,0.3609837588061575,0.11450374162111121,0.026606286,0
3940878,Granit Xhaka,Switzerland,64,2,2,5,22.09275899474758,18.460795939071833,1,1,4.233583329142137,9.482252605991853,16,0,2,2.9063731166274667,19.36391605499917,2.0801656158727866,Left Foot,Open Play,Normal,Regular Play,Left Defensive Midfield,1,0,1,1,Ground Pass,,13.238202,1,0,1,407.8499155331288,0.5136426748492947,0.19162764280136518,0.0407081,0
3940878,Mateo Retegui,Italy,72,2,-2,9,21.421951358361362,20.682116129075027,1,1,1.6731965338865624,0.0,18,0,2,3.0129756139396195,19.04341300670695,1.1601412405775164,Left Foot,Open Play,Normal,From Throw In,Right Center Forward,1,0,1,1,Ground Pass,,18.440174,1,0,1,443.0512857050262,0.0,0.07810663491369961,0.0671122,0
3940878,Mattia Zaccagni,Italy,73,2,-2,13,10.720074626605912,40.60511042066487,0,1,3.539350473970213,31.287941280427084,13,0,2,3.5797732701769975,7.387517447807253,0.5608359194815264,Head,Open Play,Normal,From Throw In,Left Midfield,1,0,1,1,High Pass,Through Ball,26.79179,1,0,1,435.2898139311008,0.7705419578049942,0.33016099208731053,0.11148876,0
3940878,Gianluca Scamacca,Italy,73,2,-2,13,6.6648330811806495,41.10876110388028,0,1,2.652096613562689,25.787044273773773,8,0,2,2.164023751445666,4.5008158461167715,1.9136541220821428,Right Foot,Open Play,Half Volley,From Throw In,Left Center Forward,1,0,1,1,,,,0,0,0,273.98303093149366,0.6272882855460151,0.39792393616748767,0.3101263,0
3940878,Nicolò Fagioli,Italy,73,2,-2,1,30.900647242412248,13.696142752449253,3,1,3.6116647741032577,5.916345079156715,16,1,2,3.2847395591513795,27.637837913122247,1.5679659295524075,Right Foot,Open Play,Normal,Regular Play,Left Defensive Midfield,1,0,1,1,Ground Pass,,4.243819,1,0,1,423.2196757751555,0.43197162778540016,0.1168799069407879,0.018499942,0
3940878,Gianluca Scamacca,Italy,75,2,-2,6,22.699118925632334,19.826302751629733,1,1,2.2626842996680496,9.154679081789748,16,0,1,2.1300598955089995,20.60533376099228,0.09248699198560217,Right Foot,Open Play,Half Volley,From Free Kick,Left Center Forward,1,0,1,1,,,,0,0,0,450.0396040148349,0.46174413840408185,0.09968159147855636,0.032929283,0
3940878,Remo Freuler,Switzerland,78,2,2,1,21.302112571292074,21.267808846671148,2,1,4.3032950857334376,11.526225994464705,19,0,1,2.279622299047735,19.846051862133315,1.7128214106293882,Left Foot,Open Play,Half Volley,From Corner,Right Defensive Midfield,1,0,1,1,,,,0,0,0,453.04925819651027,0.54195644119064,0.20201259716995393,0.037396807,0
3940878,Steven Zuber,Switzerland,82,2,2,7,14.18731828077456,12.654479113204971,0,1,1.5982383814524346,9.736924134930291,9,0,1,4.150112743271925,10.179669750880644,3.432493170550984,Left Foot,Open Play,Normal,Regular Play,Left Attacking Midfield,1,0,1,1,Ground Pass,Through Ball,23.671925,1,0,1,179.53312285645274,0.7694448778037647,0.11265260635043554,0.044701636,0
3940878,Federico Chiesa,Italy,90,2,-2,14,28.445913590531767,9.504838825860588,1,1,1.5533928741279364,0.0,18,0,1,1.944735824334529,26.651635276376734,1.0414762233425918,Left Foot,Open Play,Normal,Regular Play,Right Midfield,1,0,1,1,Ground Pass,,23.648468,1,0,1,270.3738239323617,0.0,0.05460864771258336,0.008696314,0
3930177,Bendegúz Bolla,Hungary,7,1,0,3,32.70137611783333,12.959097810530203,1,0,2.9605611942716634,3.464737484702982,15,0,1,,,,Right Foot,Open Play,Normal,Regular Play,Right Wing Back,1,0,1,1,Low Pass,,42.08301,1,1,1,423.78033164993855,0.26735946709867664,0.09053322965993332,0.015725836,0
3930177,Dominik Szoboszlai,Hungary,31,1,0,0,31.37722103692422,14.495625608674041,3,1,10.325821129284739,2.5737147296364378,19,0,0,0.6057444859381619,30.782079670544974,0.15323298434880428,Right Foot,Free Kick,Normal,From Free Kick,Right Attacking Midfield,1,0,1,1,,,,0,0,0,454.8324487918646,0.17755113157008912,0.3290865407466606,0.025828812,0
3930177,Roland Sallai,Hungary,34,1,0,18,29.388603233226313,13.78644490267127,1,1,4.189242948304378,1.3828627755100107,20,0,2,4.100374466043703,25.354955929782783,1.2793163508455692,Right Foot,Open Play,Normal,From Throw In,Left Attacking Midfield,1,0,1,1,,,,0,0,0,405.16435924134134,0.10030597338709607,0.1425465142068434,0.019044949,0
3930177,Willi Orban,Hungary,40,1,0,1,8.458132181516204,26.75455335188206,0,1,1.7378977286733857,11.81228114232875,18,0,3,5.796304362263041,2.6817294335597373,5.159358576793757,Head,Open Play,Normal,From Free Kick,Center Back,1,0,1,1,High Pass,,28.016602,1,1,1,226.29354870764587,0.44150545094029053,0.20547062771982483,0.14024208,0
3930177,Dominik Szoboszlai,Hungary,45,1,0,1,25.150944316267722,18.039014020183927,0,1,3.231712963248949,15.083544937528679,14,0,1,1.9242361614040775,23.266208047863735,0.25221049317906363,Left Foot,Open Play,Normal,From Counter,Right Attacking Midfield,1,0,1,1,Ground Pass,,11.315918,1,1,1,453.6982371420187,0.836162382303802,0.12849270876714816,0.043323457,0
3930177,Roland Sallai,Hungary,48,2,0,6,17.08830009099793,23.637326766488215,2,1,1.9577083217336582,0.0,17,2,2,1.7969621456984175,15.481770137137818,0.08406403770682402,Left Foot,Open Play,Half Volley,From Throw In,Left Attacking Midfield,1,0,1,1,Low Pass,,4.632494,1,1,1,403.92173313472836,0.0,0.11456425222570697,0.05792367,0
3930177,Che Adams,Scotland,52,2,0,16,27.851391347650843,14.126710413030034,1,1,2.485523577469561,0.0,12,0,1,4.314676920492293,23.550153920574502,1.9409839834247364,Right Foot,Open Play,Normal,From Throw In,Center Forward,1,0,1,1,Ground Pass,,20.886599,1,1,1,393.44854016823376,0.0,0.08924234866561542,0.020522645,0
3930177,Roland Sallai,Hungary,55,2,0,1,19.740820651634525,18.79754644801875,1,1,2.289033958289755,4.871651388865789,15,0,2,2.9903308910169533,16.782300420320784,1.4332650314586743,Right Foot,Open Play,Normal,From Counter,Left Attacking Midfield,1,0,1,1,Ground Pass,,26.925266,1,1,1,371.07899312110777,0.25916421605008233,0.11595434651295637,0.038458098,0
3930177,Márton Dárdai,Hungary,63,2,0,2,9.962429422585638,42.39335777333041,1,1,0.4700228770566131,0.0,19,3,3,4.129401135293096,6.36684357105692,2.680475036454915,Head,Open Play,Normal,From Corner,Left Center Back,1,0,1,1,High Pass,,20.025984,1,1,1,422.3408348032264,0.0,0.04717954397659601,0.05713405,0
3930177,András Schäfer,Hungary,89,2,0,1,23.43608329051593,19.037194822148265,6,1,7.26652199661703,0.0,19,0,0,1.1488977695705518,22.37980349289437,0.6370424607644338,Left Foot,Open Play,Half Volley,From Corner,Right Defensive Midfield,1,0,1,1,,,,0,0,0,446.1572834696454,0.0,0.31005701364603155,0.029436294,0
3930177,Dominik Szoboszlai,Hungary,90,2,0,7,17.40718242565407,14.082736049537083,0,1,3.7998681220111954,8.234663927154322,10,0,1,5.6610580756812965,11.761959861601419,5.0163465152637485,Right Foot,Open Play,Normal,Regular Play,Right Attacking Midfield,1,0,1,1,Ground Pass,,12.940248,1,1,1,245.14075546662693,0.5847346636469131,0.2182931176966979,0.06067144,0
3930177,Kevin Csoboth,Hungary,91,2,0,4,12.714165328483032,18.805885384259305,0,1,3.2562567111741436,7.962939068552607,9,0,1,6.388597376826381,6.350454886871546,5.760739421061764,Right Foot,Open Play,Normal,From Throw In,Right Wing Back,1,0,1,1,Ground Pass,Through Ball,42.27647,1,1,1,239.10113592397548,0.42342803361003456,0.2561125034200462,0.18480031,0
3930177,Callum McGregor,Scotland,93,2,0,2,26.063384277564577,16.715884780226897,3,1,4.19608470681826,0.2890945447839199,18,0,1,1.9741100407708765,24.09115464658202,0.5035816279480088,Left Foot,Open Play,Normal,From Free Kick,Center Defensive Midfield,1,0,1,1,,,,0,0,0,435.6725285665467,0.017294600231145874,0.16099538962905363,0.026212929,0
3930177,Ádám Nagy,Hungary,96,2,0,7,28.617826612096177,14.896237784480661,3,1,2.856719798285508,7.042363036974678,16,0,1,3.8531338397505626,24.973053767644487,0.23257478639411744,Left Foot,Open Play,Normal,From Free Kick,Left Defensive Midfield,1,0,1,1,High Pass,,15.82024,1,1,1,426.29795008882326,0.4727611856674052,0.09982308709208651,0.028947517,0
3930177,Lewis Morgan,Scotland,97,2,0,5,17.20377865470257,22.64529009018487,1,1,0.4343761496043919,0.0,10,0,2,3.165131306067027,14.062930902587237,1.9639459956157808,Left Foot,Open Play,Normal,From Goal Kick,Right Center Forward,1,0,1,1,Ground Pass,,25.179556,1,1,1,389.5845582830701,0.0,0.025248880395566893,0.05578008,0
3930177,Callum McGregor,Scotland,99,2,0,3,9.702061636580137,44.8050045212841,2,1,0.7947042918786783,0.0,18,2,3,2.678299389154623,7.038599712283694,0.18471617276063768,Right Foot,Open Play,Half Volley,From Corner,Center Defensive Midfield,1,0,1,1,High Pass,,4.237924,1,1,1,434.70091549275,0.0,0.08191086818933077,0.0810196,0
3930177,Kevin Csoboth,Hungary,99,2,0,4,13.24386650491464,32.71705559546414,1,0,4.030865202180288,15.59631477736564,10,0,1,5.672664811702752,9.193257178447402,1.9529249728919638,Right Foot,Open Play,Normal,Regular Play,Right Wing Back,1,0,1,1,Ground Pass,,20.88923,1,1,1,433.3003167401976,0.4767028845813343,0.3043571301994385,0.26290518,1
3930173,Jeremie Frimpong,Netherlands,0,1,0,19,17.82273828568439,16.822016984772745,1,1,0.7653294329902824,0.0,6,0,1,8.39948088767552,9.949676633462023,7.626881184244986,Right Foot,Open Play,Normal,From Kick Off,Right Wing,1,0,0,1,Ground Pass,Through Ball,32.18012,1,0,1,299.8144061569423,0.0,0.042941181131802376,0.09676152,0
3930173,Antoine Griezmann,France,3,1,0,5,30.666268113352174,12.160518540720949,2,1,3.6557193480988177,4.331543840948395,17,0,2,3.4578281863406146,28.287801721959756,0.5072619982467188,Left Foot,Open Play,Normal,Regular Play,Center Attacking Midfield,1,0,0,1,Ground Pass,,11.9,1,0,1,372.91772196713873,0.35619729754481305,0.11920978889854249,0.0084621785,0
3930173,Antoine Griezmann,France,13,1,0,4,12.551493934986382,34.80740654931218,0,1,1.5975543747484908,27.430548307175638,16,0,2,3.4490052290545137,9.32679534076547,1.6860709362519586,Left Foot,Open Play,Normal,Regular Play,Center Attacking Midfield,1,0,0,1,Ground Pass,,13.793115,1,0,1,436.8849521962971,0.7880664211024848,0.12728001806186778,0.09589434,0
3930173,Cody Mathès Gakpo,Netherlands,15,1,0,22,22.720035211240322,17.904128368376544,2,1,4.775699416235407,3.474610734332569,15,0,2,2.5689782089976436,20.15697551978982,1.319483775145045,Right Foot,Open Play,Normal,From Throw In,Left Wing,1,0,0,1,Ground Pass,,36.210773,1,0,1,406.7824269560818,0.19406757273197708,0.21019771192399903,0.049663115,0
3930173,Tijjani Reijnders,Netherlands,27,1,0,7,28.713759767748982,15.064015040119616,1,1,0.9329892678238062,6.7147242812768235,15,1,2,3.099433666111915,25.61480548268756,0.9441628574069867,Right Foot,Open Play,Normal,Regular Play,Left Defensive Midfield,1,0,0,1,Ground Pass,,18.804255,1,0,1,432.54450899975217,0.4457459889274981,0.03249275871116435,0.024566133,0
3930173,Marcus Thuram,France,27,1,0,2,18.471599822430107,14.085979375150322,0,1,1.1226289770097533,8.970592221357256,5,0,1,5.060266271230807,13.445272827892763,4.473834729543732,Right Foot,Open Play,Normal,From Keeper,Center Forward,1,0,0,1,Low Pass,Through Ball,56.244644,1,0,1,260.1905741247808,0.6368454746698452,0.06077594728132548,0.057095893,0
3930173,Jeremie Frimpong,Netherlands,34,1,0,9,17.46138597019148,21.327986479979934,0,1,2.4468075971950376,16.00061895257632,10,0,2,4.584517290507535,12.910637058118265,2.303992811818766,Right Foot,Open Play,Normal,From Keeper,Right Wing,1,0,0,1,,,,0,0,0,372.4162038939552,0.7502170431135502,0.14012676893873197,0.07304683,0
3930173,Xavi Simons,Netherlands,35,1,0,15,26.594924327773526,16.258199596643177,1,1,3.7145244199371636,0.0,8,0,2,6.295886854769941,20.30135978034881,1.8701059317678599,Right Foot,Open Play,Normal,From Keeper,Center Attacking Midfield,1,0,0,1,,,,0,0,0,432.38558797856336,0.0,0.13967042636244778,0.033340927,0
3930173,Antoine Griezmann,France,40,1,0,0,25.681316165648525,14.430865642271522,4,1,9.028424140476965,0.46088963925137844,19,1,0,1.3702395409445869,25.216945980523775,0.7353354835652226,Left Foot,Free Kick,Normal,From Free Kick,Center Attacking Midfield,1,0,0,1,,,,0,0,0,370.6036231031695,0.03193776802282189,0.3515561306220526,0.043873254,0
3930173,Antoine Griezmann,France,42,1,0,14,13.260844618650811,31.822985157214475,0,1,3.4657854141296958,25.97535501136296,17,0,1,2.724255463157112,11.762848084069047,1.3954847103991952,Head,Open Play,Normal,From Throw In,Center Attacking Midfield,1,0,0,1,High Pass,,31.12764,1,0,1,421.9996614714522,0.816245078299142,0.26135480158294117,0.067954645,0
3930173,Ousmane Dembélé,France,50,2,0,11,22.119900542271886,19.971830485094753,2,1,1.992545874186052,8.93665961684613,16,1,1,1.6257533601577354,20.527309705126466,0.06907310135561318,Left Foot,Open Play,Normal,From Free Kick,Right Midfield,1,0,0,1,,,,0,0,0,441.77490397740956,0.44746322193730215,0.09007933242639264,0.048582327,0
3930173,N'Golo Kanté,France,51,2,0,7,30.01216420053709,12.836591399579513,0,0,2.3863679104495756,12.836591399579538,16,1,1,,,,Right Foot,Open Play,Normal,From Throw In,Right Defensive Midfield,1,0,0,1,Ground Pass,,18.99921,1,0,1,385.2538888593825,1.000000000000002,0.07951335646787078,0.020307582,0
3930173,Memphis Depay,Netherlands,54,2,0,0,28.45241641759097,15.602655837123972,4,1,8.119009685076097,1.1899738997963685,19,0,0,1.1533222235594316,28.216943449033373,1.0354845964533013,Right Foot,Free Kick,Normal,From Free Kick,Center Forward,1,0,0,1,,,,0,0,0,443.9332610982077,0.0762673939756474,0.28535395960451515,0.053838786,0
3930173,Adrien Rabiot,France,56,2,0,12,9.68813707582629,44.307390102050185,1,1,1.182214261367687,0.0,14,0,3,2.0479852238034297,8.243159527085862,1.003671973852633,Right Foot,Open Play,Half Volley,From Free Kick,Left Midfield,1,0,0,1,High Pass,,34.406105,1,0,1,429.2560687807712,0.0,0.12202699570772302,0.19072829,0
3930173,Aurélien Djani Tchouaméni,France,58,2,0,13,29.541326984412873,15.003157802565973,2,1,1.4079513843383662,4.970045034115658,17,0,1,1.360154015271272,28.34879774740976,0.33821345839414363,Right Foot,Open Play,Normal,Regular Play,Left Defensive Midfield,1,0,0,1,Ground Pass,,16.51575,1,0,1,443.2131904443467,0.3312665973069774,0.047660397418208565,0.020245472,0
3930173,Marcus Thuram,France,59,2,0,18,21.26805115660577,21.24093629061184,0,1,0.6790392974968907,17.71175985912373,17,0,3,1.7842945287312848,19.484944169483565,0.08043513902504884,Right Foot,Open Play,Normal,From Throw In,Center Forward,1,0,0,1,Ground Pass,,15.086749,1,0,1,451.7533196429367,0.8338502416652909,0.03192766899500257,0.07412944,0
3930173,Aurélien Djani Tchouaméni,France,62,2,0,3,10.259142264341598,42.43622978853498,0,1,0.7038383384598299,33.91957613444231,15,1,4,2.2243761293023487,8.08043585530043,0.1609046787840711,Head,Open Play,Normal,From Corner,Left Defensive Midfield,1,0,0,1,High Pass,,34.832314,1,0,1,435.3593185628711,0.7993070143947232,0.06860596337631547,0.06818111,0
3930173,Antoine Griezmann,France,64,2,0,43,7.271863585079138,53.36741201765159,0,1,2.886986651520405,37.339811106003395,11,0,3,3.1585816902761024,4.303802051447974,0.887598836455652,Left Foot,Open Play,Half Volley,Regular Play,Center Attacking Midfield,1,0,0,1,Low Pass,,8.48646,1,0,1,388.08054008107536,0.6996743835667548,0.3970078120612856,0.38357785,0
3930173,Aurélien Djani Tchouaméni,France,65,2,0,3,30.268795813510657,11.747445600316256,2,1,6.554350790920257,4.049517459836188,17,0,0,3.6353846099489338,26.730983174697425,1.6437082951985786,Right Foot,Open Play,Normal,From Corner,Left Defensive Midfield,1,0,0,1,Ground Pass,,11.807201,1,0,1,355.58103220629687,0.3447147233205463,0.21653820757529718,0.009652127,0
3930173,Ousmane Dembélé,France,67,2,0,2,20.40833163195855,19.267739743308447,2,1,2.174725172393651,11.705043994942644,16,0,2,2.747398038868464,17.66628263083312,1.547851692503066,Left Foot,Open Play,Normal,Regular Play,Right Midfield,1,0,0,1,Ground Pass,,18.018879,1,0,1,393.22242247970667,0.6074944000116944,0.10656065432551708,0.05260031,0
3930173,Memphis Depay,Netherlands,68,2,0,11,12.080149005703534,30.847535437772834,1,1,0.44603410028187584,0.0,15,1,3,4.556348592198638,8.198204718660735,4.020737886000646,Left Foot,Open Play,Half Volley,From Goal Kick,Center Forward,1,0,0,1,Ground Pass,,10.5019045,1,0,1,372.642824547016,0.0,0.036922897231754744,0.27552643,0
3930173,Xavi Simons,Netherlands,68,2,0,11,16.542369842317026,26.560603437643305,2,1,4.252599719121211,17.788521083146065,15,0,1,4.246772028538167,12.799458513623643,2.6013511448610487,Right Foot,Open Play,Half Volley,From Goal Kick,Center Attacking Midfield,1,0,0,1,,,,0,0,0,439.37532530061253,0.6697333185561247,0.257073185985882,0.106497265,0
3930173,Virgil van Dijk,Netherlands,78,2,0,1,13.28495389529072,33.34431348551161,0,1,1.9866524602482307,26.66881815460536,18,3,6,3.9304199332786443,10.305428330976618,1.8653746242912206,Head,Open Play,Normal,From Corner,Left Center Back,1,0,0,1,High Pass,Outswinging,43.54871,1,0,1,442.97766732514236,0.7998010865088943,0.1495415396926943,0.024942296,0
3930173,N'Golo Kanté,France,90,2,0,23,16.773789077009404,21.40122655138349,0,1,1.3175913399414534,16.1646595604245,17,0,6,3.6548543762302557,13.134343789676148,2.5319297970459473,Right Foot,Open Play,Normal,From Throw In,Right Defensive Midfield,1,0,0,1,Ground Pass,,4.8507733,1,0,1,358.97966016220005,0.7553146321596941,0.07855060856508436,0.07711755,0
3930172,Pedro González López,Spain,1,1,0,12,6.935416353759886,59.82106807091832,0,1,2.5187507859312976,46.139491474753754,14,1,3,2.041523472058762,5.0373257206682105,0.8317681241716528,Head,Open Play,Normal,From Goal Kick,Center Attacking Midfield,1,0,1,1,High Pass,,28.411264,1,1,1,414.8840137984303,0.7712916696849185,0.36317225346763954,0.20873496,0
3930172,Nicholas Williams Arthuer,Spain,9,1,0,7,8.062257748298556,50.385350492037695,0,1,1.4697268977500884,33.79760303727438,11,0,3,4.101658685315777,4.159433974572132,2.415021694785125,Head,Open Play,Normal,From Free Kick,Left Wing,1,0,1,1,High Pass,,30.553068,1,1,1,406.21968240516935,0.67078233469102,0.18229718568105277,0.16577838,0
3930172,Álvaro Borja Morata Martín,Spain,14,1,0,9,21.476731594914533,18.756691134490254,1,1,0.4807347568287174,0.0,15,1,2,3.0887492022637675,18.40230231889069,1.2191276197370797,Right Foot,Open Play,Normal,Regular Play,Center Forward,1,0,1,1,Ground Pass,,12.391126,1,1,1,402.8324211041601,0.0,0.022383981226573153,0.045866285,0
3930172,Álvaro Borja Morata Martín,Spain,23,1,0,10,10.599056561788885,21.31992639040249,1,1,2.6234354806130162,1.3992659970326002,11,0,1,5.397905326262126,5.262856372119931,5.06480016975101,Right Foot,Open Play,Normal,From Throw In,Center Forward,1,0,1,1,,,,0,0,0,225.9711057050515,0.06563183997025912,0.24751594307656366,0.0889132,0
3930172,Fabián Ruiz Peña,Spain,24,1,0,2,31.484122982862335,14.443993986171082,2,1,4.685220480208525,3.4731149827158023,17,0,1,0.9100432836450456,30.76173485901956,0.5987326333132685,Left Foot,Open Play,Normal,Regular Play,Left Defensive Midfield,1,0,1,1,Low Pass,,10.060318,1,1,1,454.7564830243343,0.24045392057356296,0.14881216423779114,0.020980582,0
3930172,Rodrigo Hernández Cascante,Spain,26,1,0,9,36.760032644163964,12.400624360883189,1,0,4.750165183404996,8.093743435162061,18,0,1,,,,Right Foot,Open Play,Normal,From Goal Kick,Right Defensive Midfield,1,0,1,1,Ground Pass,,10.24207,1,1,1,455.8473563140809,0.6526883808119492,0.12922091852818673,0.0063212407,0
3930172,Rodrigo Hernández Cascante,Spain,27,1,0,5,20.335437049643165,22.22112586665189,2,1,6.343114791339453,8.260872136707253,17,0,0,2.169227796282764,18.31654776330404,0.6315573590032244,Right Foot,Open Play,Normal,Regular Play,Right Defensive Midfield,1,0,1,1,Ground Pass,,23.876766,1,1,1,451.8763062334969,0.37175758718439494,0.31192419301609053,0.06796482,0
3930172,Fabián Ruiz Peña,Spain,36,1,0,1,27.72002886001383,15.792403528857285,2,1,4.461693264150194,8.21050045437159,20,0,1,2.1731654931483053,25.55575129433714,0.4282862713000526,Left Foot,Open Play,Half Volley,From Free Kick,Left Defensive Midfield,1,0,1,1,High Pass,,48.98908,1,1,1,437.7658815889082,0.5199018907646726,0.16095557788492026,0.018837484,0
3930172,Fabián Ruiz Peña,Spain,40,1,0,13,25.951493213300854,17.046864370503204,1,1,3.9649540775379997,7.421544523287059,15,1,3,3.7412441449796714,22.265031180774276,1.4562853599039087,Left Foot,Open Play,Normal,From Throw In,Left Defensive Midfield,1,0,1,1,,,,0,0,0,442.39158501917404,0.4353612700837124,0.15278327319931834,0.05605037,0
3930172,Federico Chiesa,Italy,45,1,0,6,24.043294283437948,13.447608909384961,2,1,0.820027256183693,0.0,13,0,2,5.4274609899131825,19.140786176357686,5.037474520956401,Right Foot,Open Play,Normal,Regular Play,Right Wing,1,0,1,1,Ground Pass,,28.111385,1,1,1,323.32481841692464,0.0,0.03410627705657469,0.028738793,0
3930172,Pedro González López,Spain,51,2,0,11,10.335376142163375,38.71515905030126,1,1,3.3754500380779664,26.888239353442735,15,0,1,4.555702065728351,7.503519131697003,4.2563599658179285,Right Foot,Open Play,Normal,From Keeper,Center Attacking Midfield,1,0,1,1,Ground Pass,,12.480785,1,1,1,400.13573118854407,0.6945145005993074,0.3265918909625118,0.22276898,0
3930172,Álvaro Borja Morata Martín,Spain,54,2,0,17,14.13258645825314,15.107511425572119,0,1,3.332013933140951,10.15666248818938,16,0,2,3.534047655203013,10.699946218772487,2.786482960308433,Head,Open Play,Normal,Regular Play,Center Forward,1,0,1,1,Low Pass,,13.6,1,1,1,213.50821139094512,0.6722922261701847,0.23576816196975206,0.043265585,0
3930172,Álvaro Borja Morata Martín,Spain,57,2,0,8,27.680498550423547,16.062135183199853,0,1,4.8038946914529435,12.990152164417495,15,0,1,5.481165059713838,22.383968625941954,2.4119771263319905,Right Foot,Open Play,Normal,From Throw In,Center Forward,1,0,1,1,Ground Pass,,12.539936,1,1,1,444.6079096552706,0.8087437950344553,0.17354798298527893,0.039537966,0
3930172,Robin Aime Robert Le Normand,Spain,57,2,0,1,8.11233628494283,48.348049423860054,1,1,1.187933120839027,27.821107077952103,16,1,2,2.5503476440040282,6.331461266795916,0.3764496244833566,Head,Open Play,Normal,From Corner,Right Center Back,1,0,1,1,High Pass,Inswinging,44.553337,1,1,1,392.21563564738915,0.5754339091128301,0.14643538915465446,0.07005949,0
3930172,Lamine Yamal Nasraoui Ebana,Spain,59,2,0,22,27.600362316462444,13.68538199291724,1,1,3.4301280304374875,6.566111084484024,17,0,3,2.9576282111372256,25.137711870654716,0.1434632064865582,Left Foot,Open Play,Normal,From Free Kick,Right Wing,1,0,1,1,Ground Pass,,8.188406,1,1,1,377.7215014437067,0.47979012115863934,0.12427836964993615,0.022184672,0
3930172,Nicholas Williams Arthuer,Spain,69,2,0,8,25.01379619330101,12.216191108555652,2,1,1.3668764534817845,0.0,15,0,1,3.5219644714413696,21.51364332048676,2.393558923562999,Right Foot,Open Play,Normal,Regular Play,Left Wing,1,0,1,1,Ground Pass,,25.830603,1,1,1,305.573314647827,0.0,0.05464490247377367,0.0101199495,0
3930172,Lorenzo Pellegrini,Italy,73,2,0,0,29.235936790190255,13.670156662838869,1,1,10.170861705664525,11.08206846120936,20,1,0,2.972191981746268,27.775335948866598,1.427909017018628,Right Foot,Free Kick,Normal,From Free Kick,Left Center Midfield,1,0,1,1,,,,0,0,0,399.65983610675534,0.8106760393854885,0.3478890304988355,0.041307483,0
3930172,Ayoze Pérez Gutiérrez,Spain,80,2,0,3,14.860013458944103,21.528873634704013,1,1,0.771701200370475,7.82208734212705,12,0,1,4.323818981722509,10.648181598410671,3.675109807830829,Left Foot,Open Play,Normal,Regular Play,Left Wing,1,0,1,1,Ground Pass,,22.66848,1,1,1,319.91935196760846,0.36333007824050945,0.05193139309749382,0.081019565,0
3930172,Aymeric Laporte,Spain,80,2,0,2,8.845903006477066,39.873403475150994,1,0,0.8333790870234516,0.236207064016894,16,1,1,4.497590329053119,8.838727106703256,2.4144879030715387,Head,Open Play,Normal,From Corner,Left Center Back,1,0,1,1,High Pass,,34.21067,1,1,1,352.71625967931124,0.0059239253093631115,0.0942107421269759,0.09134299,0
3930172,Bryan Cristante,Italy,85,2,0,1,9.638464608017195,27.010346197163145,0,1,2.7852895301897296,16.241234195406946,19,1,2,3.272852415775446,6.393864785970237,2.6246458039568097,Right Foot,Open Play,Backheel,From Corner,Right Center Midfield,1,0,1,1,High Pass,Inswinging,31.977648,1,1,1,260.3382658716488,0.601296780013606,0.2889764753478421,0.04522397,0
3930172,Ayoze Pérez Gutiérrez,Spain,90,2,0,8,17.44276354251241,12.518284102049146,0,1,1.0879914328209834,8.458209889193443,11,0,1,4.661688382384992,12.877352847636885,3.708301785584659,Right Foot,Open Play,Normal,From Goal Kick,Left Wing,1,0,1,1,Ground Pass,,21.162466,1,1,1,218.35346955003553,0.6756684718322458,0.062374945929254515,0.030097554,0
3930172,Ayoze Pérez Gutiérrez,Spain,91,2,0,5,17.210461934532734,20.93604442771881,0,1,1.3392405216848229,13.845280400403519,7,0,2,7.507864295991237,9.702597830977457,4.71038085255158,Right Foot,Open Play,Normal,From Free Kick,Left Wing,1,0,1,1,High Pass,Through Ball,50.349182,1,1,1,360.31899568294074,0.6613130980020614,0.07781548960040643,0.21283588,0
3930172,Riccardo Calafiori,Italy,96,2,0,3,20.155644370746373,19.73516383803885,6,0,4.209132122717856,0.45453747738409706,20,0,1,,,,Left Foot,Open Play,Volley,From Corner,Left Center Back,1,0,1,1,,,,0,0,0,397.77494391792516,0.02303185730376313,0.20883143427688836,0.028129116,0
3930167,Qazim Laçi,Albania,10,1,0,21,9.01387818865997,46.51698983230877,0,0,2.520946945023722,46.51698983230876,14,0,1,6.276453292898276,7.09535424983194,3.524205110787861,Head,Open Play,Normal,Regular Play,Right Center Midfield,1,0,1,1,High Pass,,33.869453,1,1,1,419.29848005156555,0.9999999999999999,0.2796739530156102,0.15271324,1
3930167,Nedim Bajrami,Albania,14,1,1,9,19.972481067709136,15.529513201104965,2,1,1.5978369648896245,0.0,18,1,2,3.9287424512661016,16.052437382674274,3.081720079897522,Right Foot,Open Play,Normal,From Free Kick,Left Midfield,1,0,1,1,High Pass,,42.01071,1,1,1,310.16290839980803,0.0,0.08000192662457724,0.042951755,0
3930167,Elseid Hysaj,Albania,15,1,1,1,23.049511925418294,19.017381330174597,4,1,5.382192803766654,2.6721131877610453,19,0,0,1.410355476466871,21.732162152529636,0.1151892251514397,Left Foot,Open Play,Volley,From Corner,Right Back,1,0,1,1,,,,0,0,0,438.3413577600866,0.14050899760427282,0.23350571678836016,0.026227653,0
3930167,Mateo Kovačić,Croatia,19,1,-1,1,26.475082624989103,16.46265508029479,1,1,3.7762576042156253,9.387594147426599,11,0,1,2.8915495873022885,23.831211682584993,0.2747458034464785,Right Foot,Open Play,Normal,Regular Play,Left Center Midfield,1,0,1,1,Ground Pass,,5.905929,1,1,1,435.8501534775012,0.5702357306060074,0.14263440298582183,0.02367818,0
3930167,Marcelo Brozović,Croatia,19,1,-1,3,23.163117234085743,15.708733457136002,1,1,1.1293167919961837,0.0,15,0,1,6.977792441623386,16.772516298362767,5.900411924404523,Right Foot,Open Play,Normal,Regular Play,Center Defensive Midfield,1,0,1,1,Ground Pass,,25.923927,1,1,1,363.86323466664624,0.0,0.04875495731353183,0.037039116,0
3930167,Bruno Petković,Croatia,25,1,-1,6,8.109870529176154,52.47373526868696,0,0,2.240252499866723,52.473735268686966,19,1,3,6.728825831615478,4.671351121115537,4.141602302735869,Head,Open Play,Normal,From Free Kick,Center Forward,1,0,1,1,High Pass,,32.534595,1,1,1,425.55519921131577,1.0000000000000002,0.2762377638221433,0.15187249,0
3930167,Elseid Hysaj,Albania,28,1,1,7,17.778920102188437,24.632833862917515,1,1,1.6222755100418393,20.160141400796945,11,0,1,2.0266382887950876,15.775840523678662,0.7884495828449687,Left Foot,Open Play,Half Volley,Regular Play,Right Back,1,0,1,1,,,,0,0,0,437.9451851392922,0.8184255824152737,0.09124713428697791,0.07158221,0
3930167,Kristjan Asllani,Albania,30,1,1,1,14.596232390586271,28.90502646911133,0,1,1.6960240851197472,19.64686448483434,11,0,1,7.173509823604533,7.434498524531207,2.3294166226298074,Right Foot,Open Play,Normal,From Counter,Left Center Midfield,1,0,1,1,,,,0,0,0,421.90448359919634,0.6797040821197481,0.11619601824191186,0.4143787,0
3930167,Marcelo Brozović,Croatia,37,1,-1,12,34.027048064738146,12.71314303546285,1,0,7.684594673910517,12.1298209450109,20,0,0,,,,Right Foot,Open Play,Normal,From Keeper,Center Defensive Midfield,1,0,1,1,Ground Pass,,10.012492,1,1,1,432.59072912158535,0.9541166107527624,0.22583782934359145,0.012439796,0
3930167,Lovro Majer,Croatia,42,1,-1,15,11.305308487608825,37.950471184112935,1,1,0.39064725443067594,0.0,16,0,3,3.3060533563543095,8.492895938155216,2.2283368854943504,Head,Open Play,Normal,From Throw In,Right Wing,1,0,1,1,High Pass,,22.56413,1,1,1,429.04178398650606,0.0,0.03455432064139113,0.053446807,0
3930167,Jasir Asani,Albania,45,1,1,3,31.393311389530094,12.694641629612583,2,0,0.9640236630632115,11.272304961843936,16,0,1,,,,Left Foot,Open Play,Normal,Regular Play,Right Midfield,1,0,1,1,Ground Pass,,16.985289,1,1,1,398.5268376569196,0.8879577140286666,0.030707931734296774,0.013309195,0
3930167,Rey Manaj,Albania,45,1,1,4,10.929318368498564,40.128185159927845,1,1,1.2902312636396447,27.78695302756616,15,0,1,1.9589767874710355,9.475537920786593,1.1046041273556995,Head,Open Play,Normal,Regular Play,Center Forward,1,0,1,1,High Pass,,22.653034,1,1,1,438.57371116291085,0.6924547650690746,0.11805230849148489,0.11167682,0
3930167,Bruno Petković,Croatia,46,2,-1,17,9.315041599477691,42.478535396467706,1,1,0.952253159193812,0.0,15,2,1,2.2146761559698,7.101582447458726,1.1489404191663226,Head,Open Play,Normal,From Throw In,Center Forward,1,0,1,1,High Pass,,40.42301,1,1,1,395.68932430298224,0.0,0.10222747252650019,0.053682253,0
3930167,Luka Sučić,Croatia,49,2,-1,8,17.8331152634642,19.13661501813022,1,1,0.4328322746862587,0.0,15,0,3,4.490703741014011,13.344829870947299,3.1394116068067746,Left Foot,Open Play,Normal,From Free Kick,Center Attacking Midfield,1,0,1,1,Ground Pass,,9.304837,1,1,1,341.2654613708563,0.0,0.02427126546829587,0.05831094,0
3930167,Mario Pašalić,Croatia,50,2,-1,13,7.7794601355106945,44.1378850754537,0,1,1.089516491974522,31.859132831203674,19,0,2,2.170521947601068,5.610234671044885,1.517549975549727,Head,Open Play,Normal,From Free Kick,Right Wing,1,0,1,1,High Pass,,31.981245,1,1,1,343.36891741024453,0.721809229797497,0.1400503984847528,0.09518195,0
3930167,Mateo Kovačić,Croatia,52,2,-1,7,24.848541204666322,17.149576142913173,1,1,1.7054049229932382,7.533958805556405,19,0,2,2.9305081916471414,21.947252298648294,1.402580258034213,Right Foot,Open Play,Normal,Regular Play,Left Defensive Midfield,1,0,1,1,Ground Pass,,12.258874,1,1,1,426.1419494297405,0.43930874692023864,0.06863199368311325,0.034642614,0
3930167,Mario Pašalić,Croatia,53,2,-1,5,11.244554237496477,32.51548172766983,1,1,0.4268746950570874,0.0,17,0,1,2.5403695864246325,9.60771555122475,0.275784172073557,Head,Open Play,Normal,Regular Play,Right Wing,1,0,1,1,High Pass,,32.778652,1,1,1,365.62209784510907,0.0,0.037962793903702864,0.08055008,0
3930167,Bruno Petković,Croatia,56,2,-1,12,7.542545989253231,55.725569929464406,1,1,0.5544212449371309,0.0,15,0,4,2.9797677214055804,4.78998867175278,1.2013617564900727,Head,Open Play,Normal,From Throw In,Center Forward,1,0,1,1,High Pass,,34.634377,1,1,1,420.3126739703322,0.0,0.0735058487846254,0.14854461,0
3930167,Josip Šutalo,Croatia,57,2,-1,1,4.482186966202993,79.65239213565593,1,1,0.4667547847241923,0.0,19,3,5,2.890285393300081,1.676690405787878,1.9694150968278663,Head,Open Play,Normal,From Corner,Right Center Back,1,0,1,1,High Pass,Inswinging,36.507534,1,1,1,357.01691385732676,0.0,0.1041355008712623,0.27776286,0
3930167,Luka Modrić,Croatia,58,2,-1,9,26.615972648017205,15.805188102834125,3,1,1.2906352725579133,0.0,20,0,1,3.5767861849004996,23.504175446048027,0.2858143320246924,Right Foot,Open Play,Normal,Regular Play,Right Defensive Midfield,1,0,1,1,,,,0,0,0,420.67045424180003,0.0,0.048491005368314466,0.027270537,0
3930167,Ivan Perišić,Croatia,60,2,-1,2,28.693727537564722,14.553886051768144,2,1,4.883074897911257,4.983518317305277,20,0,1,3.190397708913559,25.621508688092398,2.0001622370443712,Left Foot,Open Play,Normal,Regular Play,Left Back,1,0,1,1,Ground Pass,,17.685305,1,1,1,417.6052409821987,0.34241839599258317,0.17017917562361054,0.019084653,0
3930167,Kristjan Asllani,Albania,62,2,1,4,23.093289068471815,18.869124992754042,2,1,0.3681808733335988,0.0,14,0,2,2.722990567178957,20.541387491450582,0.11117532468229285,Right Foot,Open Play,Normal,From Free Kick,Left Center Midfield,1,0,1,1,Ground Pass,,9.920181,1,1,1,435.7501579267952,0.0,0.015943197707435224,0.047146343,0
3930167,Nedim Bajrami,Albania,66,2,1,1,20.40833163195855,19.267739743308447,1,1,3.1704375732958954,9.811908565769624,8,0,2,6.054522809871486,14.357081605329922,3.2569971561955953,Right Foot,Open Play,Normal,From Counter,Left Midfield,1,0,1,1,High Pass,,28.42534,1,1,1,393.22242247970667,0.5092402480253156,0.15535015945797007,0.067161754,0
3930167,Mario Pašalić,Croatia,68,2,-1,9,7.111258679024416,55.97296288716454,0,1,0.8896389078977142,53.229855073331855,16,0,2,2.9620976724259487,6.619625553868435,2.0023886545911935,Head,Open Play,Normal,Regular Play,Right Wing,1,0,1,1,High Pass,,33.403744,1,1,1,398.03821812206036,0.95099227069036,0.1251028753210483,0.103066094,0
3930167,Taulant Sulejmanov,Albania,72,2,1,10,28.162386262531086,15.861226857475888,0,1,1.8616700372868806,13.071083206772359,10,0,1,3.5441222705687383,24.644512291155664,0.30547441316894464,Right Foot,Open Play,Normal,Regular Play,Left Midfield,1,0,1,1,,,,0,0,0,446.68999735786804,0.8240903004682486,0.06610483997812917,0.03424818,0
3930167,Andrej Kramarić,Croatia,73,2,-1,6,14.26674454807403,28.446668454961653,1,1,2.302645367622467,0.0,13,1,3,7.1615389227679795,7.105349101909234,3.291278641997202,Right Foot,Open Play,Normal,From Keeper,Left Wing,1,0,1,1,Ground Pass,Through Ball,9.261749,1,1,1,405.84135209069365,0.0,0.1613994951590633,0.17964375,1
3930167,Luka Sučić,Croatia,75,2,0,5,8.386298349092998,50.709183496959824,2,0,1.8612849773202458,23.16883539137988,15,0,3,8.804879945908187,9.8836240103105,8.624020989024814,Left Foot,Open Play,Normal,Regular Play,Center Attacking Midfield,1,0,1,1,Ground Pass,,8.980535,1,1,1,425.26234184440807,0.4568962423299307,0.22194356792965148,0.23861712,0
3930167,Ante Budimir,Croatia,79,2,0,4,14.74109900923265,29.26442480601408,1,1,0.6122903649502022,0.0,19,1,3,4.321014076078927,10.421220925264954,1.1805322429684608,Left Foot,Open Play,Normal,From Free Kick,Center Forward,1,0,1,1,,,,0,0,0,431.3897835136976,0.0,0.04153627653994538,0.11424082,0
3930167,Luka Modrić,Croatia,87,2,0,3,25.672748197261626,17.08043823035787,0,1,1.778858219309728,13.96482060034662,18,0,2,3.7659098614156923,22.0705540061735,0.009094159450711459,Right Foot,Open Play,Normal,From Free Kick,Right Defensive Midfield,1,0,1,1,Ground Pass,,11.166468,1,1,1,438.5017897868586,0.8175914699616011,0.06928974668553284,0.047361944,0
3930167,Martin Baturina,Croatia,88,2,0,5,18.655294154743313,10.777319493793776,0,1,2.2894134305097604,5.76650269086773,11,0,3,4.932334008462266,13.725676695383862,4.525888815446002,Right Foot,Open Play,Normal,From Goal Kick,Left Wing,1,0,1,1,,,,0,0,0,201.05406535637218,0.5350590834936672,0.12272191537262102,0.018151348,0
3930167,Arbër Hoxha,Albania,89,2,0,8,24.49755089799795,17.982667371401693,0,1,2.1946798696805168,15.238462844772167,11,1,3,7.59265796882371,17.566560155356708,4.33628188260321,Right Foot,Open Play,Normal,From Keeper,Left Midfield,1,0,1,1,Ground Pass,,5.503635,1,1,1,440.53130921267996,0.8473972481416352,0.0895877256799526,0.03468018,0
3930167,Mirlind Daku,Albania,92,2,0,10,10.440306508910547,40.13124885774056,2,1,0.4369099140613038,0.0,15,1,6,2.13896054424953,8.315080643506226,0.5310698316879439,Right Foot,Open Play,Normal,Regular Play,Center Forward,1,0,1,1,Ground Pass,,2.1095023,1,1,1,418.98253866017774,0.0,0.04184837999616312,0.13273408,0
3930167,Klaus Gjasula,Albania,94,2,0,6,12.001666550941998,36.861304997511155,1,1,2.945926386577117,19.220493152933635,13,1,1,1.397495561848545,11.049778193113962,0.9640736333923314,Left Foot,Open Play,Normal,From Throw In,Right Defensive Midfield,1,0,1,1,,,,0,0,0,442.39709121270073,0.5214273654780097,0.24545977627964463,0.11446814,1
3930167,Klaus Gjasula,Albania,96,2,1,10,20.70386437358978,21.86601661496964,2,1,3.5315916434197194,3.1221181806953933,16,0,1,2.146076532522401,18.844082518803134,0.9846508207382101,Right Foot,Open Play,Normal,Regular Play,Right Defensive Midfield,1,0,1,1,Ground Pass,,9.021087,1,1,1,452.7110423869922,0.1427840395290822,0.17057644793716292,0.062581755,0
3930167,Mateo Kovačić,Croatia,98,2,-1,2,19.349418595916518,20.556045219583478,1,1,1.3184550655271134,8.637852000654707,13,0,3,6.5797714484688745,12.794475427123931,3.6594601412588403,Left Foot,Open Play,Normal,Regular Play,Left Defensive Midfield,1,0,1,1,Ground Pass,,8.845903,1,1,1,397.7475236303094,0.4202098170335575,0.06813926005018874,0.08401197,0
3930168,Roland Sallai,Hungary,0,1,0,2,7.90759128938769,49.03884937314621,0,1,3.217490550711055,32.99317108483203,11,0,2,4.834855462679017,3.217490550711055,1.9070741852384856,Right Foot,Open Play,Half Volley,Regular Play,Left Attacking Midfield,1,0,1,1,,,,0,0,0,387.779178144686,0.6727965991571402,0.4068862986165027,0.43428022,0
3930168,Kai Havertz,Germany,4,1,0,3,21.718655575334314,18.355701598887688,0,1,1.8803589703047332,14.37300291664571,12,0,2,4.52760056049927,17.266879812565627,2.8410543976969933,Left Foot,Open Play,Normal,Regular Play,Center Forward,1,0,1,1,High Pass,,51.627995,1,1,1,398.66116086985505,0.783026616510081,0.0865780556159397,0.0723028,0
3930168,Bendegúz Bolla,Hungary,5,1,0,3,18.18185909086307,15.222133226268413,0,1,5.709274028405709,10.228393422018991,20,0,0,4.594905476572904,13.772584266222655,4.263687956503219,Right Foot,Open Play,Half Volley,From Corner,Right Wing Back,1,0,1,1,,,,0,0,0,276.76668138235715,0.671942182477298,0.3140093650420374,0.042028096,0
3930168,Kai Havertz,Germany,10,1,0,5,10.084641788382966,25.458154521548522,1,1,0.43828666876033195,0.0,10,0,2,6.205499039640474,3.879332159258217,5.3686160315703475,Left Foot,Open Play,Half Volley,From Throw In,Center Forward,1,0,1,1,High Pass,,50.152767,1,1,1,256.736368943119,0.0,0.04346080683452908,0.17632313,0
3930168,Robert Andrich,Germany,11,1,0,1,13.931259813814394,25.881511400502486,2,1,3.9689016279851907,10.007692531668193,20,0,1,2.63485023511848,11.410523574649579,2.1435149973386345,Right Foot,Open Play,Volley,From Corner,Right Defensive Midfield,1,0,1,1,High Pass,Straight,49.883163,1,1,1,360.5620596945994,0.38667342014168055,0.2848917959343191,0.058733784,0
3930168,Roland Sallai,Hungary,14,1,0,3,18.777113729218346,23.96375251992205,1,1,2.5273215694802342,12.636254392029603,15,1,2,4.029425943831308,15.574320400277898,2.5163657594051614,Right Foot,Open Play,Normal,Regular Play,Left Attacking Midfield,1,0,1,1,Low Pass,,37.850494,1,1,1,449.97010644541905,0.5273069975799728,0.13459584928367166,0.060010985,0
3930168,Jamal Musiala,Germany,21,1,0,14,9.424436322666736,44.35553917242447,2,0,0.9176296518001887,16.053440970563045,16,1,3,7.464083134255474,3.0330375018949614,4.28814313452142,Right Foot,Open Play,Normal,Regular Play,Right Wing,1,0,1,1,Ground Pass,,4.5221677,1,1,1,418.02595448806443,0.36192640806727827,0.09736705945937534,0.17679916,1
3930168,Dominik Szoboszlai,Hungary,25,1,-1,0,30.54079239312562,11.972543893486682,3,1,9.480420330910038,0.3244537638462794,19,0,0,3.0714284499084106,28.230776386857098,0.10764284555507686,Right Foot,Free Kick,Normal,From Free Kick,Right Attacking Midfield,1,0,1,1,,,,0,0,0,365.65097746856065,0.02709981827861906,0.31041828282896716,0.011125852,0
3930168,Barnabás Varga,Hungary,25,1,-1,0,5.799999999999997,0.0,1,0,3.697467271451755,0.0,18,0,1,2.6457193709239393,3.697467271451755,2.3248764453642465,Left Foot,Open Play,Half Volley,From Free Kick,Center Forward,1,0,1,1,,,,0,0,0,0.0,0.0,0.6374943571468547,0.016573403,0
3930168,İlkay Gündoğan,Germany,26,1,1,2,16.834488409215165,26.410569221995384,1,1,0.8244684471066251,0.0,15,0,2,4.239748220032987,12.652274207773322,1.2928931653904812,Left Foot,Open Play,Half Volley,From Free Kick,Center Attacking Midfield,1,0,1,1,,,,0,0,0,444.60842144845606,0.0,0.048974963008398445,0.07659019,0
3930168,Dominik Szoboszlai,Hungary,28,1,-1,8,15.179262169156976,25.702481120507958,1,1,2.0309308609448657,14.335000356204857,12,0,2,3.4033989514526772,11.842760765446233,2.270170071155576,Left Foot,Open Play,Half Volley,Regular Play,Right Attacking Midfield,1,0,1,1,Low Pass,,22.626755,1,1,1,390.14469932599786,0.5577282710176563,0.13379641502414732,0.062200293,0
3930168,Bendegúz Bolla,Hungary,29,1,-1,1,23.583468786419015,17.04367916215198,3,1,8.958829800628882,4.541027978833489,20,0,0,2.5586534919410164,21.31794428384723,2.091908068637956,Right Foot,Open Play,Half Volley,From Corner,Right Wing Back,1,0,1,1,,,,0,0,0,401.94907552635146,0.2664347254856519,0.37987752699840294,0.02690711,0
3930168,Maximilian Mittelstädt,Germany,36,1,1,1,21.850629281556166,20.52950679629114,3,1,4.022558612046943,5.560158107868613,21,0,1,2.165576376263502,19.78515051941762,0.9254866654642626,Right Foot,Open Play,Volley,From Corner,Left Back,1,0,1,1,,,,0,0,0,448.5826423389455,0.2708373933694847,0.18409349040772627,0.035652474,0
3930168,Florian Wirtz,Germany,41,1,1,4,28.757086083259544,12.298647380402786,1,1,0.9006485212270339,3.970984209995549,20,0,1,3.476496764070353,25.28774900701509,2.0596745590059697,Right Foot,Open Play,Normal,From Corner,Left Wing,1,0,1,1,Ground Pass,,15.206906,1,1,1,353.6732614258974,0.3228797515020304,0.0313191857693583,0.009146902,0
3930168,Jamal Musiala,Germany,43,1,1,56,19.412367192076296,20.873472037363666,1,1,0.565662878079388,0.0,17,0,3,4.55383141601261,15.0272222638521,3.00770631613301,Right Foot,Open Play,Normal,Regular Play,Right Wing,1,0,1,1,Ground Pass,,9.741663,1,1,1,405.2035037628404,0.0,0.029139304469280758,0.057380453,0
3930168,Antonio Rüdiger,Germany,45,2,1,15,34.25857556875358,11.63649677000927,1,0,7.153309151244144,10.812458325785986,19,0,0,,,,Right Foot,Open Play,Normal,Regular Play,Right Center Back,1,0,1,1,Low Pass,,12.088011,1,1,1,398.6498039509195,0.929185006406131,0.20880346110386752,0.007015708,0
3930168,Toni Kroos,Germany,54,2,1,19,20.925821369781403,21.242444005519662,1,1,6.777587490003971,13.700036896126226,20,1,0,4.360848916089066,16.572104540904306,1.0914684424610215,Right Foot,Open Play,Half Volley,Regular Play,Left Defensive Midfield,1,0,1,1,,,,0,0,0,444.5155887170882,0.6449369428756123,0.32388633020596086,0.05673947,0
3930168,Dominik Szoboszlai,Hungary,57,2,-1,3,26.107853224652544,13.45105771030948,2,1,3.3075950979613933,4.215510033895921,17,0,1,3.588650646350525,22.569183242194335,2.7179962700469957,Right Foot,Open Play,Half Volley,From Throw In,Right Attacking Midfield,1,0,1,1,,,,0,0,0,351.1782404170908,0.31339617483500715,0.12668966189982142,0.016451184,0
3930168,Roland Sallai,Hungary,57,2,-1,3,12.314625451064272,35.9569901170928,1,1,1.3559917713226899,21.238616976811365,17,0,1,3.1978195127871,10.43023995555483,2.254433820593853,Right Foot,Open Play,Half Volley,From Throw In,Left Attacking Midfield,1,0,1,1,,,,0,0,0,442.79686563961747,0.5906672640743421,0.11011230318868533,0.08636546,0
3930168,Barnabás Varga,Hungary,59,2,-1,3,6.8622153857191055,59.12544621163866,1,1,1.1014686192888141,42.18785127599498,9,0,2,2.670923497405608,4.466416917509155,1.697748680307491,Head,Open Play,Normal,Regular Play,Center Forward,1,0,1,1,High Pass,,30.723444,1,1,1,405.7315466810142,0.7135312116712691,0.1605121024882242,0.18803331,0
3930168,Jamal Musiala,Germany,61,2,1,7,23.67551477793038,18.89677052673144,3,1,1.268750240429413,0.0,20,0,2,2.583418721659708,21.096222684949844,0.3220473612331176,Right Foot,Open Play,Normal,Regular Play,Left Wing,1,0,1,1,Ground Pass,,21.122736,1,1,1,447.3907698607895,0.0,0.05358913004975523,0.0370909,0
3930168,İlkay Gündoğan,Germany,66,2,1,13,12.980754985747165,32.40550568012723,0,1,4.459124391951288,24.52151548582631,16,0,1,5.065293934558087,8.623482462979643,3.6184125813912544,Left Foot,Open Play,Normal,From Free Kick,Center Attacking Midfield,1,0,1,1,Ground Pass,,14.808105,1,1,1,420.6479294229696,0.7567083114788177,0.34351810791031767,0.2238691,1
3930168,Joshua Kimmich,Germany,68,2,2,10,18.33712082089225,11.301330795731237,0,1,3.212879038411025,8.769800526523703,16,0,1,3.4512050327367194,15.118994264318419,2.4402925430643805,Right Foot,Open Play,Normal,Regular Play,Right Back,1,0,1,1,Ground Pass,,11.535164,1,1,1,207.23386823819405,0.7759971533473076,0.17521175051376972,0.015231439,0
3930168,Joshua Kimmich,Germany,73,2,2,9,15.226621424334423,25.20623677208433,0,1,2.741446461718749,19.36068420517463,17,2,2,3.4641593978869034,11.767025111343434,2.039435234604589,Left Foot,Open Play,Normal,Regular Play,Right Back,1,0,1,1,Ground Pass,,13.817742,1,1,1,383.80582486066544,0.7680910236714273,0.18004299084611813,0.11168318,0
3930168,Leroy Sané,Germany,74,2,2,23,22.42164133153503,19.21077918663884,1,1,1.4510291978374517,12.59817487958229,20,1,4,3.469657718089345,18.98655635683549,1.5451997807660973,Right Foot,Open Play,Normal,Regular Play,Right Wing,1,0,1,1,Ground Pass,,3.6138623,1,1,1,430.73720062213437,0.6557867724774205,0.064715565483453,0.03144114,0
3930168,Leroy Sané,Germany,76,2,2,0,31.37036818400447,14.501792699686694,5,1,9.58649933074697,1.9882293643030404,20,1,0,2.625072481303254,29.496558265901626,1.6488285876466975,Left Foot,Free Kick,Normal,From Free Kick,Right Wing,1,0,1,1,,,,0,0,0,454.92657631727974,0.13710231593270503,0.30559090905522296,0.02867941,0
3930168,Chris Führich,Germany,80,2,2,2,17.901117283566407,12.733886161635965,1,1,2.6017253265158016,0.0,13,0,1,5.356420792755082,12.559237440215405,4.84755402332064,Right Foot,Open Play,Normal,Regular Play,Left Wing,1,0,1,1,Ground Pass,,33.752335,1,1,1,227.95078965502867,0.0,0.1453387118414245,0.027013024,0
3930168,Niclas Füllkrug,Germany,86,2,2,15,6.527633568147036,62.89977679814419,1,1,0.6479278387673928,0.0,18,1,3,1.3458770357586096,5.991717909240961,1.2320445480345796,Head,Open Play,Normal,From Throw In,Center Forward,1,0,1,1,High Pass,,21.881727,1,1,1,410.5866944565221,0.0,0.09925922342349199,0.2278667,0
3930168,Leroy Sané,Germany,87,2,2,3,17.55477143115227,20.42462324505339,0,1,3.1412117335795755,15.25162284544759,14,0,2,4.447462965832077,13.295628861984099,1.8600481567630993,Left Foot,Open Play,Normal,From Counter,Right Wing,1,0,1,1,Ground Pass,,11.112605,1,1,1,358.54959263431175,0.7467272547679116,0.17893777460441654,0.05413388,0
3930168,Willi Orban,Hungary,89,2,-2,2,8.080841540334776,52.04351458379742,2,1,1.004238264261578,0.0,14,0,3,7.105311457294524,1.004238264261578,1.2755144639588423,Right Foot,Open Play,Half Volley,From Free Kick,Center Back,1,0,1,1,,,,0,0,0,420.5553945537689,0.0,0.12427397063152584,0.2840574,0
3930165,Kylian Mbappé Lottin,France,7,1,0,8,17.720045146669346,15.884432157822005,0,1,3.624803442785957,10.988232054131759,10,0,1,5.499314758605401,12.339961209066715,3.772553793820123,Right Foot,Open Play,Normal,From Throw In,Center Forward,1,1,0,1,Ground Pass,,16.812199,1,1,1,281.4728549658123,0.6917610868903992,0.2045594925285658,0.08037747,0
3930165,Theo Bernard François Hernández,France,12,1,0,4,13.94596715900335,11.40311632967645,0,1,1.0191663976671195,6.319226066794403,17,0,1,5.614180852598303,8.364132409737824,5.145230351169985,Left Foot,Open Play,Normal,From Free Kick,Left Back,1,1,0,1,Ground Pass,,15.802848,1,1,1,159.0274858439626,0.554166587807993,0.07307964991220833,0.020863526,0
3930165,Antoine Griezmann,France,18,1,0,1,20.64654934849889,17.53038038190126,2,1,1.3869996280592474,3.1934644428774814,13,1,3,5.62912363888591,15.03022812427753,3.230045412092359,Left Foot,Open Play,Normal,From Counter,Center Attacking Midfield,1,1,0,1,Ground Pass,,28.330196,1,1,1,361.9418636528812,0.18216743580615527,0.06717827781522676,0.054649312,0
3930165,Marcus Thuram,France,18,1,0,1,9.192388155425117,28.7626082479026,3,1,1.0809285613338702,0.0,19,1,4,1.1683863393887386,8.14901218996168,1.162626067820149,Head,Open Play,Normal,From Corner,Left Wing,1,1,0,1,High Pass,Inswinging,32.442257,1,1,1,264.3970593771527,0.0,0.11758952549190747,0.06899431,0
3930165,Christoph Baumgartner,Austria,35,1,0,6,8.84590300647707,48.19066039750848,0,1,2.66148622881945,22.133395317062007,11,0,2,6.222563943614934,2.66148622881945,0.7532417166868868,Right Foot,Open Play,Half Volley,Regular Play,Center Attacking Midfield,1,1,0,1,Low Pass,Through Ball,9.087354,1,1,1,426.2899076944357,0.45928806815451595,0.300872192117716,0.47129205,0
3930165,Kevin Danso,Austria,41,1,0,1,11.676043850551437,36.6720686595056,2,1,1.297406849928024,9.227559280003435,19,2,4,1.2127433425709007,10.498244370597337,0.07102943253001115,Head,Open Play,Normal,From Corner,Right Center Back,1,1,0,1,High Pass,Outswinging,44.725048,1,1,1,428.18468175882043,0.2516236366614568,0.11111699018385837,0.037411693,0
3930165,Stefan Posch,Austria,47,2,0,16,28.52805636562014,13.964408275484523,1,1,5.022960453991343,2.640477160009283,16,0,0,3.3734133044125807,25.200427668627746,2.0998771954946847,Right Foot,Open Play,Normal,From Throw In,Right Back,1,1,0,1,Ground Pass,,12.203688,1,1,1,398.37742639555483,0.18908621890157865,0.17607089629998893,0.021681927,0
3930165,Kylian Mbappé Lottin,France,54,2,0,1,16.23637890664048,27.48127952421431,0,1,2.1894656768591294,17.547198555600513,4,0,1,9.332561445081561,6.929793601714922,1.6561595668141322,Right Foot,Open Play,Normal,From Counter,Center Forward,1,1,0,1,,,,0,0,0,446.19646719444415,0.6385146128345051,0.13484938294730636,0.40426746,0
3930165,Ousmane Dembélé,France,63,2,0,5,26.02152954766495,12.552296804694464,1,1,3.2004053450283045,0.0,15,0,1,2.3379901626621726,23.70280491616989,1.438670149311541,Left Foot,Open Play,Normal,From Throw In,Right Wing,1,1,0,1,High Pass,,47.136505,1,1,1,326.6299621944174,0.0,0.12299066967473839,0.01604397,0
3930165,Antoine Griezmann,France,65,2,0,12,6.0016664352494695,67.01564768804724,0,0,1.0519111676539958,67.01564768804724,13,0,1,4.753417236924961,6.121850871597422,4.0176299585065465,Right Foot,Open Play,Half Volley,Regular Play,Center Attacking Midfield,1,1,0,1,Low Pass,,14.2411375,1,1,1,402.20556336585685,1.0,0.175269848633344,0.6972375,0
3930165,Jules Koundé,France,65,2,0,13,15.932670836994022,24.580832756710176,4,1,8.138725424987689,3.007828196779792,16,0,0,3.1379558724647225,12.983899133184568,2.381269998727177,Right Foot,Open Play,Normal,Regular Play,Right Back,1,1,0,1,Ground Pass,,15.962456,1,1,1,391.63831721186364,0.12236478017445128,0.5108199063580982,0.07075118,0
3930165,Marcus Thuram,France,66,2,0,26,15.339491516996251,16.84534552047033,0,1,3.2958090043011667,10.360642341574307,14,0,1,4.785781928853525,10.60829524199291,3.6688280260311075,Right Foot,Open Play,Normal,Regular Play,Left Wing,1,1,0,1,Ground Pass,,17.940178,1,1,1,258.39903471212546,0.6150448103889669,0.21485777417389554,0.07894939,0
3930165,Marcus Thuram,France,72,2,0,6,20.02498439450078,19.03110951433199,1,1,1.3388663632001432,0.0,14,0,3,5.084879929883018,14.97226668364823,2.4213077503440417,Right Foot,Open Play,Normal,From Throw In,Left Wing,1,1,0,1,Ground Pass,,12.61943,1,1,1,381.09767103453345,0.0,0.06685979558455087,0.04839009,0
3930165,Christoph Baumgartner,Austria,77,2,0,13,12.403628501370068,19.49436935860542,0,1,3.716569250556183,8.211194430238834,15,0,1,8.774516662629585,3.716569250556183,7.948829219545075,Right Foot,Open Play,Normal,From Free Kick,Left Wing,1,1,0,1,Ground Pass,,17.805899,1,1,1,241.80091539263356,0.421208518172154,0.29963564695166917,0.1976641,0
3930165,Marcus Thuram,France,82,2,0,4,13.705838172107537,28.985202773512018,0,1,1.3593567326796423,22.11734019382808,11,0,2,4.286708649380175,10.017106969454769,3.530375136958959,Left Foot,Open Play,Normal,Regular Play,Left Wing,1,1,0,1,Ground Pass,,9.319335,1,1,1,397.26649859947827,0.7630562520694146,0.09918085385292529,0.19990508,0
3930165,Kylian Mbappé Lottin,France,84,2,0,1,8.102468759581853,52.54053043073178,1,1,0.7719543246817759,33.79443068760131,19,1,4,1.9551402174962529,6.76904495664536,1.264407079837575,Head,Open Play,Normal,From Free Kick,Center Forward,1,1,0,1,High Pass,,23.13655,1,1,1,425.7080064268639,0.6432068806795758,0.09527396495899781,0.080690145,0
3930165,Patrick Wimmer,Austria,91,2,0,1,15.454772725601632,16.402763132701416,3,1,0.6099450589145471,0.0,18,1,4,3.292747380834413,12.164123087149886,2.7343303404029626,Head,Open Play,Normal,From Throw In,Right Wing,1,1,0,1,High Pass,,26.922482,1,1,1,253.50097628777783,0.0,0.03946645283913761,0.020267555,0
3930165,Marcus Thuram,France,94,2,0,7,23.20344801963708,16.061214986172978,2,1,0.9226543095374803,0.0,13,0,1,4.182877915883519,19.02283400826966,2.5515252889697706,Right Foot,Open Play,Normal,From Free Kick,Left Midfield,1,1,0,1,Low Pass,,10.068764,1,1,1,372.67556706388075,0.0,0.0397636725695525,0.034579307,0
3930164,Kevin De Bruyne,Belgium,2,1,0,8,12.688971589533955,34.80410921429473,1,1,2.007802356145072,19.995980886750427,12,2,2,2.4671603796987442,10.487161683532776,1.2696849906818315,Left Foot,Open Play,Half Volley,Regular Play,Center Attacking Midfield,1,0,0,1,Ground Pass,,13.138112,1,1,1,441.6283530192228,0.5745293109969234,0.15823207909151094,0.14977165,0
3930164,Romelu Lukaku Menama,Belgium,2,1,0,8,5.913543776789002,67.05037881085006,0,1,2.378473577505781,49.73374118725203,13,0,3,1.9753533170439797,3.9856072623856353,0.29033467710497973,Right Foot,Open Play,Half Volley,Regular Play,Center Forward,1,0,0,1,,,,0,0,0,396.50535034824753,0.7417369158726383,0.4022078244928914,0.54738164,0
3930164,Juraj Kucka,Slovakia,6,1,0,1,16.459647626847904,24.61644429834258,0,1,2.7722053328840865,19.152116886352353,14,0,1,3.8970118369744062,12.587276333791998,2.130052168761665,Right Foot,Open Play,Normal,Regular Play,Right Center Midfield,1,0,0,1,Ground Pass,,4.7095647,1,1,1,405.17799897664804,0.778021254988555,0.16842434271571197,0.16258486,0
3930164,Ivan Schranz,Slovakia,6,1,0,1,11.700427342623005,13.757135292261273,0,1,7.663135929717255,11.636693296698951,13,1,0,4.201257201690771,7.663135929717255,3.5879919789714023,Right Foot,Open Play,Volley,Regular Play,Right Wing,1,0,0,1,,,,0,0,0,160.96436192973772,0.8458660214852199,0.6549449610102301,0.06667144,1
3930164,Jeremy Doku,Belgium,15,1,-1,12,22.242302039132547,12.80426606528671,2,1,1.113750404024318,0.0,16,0,3,3.1121395033188777,19.130162608843563,2.4629715784083075,Left Foot,Open Play,Normal,From Keeper,Right Wing,1,0,0,1,Ground Pass,,30.223335,1,1,1,284.79635321352225,0.0,0.05007352215902893,0.027797548,0
3930164,Leandro Trossard,Belgium,20,1,-1,4,32.076471127603796,12.599462628269437,0,1,6.084155662999401,9.243635216111631,11,0,0,17.693874821339925,14.512255309967035,9.569176117965391,Right Foot,Open Play,Half Volley,Regular Play,Left Wing,1,0,0,1,,,,0,0,0,404.14629921900763,0.7336531317908488,0.1896765900087933,0.028659014,0
3930164,Róbert Boženík,Slovakia,22,1,1,6,19.641283053812952,20.519698655924216,1,1,0.4739044853885948,0.0,13,0,1,3.836272955324431,16.030488444845876,2.760357511196574,Right Foot,Open Play,Half Volley,Regular Play,Center Forward,1,0,0,1,,,,0,0,0,403.0332094799527,0.0,0.024127980035224632,0.04691546,0
3930164,Róbert Boženík,Slovakia,30,1,1,12,20.255616505058544,22.28630150644137,0,1,3.4635640533679983,18.450759693522134,13,0,2,2.5725729160178044,17.929090217209673,0.8551809495041738,Right Foot,Open Play,Normal,From Throw In,Center Forward,1,0,0,1,Ground Pass,,17.967192,1,1,1,451.4227766305849,0.8278968894048815,0.17099277390559917,0.064620696,0
3930164,Leandro Trossard,Belgium,31,1,-1,23,22.480213522117616,18.611795750877103,1,1,2.338568298806079,9.754356691838241,17,1,2,2.604135308052599,19.92144391704468,1.4439491291073523,Right Foot,Open Play,Normal,From Keeper,Left Wing,1,0,0,1,,,,0,0,0,418.3971425097586,0.5240954082240321,0.10402785082558183,0.039659355,0
3930164,Amadou Onana,Belgium,35,1,-1,1,7.5186434946737535,55.239087130777996,1,1,0.6450235608283971,0.0,19,1,4,1.8296523132128002,7.072319573109099,1.5014739969173831,Head,Open Play,Normal,From Corner,Left Defensive Midfield,1,0,0,1,High Pass,Outswinging,38.89126,1,1,1,415.3230031075406,0.0,0.08578988500855708,0.11087667,0
3930164,Lukáš Haraslín,Slovakia,39,1,1,7,16.322989922192566,27.3610775928476,1,1,5.407614063740516,11.123993283402564,14,0,0,2.7880038949995885,14.507060158386778,1.735357188268992,Right Foot,Open Play,Volley,Regular Play,Left Wing,1,0,0,1,High Pass,,29.328655,1,1,1,446.6145938083802,0.4065626891212232,0.33128820697171296,0.100932,0
3930164,Juraj Kucka,Slovakia,47,1,1,3,10.155294185792947,21.54471884235164,0,1,0.6142346145065088,9.663085076475618,17,1,3,4.3594415519597565,5.797038382725241,3.9812671432691857,Head,Open Play,Normal,From Corner,Right Center Midfield,1,0,0,1,High Pass,,41.469265,1,1,1,218.79295799427734,0.44851293475598114,0.060484177343263064,0.06432098,0
3930164,Lukáš Haraslín,Slovakia,46,2,1,5,25.181143738917022,14.513124115338709,3,1,1.430142364629391,7.31403328780552,14,0,2,4.061678312587036,21.157895230503605,2.8540469080422994,Right Foot,Open Play,Normal,Regular Play,Left Wing,1,0,0,1,Ground Pass,,26.876383,1,1,1,365.457064449087,0.5039599489179194,0.05679417819370653,0.02820586,0
3930164,Denis Vavro,Slovakia,51,2,1,2,40.20111938740015,11.364114654362611,1,1,1.9314977242598403,5.438620896684866,18,0,1,3.4400944445270705,36.96881903492526,1.1047490296280458,Right Foot,Open Play,Normal,From Throw In,Right Center Back,1,0,0,1,Ground Pass,,21.917345,1,1,1,456.85012995213486,0.4785784957385144,0.04804586921192078,0.0061508114,0
3930164,Romelu Lukaku Menama,Belgium,54,2,-1,9,16.147135968957468,16.9097175793503,1,1,2.078725609864444,8.082681352932989,13,0,2,4.328795285073996,12.055670743610282,4.0979005815846605,Right Foot,Open Play,Normal,From Throw In,Center Forward,1,0,0,1,Ground Pass,,9.912619,1,1,1,273.0435089504396,0.477990322133076,0.12873649010330693,0.09231648,0
3930164,Leandro Trossard,Belgium,58,2,-1,18,21.453671014537342,19.89773369162547,0,1,1.287625390397943,16.004535052998545,15,0,3,3.8831188157622014,17.663666962369735,2.049188492622058,Right Foot,Open Play,Normal,Regular Play,Center Attacking Midfield,1,0,0,1,Ground Pass,,7.4464755,1,1,1,426.8794325550084,0.8043395947014063,0.06001888392552622,0.09907409,0
3930164,Yannick Ferreira Carrasco,Belgium,60,2,-1,3,10.223991392797632,42.66742863175534,1,1,2.525486230868869,24.14088297999212,18,1,3,2.1874517388839845,8.037807682844926,0.08382374617070809,Left Foot,Open Play,Volley,From Corner,Left Back,1,0,0,1,,,,0,0,0,436.2314230838739,0.565791840617862,0.24701568436843233,0.10049267,0
3930164,Johan Bakayoko,Belgium,61,2,-1,2,9.099999999999994,47.456782151905095,2,1,1.9077863040729428,29.268814281456866,14,0,3,5.435790290504663,4.674900844814536,2.195468678767213,Left Foot,Open Play,Half Volley,Regular Play,Right Wing,1,0,0,1,,,,0,0,0,431.8567175823361,0.6167467104653218,0.2096468466014224,0.195297,0
3930164,Kevin De Bruyne,Belgium,66,2,-1,7,23.43032223423314,16.946076510419136,2,1,5.250642376917036,6.889133842302548,16,0,0,2.2856036552908843,21.385642165962715,1.8773635228550134,Right Foot,Open Play,Normal,Regular Play,Left Defensive Midfield,1,0,0,1,Ground Pass,,12.5004,1,1,1,397.05203324508943,0.40653267663856163,0.2240960377935189,0.03400005,0
3930164,David Strelec,Slovakia,75,2,1,3,9.674709297958263,40.89188782286411,1,1,0.7382499864573374,0.0,12,0,1,2.809185881181799,7.056471515397463,2.079016687589302,Right Foot,Open Play,Backheel,From Free Kick,Center Forward,1,0,0,1,Ground Pass,,14.827677,1,1,1,395.6171273309297,0.0,0.0763072009422688,0.12313379,0
3930164,Juraj Kucka,Slovakia,77,2,1,6,24.462420158275428,17.174319891961666,1,1,4.023212663438475,6.1041661568645,15,0,2,2.9331653132791145,21.532481829998968,1.0312756355052954,Left Foot,Open Play,Normal,From Throw In,Right Center Midfield,1,0,0,1,Ground Pass,,22.1822,1,1,1,420.12542912979376,0.35542403980267756,0.16446502992785267,0.047570586,0
3930164,Yannick Ferreira Carrasco,Belgium,79,2,-1,13,21.95381515819062,20.17361613313329,1,1,2.6288499433965713,9.531051332580098,18,0,1,2.066319721280702,19.906666142446632,0.19666378808287988,Right Foot,Open Play,Normal,From Throw In,Left Back,1,0,0,1,Ground Pass,,11.472576,1,1,1,442.88783965910045,0.4724513081681093,0.11974456031692465,0.046634816,0
3930164,Amadou Onana,Belgium,79,2,-1,1,12.055289295574784,34.95305157824362,1,1,1.8253806659336294,15.096482837169443,19,1,3,1.3314616189649435,11.180028168180796,0.5853724890615126,Head,Open Play,Normal,From Corner,Left Defensive Midfield,1,0,0,1,High Pass,Outswinging,45.621597,1,1,1,421.3691485388736,0.43190743455905256,0.15141740867253048,0.034820676,0
3930164,Johan Bakayoko,Belgium,90,2,-1,2,21.115160430363776,20.134932631491942,5,1,2.7053865204115444,0.0,19,0,1,1.1989478236971371,19.92042621814038,0.5211165444964792,Left Foot,Open Play,Half Volley,From Corner,Left Wing Back,1,0,0,1,,,,0,0,0,425.15233276851905,0.0,0.1281253121108744,0.030715866,0
3930161,Nedim Bajrami,Albania,0,1,0,1,14.451643505151932,18.786288561191785,1,1,1.3719306329324286,0.0,14,1,1,4.64598413119568,9.848039766938985,4.095101322666615,Right Foot,Open Play,Normal,From Throw In,Center Attacking Midfield,1,0,0,1,,,,0,0,0,271.4927450712573,0.0,0.09493249902292032,0.08619496,1
3930161,Lorenzo Pellegrini,Italy,1,1,-1,10,14.33771250932309,30.75395135008481,1,1,5.35204483645653,19.008214700332324,18,0,0,3.1877453460501513,11.474793089416151,1.7631324387183582,Right Foot,Open Play,Normal,From Kick Off,Left Wing,1,0,0,1,Ground Pass,,8.348653,1,1,1,440.94131298322475,0.6180739015924829,0.37328442964499153,0.20114782,0
3930161,Federico Chiesa,Italy,5,1,-1,11,19.3238194982255,11.389756025258006,0,1,2.866610975776166,7.030799248935647,15,0,1,3.5502486724345377,15.777059239648157,3.2053757152212583,Left Foot,Open Play,Normal,From Throw In,Right Wing,1,0,0,1,High Pass,,52.543507,1,1,1,220.09358956091202,0.6172914708044751,0.14834598180962133,0.015626727,0
3930161,Jasir Asani,Albania,7,1,1,6,22.000000000000004,12.715336988894803,1,1,1.5413609199974205,1.300154945005332,15,1,2,4.401286276634781,17.623518145377187,3.2545838215211376,Left Foot,Open Play,Normal,From Goal Kick,Right Wing,1,0,0,1,Ground Pass,,19.220041,1,1,1,279.73741375568574,0.10225092312856895,0.07006185999988274,0.014936902,0
3930161,Berat Djimsiti,Albania,8,1,1,3,17.212204972053986,25.220023981305633,0,1,3.1954152710388626,20.3431645212237,17,0,1,3.109783584317192,14.102455813979981,0.8979874618973938,Left Foot,Open Play,Half Volley,From Corner,Left Center Back,1,0,0,1,Low Pass,,32.15727,1,1,1,434.0922221663496,0.8066274852198034,0.18564822323618563,0.05804902,0
3930161,Federico Dimarco,Italy,9,1,-1,12,22.09072203437452,14.081933872526044,1,1,1.1456118095631358,0.0,18,0,3,4.5994857085022085,17.516875554316556,3.688850742797939,Left Foot,Open Play,Normal,From Free Kick,Left Back,1,0,0,1,Ground Pass,,16.59518,1,1,1,311.08008688441595,0.0,0.05185940992695909,0.015797285,0
3930161,Alessandro Bastoni,Italy,10,1,-1,3,6.184658438426496,40.791610245351436,0,1,1.047599707733175,36.654259115959974,20,1,2,1.1365663638091357,6.398880629363405,0.5434515047540529,Head,Open Play,Normal,From Corner,Right Center Back,1,0,0,1,High Pass,,38.141315,1,1,1,252.28217652091746,0.8985734786024303,0.16938683326863008,0.1377708,1
3930161,Gianluca Scamacca,Italy,15,1,0,10,18.70427758562196,20.013416279199763,2,1,1.3965052728426794,6.959198629018837,17,1,2,3.719690327557401,14.985672092956897,2.2325006305700654,Right Foot,Open Play,Normal,From Throw In,Center Forward,1,0,0,1,,,,0,0,0,374.33649352275773,0.347726671545409,0.07466234750045507,0.05321112,0
3930161,Nicolò Barella,Italy,15,1,0,10,19.481529714065065,22.905204585833268,1,1,8.828417801188033,11.257799062967395,17,1,0,3.062537924997992,16.470553765611275,1.0184464020755328,Right Foot,Open Play,Half Volley,From Throw In,Left Center Midfield,1,0,0,1,,,,0,0,0,446.2284237456502,0.49149524165046216,0.4531686130794024,0.0846303,1
3930161,Riccardo Calafiori,Italy,20,1,1,1,4.512205669071396,82.93909975751524,0,1,0.7761122787412577,56.334484877131906,19,0,4,4.173735090820421,0.897290908275363,1.6838031744079132,Head,Open Play,Normal,From Corner,Left Center Back,1,0,0,1,High Pass,Inswinging,40.896088,1,1,1,374.23827611353835,0.6792271081050328,0.17200285972358617,0.1803363,0
3930161,Federico Chiesa,Italy,20,1,1,1,25.251732613822753,17.56658165162236,3,1,0.972623284748728,6.812738231446709,20,1,1,3.5026237425643094,21.798345571050493,1.310718323164295,Right Foot,Open Play,Half Volley,From Corner,Right Wing,1,0,0,1,,,,0,0,0,443.5866228056527,0.38782378760739256,0.038517091069478364,0.027081154,0
3930161,Lorenzo Pellegrini,Italy,30,1,1,26,10.912378292562993,29.19599108756371,1,1,0.21683009008454734,0.0,15,0,2,3.504247285265078,7.429403515642399,2.412522969573537,Right Foot,Open Play,Overhead Kick,Regular Play,Left Wing,1,0,0,1,High Pass,,35.93021,1,1,1,318.5976993737928,0.0,0.019870103864738767,0.050647445,0
3930161,Davide Frattesi,Italy,32,1,1,24,12.564234954823158,21.261809217382133,0,1,0.7613405299489626,5.421023340563471,8,0,2,8.916391731343753,3.649569176886548,7.399138818888929,Right Foot,Open Play,Normal,From Throw In,Right Center Midfield,1,0,0,1,,,,0,0,0,267.13836657181383,0.2549652894134536,0.060595852647335226,0.21950644,0
3930161,Gianluca Scamacca,Italy,39,1,1,9,11.806777714516356,18.62973702661754,0,1,2.4829316459556834,14.171318863501517,13,0,4,6.93698452355618,4.974732276225402,5.846085868501987,Right Foot,Open Play,Half Volley,From Throw In,Center Forward,1,0,0,1,Low Pass,,13.572398,1,1,1,219.95716395316816,0.7606827108323652,0.21029714507989214,0.08583342,0
3930161,Riccardo Calafiori,Italy,40,1,1,1,7.202777242147645,58.080533547782515,1,1,0.5616924826724478,0.0,18,3,5,1.6713790307966077,6.075913875123838,1.1625610495122132,Head,Open Play,Normal,From Corner,Left Center Back,1,0,0,1,High Pass,Outswinging,40.839687,1,1,1,418.34114524976076,0.0,0.07798276467383412,0.10085189,0
3930161,Jasir Asani,Albania,43,1,-1,2,28.690416518412558,14.82285083468092,1,1,1.0189598327093092,9.598005747608074,18,0,1,3.535237456132794,25.485414656415905,0.12093549437418716,Left Foot,Open Play,Normal,From Free Kick,Right Wing,1,0,0,1,Low Pass,,13.446189,1,1,1,425.27376443729486,0.6475141559916184,0.03551568629390147,0.023186801,0
3930161,Lorenzo Pellegrini,Italy,46,1,1,20,11.428473213863697,37.51782213035523,0,1,2.5485694885281043,29.871222743241237,14,1,2,2.565357660265633,8.998246615701264,0.03392200697537362,Other,Open Play,Normal,From Throw In,Left Wing,1,0,0,1,High Pass,,33.163986,1,1,1,428.77142525926735,0.7961875462667857,0.2230017466757043,0.11972189,0
3930161,Gianluca Scamacca,Italy,47,2,1,20,22.769497139814042,19.54792569260475,2,1,1.8838562783698862,9.819666225787007,18,0,1,4.2860647374429375,18.640904245557532,1.859622922141277,Right Foot,Open Play,Half Volley,Regular Play,Center Forward,1,0,0,1,,,,0,0,0,445.0964381470613,0.5023380168414453,0.08273596324074427,0.03734544,0
3930161,Kristjan Asllani,Albania,51,2,-1,0,32.40447499960461,11.968500087664541,3,1,10.232315972158373,2.7973362360665743,20,0,0,1.853690883492138,30.798519522468165,0.10136074217851387,Right Foot,Free Kick,Normal,From Free Kick,Left Defensive Midfield,1,0,0,1,,,,0,0,0,387.8329618734912,0.23372487910575176,0.31576860826423586,0.008601317,0
3930161,Federico Chiesa,Italy,59,2,1,7,22.357325421436265,16.92115155250131,2,1,3.918914243579266,3.9098440242619503,18,0,1,3.6433062039823,18.715963978839017,2.1582677656031564,Left Foot,Open Play,Normal,From Throw In,Right Wing,1,0,0,1,Ground Pass,,6.3906183,1,1,1,378.31169176471326,0.2310625262193808,0.17528546772512424,0.03460156,0
3930161,Giovanni Di Lorenzo,Italy,66,2,1,3,9.67729300992793,21.38035911605074,0,0,1.4498173107817667,21.380359116050737,18,1,1,2.2191338374373912,9.914177326729124,0.8578943009507185,Head,Open Play,Normal,From Corner,Right Back,1,0,0,1,High Pass,,42.197273,1,1,1,206.90399982350672,0.9999999999999999,0.14981641139669946,0.07586851,0
3930161,Kristjan Asllani,Albania,68,2,-1,1,23.015864094141676,19.468148984131336,4,1,6.224718207252905,5.08123873323526,19,0,0,7.289125858433056,16.16418579739461,3.2048563935260788,Left Foot,Open Play,Volley,From Corner,Left Defensive Midfield,1,0,0,1,,,,0,0,0,448.07627118326917,0.2610026632412267,0.2704533786692505,0.028912615,0
3930161,Federico Dimarco,Italy,79,2,1,28,30.271108337819417,12.378594954678679,0,1,2.899298688158182,11.437809824081745,13,0,1,7.03701513042816,23.86691232357532,1.6735976705529012,Left Foot,Open Play,Normal,Regular Play,Left Back,1,0,0,1,,,,0,0,0,374.7137889430631,0.9239990375287827,0.09577775137278087,0.009818552,0
3930161,Rey Manaj,Albania,89,2,-1,19,12.976902558006667,15.82615407617254,0,1,1.985669409781357,8.287190115522188,9,0,2,9.873483439874983,3.1562394583483053,8.75780730051384,Right Foot,Open Play,Lob,Regular Play,Center Forward,1,0,0,1,High Pass,,56.554485,1,1,1,205.37445931449108,0.5236389128802413,0.15301566771465133,0.104034275,0
3930161,Mario Mitaj,Albania,94,2,-1,10,24.321389762922674,15.01738664188126,2,1,5.481878812096703,1.3367838293195906,16,0,0,3.185715266929472,21.16290658393862,2.231816106888637,Left Foot,Open Play,Normal,Regular Play,Left Back,1,0,0,1,Ground Pass,,10.212248,1,1,1,365.2437137377026,0.08901574296499094,0.22539332108618582,0.030680664,0
3930183,Juraj Kucka,Slovakia,0,1,0,4,20.926777104943795,21.523195969461742,0,1,2.496216527179927,17.359912320457628,18,0,1,4.414825238063,16.518226808143872,0.27689545497561596,Right Foot,Open Play,Half Volley,From Kick Off,Right Center Midfield,1,0,0,1,,,,0,0,0,450.4111246389506,0.8065675908489054,0.11928337147482754,0.042125423,0
3930183,Peter Pekarík,Slovakia,0,1,0,4,28.044607324760314,14.718303861099184,2,1,5.1045604514705065,4.246986622561643,16,0,0,3.3399260050444624,24.704925584152033,1.406735209587815,Right Foot,Open Play,Half Volley,From Kick Off,Right Back,1,0,0,1,,,,0,0,0,412.76905227103015,0.28855136180375557,0.18201575769483994,0.018847207,0
3930183,David Strelec,Slovakia,0,1,0,4,14.242541907960113,31.29852669790144,0,1,1.5780236907251652,24.84515393042196,16,0,1,3.595937709612542,10.659742487326444,0.5418420197223313,Left Foot,Open Play,Volley,From Kick Off,Center Forward,1,0,0,1,,,,0,0,0,445.7705781522697,0.793812250980102,0.1107964927133697,0.16629212,0
3930183,Juraj Kucka,Slovakia,8,1,0,1,12.879829191413991,31.540913276098845,3,1,1.493498332864983,0.0,15,2,3,1.5804298421649408,11.331470096151818,0.964271568583797,Head,Open Play,Normal,From Corner,Right Center Midfield,1,0,0,1,High Pass,Outswinging,36.081715,1,0,1,406.241575537355,0.0,0.11595637726784337,0.04360604,0
3930183,Dávid Hancko,Slovakia,9,1,0,1,15.289538907370614,29.01773178854386,0,1,0.915004008243176,23.835369021657396,15,0,1,2.7069068183369573,13.271625541403397,1.9902811801145859,Right Foot,Open Play,Volley,From Corner,Left Back,1,0,0,1,High Pass,Outswinging,40.51876,1,0,1,443.6677391845864,0.8214070346831019,0.05984510152899907,0.061454203,0
3930183,Andrei Florin Ratiu,Romania,10,1,0,6,18.270194306574844,18.89882844775552,0,1,3.1078769634047525,14.341627496449677,16,1,4,3.1907634738567667,15.091075215781219,2.308469881744948,Right Foot,Open Play,Normal,Regular Play,Right Back,1,0,0,1,Ground Pass,,3.7013512,1,0,1,345.2852679071176,0.7588633092308391,0.1701063990483303,0.083783165,0
3930183,Ianis Hagi,Romania,10,1,0,6,17.020575783445164,16.447324426353468,2,1,4.860987522715865,5.998215287749895,16,0,1,3.8041404794032005,13.228603260296941,3.213412443301472,Right Foot,Open Play,Half Volley,Regular Play,Right Midfield,1,0,0,1,,,,0,0,0,279.94293183365795,0.36469246500293895,0.28559477567403097,0.042076837,0
3930183,Răzvan Gabriel Marin,Romania,12,1,0,0,37.068180424725455,11.520319947710995,1,1,10.316967026670042,4.852299062875419,19,1,0,1.4627844370979648,35.6563816070568,0.15679254286288113,Right Foot,Free Kick,Normal,From Free Kick,Right Center Midfield,1,0,0,1,,,,0,0,0,427.03729837231486,0.42119481793034197,0.27832407494672584,0.007878168,0
3930183,Milan Škriniar,Slovakia,21,1,0,1,8.26377637645163,49.67328366598083,0,1,2.9639540642636604,39.93020527286898,19,2,4,2.764230479379986,6.474448119005799,0.972515256069201,Other,Open Play,Normal,From Free Kick,Left Center Back,1,0,0,1,High Pass,,36.14374,1,0,1,410.48890809971306,0.8038567681849372,0.35866823220310173,0.12854967,0
3930183,Nicolae Claudiu Stanciu,Romania,22,1,0,3,29.14463930125058,12.450022048056605,1,1,3.9447884094796843,0.0,19,0,2,2.4836933818241995,26.66191000166399,1.5771177565128554,Right Foot,Open Play,Normal,From Throw In,Left Center Midfield,1,0,0,1,Ground Pass,,14.638647,1,0,1,362.8514018832268,0.0,0.13535210948074472,0.010006143,0
3930183,Ondrej Duda,Slovakia,23,1,0,9,9.794386147176347,41.37265296007119,0,1,1.3275659449692045,38.99732987978158,14,0,2,3.488382076448658,7.926755208583368,1.3334459858273178,Head,Open Play,Normal,From Keeper,Left Center Midfield,1,0,0,1,High Pass,,42.443962,1,0,1,405.2197390240558,0.9425871219188666,0.13554355781162788,0.10944717,1
3930183,David Strelec,Slovakia,30,1,1,27,11.607756027760063,35.787939695173776,1,1,1.6457513831981276,7.534718461110148,16,0,1,3.619043534660372,8.289802957120479,2.443913189224048,Left Foot,Open Play,Half Volley,From Throw In,Center Forward,1,0,0,1,Low Pass,,28.139652,1,0,1,415.417672717767,0.21053792214046485,0.14178032164548401,0.087866805,0
3930183,Andrei Florin Ratiu,Romania,32,1,-1,13,26.221365334398588,17.20914416230094,0,1,5.043696547720881,14.330141700618325,17,1,0,2.657273587993122,23.884025831774746,0.8888550854667088,Right Foot,Open Play,Normal,Regular Play,Right Back,1,0,0,1,,,,0,0,0,451.2472561720257,0.8327050761774966,0.19235064549077047,0.03746017,0
3930183,Răzvan Gabriel Marin,Romania,36,1,-1,0,11.900420160649796,37.156345075648375,0,1,9.305656055338236,31.149700447970446,16,0,0,0.5315095793488271,11.451723103781237,0.2832550815557795,Right Foot,Penalty,Normal,Other,Right Center Midfield,1,0,0,1,,,,0,0,0,442.1761180343067,0.838341348820808,0.7819602946548504,0.7835,1
3930183,Denis Mihai Drăguş,Romania,42,1,0,1,19.736767719158067,20.33013046769675,1,1,1.7870675674907002,0.0,11,1,2,3.32023236348143,16.509018662978878,2.1847154592183813,Right Foot,Open Play,Normal,From Counter,Center Forward,1,0,0,1,Ground Pass,,33.331818,1,0,1,401.25106274110914,0.0,0.09054509800791906,0.045624558,0
3930183,David Strelec,Slovakia,43,1,0,3,32.43470363669137,14.04652309504868,0,0,3.380169550566333,14.046523095048704,17,0,3,,,,Left Foot,Open Play,Half Volley,From Goal Kick,Center Forward,1,0,0,1,,,,0,0,0,455.5948137138447,1.0000000000000016,0.1042145964528733,0.016442684,0
3930183,Lukáš Haraslín,Slovakia,51,2,0,8,13.585654198455074,9.695311202141632,1,1,3.946165626109471,4.209088798586226,14,0,1,3.5265861909596263,10.0707814986478,3.326634412150419,Right Foot,Open Play,Normal,Regular Play,Left Wing,1,0,0,1,,,,0,0,0,131.71714533870397,0.4341365337150256,0.290465631501074,0.012604465,0
3930183,Răzvan Gabriel Marin,Romania,60,2,0,4,20.571825392998072,19.874574788384926,1,1,2.00442738869468,9.325270698102807,16,0,2,3.776634030402227,17.164857205954124,2.882642325295876,Right Foot,Open Play,Normal,Regular Play,Right Defensive Midfield,1,0,0,1,Ground Pass,,6.7029843,1,0,1,408.8562823067363,0.469206048300096,0.09743556298008037,0.052743744,0
3930183,Denis Mihai Drăguş,Romania,60,2,0,7,20.83698634639856,16.71759456857636,0,1,1.7230466555194892,12.93304804683898,15,0,4,2.6806404750507604,18.17058810235019,1.9484805838954813,Right Foot,Open Play,Normal,Regular Play,Center Forward,1,0,0,1,Ground Pass,,16.802382,1,0,1,348.34428977005234,0.7736189553937923,0.08269173991263369,0.058865298,0
3930183,David Strelec,Slovakia,63,2,0,15,16.39908534034749,27.273715544891793,1,1,1.7062384730972033,3.6318561693545637,13,0,3,3.914445946016429,12.525892712784248,0.06607206681444211,Left Foot,Open Play,Normal,From Free Kick,Center Forward,1,0,0,1,Ground Pass,,10.1493845,1,0,1,447.26398876904244,0.1331632341540201,0.10404473406204305,0.114570245,0
3930183,Lukáš Haraslín,Slovakia,64,2,0,4,22.157842855296185,14.088173677624942,1,1,1.1258246718489453,3.295618923055573,14,0,2,3.984772581333304,18.17785301691999,3.065276618865589,Right Foot,Open Play,Normal,From Throw In,Left Wing,1,0,0,1,Ground Pass,,49.432884,1,0,1,312.1635384669336,0.23392804478906493,0.05080930843319208,0.036418177,0
3930183,Denis Vavro,Slovakia,75,2,0,3,37.80542289143186,11.362549242564647,0,1,3.4641361881740513,9.448542780659409,20,0,1,1.8940430412966762,35.923667879888306,0.844448218654037,Right Foot,Open Play,Normal,From Throw In,Right Center Back,1,0,0,1,Ground Pass,,31.890438,1,0,1,429.5659792398753,0.8315513164303588,0.0916306689154681,0.006518632,0
3930175,Youri Tielemans,Belgium,1,1,0,3,20.02423531623617,22.161287109770644,3,1,1.0408060024098513,0.0,17,1,1,3.7230772647856005,16.59653394291378,2.0066731119076167,Right Foot,Open Play,Normal,Regular Play,Right Defensive Midfield,1,0,0,1,Ground Pass,,6.902898,1,1,1,443.7628279967187,0.0,0.051977315786233234,0.056764796,1
3930175,Răzvan Gabriel Marin,Romania,2,1,-1,7,30.463092423455638,13.03865658302302,1,1,6.77640377699447,8.471273185600571,18,0,0,3.6503659884677204,26.853890654635368,2.248087426083643,Right Foot,Open Play,Normal,Regular Play,Right Center Midfield,1,0,0,1,Ground Pass,,12.714166,1,1,1,397.1978005663285,0.6497044485879466,0.22244635189357365,0.020378055,0
3930175,Radu Drăgușin,Romania,4,1,-1,5,7.736924453553879,53.83319627759533,1,1,1.5085965594683226,29.423637614293618,19,2,4,1.9078929261369024,6.069693483633242,0.3715064425320236,Head,Open Play,Normal,From Corner,Right Center Back,1,0,0,1,High Pass,,30.456854,1,1,1,416.50337269309296,0.5465705112987941,0.19498659558131834,0.10383942,0
3930175,Youri Tielemans,Belgium,10,1,1,3,22.477099457002893,19.869430170221648,3,1,3.7422188762414095,5.773268562597071,16,0,1,2.779273926187997,19.86835173902508,1.3654365684743155,Right Foot,Open Play,Normal,Regular Play,Right Defensive Midfield,1,0,0,1,Ground Pass,,12.32396,1,1,1,446.6071580900459,0.29056034889462906,0.16649029308252208,0.041907914,0
3930175,Romelu Lukaku Menama,Belgium,12,1,1,5,10.656922632730327,40.994545231849635,1,1,2.36993720217721,21.94419848055461,15,0,2,4.25085275576536,6.5031216625755,0.2680115083375938,Right Foot,Open Play,Normal,From Throw In,Center Forward,1,0,0,1,Ground Pass,,19.46407,1,1,1,436.87569689978545,0.5352955705800986,0.22238476189162562,0.1279859,0
3930175,Amadou Onana,Belgium,17,1,1,12,24.82901528454159,18.28367621466277,2,1,6.973496083413672,10.002275635449408,20,0,0,3.1230482383363385,21.767239235716673,0.7240132749096659,Right Foot,Open Play,Half Volley,From Throw In,Left Defensive Midfield,1,0,0,1,,,,0,0,0,453.9656761914714,0.5470604225329689,0.2808607592164693,0.021880424,0
3930175,Dodi Lukebakio,Belgium,17,1,1,2,16.236070953281775,24.9500988134585,1,1,1.6170619778063304,7.355475597366852,14,0,3,3.880509612386264,12.375803670409939,2.0919034607869165,Left Foot,Open Play,Normal,Regular Play,Right Wing,1,0,0,1,Ground Pass,,21.627066,1,1,1,405.0915746267036,0.29480747360403986,0.09959687799217679,0.078508794,0
3930175,Jan Vertonghen,Belgium,18,1,1,2,11.807201192492656,34.241473012527834,2,1,1.7270837836655675,7.840782287493832,17,0,2,2.8981183388493363,9.721839351606901,2.649015397626769,Left Foot,Open Play,Normal,From Corner,Left Center Back,1,0,0,1,Ground Pass,,16.3878,1,1,1,404.29596098622375,0.228984958813692,0.146273765942406,0.104912855,0
3930175,Valentin Mihai Mihăilă,Romania,20,1,-1,1,23.477648945326706,19.125842555237114,4,1,4.217250958471932,8.156381033797448,21,0,2,1.553162970842299,21.941453746287113,0.017011635518237256,Right Foot,Open Play,Normal,From Corner,Left Midfield,1,0,0,1,,,,0,0,0,449.02981729544723,0.4264586519648012,0.17962833366717446,0.036989477,0
3930175,Valentin Mihai Mihăilă,Romania,23,1,-1,2,23.73562722996803,16.524887207977,1,1,1.739680572694431,0.0,14,0,4,4.136970847628584,19.64453685945121,2.602165529656297,Right Foot,Open Play,Normal,From Keeper,Left Midfield,1,0,0,1,,,,0,0,0,392.22856278580923,0.0,0.0732940636385607,0.030926589,0
3930175,Jeremy Doku,Belgium,30,1,1,2,12.744018204632322,12.328933253235245,2,1,0.5977943366372028,0.0,17,1,3,3.3683481738750647,9.492159070415054,3.353946397482588,Left Foot,Open Play,Normal,From Corner,Left Wing,1,0,0,1,Ground Pass,,14.541321,1,1,1,157.12014982292678,0.0,0.04690783762533473,0.021825416,0
3930175,Dodi Lukebakio,Belgium,30,1,1,2,15.276452467768815,10.630635991030463,2,1,2.9015617912965808,1.801879166351269,16,0,2,4.285662902035534,11.096798708397142,4.236907172640976,Left Foot,Open Play,Volley,From Corner,Right Wing,1,0,0,1,,,,0,0,0,162.3984054191293,0.16949871746822995,0.1899368847196999,0.012732397,0
3930175,Dodi Lukebakio,Belgium,32,1,1,20,21.639085008382402,16.271150157652798,1,1,2.0919963114249414,5.658620221031699,11,1,2,4.418595060313877,17.238152264767667,2.5810398726675743,Left Foot,Open Play,Normal,Regular Play,Right Wing,1,0,0,1,Ground Pass,,18.76273,1,1,1,352.09280144560364,0.347770143241551,0.09667674537137583,0.031616453,0
3930175,Dennis Man,Romania,36,1,-1,10,22.76686188300882,15.403738674017603,1,1,1.384498947422598,8.434815974170068,17,0,3,3.263010877972552,19.510457940073504,1.9715073971738377,Left Foot,Open Play,Normal,From Throw In,Right Midfield,1,0,0,1,Ground Pass,,16.794344,1,1,1,350.6947908733202,0.5475823858527002,0.06081202383258037,0.033510946,0
3930175,Kevin De Bruyne,Belgium,42,1,1,4,20.961154548354443,17.710488211238278,0,1,1.8822611064883459,12.950059918958832,14,0,3,6.60665849915189,14.447169712449458,4.6083616395136815,Right Foot,Open Play,Normal,Regular Play,Center Attacking Midfield,1,0,0,1,Ground Pass,,14.972308,1,1,1,371.23228052257497,0.7312085225714617,0.08979758734883775,0.09735306,0
3930175,Andrei Burcă Andonie,Romania,44,1,-1,2,8.10493676718085,52.17401200262837,0,1,0.8713713458561421,40.58695349968256,18,0,4,2.316980949479959,5.9438932836713905,0.35153585894304484,Head,Open Play,Normal,From Corner,Left Center Back,1,0,0,1,High Pass,,37.304424,1,1,1,422.8670681714377,0.7779151332590238,0.10751118372503135,0.11149162,0
3930175,Dennis Man,Romania,45,2,-1,13,28.738301967931232,13.443974308485076,1,1,3.0545750668248814,8.422182303707826,18,0,1,3.8963103241600763,24.988771718708193,2.8645221289095986,Left Foot,Open Play,Normal,From Kick Off,Right Midfield,1,0,0,1,Ground Pass,,7.602631,1,1,1,386.3569933263536,0.6264652185769368,0.1062893371443257,0.021334786,0
3930175,Valentin Mihai Mihăilă,Romania,47,2,-1,8,17.951323071016244,19.691148363696236,1,1,0.7742000988260718,0.0,9,0,1,5.622993478710953,12.676731373504738,4.723764829478483,Left Foot,Open Play,Normal,From Throw In,Left Midfield,1,0,0,1,,,,0,0,0,353.482165916024,0.0,0.04312774583596436,0.11731382,0
3930175,Kevin De Bruyne,Belgium,51,2,1,9,25.2857667473225,14.326318314688187,1,1,1.6807336060955866,5.174056207267472,14,0,3,3.3049350676493523,21.98265613014384,2.1185654417209676,Right Foot,Open Play,Normal,From Throw In,Center Attacking Midfield,1,0,0,1,Ground Pass,,9.8270035,1,1,1,362.2519432530999,0.3611574232552633,0.06646955272865351,0.025796724,0
3930175,Kevin De Bruyne,Belgium,54,2,1,2,19.016834647227704,23.73816089559321,0,1,1.2385596538234664,19.198992784222654,15,0,3,3.8842738585355505,15.150996271445313,0.1742847589029708,Right Foot,Open Play,Normal,Regular Play,Center Attacking Midfield,1,0,0,1,Ground Pass,,14.301398,1,1,1,451.42468058078276,0.8087818120647579,0.06512964311881553,0.13007036,0
3930175,Valentin Mihai Mihăilă,Romania,56,2,-1,7,24.298148077579903,17.617180468090687,0,1,2.0230749054826993,14.292075656220877,17,1,2,3.625772172866042,20.68042624677796,1.4601208181823822,Right Foot,Open Play,Half Volley,From Throw In,Left Midfield,1,0,0,1,Ground Pass,,9.1268835,1,1,1,428.06485972311594,0.81125783334669,0.08326045668268056,0.039179783,0
3930175,Romelu Lukaku Menama,Belgium,57,2,1,7,17.623280057923377,21.223656502766218,2,1,6.344361643467188,4.527526244619135,14,0,0,2.559122658729539,15.62712318655974,2.4313735100491485,Right Foot,Open Play,Normal,From Goal Kick,Center Forward,1,0,0,1,Ground Pass,,15.33884,1,1,1,374.0304424014157,0.21332451568979324,0.3599989118152146,0.072152875,0
3930175,Romelu Lukaku Menama,Belgium,58,2,1,1,10.444615837837214,37.719981696836534,0,1,1.2127873738107318,28.12124049156169,20,1,4,3.4395560594938748,7.17129501593535,2.440966177102567,Right Foot,Open Play,Half Volley,From Free Kick,Center Forward,1,0,0,1,High Pass,,37.29799,1,1,1,393.9707182337087,0.7455263557012843,0.11611603458092011,0.16418488,0
3930175,Jeremy Doku,Belgium,62,2,1,5,15.880806024884258,17.660136063595758,0,1,0.8926493506244653,11.183033568946533,11,0,2,5.2600756369888035,10.620730472824603,4.239186670216711,Left Foot,Open Play,Normal,Regular Play,Left Wing,1,0,0,1,Ground Pass,,36.490547,1,1,1,280.4571951990273,0.6332359801009126,0.05620932270224433,0.11017092,0
3930175,Romelu Lukaku Menama,Belgium,65,2,1,15,11.543396380615196,36.889439179708766,0,1,2.124034277648798,28.769151004856788,12,0,1,3.518005598530627,8.474146528509335,0.42903191083824055,Right Foot,Open Play,Normal,From Free Kick,Center Forward,1,0,0,1,,,,0,0,0,425.82941870997456,0.779874989823142,0.18400427461848967,0.20404467,0
3930175,Kevin De Bruyne,Belgium,66,2,1,7,27.365123789232165,15.671386610113043,2,1,3.8653012290802713,2.772042575429645,18,0,1,3.000605001486057,24.365079318770686,0.979150305164076,Right Foot,Open Play,Normal,From Throw In,Center Attacking Midfield,1,0,0,1,Ground Pass,,15.518376,1,1,1,428.8494345346588,0.17688559694142147,0.14124917756086378,0.025171522,0
3930175,Răzvan Gabriel Marin,Romania,74,2,-1,15,37.609573249373625,11.69955665232445,1,0,3.017637580733865,8.492182243221015,19,0,1,,,,Right Foot,Open Play,Normal,From Throw In,Center Defensive Midfield,1,0,0,1,Ground Pass,,6.9971423,1,1,1,440.0153329007929,0.7258550469546041,0.08023588996145078,0.005796874,0
3930175,Kevin De Bruyne,Belgium,79,2,1,1,14.356879883874486,29.781217543262564,0,0,1.7463581772567587,29.781217543262564,13,0,2,12.829108741251618,2.482262978015553,2.320451556484201,Right Foot,Open Play,Half Volley,From Free Kick,Center Attacking Midfield,1,0,0,1,,,,0,0,0,427.56536306415626,1.0,0.1216391159766024,0.17672184,1
3930175,Denis Alibec,Romania,84,2,-2,4,15.15684663774098,27.991167991158246,0,0,2.402282433657802,27.991167991158246,6,0,2,11.7777498066305,4.2674449135288945,1.897877023645485,Left Foot,Open Play,Normal,From Goal Kick,Center Forward,1,0,0,1,,,,0,0,0,424.2578404532298,1.0,0.1584948697492294,0.36282617,0
3930175,Radu Drăgușin,Romania,84,2,-2,2,12.758134659894445,21.156440876276918,0,1,0.6732242990541414,14.510516028202563,19,0,1,2.4087815148844602,10.351229700474198,2.047704929353415,Head,Open Play,Normal,From Corner,Right Center Back,1,0,0,1,High Pass,,46.0213,1,1,1,269.91672162363614,0.6858675385458362,0.05276823900992681,0.024504332,0
3930175,Leandro Trossard,Belgium,85,2,2,4,17.940178371465542,15.635645120678124,0,1,2.0352562702889503,10.243040721128018,8,0,2,5.187293073660043,12.754564237266973,4.229079222856555,Right Foot,Open Play,Normal,Regular Play,Right Wing,1,0,0,1,High Pass,,53.935146,1,1,1,280.5062624179004,0.6551082889174562,0.11344682467182678,0.033712856,0
3930175,Radu Drăgușin,Romania,91,2,-2,3,30.37103883636514,14.641458065171296,2,1,0.33070141694035665,0.0,20,0,3,2.791519426127161,27.60573101739134,0.9742938334337623,Right Foot,Open Play,Normal,From Throw In,Right Center Back,1,0,0,1,,,,0,0,0,444.67629151832904,0.0,0.010888709428812399,0.015765483,0
3930158,Florian Wirtz,Germany,9,1,0,36,19.005525512334568,23.653143025821077,2,1,3.7655212303079053,9.644795741218655,18,0,1,2.32977249243998,17.638757159511997,1.9588223807538512,Right Foot,Open Play,Normal,From Throw In,Left Wing,1,0,1,1,Ground Pass,,19.318903,1,1,1,449.54041322414093,0.40775958318477434,0.19812770911617705,0.064226404,1
3930158,Jamal Musiala,Germany,18,1,1,8,14.356879883874486,29.781217543262564,2,1,2.5113926387413046,19.20865107869772,15,0,2,3.1874263133875327,11.403703188373532,1.9736980321118978,Right Foot,Open Play,Normal,From Throw In,Right Wing,1,0,1,1,Ground Pass,,4.88467,1,1,1,427.56536306415626,0.6449921347504919,0.174926074401589,0.09347519,1
3930158,Kai Havertz,Germany,27,1,2,2,18.867962264113206,23.862343514816676,5,1,4.135413409173924,3.204449748218512,20,2,1,2.4031849070430162,18.5222541425824,2.3010339327613707,Left Foot,Open Play,Normal,From Free Kick,Center Forward,1,0,1,1,Ground Pass,,0.8,1,1,1,450.2337969708675,0.13428897904469422,0.21917647233371165,0.061890993,0
3930158,İlkay Gündoğan,Germany,41,1,2,20,9.620810776644554,43.24187703032656,0,1,1.4011630454387298,33.55658984782704,18,1,1,2.7296352619028736,7.107364243762411,1.7633263973585471,Head,Open Play,Normal,Regular Play,Center Attacking Midfield,1,0,1,1,High Pass,,25.320742,1,1,1,416.0219165357044,0.7760206575744388,0.14563876974279427,0.08211112,0
3930158,Kai Havertz,Germany,45,1,2,0,11.900420160649796,37.156345075648375,0,1,9.563611564607848,29.962397618301686,16,0,0,3.0297623253706605,9.563611564607848,1.7006573308920565,Left Foot,Penalty,Normal,Other,Center Forward,1,0,1,1,,,,0,0,0,442.1761180343067,0.8063871071629842,0.8036364628730595,0.7835,1
3930158,Antonio Rüdiger,Germany,50,2,3,28,38.2027485922152,11.862649380521958,0,1,5.0169715933544285,9.855410722769717,19,0,0,4.75470020386031,34.25524476021834,1.9805952973376009,Right Foot,Open Play,Normal,Regular Play,Right Center Back,1,0,1,1,Ground Pass,,17.026155,1,1,1,453.1858119216778,0.8307933924905465,0.1313248857276402,0.006107928,0
3930158,Antonio Rüdiger,Germany,51,2,3,4,13.50925608610629,32.18751896263884,0,1,1.1312546046827594,26.31291563912364,19,0,3,1.8069058608566448,11.708886091913104,0.5786186253853458,Head,Open Play,Normal,From Corner,Right Center Back,1,0,1,1,High Pass,,21.920767,1,1,1,434.8294364426904,0.8174881596082614,0.08373922275751422,0.07437212,0
3930158,Pascal Groß,Germany,56,2,3,1,24.330433617179953,16.91884370734936,2,1,5.114818371879334,9.426588595782325,20,0,0,2.3521226900557193,22.28409987945186,0.09515394438096791,Right Foot,Open Play,Normal,From Corner,Right Defensive Midfield,1,0,1,1,Ground Pass,,33.87536,1,1,1,411.6428037011064,0.5571650615631326,0.21022306681241026,0.030512892,0
3930158,Joshua Kimmich,Germany,56,2,3,5,30.016662039607265,12.537033361167822,1,1,5.999859250413475,8.232511100060348,16,0,0,5.466957665495483,25.11005284282102,4.672510438398227,Right Foot,Open Play,Normal,From Corner,Right Back,1,0,1,1,Ground Pass,,29.5,1,1,1,376.31989338145604,0.6566554353727501,0.1998842923472505,0.01540596,0
3930158,Florian Wirtz,Germany,57,2,3,16,12.520782723136765,22.80890304623698,1,1,1.9401456579152017,10.1304026395811,14,2,1,3.556544209223212,9.035187841921264,3.1824629499470802,Right Foot,Open Play,Half Volley,From Corner,Left Wing,1,0,1,1,High Pass,,33.84228,1,1,1,285.58531919502553,0.44414247449977284,0.1549540233079891,0.11507621,0
3930158,İlkay Gündoğan,Germany,58,2,3,11,10.235721762533412,41.73912922765427,3,1,1.7521767492764968,12.267178249266482,16,1,3,4.437293293649584,7.408942676646829,3.6229346216640295,Left Foot,Open Play,Normal,Regular Play,Center Attacking Midfield,1,0,1,1,,,,0,0,0,427.2301133846952,0.29390115405519435,0.17118253015533522,0.13365488,0
3930158,Maximilian Mittelstädt,Germany,59,2,3,34,20.607280266934787,18.508104139391264,0,1,3.3571800786634927,15.032100530111666,18,0,2,2.345386837117862,19.782914040335932,1.2572509338372058,Left Foot,Open Play,Normal,Regular Play,Left Back,1,0,1,1,,,,0,0,0,381.40168921005164,0.8121901852777275,0.16291233171852493,0.025077615,0
3930158,Florian Wirtz,Germany,59,2,3,37,31.22579062249665,14.54326632317917,1,0,5.217212360166019,5.106446565548069,17,0,0,,,,Right Foot,Open Play,Normal,Regular Play,Left Wing,1,0,1,1,Ground Pass,,15.565346,1,1,1,454.12498917479945,0.35112102412711615,0.1670802325948882,0.020383658,0
3930158,Leroy Sané,Germany,63,2,3,1,18.84303584882224,16.43253031701325,0,1,3.0227577186235974,10.618172729359308,10,0,1,7.055136428785458,11.83010250073031,5.6643525957065535,Left Foot,Open Play,Normal,From Counter,Right Wing,1,0,1,1,Ground Pass,,16.492422,1,1,1,309.63875785033895,0.6461678466137314,0.1604177661643907,0.07334591,0
3930158,Maximilian Mittelstädt,Germany,65,2,3,1,23.623716896373438,17.064693439322735,3,1,9.740273731250563,10.90260328374663,18,0,0,1.4245969381117691,22.432300104929357,1.2409813564567642,Left Foot,Open Play,Half Volley,From Corner,Left Back,1,0,1,1,,,,0,0,0,403.1314867339614,0.6388982798028708,0.412309111812368,0.023070266,0
3930158,Niclas Füllkrug,Germany,67,2,3,5,15.915401345866217,28.192658808167778,1,1,2.5634637826421214,21.29888549051486,14,0,3,3.1256423613037203,14.709047595786108,2.6924768060060558,Right Foot,Open Play,Half Volley,From Throw In,Center Forward,1,0,1,1,,,,0,0,0,448.6974799390605,0.7554762974091787,0.16106812055405326,0.113960005,1
3930158,Maximilian Mittelstädt,Germany,79,2,4,1,22.432119828495924,15.771282932822631,0,1,7.301028483005398,12.648452620340251,18,0,0,2.139088157064183,22.01959106264967,1.2648737304789819,Left Foot,Open Play,Half Volley,From Corner,Left Back,1,0,1,1,,,,0,0,0,353.7833085981899,0.8019926263586803,0.32547207035381337,0.021256333,0
3930158,Leroy Sané,Germany,82,2,4,16,26.122212769977963,14.214743861783536,2,1,0.5644068143436158,0.0,17,0,1,4.506175135762717,21.65067064568865,2.2296296072845365,Left Foot,Open Play,Normal,Regular Play,Right Wing,1,0,1,1,Ground Pass,,10.323759,1,1,1,371.3205636282477,0.0,0.02160639373523072,0.026378801,0
3930158,Leroy Sané,Germany,85,2,4,2,27.598007174432002,16.381843789841163,1,1,2.116934974037457,7.153607479042557,12,0,2,5.079524708678408,22.520757013348966,0.4708397595197624,Left Foot,Open Play,Normal,From Counter,Right Wing,1,0,1,1,Low Pass,,3.8910153,1,1,1,452.10624244246077,0.43667901921264246,0.07670608101003314,0.030833129,0
3930158,Scott McKenna,Scotland,86,2,-4,1,15.01465950329877,23.161601635950735,0,1,1.1683047376411182,19.46578100415908,17,0,3,2.3676050068399666,13.933984847074775,0.6915862982451841,Head,Open Play,Normal,From Free Kick,Left Center Back,1,0,1,1,,,,0,0,0,347.763562114848,0.8404332873917012,0.07781093786272261,0.060525935,0
3930158,Emre Can,Germany,92,2,4,32,21.508370463612533,21.06286720805938,1,1,4.041206756732944,17.576934997149728,18,0,1,1.1906551683499444,21.403423917606506,1.178371979361323,Right Foot,Open Play,Normal,Regular Play,Right Defensive Midfield,1,0,1,1,Ground Pass,,15.147607,1,1,1,453.0279509368173,0.8344986854602675,0.18788995491637933,0.0499945,1
3788758,Oleksandr Karavaev,Ukraine,4,1,0,9,28.13254343282882,13.348537419486595,2,1,4.31035315364288,9.380169012921774,13,0,1,7.817040349154669,20.813085196859728,2.3651974669692635,Right Foot,Open Play,Volley,Regular Play,Right Back,1,1,1,1,,,,0,0,0,375.5283087184474,0.7027113696537511,0.15321590683524838,0.02330673,0
3788758,Andriy Yarmolenko,Ukraine,6,1,0,23,25.550146770615623,14.10375630463718,0,1,2.9420136456467927,10.966621834650494,14,0,1,3.636298869817646,21.919214892394855,2.403209646309321,Right Foot,Open Play,Normal,From Throw In,Right Wing,1,1,1,1,Ground Pass,,15.864426,1,1,1,360.35304360047536,0.7775674506687821,0.11514664365960924,0.036135152,0
3788758,Illia Zabarnyi,Ukraine,7,1,0,1,10.377379245262262,37.51721843163474,0,1,1.1424154008530942,29.04809731136091,17,1,3,2.3292688486079167,8.125703612369405,1.6496010635068359,Right Foot,Open Play,Half Volley,From Corner,Right Center Back,1,1,1,1,High Pass,Outswinging,34.108795,1,1,1,389.3304038924171,0.7742604202999064,0.11008708209008147,0.05444659,0
3788758,Ruslan Malinovskiy,Ukraine,7,1,0,3,25.603515383634335,13.02981324670959,1,1,1.5883655164778974,3.228733258071179,17,0,1,2.5524259906417095,23.09412690384634,1.417429701150411,Left Foot,Open Play,Normal,From Throw In,Left Wing,1,1,1,1,Ground Pass,,7.558439,1,1,1,333.6090239080114,0.24779582001196593,0.06203700908560292,0.023486333,0
3788758,Andriy Yarmolenko,Ukraine,8,1,0,1,6.760177512462231,57.820366716667884,2,1,2.490947817654146,39.62576658432676,18,0,1,0.3806192157657327,6.6082195977293186,0.22244534483900225,Left Foot,Open Play,Half Volley,From Corner,Right Wing,1,1,1,1,High Pass,Inswinging,43.59931,1,1,1,390.87594284033787,0.685325411000962,0.36847372913834603,0.29878145,0
3788758,Enis Bardhi,North Macedonia,14,1,0,6,27.158792314828727,16.547606735089527,2,1,5.227389569860888,9.337438515019421,12,0,0,3.0979194615030057,24.09671185259453,0.9334614588156072,Right Foot,Open Play,Normal,From Throw In,Left Center Midfield,1,1,1,1,Ground Pass,,20.12486,1,1,1,449.4130146257575,0.564277279760293,0.19247503752244272,0.034937598,0
3788758,Boban Nikolov,North Macedonia,14,1,0,6,20.240800379431636,18.326165305525837,0,1,8.919429150759756,14.483591475536025,13,0,0,2.3580016336820373,17.896291748205822,1.200161146522838,Right Foot,Open Play,Half Volley,From Throw In,Right Wing Back,1,1,1,1,,,,0,0,0,370.93625366961425,0.7903230836387156,0.4406658325539108,0.06634069,0
3788758,Eljif Elmas,North Macedonia,15,1,0,6,13.403357788255894,20.87192693023356,1,1,3.3584611543208487,13.27975300181336,17,1,1,3.0982432926299364,10.326676248117913,2.319722750252623,Right Foot,Open Play,Half Volley,From Throw In,Left Center Forward,1,1,1,1,Low Pass,,19.961212,1,1,1,279.7539043762539,0.6362494965703082,0.25056864163273723,0.13469882,0
3788758,Andriy Yarmolenko,Ukraine,22,1,0,2,16.36001222493431,21.198297546618967,1,1,0.8165520215747764,4.489578200941992,13,0,2,4.266879376246578,12.11085544906246,2.584873537552255,Left Foot,Open Play,Normal,Regular Play,Right Wing,1,1,1,1,Ground Pass,,24.47611,1,1,1,346.80440701048127,0.2117895642831025,0.04991145546519022,0.17235492,0
3788758,Andriy Yarmolenko,Ukraine,27,1,0,14,9.000000000000005,33.60862368671428,0,1,1.9834794629101657,10.412183475457349,13,0,2,6.017283919587196,2.984369506065957,4.862118350862779,Left Foot,Open Play,Normal,From Throw In,Right Wing,1,1,1,1,Ground Pass,Through Ball,16.697306,1,1,1,302.4776131804287,0.3098068987446623,0.22038660699001827,0.28008038,0
3788758,Andriy Yarmolenko,Ukraine,28,1,0,2,5.608029957123981,47.39702853005951,0,1,2.7114019712923585,36.27544387385536,19,0,1,0.6859337663677171,6.1918328960973525,0.672232740715323,Right Foot,Open Play,Normal,From Corner,Right Wing,1,1,1,1,Low Pass,,12.617845,1,1,1,265.8039558752337,0.7653527024557928,0.4834856432690799,0.62098336,1
3788758,Roman Yaremchuk,Ukraine,33,1,1,9,18.95098942008042,17.47089181081307,0,1,5.283724121166663,11.736155981034605,7,0,0,13.796319460028187,5.283724121166662,10.362457831558594,Right Foot,Open Play,Normal,From Throw In,Center Forward,1,1,1,1,Ground Pass,Through Ball,31.20657,1,1,1,331.09068586608817,0.6717548313000754,0.2788099346184027,0.16644785,1
3788758,Oleksandr Karavaev,Ukraine,39,1,2,1,20.440156555173445,13.653112220291394,0,1,4.43446461046196,9.458116012703425,14,1,1,4.056513952174215,16.39341052058907,3.3988072286108775,Right Foot,Open Play,Normal,Regular Play,Right Back,1,1,1,1,Ground Pass,,13.038788,1,1,1,279.07175124810783,0.6927443252569678,0.21694866174298397,0.04893462,0
3788758,Arijan Ademi,North Macedonia,46,2,-2,2,11.970797801316333,32.91457296353612,1,1,2.3745085387619915,15.381024666236877,12,0,2,5.046716490079121,7.049895330904484,1.7961852363866413,Right Foot,Open Play,Normal,From Counter,Right Center Midfield,1,1,1,1,Ground Pass,,13.440238,1,1,1,394.01369766316424,0.4673013586801353,0.1983584200629373,0.11840259,0
3788758,Illia Zabarnyi,Ukraine,50,2,2,2,6.70074622710038,55.72151002112286,0,1,2.1209746629402075,43.58728519804243,19,2,2,1.0800314227570484,5.676802213045008,0.8819034728705049,Head,Open Play,Normal,From Corner,Right Center Back,1,1,1,1,High Pass,,24.052027,1,1,1,373.375698042375,0.7822344581386865,0.31652812851830964,0.22442488,0
3788758,Eljif Elmas,North Macedonia,53,2,-2,9,29.006378608850852,15.390658279863779,2,1,1.7236274711211523,2.8731042595682883,17,0,1,4.06706990058252,25.086457530406975,1.7883622007723332,Left Foot,Open Play,Normal,Regular Play,Center Attacking Midfield,1,1,1,1,Ground Pass,,21.426386,1,1,1,446.42726110517395,0.186678451780538,0.05942235996999687,0.027189443,0
3788758,Ezgjan Alioski,North Macedonia,56,2,-2,0,12.0,36.86989764584404,0,1,8.93848184391886,31.01568505222348,16,0,0,0.3836119697866955,11.749633484761482,0.28757588874785966,Left Foot,Penalty,Normal,Other,Left Back,1,1,1,1,,,,0,0,0,442.43877175012847,0.8412197221198294,0.7448734869932383,0.7835,0
3788758,Ezgjan Alioski,North Macedonia,56,2,-2,0,10.060318086422516,43.19374060695958,0,0,3.395675336487169,43.193740606959594,17,2,2,4.951273587705097,9.084723180139529,4.2002321191744585,Left Foot,Open Play,Half Volley,Other,Left Back,1,1,1,1,,,,0,0,0,434.5427698484381,1.0000000000000002,0.3375316075810763,0.6786766,1
3788758,Ruslan Malinovskiy,Ukraine,64,2,1,7,14.177799547179381,28.583113022820374,1,1,3.5319138304059687,15.702301859180091,13,0,1,4.131383086595963,10.227298767063685,2.746269075539864,Right Foot,Open Play,Normal,Regular Play,Left Wing,1,1,1,1,,,,0,0,0,405.24564687191975,0.5493559027893002,0.24911579675342704,0.22682409,0
3788758,Aleksandar Trajkovski,North Macedonia,67,2,-1,18,33.74685170501095,11.046215322724406,0,0,3.2643725421785827,11.046215322724466,18,0,2,,,,Right Foot,Open Play,Normal,From Throw In,Left Wing,1,1,1,1,Ground Pass,,7.28011,1,1,1,372.77499039760016,1.0000000000000056,0.09673117275392738,0.0069484427,0
3788758,Viktor Tsygankov,Ukraine,73,2,1,3,12.4310096130604,34.04555362520188,0,1,2.2922788459111145,26.58299307500757,12,0,1,3.4125695953406274,9.219832460550517,2.0378927008793397,Left Foot,Open Play,Half Volley,Regular Play,Right Wing,1,1,1,1,High Pass,Through Ball,21.489532,1,1,1,423.220604396848,0.7808066030487392,0.18440005415994337,0.21417704,0
3788758,Ruslan Malinovskiy,Ukraine,79,2,1,0,35.403530897355424,8.421531917773054,1,1,9.038660808963096,6.1733967744801,19,0,0,1.59523690075997,35.53333826676983,1.101815503174123,Left Foot,Free Kick,Normal,From Free Kick,Center Attacking Midfield,1,1,1,1,,,,0,0,0,298.1519654539432,0.733049145304737,0.2553039366375252,0.0067584743,0
3788758,Ruslan Malinovskiy,Ukraine,83,2,1,0,11.700427342623007,37.746805387274655,0,1,8.697723080295054,31.598063987145867,11,0,0,1.0986523785945463,11.187320278210873,0.944310818534909,Left Foot,Penalty,Normal,Other,Center Attacking Midfield,1,1,1,1,,,,0,0,0,441.6537538499378,0.8371056480927609,0.743367983544539,0.7835,0
3788758,Daniel Avramovski,North Macedonia,92,2,-1,9,14.764823060233395,30.037266321772506,1,1,1.2707065532792288,0.0,18,2,3,2.3277849953637557,12.464804166796565,0.669014499729002,Head,Open Play,Normal,Regular Play,Left Defensive Midfield,1,1,1,1,High Pass,,23.46913,1,1,1,443.4949224540786,0.0,0.08606310743415994,0.03563773,0
3788758,Aleksandar Trajkovski,North Macedonia,93,2,-1,1,25.926820090400604,13.30668915950664,1,1,1.9256940049055424,0.3579094158484202,13,1,3,3.2456370600891082,22.750341681558396,1.6458940402798135,Right Foot,Open Play,Normal,Regular Play,Left Wing,1,1,1,1,Ground Pass,,17.799158,1,1,1,345.00013583741264,0.02689695472391196,0.07427420710257214,0.02769074,0
3788758,Aleksandar Trajkovski,North Macedonia,94,2,-1,1,29.830353668704635,14.966507505630524,1,1,4.0822117585087065,7.9631149971255155,18,0,1,2.5830069415867527,27.266726366487912,0.22902136481098978,Right Foot,Open Play,Half Volley,From Free Kick,Left Wing,1,1,1,1,,,,0,0,0,446.45621207828094,0.5320623394689593,0.1368475816225874,0.018888693,0
3788773,Renato Júnior Luz Sanches,Portugal,3,1,0,27,28.822560607968196,15.633951227288714,0,0,5.008493021771929,15.633951227288694,13,0,0,,,,Right Foot,Open Play,Normal,From Keeper,Left Center Midfield,1,0,0,1,Ground Pass,,13.607718,1,1,1,450.61050679054773,0.9999999999999988,0.17376988428943735,0.038592067,0
3788773,Cristiano Ronaldo dos Santos Aveiro,Portugal,5,1,0,19,10.611785900591846,41.27523486034319,0,1,2.7114143578904084,33.604761311918985,15,1,3,3.3904933499732803,8.653665329627078,2.3612874982272416,Head,Open Play,Normal,From Free Kick,Center Forward,1,0,0,1,High Pass,,30.54734,1,1,1,438.0039553346069,0.8141628127767744,0.25550971187038235,0.05624265,0
3788773,Kylian Mbappé Lottin,France,15,1,0,4,20.538743875904387,20.532524785964963,0,1,1.6249588252559675,15.81299313636014,7,0,1,6.202014778269475,14.572288541037274,3.610044640490983,Right Foot,Open Play,Normal,Regular Play,Left Wing,1,0,0,1,Ground Pass,Through Ball,44.996445,1,1,1,421.71226770459293,0.77014362827747,0.0791167578248217,0.16151626,0
3788773,Cristiano Ronaldo dos Santos Aveiro,Portugal,19,1,0,18,22.267914136712495,15.735120882674808,1,1,3.7888871669584785,6.900406329229659,9,0,1,3.8519712521557743,18.469194095233824,2.9206514143365823,Left Foot,Open Play,Volley,From Throw In,Center Forward,1,0,0,1,,,,0,0,0,350.3883207461943,0.43853532366741255,0.17015007080128106,0.025544424,0
3788773,Danilo Luís Hélio Pereira,Portugal,26,1,0,1,7.1253070109294185,58.52720368427196,0,1,1.003544917202815,0.0,15,3,2,6.1339655185679325,1.003544917202815,0.6606208939106892,Head,Open Play,Normal,From Free Kick,Center Defensive Midfield,1,0,0,1,High Pass,,33.983818,1,1,1,417.0242947416371,0.0,0.1408423406406896,0.2091653,0
3788773,Cristiano Ronaldo dos Santos Aveiro,Portugal,30,1,0,0,11.900420160649796,37.156345075648375,0,1,10.277718128224976,30.46283118164771,7,0,0,1.877590450468244,10.277718128224976,0.8630152895747969,Right Foot,Penalty,Normal,Other,Center Forward,1,0,0,1,,,,0,0,0,442.1761180343067,0.8198554276430305,0.8636432991004398,0.7835,1
3788773,João Filipe Iria Santos Moutinho,Portugal,33,1,1,10,26.38560213449751,15.512814853043235,0,0,3.4731453100636758,15.512814853043214,16,0,1,,,,Left Foot,Open Play,Normal,Regular Play,Right Center Midfield,1,0,0,1,Ground Pass,,15.352524,1,1,1,409.31496069852227,0.9999999999999987,0.13163032218706722,0.04278061,0
3788773,Antoine Griezmann,France,36,1,-1,16,16.92483382488584,9.735222575038897,0,1,4.654188696635355,4.676285383855769,14,0,1,3.3477318872083797,13.595202285956534,3.2381403970515237,Left Foot,Open Play,Volley,Regular Play,Center Attacking Midfield,1,0,0,1,High Pass,,48.046333,1,1,1,164.76702433081056,0.48034704371790754,0.27499169237289384,0.013914249,0
3788773,João Filipe Iria Santos Moutinho,Portugal,40,1,1,1,26.531867631209078,17.127540390912998,1,0,3.972040278809006,10.711623490948577,14,0,1,,,,Right Foot,Open Play,Normal,Regular Play,Right Center Midfield,1,0,0,1,Ground Pass,,8.989994,1,1,1,454.42563449989063,0.6254034873934158,0.1497082803977489,0.03706117,0
3788773,Karim Benzema,France,46,1,-1,0,12.0,36.86989764584404,0,1,8.451905763633905,30.91219878893309,12,0,0,0.9594512835600141,11.545719471565812,0.828404560122145,Right Foot,Penalty,Normal,Other,Center Forward,1,0,0,1,,,,0,0,0,442.43877175012847,0.8384129266064697,0.7043254803028254,0.7835,1
3788773,Karim Benzema,France,49,1,0,11,11.742657280190032,3.755105147115516,0,0,5.0491318680199235,3.755105147115555,12,0,0,2.745176541552506,9.193480331858924,2.5072749251637703,Left Foot,Open Play,Volley,From Throw In,Center Forward,1,0,0,1,High Pass,,38.74132,1,1,1,44.09491279365508,1.0000000000000104,0.4299820515530036,0.015122936,0
3788773,Karim Benzema,France,46,2,0,18,13.45362404707371,23.574706201912633,0,1,2.213430094229812,21.571062035608378,5,0,1,6.350460518769316,7.449999948163328,3.555890160892872,Right Foot,Open Play,Normal,From Throw In,Center Forward,1,0,0,1,High Pass,Through Ball,48.987446,1,1,1,317.1652342607495,0.9150087322767273,0.16452296321683332,0.32039276,1
3788773,Cristiano Ronaldo dos Santos Aveiro,Portugal,48,2,-1,6,9.667471230885562,37.7611246333521,0,0,2.997546292136586,37.7611246333521,7,0,1,7.791143152464287,2.997546292136586,6.35097871678753,Head,Open Play,Normal,From Kick Off,Center Forward,1,0,0,1,High Pass,,48.89376,1,1,1,365.0545860388155,1.0,0.31006518877036304,0.057676427,0
3788773,Cristiano Ronaldo dos Santos Aveiro,Portugal,59,2,-1,0,12.099999999999994,36.58555192913009,0,1,10.370959949573987,30.699003755961325,11,0,0,1.1151568272029242,11.68514752594027,1.0162559028915723,Right Foot,Penalty,Normal,Other,Center Forward,1,0,0,1,,,,0,0,0,442.6851783424739,0.83910183493824,0.8571041280639662,0.7835,1
3788773,Paul Pogba,France,66,2,0,7,26.36854186336438,17.209353196574238,1,0,1.9503186572634115,10.934991329639278,16,0,1,,,,Right Foot,Open Play,Normal,From Throw In,Right Defensive Midfield,1,0,0,1,Ground Pass,,19.475626,1,1,1,453.78555020529143,0.6354097800616958,0.07396384173874714,0.038125727,0
3788773,Antoine Griezmann,France,67,2,0,7,13.556548233234002,15.204828329491313,0,1,7.594820315448932,8.114883535742758,12,0,0,3.8894494923721883,9.703717521888866,3.694562212245387,Right Foot,Open Play,Half Volley,From Throw In,Center Attacking Midfield,1,0,0,1,,,,0,0,0,206.12498862679178,0.5337043838898934,0.5602326038150449,0.07456696,0
3788773,Paul Pogba,France,67,2,0,8,28.401584462842916,14.304480176348388,3,1,4.442811694041556,5.582171256407495,18,0,1,0.9869680690116235,27.491147046057442,0.753748152817046,Right Foot,Open Play,Normal,From Throw In,Right Defensive Midfield,1,0,0,1,Ground Pass,,23.96101,1,1,1,406.2699019256209,0.39023936470178655,0.15642830419739348,0.02073681,0
3788773,Karim Benzema,France,70,2,0,14,26.517352809056945,12.40921589484395,2,1,2.822680088346812,4.423056079916642,16,1,1,3.783320217573614,22.754739402543986,2.902243586115212,Right Foot,Open Play,Normal,From Free Kick,Center Forward,1,0,0,1,Ground Pass,,8.575546,1,1,1,329.0595559673343,0.3564331636581832,0.10644652611714439,0.010747368,0
3788773,João Maria Lobo Alves Palhinha Gonçalves,Portugal,71,2,0,4,32.64980857524283,11.833535783556716,0,1,3.385921412297743,9.572477799648885,13,0,1,2.2633122759561854,30.41027585479878,0.9421246885772092,Right Foot,Open Play,Normal,Regular Play,Center Defensive Midfield,1,0,0,1,Ground Pass,,15.769908,1,1,1,386.36267810141294,0.8089279463666571,0.10370417347148445,0.008355514,0
3788773,Antoine Griezmann,France,75,2,0,14,28.139118678451894,14.953295005116471,2,1,5.667227585338219,2.2971156144143863,15,0,0,0.32273512479624156,27.833023333385896,0.02609148595144717,Left Foot,Open Play,Normal,From Goal Kick,Center Attacking Midfield,1,0,0,1,Ground Pass,,21.78302,1,1,1,420.7725427828743,0.15361936039036195,0.2014003228067699,0.024480976,0
3788773,Antoine Griezmann,France,85,2,0,11,22.70154179786034,19.415063908199986,3,1,6.457609603540297,2.4409866615029614,13,0,0,1.8416167537401011,21.228146331364417,0.6649471867657155,Left Foot,Open Play,Normal,Regular Play,Center Attacking Midfield,1,0,0,1,Ground Pass,,15.280052,1,1,1,440.7518848201317,0.12572642938723505,0.28445687350402504,0.043513898,0
3788765,Burak Yılmaz,Turkey,1,1,0,5,35.78058132562968,12.003267938648785,1,0,4.943855062163566,8.347983426394974,15,0,2,,,,Right Foot,Open Play,Normal,Regular Play,Center Forward,1,0,0,1,Ground Pass,,7.9881163,1,1,1,429.4839046521462,0.6954758878218219,0.13817145722622107,0.005635182,0
3788765,Ozan Tufan,Turkey,2,1,0,9,29.09467305195231,14.83690876156067,1,0,3.777242915397367,10.575364050445959,12,0,1,,,,Right Foot,Open Play,Normal,From Corner,Right Center Midfield,1,0,0,1,Ground Pass,,8.850988,1,1,1,431.67500951925433,0.7127740839011235,0.12982592753844013,0.028074814,0
3788765,Cengiz Ünder,Turkey,3,1,0,2,23.452291998864418,13.072717477567853,1,1,1.7400457171033503,4.394823830883735,17,0,4,3.3535469517706975,20.102144790806214,2.606889701939245,Left Foot,Open Play,Normal,Regular Play,Right Midfield,1,0,0,1,Ground Pass,,25.071497,1,1,1,306.5851875025796,0.33618288151832537,0.07419512417752623,0.01928452,0
3788765,Kaan Ayhan,Turkey,3,1,0,3,23.02542073448388,19.611104909847114,2,1,4.143337046175993,2.9584571923145986,17,0,1,1.7141688813236218,21.374247061514293,0.26859269711025746,Right Foot,Open Play,Half Volley,Regular Play,Center Defensive Midfield,1,0,0,1,Low Pass,,10.499524,1,1,1,451.5539416173324,0.15085622181487082,0.17994620354410068,0.0360119,0
3788765,İrfan Can Kahveci,Turkey,3,1,0,5,26.58589851782332,16.695972233095343,0,1,5.755971176364988,13.95733006270397,18,0,0,1.5690027696253648,25.107873427357006,0.8331801692047733,Left Foot,Open Play,Half Volley,Regular Play,Left Center Midfield,1,0,0,1,Low Pass,,10.977249,1,1,1,443.8774234454688,0.835969889494501,0.21650466966561827,0.025766764,0
3788765,Haris Seferović,Switzerland,5,1,0,5,23.495531490051466,16.77648546937449,1,1,2.208199661312786,0.0,18,0,4,3.219160490996329,20.324527540709536,2.066428208018749,Left Foot,Open Play,Normal,Regular Play,Right Center Forward,1,0,0,1,Ground Pass,,5.7939625,1,1,1,394.17244263807913,0.0,0.09398381399662259,0.023375763,1
3788765,Mert Müldür,Turkey,15,1,-1,14,22.041097976280586,12.853541660943124,1,1,8.02315237572514,8.79244917475565,16,0,0,4.739864462853746,17.447821690536575,3.039165639026713,Right Foot,Open Play,Half Volley,From Throw In,Left Back,1,0,0,1,High Pass,,50.687473,1,1,1,283.3061710910517,0.6840487553304049,0.3640087433193761,0.027397554,0
3788765,Cengiz Ünder,Turkey,15,1,-1,14,21.374049686477292,5.905475989738194,0,1,4.071177861120442,5.525691612523444,16,0,1,5.388551650707144,16.157874434346983,4.75520416498032,Left Foot,Open Play,Half Volley,From Throw In,Right Midfield,1,0,0,1,,,,0,0,0,126.22393722696282,0.9356894553674094,0.19047292959631099,0.010384462,0
3788765,Haris Seferović,Switzerland,16,1,1,7,24.98039231077046,14.106730487414227,0,1,0.9376105785714182,10.767528306331652,7,0,1,4.587204962938999,20.593142642445745,1.9211970972851518,Left Foot,Open Play,Half Volley,From Throw In,Right Center Forward,1,0,0,1,High Pass,,46.39526,1,1,1,352.39166179791357,0.7632901412512452,0.037533861234323423,0.031441245,0
3788765,Steven Zuber,Switzerland,20,1,1,30,27.639464538952268,15.711610467072228,1,1,1.6133155270016526,3.5422621823709264,12,0,1,3.730507073106256,24.088776853493425,0.08302615436024041,Right Foot,Open Play,Normal,Regular Play,Left Wing Back,1,0,0,1,Ground Pass,,21.284971,1,1,1,434.2605003544741,0.2254550664805915,0.05836999934380092,0.033594497,0
3788765,Ozan Tufan,Turkey,22,1,-1,3,27.164867016055865,16.248287847593712,2,0,4.870130284143923,5.606983680104737,16,0,1,,,,Right Foot,Open Play,Normal,Regular Play,Right Center Midfield,1,0,0,1,Ground Pass,,9.6,1,1,1,441.3825786184798,0.3450815084455254,0.17928047581699627,0.028564297,0
3788765,Haris Seferović,Switzerland,25,1,1,6,20.707728026029322,19.625243620505458,1,1,1.50006113369761,0.7359544895129551,12,1,3,2.888955140986518,17.823702764684498,1.1843381998169562,Left Foot,Open Play,Normal,Regular Play,Right Center Forward,1,0,0,1,Ground Pass,,8.080841,1,1,1,406.39420733799403,0.03750040018580927,0.0724396771974238,0.04862377,0
3788765,Xherdan Shaqiri,Switzerland,25,1,1,7,21.600231480241128,20.982528861795274,1,1,2.368544450021889,7.756654382952263,14,0,2,2.969719137103251,18.632786662959028,0.09418464988743125,Right Foot,Open Play,Normal,Regular Play,Center Attacking Midfield,1,0,0,1,Ground Pass,,18.217573,1,1,1,453.2274804556183,0.3696720463983482,0.1096536605262088,0.08591455,1
3788765,Xherdan Shaqiri,Switzerland,27,1,2,5,18.209887424144064,24.765929769214587,0,1,0.9591787023864149,21.44003607454013,6,0,2,13.255692318595315,5.220028239469337,0.966101619438426,Right Foot,Open Play,Normal,Regular Play,Center Attacking Midfield,1,0,0,1,Ground Pass,,15.740711,1,1,1,450.9847930516558,0.8657068914566364,0.05267351082657778,0.21594669,0
3788765,Mert Müldür,Turkey,32,1,-2,10,28.6698447850699,15.848451998927532,1,1,4.136127763925365,10.205364188900164,19,1,1,2.027832272694829,26.6474666242526,0.28404786285964434,Right Foot,Open Play,Normal,From Corner,Left Back,1,0,0,1,,,,0,0,0,454.3726588928831,0.6439344479568581,0.14426753248693183,0.028039295,0
3788765,Mehmet Zeki Çelik,Turkey,35,1,-2,11,24.16153968603822,14.760946535431259,1,1,3.710280894690721,9.394271413952735,17,0,1,3.829355669874447,20.457394584110663,3.0494702725648253,Right Foot,Open Play,Normal,From Throw In,Right Back,1,0,0,1,Ground Pass,,8.1,1,1,1,356.64719551931074,0.6364274398937296,0.15356144280965306,0.028738,0
3788765,Breel-Donald Embolo,Switzerland,37,1,2,9,21.58448516875026,13.306092181235762,0,1,0.9738772297777396,9.489104053411145,15,0,1,3.8201639935805014,18.016207794558234,3.6118594556263446,Right Foot,Open Play,Normal,From Throw In,Left Center Forward,1,0,0,1,,,,0,0,0,287.2051493399071,0.7131398102586927,0.04511931705407116,0.041284982,0
3788765,Haris Seferović,Switzerland,42,1,2,4,18.651005334833826,23.57301851124975,0,1,3.9414180137216572,18.795577709113143,11,0,1,4.2737094588307984,14.395752862128623,1.3659503492892426,Left Foot,Open Play,Normal,From Free Kick,Right Center Forward,1,0,0,1,Ground Pass,,14.302797,1,1,1,439.6604940114556,0.7973343634436689,0.21132469499434486,0.124901175,0
3788765,Mert Müldür,Turkey,42,1,-2,1,15.48709139896837,25.25533607590889,0,1,2.4547434961066883,22.463826537321918,8,0,2,4.794588623832398,11.456395438059742,0.32764430104731446,Right Foot,Open Play,Normal,From Counter,Left Back,1,0,0,1,Ground Pass,,34.719013,1,1,1,391.1316981192642,0.8894685253763145,0.1585025511162286,0.24875425,0
3788765,Merih Demiral,Turkey,42,1,-2,1,9.581753492967762,43.83966947832866,1,1,0.8310929868606498,28.864971807164746,17,4,5,3.3918308857143993,6.691896850848506,2.3570052168220244,Head,Open Play,Normal,From Corner,Right Center Back,1,0,0,1,High Pass,Outswinging,45.09601,1,1,1,420.0609061545278,0.6584212917351856,0.08673704530914987,0.05491406,0
3788765,Xherdan Shaqiri,Switzerland,44,1,2,1,26.288590681130096,16.31484390427741,4,1,3.4436598863438506,2.7577150602067166,21,0,1,1.5033097009753296,24.785433161503253,0.49510042151064937,Left Foot,Open Play,Volley,From Corner,Center Attacking Midfield,1,0,0,1,,,,0,0,0,428.8942534260793,0.16903104169349126,0.13099446555024738,0.0183146,0
3788765,Xherdan Shaqiri,Switzerland,46,1,2,10,25.4096438385114,15.210836211495204,1,1,2.80162410324979,4.5018802121109855,16,0,1,2.5762199141509274,22.84982415938168,1.6128465704431534,Left Foot,Open Play,Normal,From Corner,Center Attacking Midfield,1,0,0,1,Ground Pass,,23.418156,1,1,1,386.5019306200252,0.29596533349749726,0.11025829881974136,0.030413229,0
3788765,Steven Zuber,Switzerland,48,2,2,4,19.026297590440446,13.770987124550508,0,1,1.4167454529227423,9.082863468006057,12,1,1,4.37495892610227,14.669860281545136,3.8179584779478475,Right Foot,Open Play,Normal,From Free Kick,Left Wing Back,1,0,0,1,Ground Pass,Through Ball,17.593464,1,1,1,262.0108991458217,0.6595651703002028,0.07446248783760065,0.056629583,0
3788765,Burak Yılmaz,Turkey,49,2,-2,15,13.054501139453773,32.08202813077278,1,1,0.5622073697430968,0.0,15,0,2,1.8315144059709405,11.358538562115141,1.2410599498525556,Head,Open Play,Normal,From Keeper,Right Center Forward,1,0,0,1,High Pass,,29.65215,1,1,1,418.8148727891612,0.0,0.04306617033752243,0.07078543,0
3788765,Steven Zuber,Switzerland,50,2,2,2,15.634896865665604,21.762481321457567,0,1,2.0076167075001097,15.96854136088892,11,0,2,3.885316412750832,11.871755618536247,1.9820222265970955,Left Foot,Open Play,Normal,Regular Play,Left Wing Back,1,0,0,1,Ground Pass,,22.155134,1,1,1,340.2541510019632,0.7337647359698876,0.12840613690959848,0.112749316,0
3788765,Breel-Donald Embolo,Switzerland,51,2,2,2,21.668871682669593,17.338917721926304,0,1,2.775205225043435,12.87545868272668,5,0,1,6.276065672159045,15.407853756785068,3.315116430794916,Right Foot,Open Play,Normal,Regular Play,Left Center Forward,1,0,0,1,Low Pass,,48.4934,1,1,1,375.7147832327869,0.7425756837432097,0.12807336097998118,0.08324695,0
3788765,Cengiz Ünder,Turkey,53,2,-2,8,25.676643082770774,15.764309894967557,0,1,2.2256160075447817,12.836340241454092,12,1,2,2.204207104103143,23.484675554064435,1.2210296062771988,Left Foot,Open Play,Normal,Regular Play,Left Center Forward,1,0,0,1,Ground Pass,,21.151833,1,1,1,404.7745586192736,0.8142659162994403,0.0866786207359866,0.034994178,0
3788765,Xherdan Shaqiri,Switzerland,56,2,2,2,15.575621977950032,28.219271172701912,1,1,4.416541580114616,17.75364198779733,12,0,1,3.248901707917692,12.83495853249833,2.1622703892781914,Right Foot,Open Play,Normal,Regular Play,Center Attacking Midfield,1,0,0,1,Ground Pass,,11.161541,1,1,1,439.53270027926766,0.629131839697243,0.2835547489767657,0.16131902,0
3788765,Haris Seferović,Switzerland,59,2,2,8,17.67993212656655,18.910023483797445,1,1,2.2609753853990213,10.985935470151194,13,0,3,5.654806499985083,12.080476622845001,4.376296353328328,Right Foot,Open Play,Normal,Regular Play,Right Center Forward,1,0,0,1,Ground Pass,,10.309219,1,1,1,334.32793170531835,0.5809583197802056,0.12788371410100566,0.056587145,0
3788765,Nico Elvedi,Switzerland,60,2,2,4,9.073588044428732,42.882547909370594,0,1,1.0150703239657295,33.49236038873781,17,0,1,2.2561390780680175,7.330199033282617,2.0701184655610945,Left Foot,Open Play,Half Volley,From Corner,Right Center Back,1,0,0,1,Low Pass,,22.60354,1,1,1,389.0985740251073,0.7810254292613787,0.1118708849239626,0.15848693,0
3788765,İrfan Can Kahveci,Turkey,61,2,-2,12,24.180984264500065,17.6358184071355,2,1,0.6448343536245276,0.0,18,0,2,1.6670872227690614,22.58970322243849,0.11882570822078975,Left Foot,Open Play,Normal,Regular Play,Right Center Midfield,1,0,0,1,Ground Pass,,10.404326,1,1,1,426.4514473945241,0.0,0.026667001912374776,0.04944899,1
3788765,Xherdan Shaqiri,Switzerland,63,2,1,1,25.80484450641003,15.808135087119012,1,0,4.746340222527167,12.1522898227106,15,0,1,,,,Right Foot,Open Play,Normal,From Throw In,Center Attacking Midfield,1,0,0,1,Low Pass,,27.088005,1,1,1,407.9264678594307,0.7687364610524289,0.1839321380660967,0.036722504,0
3788765,Breel-Donald Embolo,Switzerland,64,2,1,3,6.735725647619569,50.15922413212639,0,0,1.0894412033601328,50.159224132126376,15,0,2,6.553049186810879,1.1629238752160072,5.624767337025503,Right Foot,Open Play,Normal,From Throw In,Left Center Forward,1,0,0,1,Ground Pass,,14.541664,1,1,1,337.85877245146213,0.9999999999999997,0.1617407329743523,0.17797942,0
3788765,Steven Zuber,Switzerland,64,2,1,8,27.690431560378393,13.540291333024513,0,0,2.1827913925105262,13.540291333024564,13,0,2,,,,Right Foot,Open Play,Normal,Regular Play,Left Wing Back,1,0,0,1,Ground Pass,,9.436631,1,1,1,374.9365104647,1.0000000000000038,0.07882836306653423,0.024683986,0
3788765,Xherdan Shaqiri,Switzerland,67,2,1,6,15.5360870234432,27.874722332055224,0,1,1.8734999363605709,21.898168237051962,7,0,1,4.029505912911714,11.509327130417704,1.2634019733698025,Left Foot,Open Play,Normal,From Keeper,Center Attacking Midfield,1,0,0,1,Ground Pass,Through Ball,38.803223,1,1,1,433.0641119051255,0.7855923361743993,0.12059020611390439,0.2401047,1
3788765,Granit Xhaka,Switzerland,76,2,2,0,18.80106379968963,24.020431550048254,6,1,6.542200565673239,3.171924571604357,19,1,0,2.4628747520564604,16.934605766839933,1.543994034778109,Left Foot,Free Kick,Normal,From Free Kick,Left Defensive Midfield,1,0,0,1,,,,0,0,0,451.60966606853486,0.1320511067836325,0.3479697018942747,0.11757676,0
3788765,Cengiz Ünder,Turkey,78,2,-2,1,23.879907872519105,17.991888948310635,1,1,3.281872204217016,5.827479289582795,11,0,3,2.9555277934705586,20.92648726642026,1.0879326280087511,Left Foot,Open Play,Normal,From Counter,Right Wing,1,0,0,1,Ground Pass,,14.446107,1,1,1,429.6446505382526,0.32389480094751094,0.13743236455253582,0.03388203,0
3788765,Breel-Donald Embolo,Switzerland,79,2,2,3,23.170886905770356,17.075208084896897,1,1,3.4326825865658823,0.0,11,0,2,4.029864406830616,19.183856443258527,2.477160813278175,Right Foot,Open Play,Normal,From Goal Kick,Left Center Forward,1,0,0,1,Ground Pass,,19.093979,1,1,1,395.64771542764163,0.0,0.14814636144596713,0.039654672,0
3788765,Ruben Vargas,Switzerland,79,2,2,3,16.12978611141511,27.072452340861204,1,1,0.8293326779657275,0.0,11,0,2,4.130912673529842,11.99943002624016,0.9933582411451809,Right Foot,Open Play,Normal,From Goal Kick,Center Attacking Midfield,1,0,0,1,,,,0,0,0,436.6728657695706,0.0,0.051416222895777,0.06440289,0
3788765,Yusuf Yazıcı,Turkey,82,2,-2,24,25.628499761008246,16.086530432594312,1,1,2.9493902889205303,10.137109304821765,17,1,2,1.6420014564205478,24.032360757537617,0.3562131857094286,Left Foot,Open Play,Normal,From Free Kick,Right Wing,1,0,0,1,Ground Pass,,23.92321,1,1,1,412.2736413471952,0.6301613233069879,0.11508244011254207,0.034125697,0
3788765,Burak Yılmaz,Turkey,82,2,-2,1,6.691038783328036,61.41463603899381,0,1,0.6903952724864887,53.63320657759847,20,2,5,3.0711970686438472,5.407524299781323,2.10005281991009,Head,Open Play,Normal,From Corner,Center Forward,1,0,0,1,High Pass,Inswinging,39.55768,1,1,1,410.9277116008833,0.8732968236357421,0.10318207603380458,0.20487739,0
3788765,Mert Müldür,Turkey,88,2,-2,2,11.95700631429121,36.16237139562997,2,1,5.201301798156318,24.021716456797815,20,2,0,1.052978638509457,11.05458176575466,0.284130687962886,Right Foot,Open Play,Half Volley,From Corner,Left Back,1,0,0,1,Low Pass,,25.563255,1,1,1,432.39370311729135,0.6642738163930453,0.43500033883394684,0.14609247,0
3788765,Kenan Karaman,Turkey,93,2,-2,2,7.51065909225016,56.039733538471346,0,1,2.6823823400540583,47.07860828056904,19,1,3,1.1692819356307327,7.680403964245634,1.1605472165982107,Right Foot,Open Play,Half Volley,From Corner,Left Wing,1,0,0,1,Low Pass,,32.409874,1,1,1,420.89533422799605,0.8400933642600125,0.35714340207796974,0.12907328,0
3788761,Juraj Kucka,Slovakia,4,1,0,1,7.209022125087419,55.73535222808237,1,1,1.2689041021925183,19.314775048437845,17,2,6,0.4851316325152242,7.028804014562237,0.32881603197091636,Head,Open Play,Normal,From Corner,Right Center Midfield,1,0,1,1,High Pass,Outswinging,46.196537,1,1,1,401.79738736178615,0.34654441528237184,0.17601611982528506,0.08421807,0
3788761,Marcus Berg,Sweden,21,1,0,1,15.844872987815338,20.353298265233494,2,1,2.6362470901174846,5.485027570811351,19,0,2,2.3571685936523723,13.489078371047245,1.6588766757814994,Right Foot,Open Play,Half Volley,From Corner,Right Center Forward,1,0,1,1,,,,0,0,0,322.49542589574696,0.26949084611905905,0.16637855615155459,0.05798719,0
3788761,Juraj Kucka,Slovakia,37,1,0,3,16.05147968257133,27.76147215620152,4,1,5.090231099792563,6.466870885294083,19,0,0,1.0978889082683925,15.519688220967636,1.0119333640488861,Left Foot,Open Play,Volley,From Corner,Right Center Midfield,1,0,1,1,High Pass,,10.666771,1,1,1,445.6127062735384,0.23294409060542112,0.31711911926222774,0.06669184,0
3788761,Marek Hamšík,Slovakia,42,1,0,1,23.082894099310863,19.51816691624884,1,1,5.169967237058486,6.362129748833518,12,0,0,2.4057074669832756,20.740080427129424,0.8090216695321146,Right Foot,Open Play,Normal,Regular Play,Center Attacking Midfield,1,0,1,1,Ground Pass,,13.091982,1,1,1,450.53577994044485,0.32595938830388094,0.22397396161917302,0.049787726,0
3788761,Alexander Isak,Sweden,45,2,0,12,19.948934808655824,20.656584779038496,0,1,1.025592807784571,16.305267330116102,12,0,2,4.231735880794025,15.804744655644079,2.4820206186031584,Right Foot,Open Play,Normal,Regular Play,Left Center Forward,1,0,1,1,Low Pass,,18.970766,1,1,1,412.07686312651117,0.7893496192391909,0.05141090577626066,0.050705776,0
3788761,Emil Peter Forsberg,Sweden,46,2,0,1,27.10295186875407,15.908108710005449,2,1,5.284549552954366,6.5453293881229415,19,0,0,1.9714232048094789,25.140915426091496,0.8193149454847628,Right Foot,Open Play,Half Volley,From Corner,Left Midfield,1,0,1,1,,,,0,0,0,431.15670469018505,0.4114461063499169,0.19498059025248524,0.018458044,0
3788761,Ondrej Duda,Slovakia,49,2,0,3,21.300938946440834,18.020468073579014,1,1,1.834971826306016,6.1250232460523755,18,1,2,3.5990780032745726,17.70310834951732,2.0484826829847833,Right Foot,Open Play,Normal,From Corner,Center Forward,1,0,1,1,Ground Pass,,8.926926,1,1,1,383.8528902215929,0.3398925722152951,0.08614511458484889,0.03637178,0
3788761,Ludwig Augustinsson,Sweden,58,2,0,15,7.184010022264729,57.1735860538271,2,1,0.2644125891126006,0.0,15,1,2,1.5609270438942147,5.759514672044034,0.9526382151935806,Head,Open Play,Normal,From Free Kick,Left Back,1,0,1,1,High Pass,,34.08372,1,1,1,410.7356152195089,0.0,0.036805709943768375,0.10506803,0
3788761,Marcus Andreas Danielsson,Sweden,59,2,0,2,3.7854986461495423,93.22914262022589,1,1,0.9531430875022829,70.74442440304232,16,3,5,2.1350859239708315,3.5845396389352673,1.7671379339297886,Head,Open Play,Normal,From Corner,Left Center Back,1,0,1,1,High Pass,,10.1242285,1,1,1,352.9187931705477,0.7588230720003902,0.25178798795022206,0.18266396,0
3788761,Alexander Isak,Sweden,60,2,0,10,26.86931335185178,16.65545242851158,0,1,3.5390884849517215,13.883965431013856,14,0,1,2.0816271943406814,24.810377603999772,0.6728578153079496,Right Foot,Open Play,Normal,Regular Play,Left Center Forward,1,0,1,1,Ground Pass,,10.507616,1,1,1,447.5205703185384,0.8335988164000058,0.13171488376377935,0.035293024,0
3788761,Alexander Isak,Sweden,66,2,0,14,5.188448708429133,73.4723166252079,1,1,1.2398735432336139,26.78169750643625,13,0,4,2.0164263743847632,3.327660622181164,1.436777202019698,Head,Open Play,Normal,Regular Play,Left Center Forward,1,0,1,1,High Pass,,45.660706,1,1,1,381.20734629935623,0.36451412908420006,0.23896806404182433,0.1087869,0
3788761,Alexander Isak,Sweden,70,2,0,4,22.784643951574054,14.870728978024239,0,1,3.1007670108706997,11.394961899812852,13,0,2,3.081602474003055,19.784259883841933,2.528441987698926,Right Foot,Open Play,Normal,Regular Play,Left Center Forward,1,0,1,1,Ground Pass,,25.136627,1,1,1,338.824265064637,0.766267875411634,0.13609021134852917,0.035972424,0
3788761,Viktor Claesson,Sweden,81,2,1,0,17.646529403823287,24.46441025241897,1,1,5.152217402326013,12.676125896698046,12,1,0,3.991339607549212,13.663625050853112,1.4366496326163158,Right Foot,Open Play,Normal,Regular Play,Right Midfield,1,0,1,1,,,,0,0,0,431.7119348665072,0.5181455741588812,0.29196774529555575,0.08932976,0
3788761,Albin Ekdal,Sweden,81,2,1,1,24.352823244954582,16.158658216892754,3,1,7.385038756215833,3.1147132564479914,19,0,0,2.1306420156928456,22.228014837235353,0.9617143932492169,Right Foot,Open Play,Volley,From Corner,Left Center Midfield,1,0,1,1,,,,0,0,0,393.5089474316222,0.1927581618869675,0.3032518522363055,0.024624303,0
3788761,Alexander Isak,Sweden,81,2,1,1,11.629703349613012,37.40803162928293,1,1,0.7100119171029762,0.0,19,0,4,3.540010706670201,8.740845940447771,2.3366997529981077,Right Foot,Open Play,Half Volley,From Corner,Left Center Forward,1,0,1,1,,,,0,0,0,435.0443107415012,0.0,0.06105159312826345,0.06027837,0
3788761,Dávid Hancko,Slovakia,86,2,-1,1,10.016985574512923,38.87785658575206,3,1,0.574335563786838,0.0,18,2,4,4.42103535141063,6.881457610259936,4.068663867903375,Head,Open Play,Normal,From Corner,Left Back,1,0,1,1,High Pass,Outswinging,49.365273,1,1,1,389.4389285874606,0.0,0.05733616760397153,0.060498055,0
3788761,Dávid Hancko,Slovakia,86,2,-1,1,10.0209779961838,37.50950596179406,4,1,1.2136983534296089,0.0,17,2,2,2.475063123325437,7.6183235052277345,1.843576550007377,Right Foot,Open Play,Normal,From Corner,Left Back,1,0,1,1,,,,0,0,0,375.88193389086337,0.0,0.12111575875047433,0.101621464,0
3788761,Dávid Hancko,Slovakia,93,2,-1,4,22.699118925632334,14.552177127999919,2,1,4.562674522932758,3.3502352609272057,17,0,1,3.396927859523121,19.302928554351876,2.425581710347089,Left Foot,Open Play,Half Volley,Regular Play,Left Back,1,0,1,1,,,,0,0,0,330.32159925533693,0.23022227062375436,0.2010066795051013,0.020392507,0
3788761,Martin Koscelník,Slovakia,93,2,-1,1,7.443117626371364,56.35462496067586,3,0,1.2482113431598154,29.03867927632267,20,2,5,,,,Head,Open Play,Normal,From Corner,Right Back,1,0,1,1,High Pass,Outswinging,39.958603,1,1,1,419.4541023723541,0.5152847578452665,0.16770006948934085,0.08183929,0
3788761,Vladimír Weiss,Slovakia,94,2,-1,3,23.315445524372898,18.36944114293896,1,1,4.746373922462005,1.6383007925361004,21,1,1,3.469886521546901,21.425142675493184,1.9035440164471709,Right Foot,Open Play,Normal,From Throw In,Left Wing,1,0,1,1,Ground Pass,,11.941943,1,1,1,428.2917042813676,0.0891862076689169,0.20357208776046604,0.038315788,0
3788761,Juraj Kucka,Slovakia,94,2,-1,6,34.83116420678471,12.763613336399183,1,1,4.098289251195935,4.276195249040342,18,0,1,1.6931797080916182,33.2252957470724,0.14036563717344563,Right Foot,Open Play,Normal,From Throw In,Right Center Midfield,1,0,1,1,,,,0,0,0,444.57151199202724,0.3350301467410892,0.11766156384740177,0.013511108,0
3788760,Vladimír Coufal,Czech Republic,1,1,0,5,19.95820633223337,22.401914472307777,3,1,2.4820094328689737,0.0,14,0,1,2.6439325179193744,17.42301021557537,1.100690864436757,Left Foot,Open Play,Half Volley,From Throw In,Right Back,1,0,0,1,,,,0,0,0,447.10203127536346,0.0,0.12436034539138022,0.045989517,0
3788760,Tomáš Souček,Czech Republic,3,1,0,1,7.072481884034773,54.21734274554768,3,1,1.1394505149696676,4.213103239325097,18,4,6,0.36855932630114735,6.7069071829661935,0.16364895618777808,Head,Open Play,Normal,From Corner,Left Center Midfield,1,0,0,1,High Pass,Inswinging,35.263863,1,1,1,383.4511743683901,0.07770766743582387,0.1611104183302091,0.11284022,0
3788760,Dejan Lovren,Croatia,9,1,0,0,27.343737857140162,16.562360379546046,3,1,11.076020666944688,8.896819987036451,18,1,0,2.066244798402547,25.51475186175221,1.1126180379298063,Right Foot,Free Kick,Normal,From Free Kick,Right Center Back,1,0,0,1,,,,0,0,0,452.87684051379154,0.5371710180889266,0.40506607855927973,0.057540856,0
3788760,Jakub Jankto,Czech Republic,11,1,0,9,15.041608956491327,24.360746266245993,1,1,6.126641882640737,12.74869488832666,14,0,0,0.967222691496397,14.108687025584725,0.37633059232946664,Left Foot,Open Play,Half Volley,Regular Play,Left Wing,1,0,0,1,,,,0,0,0,366.4248192251784,0.523329406619662,0.40731293443157457,0.12306801,0
3788760,Patrik Schick,Czech Republic,17,1,0,6,8.127115109311548,50.90614111377048,1,1,1.7611098743372915,36.65960443584931,16,0,2,1.403494524562311,7.315609685663854,1.3119118337076685,Right Foot,Open Play,Half Volley,Regular Play,Center Forward,1,0,0,1,Ground Pass,,8.324061,1,1,1,413.7200686024699,0.7201410995565056,0.21669557409363135,0.34838054,0
3788760,Ivan Perišić,Croatia,22,1,0,3,15.474172029546526,28.55473760341164,2,1,6.013586673825829,9.870042502004424,20,0,0,2.937295629001707,12.897478452454369,1.7578986040212143,Left Foot,Open Play,Normal,From Corner,Right Wing,1,0,0,1,Ground Pass,,31.878834,1,1,1,441.86092193375276,0.34565341272213895,0.3886209008367899,0.074342355,0
3788760,Patrik Schick,Czech Republic,36,1,0,0,12.0,36.86989764584404,0,1,8.766133064891457,30.792128222363694,15,0,0,0.7455724998453552,11.317833371004406,0.2921756397986286,Left Foot,Penalty,Normal,Other,Center Forward,1,0,0,1,,,,0,0,0,442.43877175012847,0.835156325036193,0.7305110887409548,0.7835,1
3788760,Ante Rebić,Croatia,38,1,-1,5,14.751271131668615,20.854458039578343,0,0,3.501907870279593,20.854458039578354,15,0,2,,,,Left Foot,Open Play,Normal,From Kick Off,Center Forward,1,0,0,1,Ground Pass,Through Ball,17.079227,1,1,1,307.62976484582646,1.0000000000000004,0.23739702423078363,0.28724268,0
3788760,Andrej Kramarić,Croatia,43,1,-1,18,26.690822392725178,14.553869248375003,1,1,2.7308093561896833,7.698635628517662,16,0,2,2.165965050007917,24.597686454984746,0.6639901122854681,Right Foot,Open Play,Normal,From Throw In,Center Attacking Midfield,1,0,0,1,Ground Pass,,25.271526,1,1,1,388.4547392353219,0.528975181591469,0.10231267197424347,0.025561139,0
3788760,Patrik Schick,Czech Republic,47,1,1,0,27.963190089830594,15.360011185512255,2,1,10.208962617620228,1.5855329100195321,19,0,0,2.563019142766015,27.82260270587846,2.3108145691244175,Left Foot,Free Kick,Normal,From Free Kick,Center Forward,1,0,0,1,,,,0,0,0,429.51491256240337,0.10322472365873181,0.3650857639927475,0.054493006,0
3788760,Mateo Kovačić,Croatia,45,2,-1,2,31.828446396266347,13.837986625415462,3,1,4.896532094765105,9.931372254159445,20,0,1,2.18023443241177,31.437025201146707,1.932452429466764,Right Foot,Open Play,Normal,From Free Kick,Left Center Midfield,1,0,0,1,Ground Pass,,11.552056,1,1,1,440.4416155392867,0.7176891062980972,0.15384137930588704,0.020323688,0
3788760,Ivan Perišić,Croatia,46,2,-1,1,19.997249810911498,12.910983246878216,0,1,3.102726041716626,9.699760776243885,12,0,2,4.447660284775475,15.759273615717287,2.9186965164963823,Right Foot,Open Play,Normal,From Free Kick,Left Wing,1,0,0,1,Ground Pass,,40.94142,1,1,1,258.1841572923169,0.7512797895225538,0.15515763772794514,0.028436225,1
3788760,Tomáš Souček,Czech Republic,51,2,0,10,27.73193105429191,15.157346408615233,2,0,4.709027710574653,6.595415232128661,16,1,1,,,,Right Foot,Open Play,Normal,Regular Play,Left Center Midfield,1,0,0,1,Ground Pass,,10.945775,1,1,1,420.3424855697367,0.4351299399200849,0.1698052581104288,0.024643535,0
3788760,Jan Bořil,Czech Republic,56,2,0,21,7.111961754677815,55.54554874761854,1,1,1.2062443186807974,5.045625303827576,16,1,1,2.2687056865085413,5.8691166524093585,0.8165723691942546,Head,Open Play,Normal,Regular Play,Left Back,1,0,0,1,High Pass,,21.317833,1,1,1,395.0378183356553,0.09083761737152524,0.16960781853015497,0.18442217,0
3788760,Luka Ivanušec,Croatia,56,2,0,7,27.423530042647688,14.2695311832833,1,0,1.7179106718437678,7.137532635919194,16,0,1,,,,Right Foot,Open Play,Normal,Regular Play,Right Wing,1,0,0,1,Ground Pass,,11.308846,1,1,1,391.3209170992676,0.5001939127671402,0.06264367385132986,0.02329607,0
3788760,Andrej Kramarić,Croatia,57,2,0,5,20.161349161204463,22.08015988965566,3,1,2.2440754296786696,0.0,13,1,2,1.87137033940526,18.29608498965567,0.4929849478157635,Right Foot,Open Play,Normal,Regular Play,Center Attacking Midfield,1,0,0,1,Ground Pass,,12.692123,1,1,1,445.1658130705696,0.0,0.11130581647764122,0.059560694,0
3788760,Tomáš Souček,Czech Republic,60,2,0,1,9.126883367283714,30.219369658849374,2,1,0.7789909315898741,0.0,19,1,2,0.552977440392332,9.036580028396694,0.20136915938013544,Left Foot,Open Play,Backheel,From Free Kick,Left Center Midfield,1,0,0,1,Low Pass,,23.681215,1,1,1,275.80866230915046,0.0,0.08535125302271859,0.04867722,0
3788760,Patrik Schick,Czech Republic,60,2,0,1,6.977105417004967,56.62027266018315,1,1,3.541246758486647,40.17752262784876,15,2,5,2.641081360241595,5.733913215472107,2.5936598881149564,Head,Open Play,Normal,From Corner,Center Forward,1,0,0,1,High Pass,Inswinging,45.95487,1,1,1,395.0456110896621,0.7095960640984804,0.5075524227935175,0.09233649,0
3788760,Nikola Vlašić,Croatia,71,2,0,7,13.060245020672474,32.69155314534978,0,1,2.354850767924005,26.36831010448943,15,1,4,2.39823111717761,10.878885956344504,1.5595541873084215,Right Foot,Open Play,Normal,From Free Kick,Center Attacking Midfield,1,0,0,1,High Pass,,7.2249565,1,1,1,426.959694184604,0.8065786898301649,0.18030678323389937,0.23737843,0
3788760,Adam Hložek,Czech Republic,75,2,0,5,12.482387592123551,32.187363826949024,2,1,0.6197170090862981,0.0,18,1,3,1.7118718023640662,10.81664158761529,1.114039092690689,Right Foot,Open Play,Volley,From Throw In,Right Wing,1,0,0,1,High Pass,,9.610411,1,1,1,401.77515085667494,0.0,0.04964731342562561,0.09428183,0
3788760,Bruno Petković,Croatia,88,2,0,6,14.649232061783993,29.76973038115376,1,1,1.7261416291317957,3.761373464166939,11,0,1,5.035964914584509,9.615901756462346,1.1092355027781622,Right Foot,Open Play,Half Volley,Regular Play,Center Forward,1,0,0,1,High Pass,,11.710679,1,1,1,436.10368877026264,0.1263489261074444,0.11783154378684783,0.08461103,0
3788760,Bruno Petković,Croatia,88,2,0,1,10.822661410207747,40.508784965678416,2,1,0.7397472677214789,7.666257645330902,18,3,5,1.8605240302481998,10.89579053696656,1.8602162057472142,Head,Open Play,Diving Header,From Corner,Center Forward,1,0,0,1,High Pass,Outswinging,37.364822,1,1,1,438.4128638224515,0.18924926165586642,0.068351696471236,0.09187859,0
3795108,Xherdan Shaqiri,Switzerland,1,1,0,19,28.117787964205146,16.18328656908811,2,1,4.257983129761393,12.674433791873042,14,0,1,3.252415407383101,24.9097579059268,0.3893985274934053,Left Foot,Open Play,Normal,From Kick Off,Center Attacking Midfield,1,0,0,1,,,,0,0,0,455.03822031358845,0.7831804582934736,0.1514337875789498,0.030168695,0
3795108,Jordi Alba Ramos,Spain,7,1,0,1,25.65813711086602,16.31369211316669,1,1,3.961972266060314,9.50616269406219,20,0,1,1.8480685644165982,23.881915479316124,1.1659455502875034,Left Foot,Open Play,Half Volley,From Corner,Left Back,1,0,0,1,High Pass,Outswinging,58.992203,1,1,1,418.5789490240846,0.5827106842595012,0.1544138706929916,0.021315211,0
3795108,Jorge Resurrección Merodio,Spain,16,1,0,0,26.299239532731743,14.727491206578604,4,1,8.758834554762647,0.9492214062422402,20,1,0,1.1113240262722381,25.47120830017076,0.16615552175351667,Right Foot,Free Kick,Normal,From Free Kick,Right Center Midfield,1,0,0,1,,,,0,0,0,387.32181895801114,0.0644523492105861,0.33304516443760657,0.047888376,0
3795108,César Azpilicueta Tanco,Spain,24,1,0,1,8.030566605165541,52.85038323278706,0,1,1.5562451470897973,42.18504732369315,20,1,1,1.8833155089611064,6.4558961370849755,0.7773339140580902,Head,Open Play,Normal,From Corner,Right Back,1,0,0,1,High Pass,Outswinging,40.938126,1,1,1,424.4185226594206,0.7981975672320687,0.1937902048018338,0.10035629,0
3795108,Haris Seferović,Switzerland,33,1,0,4,27.53270782178898,12.344728802429717,2,1,1.5738692980910258,5.169605307695911,16,0,2,3.587100879299282,24.159371670337418,1.4549162633754094,Left Foot,Open Play,Normal,Regular Play,Center Forward,1,0,0,1,Ground Pass,,17.442764,1,1,1,339.88381125652035,0.41877026141541623,0.05716362183764173,0.008757749,0
3795108,Manuel Obafemi Akanji,Switzerland,33,1,0,1,6.800735254367718,60.923044423741565,0,1,0.8435902127302615,49.52188940972965,18,1,3,1.0289825171534226,6.040484577996718,0.6641794984974894,Head,Open Play,Normal,From Corner,Left Center Back,1,0,0,1,High Pass,Inswinging,41.18859,1,1,1,414.3214960159499,0.8128597294857296,0.12404397189090287,0.08995936,0
3795108,Silvan Widmer,Switzerland,38,1,0,1,9.104943712072027,40.33220261517937,0,0,3.299927611494465,40.332202615179355,19,1,2,3.960221533144103,8.667799575050747,2.1140263612960055,Head,Open Play,Normal,From Corner,Right Back,1,0,0,1,High Pass,Inswinging,42.324932,1,1,1,367.22243459509235,0.9999999999999997,0.3624325109356986,0.06444093,0
3795108,Daniel Olmo Carvajal,Spain,46,2,0,5,18.001388835309342,21.412337299642488,1,1,6.5717750871565626,11.960794748376502,14,0,0,3.285184926246052,14.734679795691921,2.0442625652682835,Right Foot,Open Play,Volley,From Keeper,Left Wing,1,0,0,1,High Pass,,26.409279,1,1,1,385.45180960366207,0.5585936080213068,0.365070448023775,0.08699033,0
3795108,Manuel Obafemi Akanji,Switzerland,47,2,0,1,8.188406438373702,51.768654658350066,1,1,1.4251490085405418,39.27819348104973,20,3,6,0.9674810598584425,8.121530192440707,0.931036697448306,Head,Open Play,Normal,From Corner,Left Center Back,1,0,0,1,High Pass,Inswinging,42.694496,1,1,1,423.90278511037843,0.7587254051755491,0.17404473254549274,0.11480155,0
3795108,Jorge Resurrección Merodio,Spain,49,2,0,11,12.601983970788092,35.000904934749535,1,1,2.3265191904199054,8.951132531511574,15,1,2,2.5215885286505433,10.086465834154177,0.1643648805591198,Head,Open Play,Diving Header,Regular Play,Right Center Midfield,1,0,0,1,Low Pass,,18.1,1,1,1,441.08084295079146,0.2557400315277199,0.18461531103458556,0.09799818,0
3795108,Denis Lemi Zakaria Lako Lado,Switzerland,55,2,0,1,10.822661410207754,36.04623364231068,0,1,1.8501039556805952,28.938689499774068,20,2,3,1.1467940142667477,9.679720363276575,0.526660588391934,Head,Open Play,Normal,From Corner,Right Center Midfield,1,0,0,1,High Pass,Outswinging,47.314373,1,1,1,390.1161818239683,0.802821448335899,0.1709472268933414,0.041589174,0
3795108,Ferrán Torres García,Spain,58,2,0,1,9.625487000666519,41.241444314527975,1,1,0.9807591426353928,4.886955074478498,18,1,2,2.7169455842166825,7.0624899486177135,1.9450353199852302,Right Foot,Open Play,Half Volley,From Free Kick,Right Wing,1,0,0,1,High Pass,,30.26896,1,1,1,396.96898613820116,0.11849621553523014,0.10189189830784456,0.06571041,0
3795108,Steven Zuber,Switzerland,63,2,0,4,11.75967686630887,23.03610674697558,0,1,0.7547804909182337,11.527587664149111,17,0,2,5.807892756629069,5.984319270151542,5.068179408820434,Right Foot,Open Play,Half Volley,Regular Play,Left Wing,1,0,0,1,,,,0,0,0,270.8971716022304,0.5004138846362384,0.06418377813430041,0.13577448,0
3795108,Xherdan Shaqiri,Switzerland,67,2,0,3,11.859595271340416,34.727408611057776,1,0,1.9724155051616756,22.686221441042747,9,0,2,7.679713003871182,6.697831399788727,6.384086033369961,Right Foot,Open Play,Normal,Regular Play,Center Attacking Midfield,1,0,0,1,Ground Pass,,7.605919,1,1,1,411.8530109496072,0.653265600526815,0.16631389689394904,0.3382652,1
3795108,Daniel Olmo Carvajal,Spain,75,2,-1,18,11.069326989478627,17.89598072183648,0,0,3.1271190556541733,17.895980721836516,13,0,1,4.006652224292795,8.24745148851657,1.993885223979106,Left Foot,Open Play,Normal,Regular Play,Left Wing,1,0,0,1,Ground Pass,Through Ball,24.307405,1,1,1,198.09646240741375,1.000000000000002,0.28250308791370005,0.051663227,0
3795108,Pau Francisco Torres,Spain,76,2,-1,4,7.7155686763841365,46.3304268673886,1,1,1.544120261084079,32.516795676655725,19,0,3,2.5553287187597276,5.172994014450797,1.5622238188685529,Left Foot,Open Play,Volley,From Corner,Left Center Back,1,0,0,1,,,,0,0,0,357.4655903015295,0.7018453719351306,0.20013045387183612,0.39477912,0
3795108,Gerard Moreno Balaguero,Spain,83,2,-1,16,19.632880583347923,20.86219648592212,1,1,2.995012717866715,11.493768163117181,18,1,2,2.7364308430249773,16.926246014649813,1.536424218587186,Left Foot,Open Play,Normal,Regular Play,Right Wing,1,0,0,1,Ground Pass,,5.0,1,1,1,409.58501231444967,0.5509375856407649,0.152550854937049,0.08850115,0
3795108,Aymeric Laporte,Spain,85,2,-1,18,31.085044635644323,14.536212725051985,3,1,4.730283470659541,0.0,20,0,1,0.8269247015154855,30.584071999118652,0.5779263986449124,Left Foot,Open Play,Normal,From Keeper,Right Center Back,1,0,0,1,Ground Pass,,23.75479,1,1,1,451.85882139146196,0.0,0.15217232357567412,0.020670902,0
3795108,Gerard Moreno Balaguero,Spain,91,3,-1,38,6.888396039717805,57.1995469954346,0,1,1.6498072566791464,41.21439100766743,18,0,2,3.0345856160170217,4.315155295497877,2.397658127318529,Left Foot,Open Play,Half Volley,Regular Play,Center Forward,1,0,0,1,Low Pass,,25.377943,1,1,1,394.0131329970042,0.7205370177312238,0.23950528499907991,0.38481003,0
3795108,Mikel Oyarzabal Ugarte,Spain,94,3,-1,12,21.73499482401595,18.870322703270197,1,1,1.4774214508161854,8.181606177293961,14,0,2,2.620112923940413,19.160093787802563,0.7314695914075742,Left Foot,Open Play,Normal,From Throw In,Right Wing,1,0,0,1,Ground Pass,,13.0,1,1,1,410.1463662830884,0.43357001922792243,0.06797431804233593,0.019084595,0
3795108,Jordi Alba Ramos,Spain,95,3,-1,12,26.100766272276374,14.172951059937462,2,1,4.4543044066913335,1.8923344887188946,14,1,1,3.808172931174628,22.297038191023425,2.3960214477350945,Left Foot,Open Play,Normal,From Throw In,Left Back,1,0,0,1,,,,0,0,0,369.9248830038394,0.1335173232953536,0.1706579937242146,0.025041284,0
3795108,Marcos Llorente Moreno,Spain,95,3,-1,1,11.681181447096865,22.38133128094061,1,1,5.070792606293071,7.253732278951324,20,1,0,2.493417845914988,9.265195408304294,2.352700998219447,Head,Open Play,Normal,From Corner,Right Center Midfield,1,0,0,1,High Pass,Inswinging,51.871475,1,1,1,261.4403917202522,0.32409744478106284,0.4340992928890185,0.050715774,0
3795108,Daniel Olmo Carvajal,Spain,96,3,-1,7,19.91230775173988,22.704280526302338,1,1,1.1359289833255959,4.279934755291766,18,0,3,1.914808946309447,17.998246455630134,0.11812552798475906,Right Foot,Open Play,Normal,Regular Play,Left Wing,1,0,0,1,Ground Pass,,9.192389,1,1,1,452.0946211215669,0.18850783447348482,0.057046576292812755,0.05786849,0
3795108,Marcos Llorente Moreno,Spain,98,3,-1,12,15.13472827638475,22.258028278817093,0,1,4.189536312385584,16.600871725567487,18,0,1,2.976302597481556,12.158558979975064,2.0466079169385196,Right Foot,Open Play,Normal,From Throw In,Right Center Midfield,1,0,0,1,Ground Pass,,9.420191,1,1,1,336.8692099679845,0.7458374801943483,0.276816090509049,0.14917432,0
3795108,Gerard Moreno Balaguero,Spain,99,3,-1,1,5.092150822589605,75.50128000522955,0,1,2.896214887428235,59.753648641345464,20,2,6,0.9295420794219256,4.379822072959851,0.7705269658292195,Head,Open Play,Normal,From Corner,Center Forward,1,0,0,1,High Pass,Inswinging,42.65548,1,1,1,384.4639050851977,0.7914256372502118,0.5687606255848034,0.19520508,0
3795108,Gerard Moreno Balaguero,Spain,100,3,-1,1,8.22800097228969,50.715530300737136,0,1,1.5854504565850445,28.584862814677802,8,1,2,5.177845160398439,3.126168899094008,1.9605641128695623,Left Foot,Open Play,Volley,From Free Kick,Center Forward,1,0,0,1,,,,0,0,0,417.2874326246524,0.5636313501046508,0.19268962922154892,0.23893815,0
3795108,Mikel Oyarzabal Ugarte,Spain,102,3,-1,8,21.803669415949233,16.674068331857242,1,1,2.454144455008546,8.026370563725386,18,0,2,3.5823814646481806,18.24449977580186,1.895930401004513,Left Foot,Open Play,Normal,From Free Kick,Right Wing,1,0,0,1,Ground Pass,,19.257465,1,1,1,363.5558737267634,0.48136845813389856,0.11255648800166435,0.037632357,0
3795108,Daniel Olmo Carvajal,Spain,104,3,-1,12,20.61188977265307,16.769287939336465,2,1,1.1239647502189483,0.5540650865239964,19,0,4,2.8032386333138852,17.837220669166417,1.5693531899499789,Right Foot,Open Play,Normal,From Throw In,Left Wing,1,0,0,1,Ground Pass,,18.330576,1,1,1,345.64671457148376,0.03304046591175176,0.05452992241934916,0.040370896,0
3795108,Mikel Oyarzabal Ugarte,Spain,105,3,-1,4,20.6816343648175,13.335730959150096,0,1,1.507128112036517,10.892699479200441,18,0,3,2.8854399350071893,18.366553982355118,0.9708182994558072,Left Foot,Open Play,Normal,From Throw In,Right Wing,1,0,0,1,Ground Pass,,12.632102,1,1,1,275.8047116847193,0.8168055813788438,0.07287277617673985,0.044336874,0
3795108,Marcos Llorente Moreno,Spain,109,4,-1,17,11.20178557195236,39.29738566477617,1,1,2.351220209447485,10.35745961536341,16,0,2,2.5540019832255796,8.833721578564399,0.8914357436638909,Left Foot,Open Play,Normal,From Throw In,Right Center Midfield,1,0,0,1,Ground Pass,,30.31996,1,1,1,440.2008877551372,0.26356612380571715,0.20989691280420492,0.116000436,0
3795108,Daniel Olmo Carvajal,Spain,110,4,-1,10,18.780042598460742,21.052904012938484,0,1,1.5538863871099902,16.848466558788136,15,0,1,2.7216264643566963,16.356614871365768,0.25003193947164704,Left Foot,Open Play,Half Volley,Regular Play,Left Wing,1,0,0,1,High Pass,,14.080128,1,1,1,395.37443418428984,0.8002918052746345,0.0827413664779094,0.068490095,0
3795108,Daniel Olmo Carvajal,Spain,114,4,-1,29,17.270205557549104,25.063326387992475,0,1,4.646237412459288,21.552776032243628,20,0,1,3.188235325613048,16.21182654561145,2.382739638722512,Right Foot,Open Play,Normal,From Throw In,Left Wing,1,0,0,1,Ground Pass,,5.215362,1,1,1,432.84879867657475,0.8599327838051574,0.2690319693634647,0.09974783,0
3795108,Sergio Busquets i Burgos,Spain,115,4,-1,1,9.666436778875658,22.45154645600387,2,1,0.693915162873303,0.0,18,1,3,2.036832936705517,8.367395574958262,0.6968133951463926,Head,Open Play,Normal,From Corner,Center Defensive Midfield,1,0,0,1,High Pass,Inswinging,35.37471,1,1,1,217.02645440495127,0.0,0.0717860343730521,0.059163045,0
3795108,Gerard Moreno Balaguero,Spain,117,4,-1,7,18.027756377319946,23.755708111702944,1,1,1.4200363401013074,12.799091231105647,10,0,1,4.378618551083334,13.70662098813327,0.861456662038556,Left Foot,Open Play,Normal,From Throw In,Center Forward,1,0,0,1,Ground Pass,,14.338758,1,1,1,428.2621184085039,0.5387796133427123,0.07876944365011515,0.0878234,0
3795108,Rodrigo Hernández Cascante,Spain,120,4,-1,5,6.888396039717807,59.96671956400489,0,1,2.1243549675519646,47.53143079742693,17,1,3,3.074731670384791,5.539884763634374,2.688127577688803,Head,Open Play,Normal,From Free Kick,Left Center Midfield,1,0,0,1,High Pass,,15.720369,1,1,1,413.07451355955965,0.7926301645814512,0.308396171663642,0.23173407,0
3794687,Diogo José Teixeira da Silva,Portugal,5,1,0,1,16.29846618550347,24.468159100988007,1,1,3.025654763175204,11.545152292060312,5,0,2,1.4946510902360939,15.110011070951181,0.1643262165439694,Left Foot,Open Play,Normal,From Counter,Left Wing,1,0,0,1,Ground Pass,,25.578312,1,1,1,398.7934637289721,0.4718439276289538,0.18564046019657643,0.12441643,0
3794687,Eden Hazard,Belgium,9,1,0,39,23.434163095788165,17.48976507498217,0,1,2.432635363398611,14.297871958672692,17,0,2,2.050744223627848,21.543273718953,1.5270577132855792,Right Foot,Open Play,Normal,Regular Play,Left Attacking Midfield,1,0,0,1,Ground Pass,,4.3965898,1,1,1,409.8580072741519,0.8174993716253371,0.10380722168123128,0.06755641,0
3794687,Thorgan Hazard,Belgium,18,1,0,4,21.902054698132776,16.981091284907997,2,1,3.08138149592236,10.93227781368812,15,0,2,2.0036928766592275,20.0650118527432,1.7093217533833922,Right Foot,Open Play,Normal,From Free Kick,Left Wing Back,1,0,0,1,High Pass,,39.8,1,1,1,371.9207901560407,0.6437912399307469,0.14068915169794816,0.033832196,0
3794687,Renato Júnior Luz Sanches,Portugal,21,1,0,8,38.85614494516922,11.385148903697946,1,1,3.7862810703256673,4.307899954204512,16,0,1,2.243337078205809,37.049389197721595,0.7948573988285048,Right Foot,Open Play,Normal,From Free Kick,Left Center Midfield,1,0,0,1,Ground Pass,,20.465826,1,1,1,442.3829960244218,0.3783788855677845,0.09744355945934867,0.0065385555,0
3794687,Cristiano Ronaldo dos Santos Aveiro,Portugal,24,1,0,0,30.863732761932738,11.773052652246793,1,1,10.606787261589487,5.077015211647434,17,1,0,4.150227931749245,28.57056993230243,4.149663420846849,Right Foot,Free Kick,Normal,From Free Kick,Center Forward,1,0,0,1,,,,0,0,0,363.3603508511085,0.4312403385606643,0.3436650823607401,0.010175919,0
3794687,João Maria Lobo Alves Palhinha Gonçalves,Portugal,24,1,0,0,13.800362314084362,26.977385172254163,0,1,2.2306846444425803,18.036561158902508,16,0,1,6.4027414092535855,7.515570582656686,3.041755933308039,Head,Open Play,Normal,From Free Kick,Center Defensive Midfield,1,0,0,1,,,,0,0,0,372.2976896637146,0.6685807777046102,0.1616395710253194,0.032275043,0
3794687,João Maria Lobo Alves Palhinha Gonçalves,Portugal,26,1,0,33,28.55678553338943,13.666534119113061,1,1,2.3567898315604965,0.0,15,0,1,1.8055321894315446,27.000801362760342,0.06729244701693204,Right Foot,Open Play,Normal,Regular Play,Center Defensive Midfield,1,0,0,1,Ground Pass,,19.231485,1,1,1,390.2722838242609,0.0,0.08252994122202126,0.021147795,0
3794687,João Maria Lobo Alves Palhinha Gonçalves,Portugal,36,1,0,1,11.415778554264275,38.58148857008896,0,1,2.4755250175968,31.783726492527208,15,2,5,1.4156254424490364,10.120283212221018,0.4675622331650686,Head,Open Play,Normal,From Free Kick,Center Defensive Midfield,1,0,0,1,High Pass,,43.04881,1,1,1,440.43772981001376,0.8238076774769171,0.21685117715182792,0.0357303,0
3794687,Thomas Meunier,Belgium,36,1,0,14,26.076809620810597,14.845452082083801,1,1,1.98449566883715,6.072746651714649,16,0,1,1.1479970639862758,24.943622502759634,0.457066843455749,Right Foot,Open Play,Normal,Regular Play,Right Wing Back,1,0,0,1,Ground Pass,,5.6859474,1,1,1,387.12202767936554,0.4090644473564755,0.07610193492586698,0.029850839,0
3794687,Raphaël Adelino José Guerreiro,Portugal,40,1,0,3,30.22085372718646,15.021992637981413,2,1,2.7645383444793006,8.970689877907166,19,0,1,2.4121874775485046,27.821217536754517,0.44932769601125955,Left Foot,Open Play,Normal,From Corner,Left Back,1,0,0,1,Ground Pass,,20.440157,1,1,1,453.9774422033081,0.5971704349811615,0.09147783743754208,0.02504302,0
3794687,Thorgan Hazard,Belgium,41,1,0,10,27.790825824361537,13.78767757358332,2,1,1.24959283066147,4.869724046242828,16,0,1,3.418616918785576,25.775708064917694,3.402209759561991,Right Foot,Open Play,Normal,From Free Kick,Left Wing Back,1,0,0,1,Ground Pass,,27.214886,1,1,1,383.1709459699097,0.3531939313385917,0.044964220874864125,0.023202047,1
3794687,João Maria Lobo Alves Palhinha Gonçalves,Portugal,47,1,-1,5,20.43624231604235,21.720690462010598,1,1,1.3768335260111566,7.062672862530488,17,0,2,1.6012352985458504,19.06942360197445,1.0727737164579239,Left Foot,Open Play,Normal,Regular Play,Center Defensive Midfield,1,0,0,1,,,,0,0,0,443.88929355339843,0.32515876393906884,0.06737214722348193,0.05454081,0
3794687,João Filipe Iria Santos Moutinho,Portugal,51,2,-1,12,25.366513359151277,16.947059777701654,3,0,5.3443584906953765,6.7059953123869125,13,0,0,,,,Left Foot,Open Play,Half Volley,Regular Play,Right Center Midfield,1,0,0,1,,,,0,0,0,429.8878182494043,0.3957025820614869,0.21068557649320513,0.021618428,0
3794687,Cristiano Ronaldo dos Santos Aveiro,Portugal,53,2,-1,3,27.650858937834105,16.038962383414205,1,1,5.756781889130442,4.073939555431174,11,0,0,3.0117332838456243,24.724531425436904,0.024386265149402675,Right Foot,Open Play,Half Volley,Regular Play,Center Forward,1,0,0,1,Low Pass,,12.39758,1,1,1,443.4910863730137,0.2540026878324754,0.20819540912175988,0.032241166,0
3794687,Diogo José Teixeira da Silva,Portugal,57,2,-1,4,12.714165328483025,34.68594741816773,2,1,1.3358859305463433,0.0,14,0,3,2.1863355538028273,10.528253278418648,0.25348029011666995,Right Foot,Open Play,Half Volley,Regular Play,Left Wing,1,0,0,1,Ground Pass,,19.936148,1,1,1,441.00287004965344,0.0,0.10507067479715815,0.08127565,0
3794687,João Félix Sequeira,Portugal,60,2,-1,13,8.81192374002408,45.34640315240588,1,1,1.356148287912731,6.498794318884166,14,0,3,3.317305909433944,6.086544284875401,2.7421503512187684,Head,Open Play,Normal,From Free Kick,Right Wing,1,0,0,1,High Pass,,36.714165,1,1,1,399.5890464633881,0.14331443878894218,0.1538992310785732,0.068262264,0
3794687,Bruno Miguel Borges Fernandes,Portugal,61,2,-1,13,27.973201461398727,15.903922307360624,1,1,5.0962792846335025,2.3813568314954865,15,0,0,1.8279022120285677,26.161164707036452,0.1685663716001926,Right Foot,Open Play,Half Volley,Regular Play,Right Center Midfield,1,0,0,1,High Pass,,38.008945,1,1,1,444.883622730232,0.1497339326408399,0.18218434138352202,0.027054977,0
3794687,Romelu Lukaku Menama,Belgium,62,2,1,12,22.800219297190978,16.620445235398723,1,1,3.6278537993389057,3.0559021832007116,11,0,3,1.7851694805018086,21.136956196920266,1.4609554284672228,Left Foot,Open Play,Half Volley,From Goal Kick,Center Forward,1,0,0,1,Ground Pass,,15.805062,1,1,1,378.9497961840438,0.1838640385332253,0.15911486429368962,0.028430276,0
3794687,Cristiano Ronaldo dos Santos Aveiro,Portugal,73,2,-1,0,30.802597293085526,14.796762245057355,2,1,11.16718418283379,2.5908782115603715,19,1,0,1.4871974347777923,30.034017777571933,1.2465129163158224,Right Foot,Free Kick,Normal,From Free Kick,Left Wing,1,0,0,1,,,,0,0,0,455.7787086760338,0.1750976442448291,0.36254034283467923,0.030009953,0
3794687,André Miguel Valente Silva,Portugal,79,2,-1,4,9.861541461658007,43.977290141075336,0,0,0.8237880115194619,43.97729014107534,17,0,2,5.790799585014095,6.896534771941474,3.4706137567483566,Head,Open Play,Normal,From Free Kick,Center Forward,1,0,0,1,High Pass,,35.98569,1,1,1,433.68387009757834,1.0000000000000002,0.08353542037240085,0.065289594,0
3794687,Rúben Santos Gato Alves Dias,Portugal,81,2,-1,1,7.823042886243176,54.08196957282878,1,0,0.9961761913555344,43.03347595858883,19,2,4,6.431830299514393,7.46125707860083,5.444025573099118,Head,Open Play,Normal,From Corner,Left Center Back,1,0,0,1,High Pass,Outswinging,45.950516,1,1,1,423.08556734073807,0.79570837191198,0.1273387102488356,0.08251094,0
3794687,João Félix Sequeira,Portugal,81,2,-1,6,30.492622058458668,12.918577922892176,1,0,4.0252485998357725,8.946674204093929,17,1,1,,,,Right Foot,Open Play,Normal,From Corner,Right Wing,1,0,0,1,,,,0,0,0,393.92131413549913,0.692543270435371,0.13200729645744474,0.016674684,0
3794687,Raphaël Adelino José Guerreiro,Portugal,82,2,-1,6,19.44273643292013,21.80031798224158,0,1,1.560058830987545,17.928837855395077,16,1,1,1.7118205706997789,17.76271986803962,0.9067523252623033,Right Foot,Open Play,Half Volley,From Throw In,Left Back,1,0,0,1,,,,0,0,0,423.85783668257227,0.8224117588559859,0.08023864523236957,0.09642892,0
3794687,Romelu Lukaku Menama,Belgium,83,2,1,0,28.488769717206107,14.435266149297004,1,1,9.892389050072989,5.155967697754785,13,1,0,1.4781518389070707,29.57730360458516,1.3853970131271396,Left Foot,Free Kick,Normal,From Free Kick,Center Forward,1,0,0,1,,,,0,0,0,411.24297313390286,0.357178568405258,0.3472381976571762,0.041463837,0
3794687,André Miguel Valente Silva,Portugal,87,2,-1,4,7.209022125087428,32.82128488966573,0,1,3.244876235694376,17.752833589381613,11,0,2,2.640550860291336,4.576016484988037,2.4770163649341512,Right Foot,Open Play,Volley,From Throw In,Center Forward,1,0,0,1,High Pass,,16.200308,1,1,1,236.60936894339795,0.5408939244475269,0.4501132302538222,0.2803079,0
3794687,Bruno Miguel Borges Fernandes,Portugal,91,2,-1,6,30.173166887153222,15.068166537924943,3,1,7.348228433044675,3.577095473268192,18,0,0,2.0427614533194522,28.274069743442457,0.5938112399249462,Right Foot,Open Play,Normal,From Throw In,Right Center Midfield,1,0,0,1,Ground Pass,,8.280701,1,1,1,454.6543036322271,0.23739420879541184,0.24353520664658235,0.02470329,0
3794687,João Félix Sequeira,Portugal,94,2,-1,23,20.53411795037712,20.143980879228096,1,1,2.918260825070035,12.250119064540135,14,1,4,2.3770973910200626,18.158619773168393,1.0808021149554108,Right Foot,Open Play,Normal,From Throw In,Right Wing,1,0,0,1,Ground Pass,,4.4777226,1,1,1,413.6388793642111,0.608128012927778,0.14211766154856628,0.047420092,0
3794690,Tomáš Holeš,Czech Republic,1,1,0,9,36.3005509600061,12.576055724018486,2,0,5.928358473716139,7.380559429894717,16,0,0,,,,Right Foot,Open Play,Normal,From Goal Kick,Center Defensive Midfield,1,1,1,1,Ground Pass,,13.420135,1,1,1,456.5177516856095,0.586873944570625,0.16331318167175124,0.009272515,0
3794690,Matthijs de Ligt,Netherlands,7,1,0,2,3.05941170815567,144.13715101413902,0,0,1.1066549051237775,144.13715101413902,12,0,2,3.7470415712723026,2.1267705197270756,2.608123536379459,Head,Open Play,Normal,From Corner,Center Back,1,1,1,1,High Pass,,42.742954,1,1,1,440.9748873928588,1.0,0.3617214715409817,0.49148148,0
3794690,Memphis Depay,Netherlands,7,1,0,2,21.408643114405915,7.01131920895738,1,0,2.845888086185137,0.0,17,0,1,2.9720638592410893,24.375262717952488,2.7513365060040798,Right Foot,Open Play,Half Volley,From Corner,Right Center Forward,1,1,1,1,,,,0,0,0,150.10283070574735,0.0,0.13293173560682758,0.013996287,0
3794690,Tomáš Souček,Czech Republic,21,1,0,8,7.902531240052141,46.878365873206334,1,1,1.8642601090981372,18.606539358390524,12,0,3,3.809028522971078,5.075411881900224,3.5806597061432868,Head,Open Play,Diving Header,Regular Play,Left Center Midfield,1,1,1,1,High Pass,,23.494041,1,1,1,370.4577507956072,0.3969110060004294,0.23590670539201017,0.25322792,0
3794690,Patrik Schick,Czech Republic,27,1,0,2,25.868127106537877,16.767786751345533,2,1,1.7245732716472002,0.0,13,0,2,7.4724132317192735,18.989387283088313,0.19484940357819625,Left Foot,Open Play,Normal,From Throw In,Center Forward,1,1,1,1,Ground Pass,,24.480604,1,1,1,433.75123897912806,0.0,0.06666788301080111,0.030444004,0
3794690,Donyell Malen,Netherlands,30,1,0,5,14.708500943332055,22.747681019876847,2,1,1.3375201632082325,0.37522424680539823,15,0,2,4.318980393887735,10.446409591993278,2.5760807987048864,Right Foot,Open Play,Normal,From Free Kick,Left Center Forward,1,1,1,1,Ground Pass,,13.652839,1,1,1,334.5842877394753,0.016495054879551396,0.09093517880315215,0.07439512,0
3794690,Antonín Barák,Czech Republic,37,1,0,2,15.289538907370616,19.425996096926056,0,1,2.4453102980358783,12.837810082114238,13,0,2,4.8566866228098045,10.441846538394945,3.928515606471599,Left Foot,Open Play,Normal,From Counter,Center Attacking Midfield,1,1,1,1,Ground Pass,,4.3965898,1,1,1,297.0145231383807,0.6608572357401882,0.15993355410195328,0.11776026,0
3794690,Tomáš Souček,Czech Republic,38,1,0,1,8.417244204607583,50.44144701688728,1,0,1.3664868613225616,32.10062551885173,16,2,4,5.187467450198249,6.4522042421142745,4.473265284334261,Head,Open Play,Normal,From Corner,Left Center Midfield,1,1,1,1,High Pass,Inswinging,42.08622,1,1,1,424.5779775749149,0.6363938272449791,0.16234373485024342,0.071139134,0
3794690,Patrick van Aanholt,Netherlands,46,1,0,19,13.096946208945043,24.353685039650014,0,1,1.62641462046278,15.744299804906937,16,0,1,5.105584508849351,7.993562767245258,3.8590429553407333,Left Foot,Open Play,Half Volley,From Free Kick,Left Wing Back,1,1,1,1,Low Pass,,11.264102,1,1,1,318.95890295388585,0.6464853174898906,0.12418273653380053,0.21821366,0
3794690,Vladimír Coufal,Czech Republic,55,2,0,0,26.94086115921316,13.254736370323949,5,1,9.752567863840795,1.241337152974133,18,1,0,1.7520235031103724,25.366652986838247,0.42140911256103664,Right Foot,Free Kick,Normal,From Free Kick,Right Back,1,1,1,1,,,,0,0,0,357.0940122548705,0.09365234571947918,0.36199911377018623,0.040676706,0
3794690,Patrik Schick,Czech Republic,59,2,0,1,10.08959860450355,12.613627454018737,1,1,0.6365239957064368,0.0,18,1,2,1.020108390898552,9.87148856763245,0.025476611353774103,Head,Open Play,Normal,From Corner,Center Forward,1,1,1,1,High Pass,Inswinging,31.792608,1,1,1,127.2664379577951,0.0,0.06308714753254116,0.03125752,0
3794690,Pavel Kadeřábek,Czech Republic,63,2,0,7,14.494136745594753,24.781131031407526,1,1,3.251643081710841,11.067493945129751,8,0,1,3.4012424381857023,11.099166716388769,2.2954629403351063,Right Foot,Open Play,Normal,From Throw In,Left Back,1,1,1,1,,,,0,0,0,359.18110187972223,0.446609718140098,0.22434196246279534,0.18866569,0
3794690,Tomáš Holeš,Czech Republic,67,2,0,2,7.1281133548786935,42.59158354051094,2,0,5.647884516835526,16.64770202800542,15,1,0,1.3935415186147881,8.518645471915413,1.2066196518432903,Head,Open Play,Normal,From Free Kick,Right Center Midfield,1,1,1,1,High Pass,,7.566373,1,1,1,303.59763544054755,0.3908683510715439,0.7923393239769322,0.29867443,1
3794690,Tomáš Souček,Czech Republic,76,2,1,4,31.48031130722821,12.670469033766889,1,1,2.182496452472288,8.194922215305558,15,0,1,2.6710876160577115,28.8323618867563,1.5969539896573295,Right Foot,Open Play,Normal,Regular Play,Left Center Midfield,1,1,1,1,Ground Pass,,4.704253,1,1,1,398.87030959157664,0.6467733904298281,0.06932893487527755,0.013330346,0
3794690,Patrik Schick,Czech Republic,79,2,1,2,12.131364309095654,32.88223540847636,0,1,3.203978219810395,25.354551429424703,7,0,2,3.2282393139425216,9.140183215879507,2.4036792284404953,Left Foot,Open Play,Normal,From Free Kick,Center Forward,1,1,1,1,Ground Pass,,9.861542,1,1,1,398.90637703767146,0.771071404193184,0.2641069988647665,0.19150442,1
3794690,Quincy Anton Promes,Netherlands,89,2,-2,8,22.34636435754147,14.47717709604001,0,1,4.497224862692631,11.013773860142685,16,0,1,2.5571336480359954,19.854865171975693,1.4104659115723166,Right Foot,Open Play,Half Volley,Regular Play,Left Wing Back,1,1,1,1,High Pass,,26.807835,1,1,1,323.5122742567642,0.7607680549238648,0.2012508518494152,0.025096472,0
3794685,Domenico Berardi,Italy,10,1,0,4,20.90023923308057,21.668890470469417,2,1,1.3354155462885178,0.0,11,1,2,0.5758415681594281,20.328954333935588,0.07403663323962917,Left Foot,Open Play,Normal,Regular Play,Right Wing,1,0,0,1,Low Pass,,35.357883,1,1,1,452.8849947482306,0.0,0.06389474930865112,0.050960016,0
3794685,Leonardo Spinazzola,Italy,10,1,0,5,17.104677722775136,13.656874666580984,0,0,2.4669404182284493,13.65687466658099,14,0,2,6.674168663006627,11.209536303387663,6.62070516707,Left Foot,Open Play,Normal,Regular Play,Left Back,1,0,0,1,Ground Pass,,21.37709,1,1,1,233.59643987219988,1.0000000000000004,0.14422606834291188,0.056739423,0
3794685,Lorenzo Insigne,Italy,13,1,0,2,24.460989350392186,11.265650643797255,0,1,5.247033433677954,7.992774778567682,10,0,0,3.5137070890688675,21.01035507394299,3.150320723926015,Right Foot,Open Play,Normal,From Counter,Left Wing,1,0,0,1,Low Pass,,45.50835,1,1,1,275.5689604231635,0.7094818605056262,0.21450618200746766,0.013029059,0
3794685,Lorenzo Insigne,Italy,14,1,0,17,24.318922673506734,17.732820253972886,0,0,4.56962675437372,17.732820253972875,16,0,1,,,,Right Foot,Open Play,Normal,Regular Play,Left Wing,1,0,0,1,Ground Pass,,13.113733,1,1,1,431.24308453956064,0.9999999999999994,0.18790416071152344,0.04516501,0
3794685,Nicolò Barella,Italy,16,1,0,5,17.779201331893397,24.758188080513218,0,1,8.596374670276568,20.673685528844782,12,0,0,2.3482961126361817,16.83668831358788,1.785360919465461,Right Foot,Open Play,Half Volley,From Throw In,Right Center Midfield,1,0,0,1,Low Pass,,37.340595,1,1,1,440.1808104963278,0.8350241730781872,0.4835073583904962,0.16337663,0
3794685,Nicolò Barella,Italy,17,1,0,1,27.800179855533315,16.15215062961448,1,0,5.480399639284057,3.581346172184109,14,0,0,,,,Right Foot,Open Play,Normal,Regular Play,Right Center Midfield,1,0,0,1,Ground Pass,,17.383326,1,1,1,449.0326925569482,0.22172565463931593,0.197135402280257,0.033181015,0
3794685,Marko Arnautović,Austria,17,1,0,3,24.809070921741505,17.96661548387358,0,0,2.2763556856614633,17.966615483873586,5,0,2,,,,Right Foot,Open Play,Half Volley,From Counter,Center Forward,1,0,0,1,High Pass,Through Ball,41.90191,1,1,1,445.73503776307865,1.0000000000000004,0.09175497513962008,0.068707,0
3794685,Domenico Berardi,Italy,23,1,0,6,24.020824298928627,15.767182542475652,1,1,1.185992693407991,0.0,17,0,1,1.8661595839375562,22.211644989633843,1.389494078380146,Left Foot,Open Play,Normal,From Throw In,Right Wing,1,0,0,1,Ground Pass,,23.814491,1,1,1,378.7407215419424,0.0,0.04937352185124173,0.020045038,0
3794685,Ciro Immobile,Italy,31,1,0,4,29.58141308321832,14.364383990821967,1,0,4.060382921382819,9.556161072340467,14,0,1,,,,Right Foot,Open Play,Normal,From Free Kick,Center Forward,1,0,0,1,Ground Pass,,20.76343,1,1,1,424.9187765184727,0.6652677259565267,0.13726129005264776,0.026149547,0
3794685,Ciro Immobile,Italy,33,1,0,4,23.18124241709232,18.574291820730025,1,1,0.8993082235187531,0.0,11,0,2,2.8646838244304225,20.457180765041766,0.11204081144475708,Right Foot,Open Play,Normal,Regular Play,Center Forward,1,0,0,1,Ground Pass,,15.086418,1,1,1,430.5751614221578,0.0,0.03879465161261859,0.02779358,0
3794685,Leonardo Spinazzola,Italy,42,1,0,34,21.692625475031836,16.56373793722897,0,1,1.4254281456843307,12.803104279811024,15,0,3,3.6084774959825943,18.286088136517254,1.3052064788260793,Right Foot,Open Play,Normal,Regular Play,Left Back,1,0,0,1,Ground Pass,,10.153324,1,1,1,359.31096353888444,0.7729598432630671,0.06571026394776397,0.046511535,0
3794685,Giovanni Di Lorenzo,Italy,42,1,0,1,9.860020283954798,30.16248383009978,1,1,0.8498176438618852,0.0,19,2,3,1.3130901741643966,8.783646245810493,0.46098194283241867,Head,Open Play,Normal,From Corner,Right Back,1,0,0,1,High Pass,Inswinging,40.437237,1,1,1,297.40270237924244,0.0,0.0861882247082993,0.050918616,0
3794685,Francesco Acerbi,Italy,46,1,0,1,9.70978887515069,39.96359234806498,0,1,0.952003300384045,28.614179604757588,17,1,3,4.033852648058703,6.067932584197883,3.183957388432404,Head,Open Play,Normal,From Free Kick,Left Center Back,1,0,0,1,High Pass,,32.907295,1,1,1,388.03804439229856,0.7160061927251411,0.09804572608374769,0.061338987,0
3794685,Ciro Immobile,Italy,47,2,0,4,18.52619766708754,17.7589020238273,0,1,3.91623897064993,15.221726679537747,16,1,2,3.054551364627242,16.365418173902874,0.18475788685601202,Right Foot,Open Play,Normal,From Throw In,Center Forward,1,0,0,1,Ground Pass,,12.831601,1,1,1,329.00492924386555,0.8571321953978124,0.2113892467857703,0.05267984,0
3794685,Marko Arnautović,Austria,48,2,0,2,14.620875486782593,19.799594468877658,0,1,1.0218550200365415,13.32789461159018,10,0,2,4.015345848150567,10.629587320551543,3.399616428426114,Right Foot,Open Play,Normal,Regular Play,Center Forward,1,0,0,1,,,,0,0,0,289.4874054182496,0.6731397773090689,0.06989013899751133,0.097288504,0
3794685,David Olatukunbo Alaba,Austria,51,2,0,0,19.039432764659775,23.574706201912633,7,1,9.277421871330109,5.087241518311952,20,1,0,1.4418923107591106,18.71041556071241,1.3345240270429386,Left Foot,Free Kick,Normal,From Free Kick,Left Back,1,0,0,1,,,,0,0,0,448.8490336779234,0.21579236130201362,0.4872740688236513,0.09026482,0
3794685,Leonardo Spinazzola,Italy,54,2,0,15,25.825762331439517,13.076162981506547,0,1,2.3797681071015466,9.995643633489548,13,0,2,3.513748234751396,22.321956002640288,2.2090208533222935,Right Foot,Open Play,Half Volley,From Free Kick,Left Back,1,0,0,1,Low Pass,,19.514353,1,1,1,337.70187736755565,0.7644171801488144,0.09214706139398207,0.019455357,0
3794685,Leonardo Bonucci,Italy,55,2,0,1,9.651942809610917,44.866027260112794,0,0,1.5605367237774612,44.8660272601128,17,1,4,8.027574430715822,6.355547327514666,5.852044260068823,Head,Open Play,Normal,From Corner,Right Center Back,1,0,0,1,High Pass,Outswinging,42.785046,1,1,1,433.0443292090531,1.0000000000000002,0.1616810992936632,0.053369246,0
3794685,Marcel Sabitzer,Austria,61,2,0,3,28.532963393240458,14.714406875646622,0,1,4.413717144800581,11.888528607234422,16,0,1,4.209649880497406,24.332932320170087,1.905082430781178,Right Foot,Open Play,Normal,Regular Play,Center Attacking Midfield,1,0,0,1,Ground Pass,,8.807384,1,1,1,419.84563273607074,0.8079516019711792,0.15468835409665874,0.030706791,0
3794685,Xaver Schlager,Austria,62,2,0,1,22.32890503361058,19.448232128972094,5,1,6.75981647172594,0.7796735921245528,19,0,0,7.216978428135859,15.5746070225658,0.04927452556857759,Left Foot,Open Play,Half Volley,From Corner,Right Defensive Midfield,1,0,0,1,,,,0,0,0,434.25772827943206,0.04008968974424521,0.30273837707450174,0.041790385,0
3794685,Xaver Schlager,Austria,62,2,0,1,23.082460874005612,19.440034828176188,4,0,4.676220041606369,2.7250188105286113,18,1,1,,,,Left Foot,Open Play,Half Volley,From Corner,Right Defensive Midfield,1,0,0,1,,,,0,0,0,448.72384331068326,0.14017561360430264,0.20258758661527762,0.029346095,0
3794685,Marko Arnautović,Austria,62,2,0,1,20.554804791094465,14.878767728666881,0,1,7.408526768322098,10.72728115831158,13,0,0,3.9896614776098382,16.565145229178484,3.0062239364329457,Right Foot,Open Play,Normal,From Corner,Center Forward,1,0,0,1,,,,0,0,0,305.8301661947837,0.7209791398008961,0.3604279799111447,0.046631712,0
3794685,Marcel Sabitzer,Austria,67,2,0,4,27.872925931807018,16.237359041159095,0,0,5.477627572132501,16.23735904115913,12,1,0,,,,Right Foot,Open Play,Normal,From Free Kick,Center Attacking Midfield,1,0,0,1,,,,0,0,0,452.58270588238446,1.0000000000000022,0.19652144111220632,0.03917204,0
3794685,Manuel Locatelli,Italy,71,2,0,2,20.95709903588758,21.08829871081468,1,1,2.081051672545304,0.0,11,0,2,1.7304014958108038,19.227962491309622,0.45774434371993067,Right Foot,Open Play,Normal,Regular Play,Left Center Midfield,1,0,0,1,Ground Pass,,9.0,1,1,1,441.9495645809236,0.0,0.09930056011004419,0.060681216,0
3794685,Lorenzo Insigne,Italy,71,2,0,2,16.41036257978476,19.640926704071322,1,1,3.3326413826833763,5.372336272064479,9,0,2,3.105879083858309,13.30475892821606,2.2264257368444262,Right Foot,Open Play,Lob,From Counter,Left Wing,1,0,0,1,Ground Pass,,27.321054,1,1,1,322.31472861678725,0.27352763711250244,0.20308152037961172,0.0549222,0
3794685,Domenico Berardi,Italy,82,2,0,12,10.998636279102964,28.418129674169155,1,0,7.208015478102349,28.223458709663543,14,0,0,3.9120133106364245,11.85929075247599,2.673769506020818,Left Foot,Open Play,Volley,From Throw In,Right Wing,1,0,0,1,High Pass,,28.114943,1,1,1,312.56067201856933,0.9931497615523037,0.6553553818119555,0.08336772,0
3794685,Marcel Sabitzer,Austria,85,2,0,22,31.99531215662694,13.008319445740367,2,0,4.100318706827601,7.727950815377129,15,0,2,,,,Right Foot,Open Play,Normal,Regular Play,Center Attacking Midfield,1,0,0,1,Ground Pass,,12.301626,1,1,1,416.2052412995834,0.5940775707124629,0.12815373348305756,0.015555919,0
3794685,Federico Chiesa,Italy,93,3,0,8,20.997618912629118,12.628713064767048,0,1,5.233314553981197,8.374894603938971,12,0,0,4.841780268302408,16.166822686381437,4.14427534708112,Right Foot,Open Play,Normal,From Free Kick,Right Wing,1,0,0,1,Ground Pass,,8.798295,1,1,1,265.172904290919,0.663162949461902,0.24923371434432476,0.024253633,0
3794685,Federico Chiesa,Italy,94,3,0,5,11.346365056704283,16.96835456255339,0,1,2.5928226898014857,8.05748145629113,9,0,1,3.623144328930784,7.723628905422814,3.3696286431060045,Left Foot,Open Play,Half Volley,Regular Play,Right Wing,1,0,0,1,High Pass,,38.180885,1,1,1,192.52914527832448,0.47485343535152086,0.22851571202263157,0.08740069,1
3794685,Stefan Lainer,Austria,98,3,-1,3,24.440335513245312,12.567831484092732,2,0,0.3688752846701141,0.0,14,0,1,,,,Right Foot,Open Play,Half Volley,From Throw In,Right Back,1,0,0,1,,,,0,0,0,307.16201814515415,0.0,0.01509288955833704,0.014645897,0
3794685,Lorenzo Insigne,Italy,103,3,1,0,29.031879029783795,14.484544096596982,4,1,11.014192685052294,2.215103779941133,16,0,0,1.8763710193232728,29.171976342576556,1.755431988631976,Right Foot,Free Kick,Normal,From Free Kick,Left Wing,1,0,0,1,,,,0,0,0,420.5135320139726,0.15292878844985894,0.3793827011249543,0.044218313,0
3794685,Giovanni Di Lorenzo,Italy,104,3,1,1,9.241753080449618,40.84107838877881,1,0,0.4670535971593164,0.0,15,1,3,3.3451475598337765,8.738827107346646,1.9256320633953692,Head,Open Play,Normal,From Corner,Right Back,1,0,0,1,High Pass,Inswinging,37.417107,1,1,1,377.4431620083809,0.0,0.05053733778576498,0.05603174,0
3794685,Matteo Pessina,Italy,104,3,1,6,11.851160280748886,18.813929209695488,0,1,3.996465692972683,12.305444094033497,13,1,2,3.310523628732569,8.620425354134442,2.633978317743285,Left Foot,Open Play,Normal,From Corner,Right Center Midfield,1,0,0,1,Ground Pass,,5.408327,1,1,1,222.96689057476442,0.6540602952674056,0.33722147015972537,0.16017465,1
3794685,Louis Schaub,Austria,105,4,-2,6,25.495097567963924,16.18382889622498,1,1,1.9322262630230247,8.450912268319849,15,0,2,2.383591647325798,23.17638405026643,0.5279499725193091,Left Foot,Open Play,Normal,From Kick Off,Left Defensive Midfield,1,0,0,1,,,,0,0,0,412.6082967324898,0.5221825022069467,0.07578814938331437,0.033488296,0
3794685,Andrea Belotti,Italy,106,4,2,3,17.962182495454165,20.328005152591185,0,1,3.2721775258447505,15.661424066902834,6,0,1,3.236196658486807,14.737543788414975,2.1717077783686136,Left Foot,Open Play,Normal,Regular Play,Center Forward,1,0,0,1,High Pass,,39.85273,1,1,1,365.1353383193755,0.7704358568064654,0.1821703752688665,0.1253838,0
3794685,Giovanni Di Lorenzo,Italy,108,4,2,2,24.46752950340512,13.510757779801231,0,0,2.57428482496051,13.510757779801244,6,0,2,,,,Right Foot,Open Play,Normal,Regular Play,Right Back,1,0,0,1,High Pass,,6.514599,1,1,1,330.5748645906469,1.0000000000000009,0.10521229062387559,0.042004354,0
3794685,Marcel Sabitzer,Austria,110,4,-2,8,11.806777714516349,34.49669804710024,0,1,2.5242487646502325,27.367666700304788,11,0,1,2.852110510780855,9.650582753098325,0.49488302258887984,Right Foot,Open Play,Volley,Regular Play,Center Attacking Midfield,1,0,0,1,High Pass,,21.305868,1,1,1,407.29484572690274,0.7933416312175214,0.21379658579890826,0.19392551,0
3794685,Marcel Sabitzer,Austria,110,4,-2,8,11.092339699089637,19.73516383803885,0,1,3.125236159705282,14.593593127003555,11,0,1,3.687434119418416,7.537374837862737,2.894977534171666,Left Foot,Open Play,Normal,Regular Play,Center Attacking Midfield,1,0,0,1,,,,0,0,0,218.90914130871656,0.7394715973360659,0.2817472458007912,0.17233232,0
3794685,Andrea Belotti,Italy,112,4,2,0,27.21562051469707,16.1896531638202,2,1,10.792042861548284,8.902312978912379,15,0,0,3.375071247984026,25.692983947539986,2.3890651601927786,Right Foot,Free Kick,Normal,From Free Kick,Center Forward,1,0,0,1,,,,0,0,0,440.61145677109533,0.5498766952467399,0.39653855607371985,0.057917766,0
3794685,Louis Schaub,Austria,112,4,-2,4,16.240997506310993,22.92704591724907,1,1,3.491119536332184,11.519817123863529,14,0,1,3.6653564115349577,12.58714686706267,1.955256399263142,Left Foot,Open Play,Volley,From Throw In,Left Defensive Midfield,1,0,0,1,,,,0,0,0,372.3580955691198,0.5024553606008457,0.21495721152445166,0.07008146,0
3794685,Sasa Kalajdzic,Austria,113,4,-2,1,9.304837451562495,20.50799024679171,2,1,1.3713261613196186,0.0,17,2,4,3.9793819278327023,5.629098998532193,3.1353707669295545,Head,Open Play,Diving Header,From Corner,Center Forward,1,0,0,1,High Pass,Inswinging,27.111805,1,1,1,190.8235157046259,0.0,0.1473777665067477,0.06935046,1
3794685,Michael Gregoritsch,Austria,118,4,-1,4,24.20764342103543,17.158936382369635,2,1,1.6202091546843502,4.517104253788602,16,0,1,2.992248293595987,21.222068978044817,1.0760372350033904,Left Foot,Open Play,Volley,From Goal Kick,Right Defensive Midfield,1,0,0,1,,,,0,0,0,415.3774134286358,0.263250830536898,0.06692965219722528,0.025258655,0
3794692,Emil Peter Forsberg,Sweden,6,1,0,9,12.872451204024815,26.427100128607385,2,1,1.5439417703336595,2.8834420811572143,18,1,2,3.923720110694563,9.387622877457948,3.6055177270078644,Right Foot,Open Play,Half Volley,From Throw In,Left Midfield,1,0,1,1,,,,0,0,0,340.1815568693765,0.1091092880840105,0.11994155160214684,0.06989821,0
3794692,Dejan Kulusevski,Sweden,6,1,0,10,15.255490814785341,25.289670013375037,1,1,2.9611855619261136,12.630154844813951,18,0,1,1.559604428224149,13.78400585888665,0.3932273486666773,Right Foot,Open Play,Normal,From Throw In,Right Center Forward,1,0,1,1,Ground Pass,,4.3011627,1,1,1,385.80632859799516,0.49941951943754886,0.19410621381359863,0.08246114,0
3794692,Mykola Shaparenko,Ukraine,8,1,0,13,26.062233212063774,17.412048945479743,1,1,2.0262983669114103,8.60122964466982,13,0,2,3.820722850694979,22.29598817901139,0.8538288666865839,Right Foot,Open Play,Normal,Regular Play,Left Center Midfield,1,0,1,1,Ground Pass,,12.963024,1,1,1,453.7968803169622,0.49398147636741757,0.0777484550316076,0.050907,0
3794692,Roman Yaremchuk,Ukraine,10,1,0,10,13.810503249338888,25.24784918065965,0,1,1.4987793172425077,18.468692642048097,14,0,3,3.680275331668533,10.148026000219136,2.6740354000899487,Right Foot,Open Play,Normal,Regular Play,Left Center Forward,1,0,1,1,Ground Pass,,11.903781,1,1,1,348.6855031483183,0.7314956814695914,0.10852459828458855,0.24532822,0
3794692,Emil Peter Forsberg,Sweden,17,1,0,9,8.376156636548771,45.95692113164119,0,1,4.30276295736417,42.144400311666395,15,0,2,2.6560621028979123,7.565108561791176,1.3281095990605536,Head,Open Play,Normal,From Throw In,Left Midfield,1,0,1,1,High Pass,,29.066303,1,1,1,384.9423699321448,0.9170414221384843,0.5136917973321279,0.14975,0
3794692,Alexander Isak,Sweden,18,1,0,8,16.702694393420487,25.529274339531,1,1,1.8679076694119447,20.612981881233402,14,1,3,4.040921670746655,15.120096143115287,2.6210829929243076,Right Foot,Open Play,Normal,Regular Play,Left Center Forward,1,0,1,1,Ground Pass,,16.9,1,1,1,426.4076673789779,0.8074252956463817,0.11183271545384615,0.07141174,0
3794692,Oleksandr Zinchenko,Ukraine,26,1,0,18,16.292943257741985,15.247733373012148,1,1,7.1457161165128635,6.47742527836088,13,0,0,4.16499632775339,12.167198126441326,3.785444849602378,Left Foot,Open Play,Half Volley,Regular Play,Left Wing Back,1,0,1,1,High Pass,,30.594934,1,1,1,248.43045465566573,0.4248123389818485,0.4385773646586171,0.045814965,1
3794692,Sebastian Larsson,Sweden,29,1,-1,0,40.83258502715693,10.081793871655186,3,1,10.684472734998762,0.0,20,1,0,6.236840803865391,35.225896760389816,0.2187704525756402,Right Foot,Free Kick,Normal,From Free Kick,Right Midfield,1,0,1,1,,,,0,0,0,411.66570549063005,0.0,0.26166535201953867,0.00536639,0
3794692,Roman Yaremchuk,Ukraine,31,1,1,1,12.571793825862724,31.073365200491352,1,1,3.6551934361288656,15.589221822434956,19,3,4,2.793982504576378,9.789594761610763,1.2694773205138574,Right Foot,Open Play,Volley,From Free Kick,Left Center Forward,1,0,1,1,High Pass,,29.861347,1,1,1,390.6479407763148,0.5016908121103165,0.290745575910527,0.062301137,0
3794692,Andriy Yarmolenko,Ukraine,31,1,1,1,19.365949499056327,14.969550802798429,1,1,1.7665859438409697,3.255466205443285,17,0,2,3.330585502989379,16.04842594378961,2.7718444292401117,Right Foot,Open Play,Half Volley,From Free Kick,Right Center Forward,1,0,1,1,,,,0,0,0,289.89956487055247,0.2174725379758692,0.09122124086541962,0.032835435,0
3794692,Emil Peter Forsberg,Sweden,42,1,-1,7,27.024803422041757,15.819466188208667,1,1,2.0527116996354287,3.314356311220156,17,0,2,4.974665635556453,22.411345569561707,3.2297124190603412,Left Foot,Open Play,Normal,From Throw In,Left Midfield,1,0,1,1,Ground Pass,,12.472369,1,1,1,427.51796397797546,0.20951126111262675,0.07595658209159117,0.037897762,1
3794692,Taras Stepanenko,Ukraine,52,2,0,13,26.10076627227637,17.425350197630284,3,1,1.6294928454543363,7.516783650949975,18,0,1,1.7568260735653436,24.395601080969808,0.42192440647089313,Right Foot,Open Play,Half Volley,Regular Play,Center Defensive Midfield,1,0,1,1,,,,0,0,0,454.81499272091287,0.43137059317018495,0.06243084315823884,0.029085947,0
3794692,Sebastian Larsson,Sweden,53,2,0,2,29.751134432152334,15.044111083211572,1,1,3.533711733235739,9.85147779529893,15,0,1,3.5738817494085957,26.506987412960665,2.017342800577566,Right Foot,Open Play,Normal,Regular Play,Right Midfield,1,0,1,1,Ground Pass,,14.227087,1,1,1,447.57937124886035,0.6548394744500827,0.11877569715179745,0.025371572,0
3794692,Serhii Sydorchuk,Ukraine,54,2,0,11,20.220039564748635,18.257563075389733,1,1,6.057205148133073,9.528889258350977,12,0,0,3.712391359704856,16.5568746429309,2.6342561689925716,Right Foot,Open Play,Normal,Regular Play,Right Center Midfield,1,0,1,1,Ground Pass,,12.85496,1,1,1,369.1686477402742,0.52191462896795,0.2995644557834164,0.06362965,0
3794692,Emil Peter Forsberg,Sweden,55,2,0,1,17.17352613763405,23.69281613361121,1,1,1.1088035219163852,0.0,8,0,1,5.041910317638652,12.136017002342092,2.446296160626183,Right Foot,Open Play,Normal,From Counter,Left Midfield,1,0,1,1,Ground Pass,,31.126356,1,1,1,406.8891971447298,0.0,0.06456469760665833,0.09906707,0
3794692,Alexander Isak,Sweden,59,2,0,8,12.56702033100926,32.26409969828898,0,1,2.151820235265039,23.491175097790393,8,0,1,4.876938022278637,7.844834926212024,1.312042624753623,Right Foot,Open Play,Volley,From Throw In,Left Center Forward,1,0,1,1,High Pass,Through Ball,42.544094,1,1,1,405.4635968701074,0.7280902091632258,0.17122756059806785,0.17498498,0
3794692,Dejan Kulusevski,Sweden,65,2,0,1,20.60728026693479,12.68725588941338,1,1,3.2021874250761204,4.128915743062883,19,0,1,5.6696466902611125,15.651180131664763,5.600459642761152,Left Foot,Open Play,Normal,From Corner,Right Center Forward,1,0,1,1,,,,0,0,0,261.44983793146054,0.32543804421160705,0.15539107459096185,0.023501229,0
3794692,Andriy Yarmolenko,Ukraine,66,2,0,3,20.513897728125688,16.40716287295923,0,1,3.750779005161489,12.244363298249354,12,0,1,3.997815092472589,16.520146797452163,2.628137160532326,Left Foot,Open Play,Normal,Regular Play,Right Center Forward,1,0,1,1,Ground Pass,,14.545446,1,1,1,336.5748611845865,0.7462815718389303,0.1828408747509238,0.06763367,0
3794692,Emil Peter Forsberg,Sweden,68,2,0,12,21.84902743830947,17.965009496006736,1,1,3.20780875723074,11.314739273542747,16,0,1,2.53854643915559,19.47195115156917,0.5191153314170833,Right Foot,Open Play,Normal,Regular Play,Left Midfield,1,0,1,1,Low Pass,,31.628468,1,1,1,392.5179854077414,0.6298209458813695,0.14681700438557088,0.04444031,0
3794692,Taras Stepanenko,Ukraine,74,2,0,32,24.329611587528476,18.651648696986186,1,1,3.7388843895453046,10.760567936198816,15,0,1,3.038681322254656,21.555680340993057,1.304190040133122,Left Foot,Open Play,Normal,From Free Kick,Center Defensive Midfield,1,0,1,1,Ground Pass,,23.908157,1,1,1,453.7873682647055,0.5769231509243231,0.15367628768319022,0.038031872,0
3794692,Dejan Kulusevski,Sweden,88,2,0,8,13.823530663329107,16.540899281819325,1,1,1.106036429521086,0.0,6,0,1,6.080185245316815,7.821420631623163,4.984143241311195,Right Foot,Open Play,Normal,From Free Kick,Right Center Forward,1,0,1,1,High Pass,Through Ball,46.57907,1,1,1,228.65362842126785,0.0,0.08001113872125057,0.0476801,0
3794692,Emil Peter Forsberg,Sweden,108,3,0,1,16.671532623007398,26.465220641914193,1,1,4.8552339665606175,13.873143317717128,16,0,1,2.25537281539505,14.584758655297529,1.224853920905197,Right Foot,Open Play,Half Volley,From Throw In,Left Midfield,1,0,1,1,,,,0,0,0,441.2157893067613,0.5242028209561038,0.29122901153432024,0.08009179,0
3794692,Artem Dovbyk,Ukraine,110,4,0,23,9.093404203047394,47.19260263646929,0,1,1.9133171863884133,27.761081776173047,10,0,3,5.540188305820046,3.555334081562176,0.8867030769137259,Right Foot,Open Play,Normal,From Free Kick,Right Center Forward,1,0,1,1,Ground Pass,Through Ball,8.202438,1,1,1,429.1414111672153,0.5882507050950389,0.21040714166727792,0.34806538,0
3794692,Oleksandr Karavaev,Ukraine,112,4,0,12,19.961963831246663,18.28741872379282,2,1,0.7836789763816782,3.615558260909911,15,0,2,5.065868033907776,15.022726112018754,3.810532017388688,Left Foot,Open Play,Normal,Regular Play,Right Wing Back,1,0,1,1,Ground Pass,,10.826818,1,1,1,365.05279113121526,0.19770741379732804,0.039258611177071544,0.045106437,0
3794692,Ruslan Malinovskiy,Ukraine,115,4,0,0,38.840185375458745,11.098941697532103,1,0,13.981068705973433,7.505532215854086,19,0,0,,,,Left Foot,Free Kick,Normal,From Free Kick,Left Center Midfield,1,0,1,1,,,,0,0,0,431.08495300355565,0.6762385478178494,0.3599640055994017,0.007355192,0
3794692,Ruslan Malinovskiy,Ukraine,116,4,0,10,21.115160430363776,18.424951304350785,1,1,0.806411411719045,10.07530738407939,14,1,3,1.9366088658110416,19.181219043596435,0.9438412538732806,Left Foot,Open Play,Volley,From Throw In,Left Center Midfield,1,0,1,1,,,,0,0,0,389.0458027130071,0.546829525769235,0.0381911098605445,0.04279913,0
3794692,Artem Dovbyk,Ukraine,120,4,0,10,9.234717104492153,45.45940648511453,0,1,0.9797265022923453,35.3640973482201,14,0,2,2.5165310025498457,6.819400270749519,0.1625444883054783,Head,Open Play,Normal,Regular Play,Right Center Forward,1,0,1,1,High Pass,,40.744694,1,1,1,419.80475862814865,0.7779269480739901,0.10609166379506799,0.17445473,1
3794692,Ruslan Malinovskiy,Ukraine,123,4,1,5,18.176083186429356,18.436589110146038,1,1,0.5577405018623887,0.0,11,0,1,2.588398510210628,15.990174523943772,2.488269463505503,Left Foot,Open Play,Normal,From Free Kick,Left Center Midfield,1,0,1,1,Ground Pass,,8.220098,1,1,1,335.10497734003195,0.0,0.030685406539006678,0.09093949,0
3794689,Chris Mepham,Wales,4,1,0,1,14.312581877495056,31.20629809341261,1,1,2.239887624823712,6.970617308966348,20,1,5,3.313989659129169,11.220565724676739,0.9220269552383087,Head,Open Play,Normal,From Free Kick,Right Center Back,1,1,1,1,High Pass,,37.282303,1,1,1,446.6426965554858,0.22337213110316945,0.15649780340091443,0.04448949,0
3794689,Kasper Dolberg,Denmark,7,1,0,28,27.89874549150911,16.097354270013973,1,1,2.5288885092244997,10.366025820856674,14,0,1,5.733264789663648,22.322387966122513,2.1189182420224313,Right Foot,Open Play,Normal,From Free Kick,Center Forward,1,1,1,1,Low Pass,,11.363538,1,1,1,449.09598986577726,0.6439583578132728,0.09064524101967805,0.038887933,0
3794689,Gareth Frank Bale,Wales,9,1,0,17,26.348624252510795,14.546914030339556,0,1,2.4355081685041706,11.436363767470239,14,0,3,4.243237679149576,22.10650007782396,2.4089368838637526,Left Foot,Open Play,Normal,From Goal Kick,Right Wing,1,1,1,1,Ground Pass,,16.992058,1,1,1,383.29117181899437,0.7861711249285007,0.09243397853199443,0.038213342,0
3794689,Aaron Ramsey,Wales,10,1,0,5,12.690941651429974,31.011362701279086,1,1,1.4337038096249641,12.05392450466956,18,2,4,2.3903583329609495,10.354140356589301,1.5922163125694482,Right Foot,Open Play,Half Volley,Regular Play,Center Attacking Midfield,1,1,1,1,,,,0,0,0,393.5633945732647,0.3886938030031291,0.11297064071391574,0.06272833,0
3794689,Aaron Ramsey,Wales,10,1,0,5,12.986531484580484,31.949680871050532,3,1,1.488178185530962,0.0,16,2,5,2.168496876075596,10.857424920372509,1.1998134496407857,Right Foot,Open Play,Half Volley,Regular Play,Center Attacking Midfield,1,1,1,1,,,,0,0,0,414.91553655419654,0.0,0.11459396893604312,0.07769003,0
3794689,Gareth Frank Bale,Wales,11,1,0,20,30.3295235702772,14.96486857473817,2,1,1.210620540238178,4.418948597969076,18,0,3,2.2151041171001027,28.175932342047894,0.6967229819030152,Left Foot,Open Play,Normal,Regular Play,Right Wing,1,1,1,1,Ground Pass,,18.541306,1,1,1,453.87733416362187,0.2952881661405698,0.03991558052117181,0.023708861,0
3794689,Aaron Ramsey,Wales,13,1,0,5,21.213203435596423,18.924644416051194,1,1,0.9082543635526377,0.0,12,0,2,2.952057667724341,18.28370778981945,1.7066197126927278,Right Foot,Open Play,Normal,Regular Play,Center Attacking Midfield,1,1,1,1,Ground Pass,,19.366207,1,1,1,401.4523319440178,0.0,0.04281552130068947,0.030363977,0
3794689,Daniel James,Wales,17,1,0,13,28.668100739323492,12.26565925304143,0,1,2.118015074719066,9.4675006261495,18,0,2,4.227301057523244,24.573935131904,1.9102080577549998,Right Foot,Open Play,Normal,From Throw In,Left Wing,1,1,1,1,Ground Pass,,17.083618,1,1,1,351.63315510040707,0.771870506984931,0.07388055085957698,0.010954559,0
3794689,Jannik Vestergaard,Denmark,23,1,0,1,5.830951894845301,65.77225468204583,4,1,0.40916052551707294,0.0,16,1,7,2.4535145369139633,3.398667306378465,1.4666803625222968,Head,Open Play,Normal,From Corner,Left Center Back,1,1,1,1,High Pass,Inswinging,34.713108,1,1,1,383.5148530665228,0.0,0.07017045122234339,0.11768012,0
3794689,Kasper Dolberg,Denmark,26,1,0,18,22.68501708176566,18.289693880534735,1,1,1.429466648126096,6.58247946081777,14,0,2,5.416628878158287,17.27221692830764,2.42849310000031,Right Foot,Open Play,Normal,From Free Kick,Center Forward,1,1,1,1,Ground Pass,,13.784411,1,1,1,414.90201810019533,0.35990101878213165,0.06301369062115933,0.048483945,1
3794689,Kasper Dolberg,Denmark,31,1,1,11,5.68242905807015,52.97761893634345,0,1,2.875360816245825,31.44559171784934,16,0,3,2.649283985088359,3.212015267145647,2.5843365687892685,Right Foot,Open Play,Normal,From Throw In,Center Forward,1,1,1,1,Ground Pass,,10.117806,1,1,1,301.0415612712455,0.5935637038658449,0.5060091004853383,0.45833182,0
3794689,Joakim Mæhle,Denmark,45,1,1,11,13.281566172707196,11.83103816765027,0,1,4.828903480854865,5.783852557769929,11,0,1,4.438671799925864,8.860264749376405,4.098602168745167,Right Foot,Open Play,Normal,From Throw In,Left Back,1,1,1,1,Low Pass,,7.56439,1,1,1,157.13471631547156,0.48887109278243873,0.3635793714432538,0.026207596,0
3794689,Kasper Dolberg,Denmark,47,2,1,4,11.186599125739688,28.7999102054168,1,1,4.277535764915287,12.064526935484237,13,0,1,3.441972973436481,7.771140238384696,2.7783718460794375,Right Foot,Open Play,Normal,Regular Play,Center Forward,1,1,1,1,,,,0,0,0,322.1730503252971,0.41890849136102837,0.3823803567853733,0.20926164,1
3794689,Mikkel Damsgaard,Denmark,51,2,2,31,33.36540124140574,13.567797072879573,1,0,3.3880977848600518,9.154579421343197,12,0,1,,,,Right Foot,Open Play,Normal,From Throw In,Left Wing,1,1,1,1,Ground Pass,,12.812884,1,1,1,452.6949932985973,0.6747285039840493,0.10154524324003919,0.026604578,0
3794689,Gareth Frank Bale,Wales,52,2,-2,11,7.025667228100119,59.21713882407519,0,1,3.7681482003797506,46.5348753434422,12,2,3,2.0677186598082122,5.432428963877136,1.2947364567558282,Head,Open Play,Normal,From Throw In,Left Wing,1,1,1,1,High Pass,,32.844177,1,1,1,416.0399115781603,0.7858345787642662,0.5363402617915812,0.17588708,0
3794689,Daniel James,Wales,58,2,-2,18,17.441330224498355,23.414185288240702,4,1,3.022925281187435,1.4613716507012025,16,0,2,2.722262476014574,14.776267471205845,1.6527398510697395,Right Foot,Open Play,Half Volley,From Throw In,Right Wing,1,1,1,1,,,,0,0,0,408.3745375497973,0.06241394405617635,0.17331965178558392,0.055812802,0
3794689,Pierre-Emile Højbjerg,Denmark,60,2,2,6,28.031767693101337,15.286981943453618,2,1,4.081849378121211,7.001138763338323,14,0,1,1.5299091762661514,26.71668184897575,0.257153178964721,Right Foot,Open Play,Normal,Regular Play,Right Center Midfield,1,1,1,1,Ground Pass,,15.134728,1,1,1,428.5211265675266,0.45798044304856644,0.14561512576767538,0.023124961,0
3794689,Jannik Vestergaard,Denmark,60,2,2,8,29.621951319924896,15.023112195003609,1,1,1.648451493955516,6.598535312215434,15,1,1,4.077848620715602,25.5561516977075,1.1763886530644143,Left Foot,Open Play,Normal,Regular Play,Left Center Back,1,1,1,1,,,,0,0,0,445.013898114167,0.4392255896491259,0.05564965913797523,0.025467072,0
3794689,Joe Allen,Wales,66,2,-2,11,21.64486082191337,14.757896908383639,0,1,1.2003088789711418,11.019914645482942,17,0,2,3.5230998313195756,18.396858360861366,1.5214797297470426,Left Foot,Open Play,Normal,From Throw In,Left Defensive Midfield,1,1,1,1,Low Pass,,9.207063,1,1,1,319.43262460610947,0.7467130793699182,0.05545468223828646,0.04687359,0
3794689,Andreas Evald Cornelius,Denmark,78,2,2,1,26.649202614712504,16.861605799709196,1,1,1.4052269115572815,0.09078242282083195,15,0,1,7.00187631362888,19.946974618594478,0.6346656587272435,Left Foot,Open Play,Normal,From Counter,Center Forward,1,1,1,1,High Pass,,64.90493,1,1,1,449.3483493658618,0.00538397255274451,0.05273054251842729,0.03673965,0
3794689,Martin Braithwaite Christensen,Denmark,80,2,2,0,26.639069052802878,16.692272100655195,4,1,10.46676161145721,0.2325164201010122,20,0,0,1.0924114203377524,25.55959954565848,0.07485995776235654,Right Foot,Free Kick,Normal,From Free Kick,Right Wing,1,1,1,1,,,,0,0,0,444.6665891375287,0.013929584822181613,0.39291018731587135,0.062455166,0
3794689,Andreas Evald Cornelius,Denmark,85,2,2,3,10.640018796975877,34.97342409647623,0,1,1.23863600482194,26.463155546481698,14,0,2,2.7550527023620717,8.086487300863755,0.8469794728415394,Head,Open Play,Normal,From Corner,Center Forward,1,1,1,1,High Pass,,29.944616,1,1,1,372.11788978111616,0.7566647027034453,0.11641295268895456,0.05400756,0
3794689,Martin Braithwaite Christensen,Denmark,85,2,2,3,6.847627326307995,40.51870729345949,0,0,4.2152931066967145,40.518707293459485,13,0,1,3.6667887139031405,4.2152931066967145,1.7858341668707212,Right Foot,Open Play,Half Volley,From Corner,Right Wing,1,1,1,1,,,,0,0,0,277.4570072893683,0.9999999999999998,0.6155844799704449,0.58412856,0
3794689,Joachim Andersen,Denmark,85,2,2,3,8.906739021662188,28.510211347246145,1,1,0.9789006920343257,8.610987668165084,12,1,1,2.6604899265793613,6.254732348615028,2.41056548092601,Right Foot,Open Play,Half Volley,From Corner,Right Center Back,1,1,1,1,,,,0,0,0,253.93301192235336,0.3020317023709765,0.10990562198505305,0.16423038,0
3794689,Joakim Mæhle,Denmark,87,2,2,2,12.740486646906383,25.1830173770404,2,1,3.82054168872928,8.832425821059543,9,0,1,5.278321166029732,7.473565824594451,4.068670087266483,Left Foot,Open Play,Normal,From Throw In,Right Wing Back,1,1,1,1,High Pass,,43.26338,1,1,1,320.84389662099466,0.35072944948654766,0.29987407817400563,0.18071645,1
3794689,Martin Braithwaite Christensen,Denmark,93,2,3,15,14.7648230602334,27.241741517357337,1,1,1.921250629449508,11.442863807825667,11,0,2,3.868173340758751,10.942403051773843,1.3683572553184717,Left Foot,Open Play,Normal,From Free Kick,Right Wing,1,1,1,1,Low Pass,,12.001667,1,1,1,402.2194933563952,0.42004890915416465,0.13012351191827537,0.09896538,1
3795107,Toby Alderweireld,Belgium,2,1,0,1,9.94032192637643,21.127866032928758,1,0,1.1060076709992763,0.0,16,1,3,6.598801464226845,12.174600661616969,2.922861369683673,Head,Open Play,Normal,From Corner,Right Center Back,1,0,1,1,High Pass,Inswinging,33.094563,1,1,1,210.01778998466554,0.0,0.11126477383639947,0.057926156,0
3795107,Giovanni Di Lorenzo,Italy,12,1,0,1,7.74661216274572,54.10115015832646,0,1,2.8682820946234115,39.23444111740451,14,1,5,3.1285236150223357,4.637757431138593,0.8692798556649848,Other,Open Play,Normal,From Free Kick,Right Back,1,0,1,1,Low Pass,,40.60111,1,1,1,419.1006278350243,0.7252053052954571,0.37026277221122345,0.30152267,0
3795107,Youri Tielemans,Belgium,15,1,0,9,30.731905245200796,14.816896098415578,1,1,2.6853049137915432,8.343601255267675,13,0,1,3.228449762219428,28.094317130079983,1.6545748174499835,Right Foot,Open Play,Normal,From Throw In,Right Defensive Midfield,1,0,1,1,Ground Pass,,25.277065,1,1,1,455.3514469244929,0.5631139747386017,0.08737840665478722,0.0198145,0
3795107,Kevin De Bruyne,Belgium,16,1,0,6,26.07220742476555,16.768275260246398,3,1,2.2889165373168474,1.110312829545304,19,0,1,1.5707678488925005,24.539097241969916,0.753807134982253,Right Foot,Open Play,Normal,From Corner,Right Attacking Midfield,1,0,1,1,,,,0,0,0,437.1859507407086,0.06621508845203611,0.08779143629943063,0.025949331,0
3795107,Kevin De Bruyne,Belgium,21,1,0,9,20.53606583550024,21.227945270408668,1,1,1.1522292502353921,0.0,11,0,2,3.6782050242655315,16.941197521811052,0.3412863877691592,Left Foot,Open Play,Normal,Regular Play,Right Attacking Midfield,1,0,1,1,,,,0,0,0,435.9384816255083,0.0,0.056107594291188875,0.10579457,0
3795107,Romelu Lukaku Menama,Belgium,25,1,0,2,19.314502323383845,17.53248003827555,1,1,2.9504824360332362,7.346566713075363,10,0,2,5.5005868297086495,13.815577404674293,3.674945572090003,Left Foot,Open Play,Normal,From Counter,Center Forward,1,0,1,1,Ground Pass,,26.368542,1,1,1,338.631126433954,0.41902609881984226,0.15275995138953807,0.041899677,0
3795107,Federico Chiesa,Italy,26,1,0,2,17.69632730257892,15.06765840318272,0,1,1.5143970389145487,9.582188731129762,14,0,2,5.1611570447849235,12.538798928372286,4.348028925352132,Right Foot,Open Play,Normal,Regular Play,Right Wing,1,0,1,1,Ground Pass,,34.20073,1,1,1,266.64221478617503,0.6359441178402165,0.08557691169590047,0.05652025,0
3795107,Federico Chiesa,Italy,26,1,0,6,14.57154761856132,20.549968433273744,1,1,0.2925385253145527,0.0,14,0,3,4.1819425945527025,10.426678499623215,3.519156299744715,Left Foot,Open Play,Normal,Regular Play,Right Wing,1,0,1,1,Ground Pass,,9.80816,1,1,1,299.44484358538034,0.0,0.020076009286886964,0.05661671,0
3795107,Lorenzo Insigne,Italy,26,1,0,4,25.504901489713692,14.22094465181234,2,1,2.79604351515055,0.0,17,1,2,2.532794326631262,22.97623821932404,1.664976343552965,Right Foot,Open Play,Normal,From Throw In,Left Wing,1,0,1,1,Ground Pass,,19.424726,1,1,1,362.7037924351445,0.0,0.10962769318196403,0.026267841,0
3795107,Federico Chiesa,Italy,28,1,0,11,22.275098204048394,16.95571246714577,1,1,3.0968983706703375,0.0,16,0,2,2.812830410452236,19.510841457807558,1.1793330488941791,Left Foot,Open Play,Normal,From Throw In,Right Wing,1,0,1,1,Ground Pass,,21.17475,1,1,1,377.6901603252797,0.0,0.13902961694272084,0.04049157,0
3795107,Nicolò Barella,Italy,30,1,0,4,15.289865924853622,20.72481245906893,1,1,0.4870818660783985,0.0,13,2,3,4.5580628122608156,10.765598370553414,3.6641802945230424,Right Foot,Open Play,Normal,From Free Kick,Right Center Midfield,1,0,1,1,Ground Pass,,8.228001,1,1,1,316.8796038168998,0.0,0.03185651649741733,0.14378044,1
3795107,Federico Chiesa,Italy,40,1,1,1,21.42825237857722,21.121932321706623,4,1,3.0944321008434557,4.148288977069147,19,1,2,1.1630553031816704,20.581216460630166,0.8241728474808383,Right Foot,Open Play,Normal,From Corner,Right Wing,1,0,1,1,,,,0,0,0,452.606096512757,0.19639722890343828,0.14440898147798079,0.04804102,0
3795107,Ciro Immobile,Italy,42,1,1,18,14.641379716406504,30.48952179642593,2,1,1.142461789520879,0.0,11,0,2,1.6027024555216853,13.055042505728894,0.09578779275285854,Right Foot,Open Play,Normal,Regular Play,Center Forward,1,0,1,1,Ground Pass,,25.8,1,1,1,446.4086659931246,0.0,0.07802965373821193,0.051667962,0
3795107,Lorenzo Insigne,Italy,43,1,1,25,24.392006887503133,17.558620995715277,1,1,4.035940508693709,0.9950539722483395,12,0,2,1.9988184216602853,22.473380786033204,0.1578938729686996,Right Foot,Open Play,Normal,Regular Play,Left Wing,1,0,1,1,Ground Pass,,30.255247,1,1,1,428.29000426254413,0.05667039413238411,0.1654616008968684,0.04597063,1
3795107,Federico Chiesa,Italy,46,2,1,11,21.102132593650335,21.464664287296767,1,1,4.558071118270767,6.336541318608779,16,0,1,1.7547623710815652,19.352446605622276,0.15259659659746916,Right Foot,Open Play,Normal,Regular Play,Right Wing,1,0,1,1,Ground Pass,,11.907981,1,1,1,452.9501918687275,0.2952080327833907,0.2160004965394966,0.05138496,0
3795107,Ciro Immobile,Italy,51,2,1,6,13.462912017836265,32.97204211917276,1,1,2.7547495798412567,14.428591087910531,13,0,2,3.3134606565153097,11.152806701834194,2.385068134035606,Right Foot,Open Play,Volley,From Free Kick,Center Forward,1,0,1,1,Ground Pass,,13.752455,1,1,1,443.8997020988145,0.43760077206502523,0.2046176619286854,0.08092744,0
3795107,Ciro Immobile,Italy,57,2,1,7,19.165072397463053,19.904495362455688,0,1,1.0085811618297682,15.696005144626795,16,1,3,3.0941859612170877,16.340870571667498,2.567795631659237,Right Foot,Open Play,Normal,From Throw In,Center Forward,1,0,1,1,Ground Pass,,10.993179,1,1,1,381.47109465643086,0.7885658419772328,0.052626003226748964,0.03563008,0
3795107,Romelu Lukaku Menama,Belgium,60,2,-1,3,6.670832032063166,50.358646800031586,0,0,3.019414341454301,50.358646800031586,10,0,1,5.74688233456246,7.761238978861256,2.6182442179365495,Right Foot,Open Play,Normal,From Counter,Center Forward,1,0,1,1,Ground Pass,,21.533463,1,1,1,335.934074165006,1.0,0.4526293462257138,0.56854767,0
3795107,Leonardo Spinazzola,Italy,65,2,1,16,13.845215780189196,27.22775292252185,0,1,4.232804279699169,19.591894407675138,13,0,2,4.926266679290157,9.010885092880773,3.4352476627312,Left Foot,Open Play,Volley,From Free Kick,Left Back,1,0,1,1,High Pass,,32.328472,1,1,1,376.97411442199206,0.7195560523641084,0.30572324381941324,0.1810859,0
3795107,Lorenzo Insigne,Italy,68,2,1,27,28.32101693089427,13.063587290793116,1,0,2.4980564905199163,10.137146314545268,16,0,1,,,,Right Foot,Open Play,Normal,From Free Kick,Left Wing,1,0,1,1,Ground Pass,,8.509406,1,1,1,369.97407684076705,0.7759848875270019,0.08820504209348803,0.02266121,0
3795107,Nacer Chadli,Belgium,69,2,-1,12,14.269547995644427,14.579593719913479,0,1,1.1355276165269657,10.028827716291968,9,0,1,6.131350202114241,8.21432845392277,5.191348623237204,Left Foot,Open Play,Normal,From Free Kick,Right Wing Back,1,0,1,1,Ground Pass,,13.416408,1,1,1,208.04421234330147,0.6878674336853525,0.07957698568122613,0.053787693,0
3795107,Romelu Lukaku Menama,Belgium,75,2,-1,2,17.47340836814616,25.693517609681717,1,1,1.3940574155933543,9.283861586933586,11,0,3,3.370398826228705,14.124584584355613,0.6478824525092648,Left Foot,Open Play,Half Volley,Regular Play,Center Forward,1,0,1,1,,,,0,0,0,448.95332560812324,0.36133089006992497,0.07978165371186004,0.072880715,0
3795107,Jeremy Doku,Belgium,83,2,-1,8,21.37592103278827,21.12931869459619,1,1,4.287544022145032,8.94764182828193,16,0,2,2.233207746122736,19.568358601979156,1.0940928620132269,Right Foot,Open Play,Normal,From Throw In,Left Attacking Midfield,1,0,1,1,Ground Pass,,21.49814,1,1,1,451.6586478923051,0.4234704373392921,0.2005782120718176,0.072702914,0
3795187,Harry Kane,England,3,1,0,39,10.825894882179485,37.7650713560551,0,1,1.989757617647457,18.417962810208373,15,0,2,7.257114068129771,3.5706975263421876,3.1700301127872805,Right Foot,Open Play,Normal,From Throw In,Center Forward,1,0,0,1,Ground Pass,Through Ball,19.719027,1,1,1,408.84069271866,0.48769834529268824,0.18379613318828716,0.3530124,1
3795187,Roman Yaremchuk,Ukraine,5,1,-1,30,26.875453484546078,14.17568843366398,1,1,2.7234557385332128,5.923717638115924,15,0,1,3.7684031628059027,23.127695375318876,2.396548366871855,Right Foot,Open Play,Normal,From Kick Off,Left Center Forward,1,0,0,1,Ground Pass,,3.3241541,1,1,1,380.97805511035415,0.4178786565348364,0.10133617801460557,0.034147087,0
3795187,Oleksandr Karavaev,Ukraine,7,1,-1,1,15.749285698088023,27.34584519937363,2,1,0.500019308155068,0.0,17,1,2,1.2449234152553916,14.508362274882913,0.4694530909816237,Right Foot,Open Play,Volley,From Free Kick,Right Wing Back,1,0,0,1,High Pass,,33.427086,1,1,1,430.6775287006242,0.0,0.03174869754351912,0.06891874,0
3795187,Roman Yaremchuk,Ukraine,16,1,-1,0,17.041713528867927,17.62823204874138,0,1,1.2824096207711533,11.624350704328416,9,0,1,5.592089650742225,11.456988926339882,4.144387595974848,Left Foot,Open Play,Normal,From Counter,Left Center Forward,1,0,0,1,,,,0,0,0,300.4152805950592,0.659416705667791,0.07525121335943165,0.098578714,0
3795187,Raheem Sterling,England,26,1,1,2,17.28612160086814,15.794904684809719,1,1,2.2726399773324553,8.58364936007369,15,0,4,3.941617069829242,13.3509792506099,3.0962222715548577,Right Foot,Open Play,Normal,From Throw In,Left Wing,1,0,0,1,Low Pass,,12.059851,1,1,1,273.03264305574265,0.5434442012384386,0.13147194204733115,0.034231465,0
3795187,Harry Kane,England,28,1,1,1,8.395236744726144,50.29078207974905,0,1,1.4302021468329136,40.56780514861166,16,1,3,2.026109102481218,7.079879312283717,1.0630372517013313,Head,Open Play,Normal,From Free Kick,Center Forward,1,0,0,1,High Pass,,37.06926,1,1,1,422.20302163692435,0.8066648294369514,0.1703587629891868,0.07061655,0
3795187,Declan Rice,England,32,1,1,24,23.513613078385042,18.149862446385345,3,1,1.5725955138933065,5.077766983451722,16,0,2,1.630621252282413,21.932210555267027,0.20012969131912683,Right Foot,Open Play,Normal,From Throw In,Left Defensive Midfield,1,0,0,1,,,,0,0,0,426.768842990216,0.27976889623551887,0.06688021567127511,0.03490677,0
3795187,Mason Mount,England,32,1,1,25,15.634896865665606,28.337385589395364,1,1,2.9880176154051674,18.33817065904905,17,1,2,2.0631894915992333,13.839054465918377,1.2565188374537257,Left Foot,Open Play,Half Volley,From Throw In,Center Attacking Midfield,1,0,0,1,Low Pass,,4.2059484,1,1,1,443.0521011327953,0.6471369986196505,0.19111207711045952,0.0772035,0
3795187,Oleksandr Zinchenko,Ukraine,36,1,-1,26,15.34828980701107,22.019729405420453,2,1,1.9901408961659242,6.105714710248446,13,1,2,3.613521570060416,11.885518774170682,3.072332095661004,Left Foot,Open Play,Normal,Regular Play,Left Center Midfield,1,0,0,1,,,,0,0,0,337.96518838635666,0.27728382115111017,0.12966531914564394,0.06717054,0
3795187,Harry Maguire,England,45,2,1,1,9.055385138137416,43.39399701071775,1,1,0.42235440962176085,0.0,18,1,3,3.8944040915654843,5.740898847076089,3.1891035342174376,Head,Open Play,Normal,From Free Kick,Left Center Back,1,0,0,1,High Pass,,42.191113,1,1,1,392.94935561523295,0.0,0.046641241998971905,0.113124244,1
3795187,Harry Kane,England,49,2,2,5,7.000714249274855,59.48216895354406,1,1,0.9986758627602302,21.364322946783627,12,0,3,4.490102213769457,4.142757797168171,2.5753728129045115,Head,Open Play,Normal,Regular Play,Center Forward,1,0,0,1,High Pass,,25.67041,1,1,1,416.4176677708503,0.35917188835984265,0.14265342466501538,0.21181364,1
3795187,Harry Kane,England,61,2,3,9,21.511159894343216,18.974601504430165,1,1,5.841128164691615,13.727786804126762,13,0,0,3.4851470978853984,18.173086880630887,2.337318589088703,Left Foot,Open Play,Volley,From Throw In,Center Forward,1,0,0,1,,,,0,0,0,408.1656868932426,0.7234822191613149,0.2715394331770857,0.041920595,0
3795187,Jordan Brian Henderson,England,62,2,3,1,6.041522986797286,65.01876039378396,0,1,1.4271750212610173,50.46745733762065,15,3,3,2.797738270744269,4.737724293827887,2.6907992777286793,Head,Open Play,Normal,From Corner,Right Defensive Midfield,1,0,0,1,High Pass,Outswinging,37.7297,1,1,1,392.8123354921108,0.7761983930786464,0.23622769033236551,0.23109037,1
3795187,Harry Maguire,England,66,2,4,1,12.041594578792301,21.648089596721327,0,1,0.7417632870617243,15.66997625960224,18,0,2,2.5556729208676683,9.698605758290167,1.5349773897018508,Head,Open Play,Normal,From Corner,Left Center Back,1,0,0,1,Low Pass,Inswinging,51.494564,1,1,1,260.67751832908954,0.7238503051084706,0.06160008811192834,0.047613405,0
3795187,Roman Yaremchuk,Ukraine,69,2,-4,5,38.97717280665698,11.403577609794766,1,1,7.4584814947244045,3.6596007738616505,7,0,0,19.21678527611146,19.765720599497655,4.799369319178801,Right Foot,Open Play,Half Volley,Regular Play,Center Forward,1,0,0,1,Low Pass,,9.682975,1,1,1,444.47921511109496,0.32091689986117555,0.19135511782041198,0.015102587,0
3795187,Evgeny Makarenko,Ukraine,73,2,-4,3,27.46142749385035,14.464096213083291,1,1,4.779679734227748,7.747537758907772,15,0,1,1.031018378731629,26.449121626871133,0.33905368467485886,Left Foot,Open Play,Normal,Regular Play,Center Defensive Midfield,1,0,0,1,Ground Pass,,11.610771,1,1,1,397.2047294196622,0.5356392577021056,0.1740506656217379,0.025045255,0
3795220,Ferrán Torres García,Spain,14,1,0,8,23.613978910806196,18.83957062451774,1,0,1.5459257484859181,8.570007686909888,12,0,2,,,,Right Foot,Open Play,Normal,From Throw In,Left Wing,1,0,0,1,,,,0,0,0,444.87722341600585,0.45489400250751544,0.06546655073781207,0.049866594,0
3795220,Daniel Olmo Carvajal,Spain,24,1,0,2,15.395129099815948,28.660204556161666,1,1,2.194880829161931,7.493843368893604,12,0,4,3.2866515133457295,12.135993813037611,1.005778295051897,Right Foot,Open Play,Half Volley,Regular Play,Center Forward,1,0,0,1,,,,0,0,0,441.2275491692421,0.26147208245526987,0.14256982289211015,0.056754816,0
3795220,Daniel Olmo Carvajal,Spain,24,1,0,2,12.0702112657567,36.50983296978464,1,1,0.25666906929146116,0.0,11,0,3,4.572236057546145,7.9177728718050755,1.9971802482787027,Right Foot,Open Play,Normal,Regular Play,Center Forward,1,0,0,1,,,,0,0,0,440.68139722279,0.0,0.021264670819775428,0.23812428,0
3795220,Daniel Olmo Carvajal,Spain,32,1,0,1,29.704208456042053,12.848565119606361,1,1,4.466624325779996,5.051580833696215,10,0,1,4.282114889834931,25.43022402791358,2.577674842506262,Right Foot,Open Play,Normal,From Counter,Center Forward,1,0,0,1,Ground Pass,,12.961867,1,1,1,381.65645667381824,0.39316303312248607,0.15037008417140474,0.018246474,0
3795220,Mikel Oyarzabal Ugarte,Spain,38,1,0,12,21.83323155192561,16.447093704509687,0,1,7.67536417152767,12.806723675295641,14,0,0,3.127149986778801,18.889975753509084,1.097936042116153,Left Foot,Open Play,Normal,Regular Play,Right Wing,1,0,0,1,Ground Pass,,29.069744,1,1,1,359.09320520677795,0.7786618052637543,0.3515450359821211,0.068617724,0
3795220,Emerson Palmieri dos Santos,Italy,44,1,0,11,14.824641648282771,13.041634220232647,1,1,0.8201892717225986,4.955931134698019,13,0,2,4.362821815274608,10.46869128757779,4.079821944908083,Left Foot,Open Play,Normal,From Free Kick,Left Back,1,0,0,1,Ground Pass,,10.309704,1,1,1,193.3375538229307,0.38000844457126715,0.05532607743119417,0.04249353,0
3795220,Ciro Immobile,Italy,48,2,0,8,24.226019070412708,15.432451913200712,0,1,1.0491778618101717,11.083514457567551,5,0,2,8.463283883318505,15.81338978118414,5.513841487384241,Left Foot,Open Play,Half Volley,From Corner,Center Forward,1,0,0,1,,,,0,0,0,373.86687435242754,0.7181953016867567,0.04330789382938838,0.042138528,0
3795220,Sergio Busquets i Burgos,Spain,51,2,0,2,19.35355264544472,22.319670704620183,0,1,2.6406739186968484,17.99688775939851,11,0,2,3.4449354813585966,15.90902110998884,1.0224251458728446,Right Foot,Open Play,Normal,Regular Play,Center Defensive Midfield,1,0,0,1,Ground Pass,,11.30177,1,1,1,431.9649220108569,0.8063240716034913,0.13644388537204247,0.10179191,0
3795220,Federico Chiesa,Italy,52,2,0,5,19.97523466695698,14.744667341941723,1,1,1.1517014537087187,0.0,12,0,2,4.415665562671213,15.576754372358932,3.6327674908355903,Right Foot,Open Play,Normal,From Goal Kick,Right Wing,1,0,0,1,Ground Pass,,18.645374,1,1,1,294.5281902415027,0.0,0.057656466765512525,0.04386377,0
3795220,Ferrán Torres García,Spain,56,2,0,2,22.242751628339512,18.04847751901375,1,1,1.2616892471011822,3.6452553420431344,8,0,2,2.337364539090825,20.166819098887824,0.11473629997240664,Right Foot,Open Play,Normal,Regular Play,Left Wing,1,0,0,1,Ground Pass,,22.69273,1,1,1,401.4478027250922,0.2019702403265274,0.05672361352512082,0.029885331,0
3795220,Mikel Oyarzabal Ugarte,Spain,57,2,0,2,26.595676340337725,16.31839537633191,0,1,2.9588583898116845,13.513486308409544,17,1,2,2.3909830281639533,24.514805982108555,1.7248560010509095,Left Foot,Open Play,Normal,Regular Play,Right Wing,1,0,0,1,Ground Pass,,17.664938,1,1,1,433.99876182258714,0.8281136715200205,0.11125336133392393,0.037843984,0
3795220,Federico Chiesa,Italy,59,2,0,3,18.742731924668824,19.449509149424895,1,1,1.9058596305736852,11.461456654258832,9,0,3,4.27655189751068,14.48943714479439,2.303740818734667,Right Foot,Open Play,Normal,From Keeper,Right Wing,1,0,0,1,,,,0,0,0,364.53693605406437,0.5892928487913917,0.10168526329212602,0.047671493,1
3795220,Daniel Olmo Carvajal,Spain,65,2,-1,21,20.124114887368336,21.64988885368671,1,1,1.5637847884907043,9.345672328533412,12,1,2,2.798795657461283,17.344617975260228,0.49590751551881596,Right Foot,Open Play,Half Volley,Regular Play,Left Wing,1,0,0,1,,,,0,0,0,435.6848505903465,0.4316729934131721,0.07770700958740169,0.08666243,0
3795220,Domenico Berardi,Italy,67,2,1,6,13.261975720080327,14.584688782638855,0,1,2.5069886568315685,7.10814939205251,13,0,1,4.177883027456299,9.20261859472273,4.0905694662573495,Right Foot,Open Play,Normal,Regular Play,Center Forward,1,0,0,1,Ground Pass,Through Ball,9.741663,1,1,1,193.4217885202844,0.48737065959980047,0.18903583521387896,0.074515946,0
3795220,Domenico Berardi,Italy,79,2,1,1,18.313383084509532,24.626159166573444,1,1,1.8485022251613774,0.9800751712864317,11,0,2,2.7249720268328455,15.61142620635454,0.22263829676187896,Left Foot,Open Play,Normal,Regular Play,Center Forward,1,0,0,1,Ground Pass,,17.772451,1,1,1,450.9882867175655,0.039798133548034006,0.1009372335319596,0.06352974,0
3795220,Álvaro Borja Morata Martín,Spain,79,2,-1,6,12.587692401707315,34.41709726581464,0,1,1.5808833515871217,24.743084243554975,11,0,2,5.498296247291956,7.115627492743023,1.7411780674619877,Left Foot,Open Play,Normal,From Keeper,Center Forward,1,0,0,1,Ground Pass,Through Ball,12.87012,1,1,1,433.23183374171657,0.718918392578431,0.12558960778011233,0.44167054,1
3795220,Sergio Busquets i Burgos,Spain,81,2,0,1,9.265527507918803,37.501140915517524,2,1,0.7513103651200084,0.0,16,1,4,5.76499780312323,3.770847873719504,3.112813742114902,Head,Open Play,Normal,From Corner,Center Defensive Midfield,1,0,0,1,High Pass,Outswinging,31.603323,1,1,1,347.46785273106696,0.0,0.08108662615030816,0.06409596,0
3795220,Gerard Moreno Balaguero,Spain,83,2,0,14,20.229928324143913,21.8390801155069,2,1,1.8273663695196511,0.9570080638791177,15,0,2,2.765972723159222,17.47860314902534,0.8833794445883925,Left Foot,Open Play,Normal,Regular Play,Right Wing,1,0,0,1,Ground Pass,,17.140594,1,1,1,441.8030254019411,0.043820896247346586,0.09032984893667345,0.062070966,0
3795220,Daniel Olmo Carvajal,Spain,97,3,0,0,37.803835784216396,6.843748672187732,0,0,12.44452081686787,6.843748672187732,20,0,0,3.2048684577972364,37.19515710215092,1.1363605935559278,Right Foot,Free Kick,Normal,From Free Kick,Left Wing,1,0,0,1,,,,0,0,0,258.71995095183405,1.0,0.3291867229532201,0.007922515,0
3795220,Álvaro Borja Morata Martín,Spain,97,3,0,0,14.340153416194683,24.893050282315084,1,1,6.797516613883948,20.42628647229486,16,0,0,2.7881581724574582,12.572996519125146,0.30623802252625865,Right Foot,Open Play,Half Volley,From Free Kick,Center Forward,1,0,0,1,,,,0,0,0,356.9701600454467,0.8205618130617937,0.47401979718064574,0.065413594,0
3795220,Marcos Llorente Moreno,Spain,101,3,0,26,20.002499843769534,19.391643793219185,2,0,2.790753523941338,4.991217336089326,16,0,3,9.426372178015303,11.143822165763192,2.8576556632093286,Left Foot,Open Play,Half Volley,From Free Kick,Right Back,1,0,0,1,,,,0,0,0,387.88135194430123,0.257390110364684,0.1395202372572753,0.06529106,0
3795220,Thiago Alcântara do Nascimento,Spain,106,4,0,0,40.082165610156345,9.62008389447158,1,1,10.711409606385518,3.4278732128961167,19,0,0,4.553558353223866,36.71227808523978,0.5745108793896279,Right Foot,Free Kick,Normal,From Free Kick,Center Defensive Midfield,1,0,0,1,,,,0,0,0,385.5937958418077,0.3563246693582401,0.26723629931989934,0.007871912,0
3795220,Domenico Berardi,Italy,109,4,0,2,17.095028517086483,23.480360936148116,2,1,1.3014127445043937,10.647556565865067,19,1,3,3.030807494634819,14.064314660170965,1.4727164136646564,Left Foot,Open Play,Normal,From Throw In,Right Wing,1,0,0,1,Low Pass,,12.233151,1,1,1,401.3974397949355,0.4534664775733114,0.07612814118465093,0.083937615,0
3794686,César Azpilicueta Tanco,Spain,8,1,0,1,15.74579308894919,28.437437107658127,1,1,2.366440545604977,1.9407859335555384,18,0,4,0.4521639083167292,15.305790066631301,0.06883697151889834,Head,Open Play,Diving Header,From Free Kick,Right Back,1,1,1,1,High Pass,,30.63152,1,1,1,447.7700006771906,0.06824756837995397,0.1502903367418061,0.05119915,0
3794686,Pablo Sarabia García,Spain,12,1,0,7,22.055384830013736,10.783402414633882,1,1,5.099524084727224,0.0,13,0,0,3.9110434672841317,18.45323957949174,2.4413372288743247,Left Foot,Open Play,Normal,From Throw In,Left Wing,1,1,1,1,Ground Pass,,4.1182523,1,1,1,237.8320900316496,0.0,0.23121446866742557,0.011067822,0
3794686,Jorge Resurrección Merodio,Spain,15,1,0,15,13.30037593453658,33.07765582309414,1,1,1.2264660370659703,22.587283997653625,4,0,1,4.931842778751369,8.379403514116678,1.1074859108249058,Right Foot,Open Play,Normal,Regular Play,Right Center Midfield,1,1,1,1,Ground Pass,Through Ball,29.70606,1,1,1,439.9452574803651,0.6828562495013218,0.09221288504193724,0.18966454,0
3794686,Álvaro Borja Morata Martín,Spain,18,1,0,8,7.441102068914259,44.87603070742547,1,1,1.6248074166017832,13.547098028903772,12,0,2,1.5761599130728738,7.097962728155072,0.60591224859715,Head,Open Play,Normal,Regular Play,Center Forward,1,1,1,1,High Pass,,30.080559,1,1,1,333.9271249416835,0.3018782591808456,0.2183557491288197,0.13936658,0
3794686,Nikola Vlašić,Croatia,24,1,0,18,12.68108828137396,12.762360937615005,0,1,2.866664576246608,2.5335318022909115,8,0,1,6.064920963177157,6.638236577476002,5.849139135907876,Right Foot,Open Play,Normal,Regular Play,Right Wing,1,1,1,1,Ground Pass,,19.146017,1,1,1,161.84062572865443,0.19851591838495447,0.2260582461567733,0.066409856,0
3794686,Mateo Kovačić,Croatia,25,1,0,5,24.31151990312412,16.43241569109514,2,1,2.4837435250912936,2.2831323090377276,13,2,3,4.018486389040321,20.333146254739223,2.4021960834030693,Right Foot,Open Play,Normal,Regular Play,Left Center Midfield,1,1,1,1,Ground Pass,,12.116518,1,1,1,399.49700113046856,0.1389407590434178,0.102163235165405,0.034643523,0
3794686,Pablo Sarabia García,Spain,26,1,0,6,13.179529581893279,23.813993442155365,1,0,1.1371414615432054,5.868260977303782,11,1,2,4.520151199377661,11.0813412940087,4.422795135834264,Head,Open Play,Normal,Regular Play,Left Wing,1,1,1,1,High Pass,,42.919693,1,1,1,313.85723103389915,0.24642070182633996,0.0862808838871965,0.045750108,0
3794686,José Luis Gayà Peña,Spain,36,1,0,2,29.29795214686514,15.448835725299837,2,1,5.233041794628794,9.354811464123387,20,0,0,0.9702069996350078,28.432062448100538,0.32734293049366414,Left Foot,Open Play,Normal,From Corner,Left Back,1,1,1,1,Ground Pass,,18.76273,1,1,1,452.6192498046152,0.6055350468128449,0.1786145928697179,0.022139449,0
3794686,José Luis Gayà Peña,Spain,37,1,0,7,19.71902634513175,17.840972581936057,4,0,5.336191013911534,5.677563572290604,14,0,0,12.818191592745507,9.541590218185041,11.559459922803178,Right Foot,Open Play,Normal,Regular Play,Left Back,1,1,1,1,Ground Pass,,8.041144,1,1,1,351.8066083659703,0.3182317301490124,0.27061128275377233,0.0812809,0
3794686,José Luis Gayà Peña,Spain,37,1,0,9,20.4355083127384,16.00529737362319,3,1,1.2229204790904822,0.0,17,1,1,2.102443061800811,18.38563300880581,1.7705231587326438,Left Foot,Open Play,Normal,Regular Play,Left Back,1,1,1,1,Low Pass,,22.7,1,1,1,327.0763875265268,0.0,0.05984291950928273,0.03858115,0
3794686,Pablo Sarabia García,Spain,37,1,0,9,11.484337159801605,37.210883676273795,2,1,1.8182907320158213,13.49502900533174,14,0,1,2.8931201569576728,9.040737591096175,0.5802958557067726,Left Foot,Open Play,Normal,Regular Play,Left Wing,1,1,1,1,,,,0,0,0,427.3423341524861,0.3626634917551385,0.1583278779362511,0.22842021,1
3794686,Jorge Resurrección Merodio,Spain,42,1,1,4,29.881432361919998,12.997002744139005,2,1,7.737914161497305,6.4108783043490085,16,0,0,2.6755292321392288,27.268824774801505,1.8596702486702767,Right Foot,Open Play,Normal,From Corner,Right Center Midfield,1,1,1,1,,,,0,0,0,388.3690584066783,0.4932582096468351,0.25895392388747307,0.018358171,0
3794686,Álvaro Borja Morata Martín,Spain,45,1,1,7,21.052315787105233,20.90798047100965,1,1,1.8084657634488903,5.474523298942866,15,1,4,2.870379099886532,18.46238189304865,1.7710946259282139,Right Foot,Open Play,Normal,From Free Kick,Center Forward,1,1,1,1,Ground Pass,,19.592346,1,1,1,440.1614073463244,0.26183893305877476,0.08590341232467141,0.06467551,0
3794686,César Azpilicueta Tanco,Spain,56,2,1,8,5.277309920783506,72.50725543017305,1,1,0.7701126611219846,54.984125238202,14,0,3,2.178269725916358,4.708735592411278,1.2800836456192073,Head,Open Play,Normal,From Throw In,Right Back,1,1,1,1,High Pass,,27.930271,1,1,1,382.643258410436,0.7583258380418713,0.1459290192696601,0.37498716,1
3794686,Ante Rebić,Croatia,65,2,-2,6,23.859798825639754,14.3552313514425,0,1,6.083296015258083,12.089431046296886,16,0,0,4.073180603544039,20.453309072893767,0.8226095745804543,Right Foot,Open Play,Normal,Regular Play,Left Wing,1,1,1,1,Ground Pass,,15.728954,1,1,1,342.5129321409347,0.8421620488256406,0.2549600715292272,0.041937813,0
3794686,Joško Gvardiol,Croatia,66,2,-2,7,12.803515142334934,25.449812508499026,2,1,1.2492014377711282,0.0,17,0,4,3.720796063801295,9.083559138560434,2.747985447238449,Right Foot,Open Play,Normal,From Throw In,Left Back,1,1,1,1,Ground Pass,,8.04301,1,1,1,325.8470598221523,0.0,0.09756706840925528,0.098175585,0
3794686,Ferrán Torres García,Spain,76,2,2,1,13.70583817210754,20.191633739769514,0,1,5.598159200535609,10.252412404779614,7,0,0,7.137229541206215,6.586225347014493,5.625246331273331,Left Foot,Open Play,Normal,From Free Kick,Right Wing,1,1,1,1,High Pass,Through Ball,76.0,1,1,1,276.74326446774757,0.5077554662942615,0.40845070036857023,0.2658294,1
3794686,Daniel Olmo Carvajal,Spain,83,2,3,1,17.445343218177168,15.062929641390328,1,0,0.5662079282613054,0.0,10,0,1,10.074407467309548,7.770273060531416,7.194965177792973,Right Foot,Open Play,Lob,From Free Kick,Left Wing,1,1,1,1,High Pass,Through Ball,39.984623,1,1,1,262.7779774653086,0.0,0.03245610712154664,0.113922775,0
3794686,Ante Budimir,Croatia,84,2,-3,3,4.049691346263314,89.24615166692928,2,0,1.754811091962016,27.752556524736494,15,2,6,5.249291714021986,4.195823214159792,4.990261391612762,Right Foot,Open Play,Normal,From Throw In,Left Center Midfield,1,1,1,1,,,,0,0,0,361.41936809286676,0.31096642271266,0.4333197130149673,0.6173351,0
3794686,Mislav Oršić,Croatia,84,2,-3,3,1.34536240470737,150.58668275051397,1,0,1.7696396117409787,112.58619389377432,14,4,3,,,,Right Foot,Open Play,Half Volley,From Throw In,Left Wing,1,1,1,1,,,,0,0,0,202.59366162213732,0.7476504019967201,1.3153627643741788,0.96301126,1
3794686,Mario Pašalić,Croatia,91,2,-2,5,6.440496875241844,61.22714168334589,0,1,3.6317258380917643,47.60294830342546,12,1,2,1.411887712006139,5.05844154248838,0.37331951132281915,Head,Open Play,Normal,Regular Play,Right Wing,1,1,1,1,High Pass,,31.190544,1,1,1,394.33321469157886,0.7774811463454894,0.5638890769519069,0.23785056,1
3794686,Daniel Olmo Carvajal,Spain,93,2,1,6,19.404123273160273,23.291360358327374,1,0,0.7691210305356423,0.0,14,0,1,,,,Right Foot,Open Play,Normal,From Kick Off,Left Wing,1,1,1,1,Ground Pass,,22.572992,1,1,1,451.9484275925828,0.0,0.039636989505188736,0.048868574,0
3794686,Mikel Oyarzabal Ugarte,Spain,95,2,1,10,26.27717640843475,16.077921228767188,1,1,1.934156045128907,12.012300974947138,16,0,2,2.068569801808245,24.37984522264861,0.006989526385780209,Left Foot,Open Play,Normal,From Throw In,Right Wing,1,1,1,1,Ground Pass,,13.74409,1,1,1,422.48237240923345,0.7471302293392446,0.07360593143896767,0.03493103,0
3794686,Mislav Oršić,Croatia,91,3,-1,3,19.474342094150447,20.525789454698725,1,1,4.4446878586582885,10.37076145807652,16,0,1,2.5861664112427873,16.899942069708754,1.4569893060505663,Right Foot,Open Play,Half Volley,From Free Kick,Left Wing,1,1,1,1,,,,0,0,0,399.7262455933087,0.50525518060902,0.22823301743237578,0.07070226,0
3794686,Andrej Kramarić,Croatia,95,3,-1,6,7.915806970865326,53.5618766220168,1,1,3.1356521991213313,26.68184093838934,15,1,4,2.3105635243048726,6.145222981878371,1.1773237485792194,Left Foot,Open Play,Normal,From Keeper,Center Forward,1,1,1,1,Low Pass,,3.7013512,1,1,1,423.9854763371891,0.4981498524908232,0.396125399553364,0.41316012,0
3794686,Daniel Olmo Carvajal,Spain,96,3,1,2,16.901183390520327,21.680412595608207,1,1,3.7760105568564515,12.143842796509693,10,0,1,5.846949326879924,11.062041870573513,3.753902633041065,Left Foot,Open Play,Normal,From Free Kick,Left Wing,1,1,1,1,Ground Pass,,7.05762,1,1,1,366.4246292605211,0.5601296904732185,0.22341693298082138,0.07192773,0
3794686,Álvaro Borja Morata Martín,Spain,99,3,1,22,13.124404748406688,23.51867533742985,0,1,2.5143395412673764,15.249134882771308,13,0,1,4.808723444542329,8.321459880808833,3.782694217378875,Left Foot,Open Play,Half Volley,Regular Play,Center Forward,1,1,1,1,High Pass,,36.704224,1,1,1,308.6686142747996,0.6483840889840589,0.19157741546888965,0.11631402,1
3794686,Andrej Kramarić,Croatia,102,3,-2,1,23.947651241823277,17.894009747453346,0,1,1.5292335391212015,14.667903445783214,15,0,3,2.672229449609013,21.31486451814791,0.49755085190545856,Right Foot,Open Play,Half Volley,Regular Play,Center Forward,1,1,1,1,Low Pass,,14.818907,1,1,1,428.51950474979895,0.8197102635350209,0.06385734966986983,0.03991476,0
3794686,Mikel Oyarzabal Ugarte,Spain,102,3,2,4,9.425497334358543,44.66771668590186,0,1,1.3747925863491566,30.44208311393955,9,0,3,4.58170078662513,4.84560867321987,1.2725829021965467,Left Foot,Open Play,Normal,From Keeper,Right Wing,1,1,1,1,Low Pass,,39.960606,1,1,1,421.01544455485055,0.6815231530190967,0.14585889079164635,0.20271814,1
3794686,Ante Budimir,Croatia,105,4,-3,3,17.039366185395508,24.04459842237865,1,1,1.69466973170397,14.246927541129564,12,0,2,7.402587771360017,9.707903276684902,2.54726289810192,Left Foot,Open Play,Normal,From Counter,Left Center Midfield,1,1,1,1,Ground Pass,,21.048754,1,1,1,409.70471729969296,0.5925209184558368,0.09945614838399779,0.20508358,0
3794686,Álvaro Borja Morata Martín,Spain,115,4,3,11,13.566502865514016,20.37087081300171,0,1,1.1075624647202464,6.538422518975695,5,0,2,8.5983984752924,4.982645945241498,7.20486231909868,Left Foot,Open Play,Normal,Regular Play,Center Forward,1,1,1,1,Low Pass,,35.152523,1,1,1,276.3614772576035,0.32096922016718826,0.08163949661158919,0.28039673,0
3794686,Daniel Olmo Carvajal,Spain,119,4,3,25,15.477725931156684,26.61014013433513,1,1,2.9766566442013076,10.141439712746715,9,0,1,3.4497536392651678,12.038085013055845,1.6782363474864752,Left Foot,Open Play,Normal,From Keeper,Left Wing,1,1,1,1,Ground Pass,,17.010586,1,1,1,411.864455988912,0.38111184915036167,0.19231873321967108,0.13682353,0
3794686,Mikel Oyarzabal Ugarte,Spain,119,4,3,25,7.409453421137078,52.33812819802903,1,1,2.779334874044125,23.155355629642898,9,0,2,3.6203408554272585,3.789304334186527,1.9281889408358808,Left Foot,Open Play,Normal,From Keeper,Right Wing,1,1,1,1,,,,0,0,0,387.79692303279717,0.4424184896722174,0.3751065991069554,0.10931673,0
3794686,Fabián Ruiz Peña,Spain,119,4,3,26,17.2072659071684,20.082249120390717,0,1,0.8630094127523902,15.155914280212057,16,0,2,3.2755632004562507,13.96091023362679,2.465720459780016,Right Foot,Open Play,Normal,From Keeper,Right Center Midfield,1,1,1,1,Ground Pass,,16.546904,1,1,1,345.56060062856176,0.7546920760395978,0.05015377907264558,0.11608457,0
3794686,Álvaro Borja Morata Martín,Spain,120,4,3,3,14.56021977856104,11.982913812323341,1,1,2.283677635564938,6.240565119547433,10,0,2,6.023350394983241,8.560595003513152,5.466894472082089,Left Foot,Open Play,Normal,From Counter,Center Forward,1,1,1,1,Ground Pass,,19.502821,1,1,1,174.47385869498257,0.5207886176340163,0.15684362394910428,0.017378742,0
3788763,Karim Benzema,France,13,1,0,28,23.22154172315008,18.43363478995404,2,1,1.567983327639302,3.45681780066936,14,0,2,3.5512480676493188,19.788450027234795,1.9759292812281615,Right Foot,Open Play,Normal,From Free Kick,Center Forward,1,0,1,1,Ground Pass,,12.093387,1,1,1,428.0574193842286,0.18752773612251752,0.06752279182549469,0.046819743,0
3788763,László Kleinheisler,Hungary,15,1,0,15,33.92889623904674,13.436502200566075,0,0,3.8114716989741817,13.436502200566078,17,1,1,,,,Right Foot,Open Play,Normal,From Throw In,Right Center Midfield,1,0,1,1,Ground Pass,,9.0,1,1,1,455.8856889787296,1.0000000000000002,0.11233703778986438,0.026023796,0
3788763,Kylian Mbappé Lottin,France,16,1,0,16,9.330058949438635,44.73671265786167,0,1,2.228166203892296,34.79338187517059,11,0,2,2.5747790286670678,6.923363304698106,1.556807876044573,Head,Open Play,Normal,From Keeper,Left Wing,1,0,1,1,High Pass,,35.801956,1,1,1,417.396166301947,0.7777366687906666,0.23881587629479648,0.13810448,0
3788763,Kylian Mbappé Lottin,France,20,1,0,15,8.657944328765339,49.40419240530564,0,1,1.242147265596365,39.003261546019786,12,0,1,2.4370771046661974,6.619545064261989,1.4029830060751038,Head,Open Play,Normal,Regular Play,Left Wing,1,0,1,1,High Pass,,15.754364,1,1,1,427.73874745274765,0.7894727076204797,0.14346907515556878,0.18776856,0
3788763,Kylian Mbappé Lottin,France,25,1,0,0,29.276953393411684,15.166204432006937,3,1,9.360210329481689,2.23054501857904,18,1,0,1.1858465267182716,28.203432823577145,0.7279747349031922,Right Foot,Free Kick,Normal,From Free Kick,Left Wing,1,0,1,1,,,,0,0,0,444.02026031082085,0.14707338468098657,0.3197125808721633,0.045989424,0
3788763,Karim Benzema,France,30,1,0,7,14.106027080648893,30.177329538788396,0,1,2.8748409064719125,23.72095488053498,10,0,1,3.528982788293676,10.65479148303606,1.7597192221674476,Right Foot,Open Play,Half Volley,Regular Play,Center Forward,1,0,1,1,Low Pass,,10.440307,1,1,1,425.6822276958149,0.7860521538211417,0.20380231017815872,0.18281204,0
3788763,Kylian Mbappé Lottin,France,32,1,0,12,14.566399692442875,22.7834980811664,2,1,1.152165457460993,0.0,16,0,4,3.1240186283332867,11.443548334204237,2.2618848387239083,Right Foot,Open Play,Normal,Regular Play,Left Wing,1,0,1,1,Ground Pass,,26.48018,1,1,1,331.8735394422751,0.0,0.07909747650675428,0.09357176,0
3788763,Paul Pogba,France,36,1,0,11,20.208166665979377,7.664073637514668,0,1,1.7388068906577911,4.824638089689249,15,0,2,5.7389042877459655,14.599941176517277,5.673193688518921,Right Foot,Open Play,Normal,From Throw In,Right Center Midfield,1,0,1,1,Ground Pass,,9.80051,1,1,1,154.8768774072352,0.6295135352136046,0.0860447619716581,0.0084506925,0
3788763,Roland Sallai,Hungary,42,1,0,3,27.93510336476312,11.880044536054195,1,0,2.438710513636861,0.0,11,1,1,,,,Right Foot,Open Play,Normal,Regular Play,Right Center Forward,1,0,1,1,Ground Pass,,25.53625,1,1,1,331.87027209266324,0.0,0.08729914050409458,0.0086317565,0
3788763,Attila Fiola,Hungary,46,1,0,9,13.12440474840669,28.715690670004765,0,1,0.7009699908899113,20.120870539769122,9,0,3,5.186373159264756,8.007083482551796,2.4423200821435245,Right Foot,Open Play,Normal,From Goal Kick,Left Wing Back,1,0,1,1,,,,0,0,0,376.8763469831882,0.700692550668355,0.053409659662851335,0.3635889,1
3788763,Lucas Digne,France,48,2,-1,4,22.42431715794262,12.148193373281607,2,1,2.81147149048443,2.7970505738160383,18,0,1,3.1630040920247184,19.302835784195167,2.2613234486166505,Left Foot,Open Play,Half Volley,From Free Kick,Left Back,1,0,1,1,,,,0,0,0,272.4149410984836,0.2302441595939518,0.1253760134893836,0.010350587,0
3788763,Antoine Griezmann,France,49,2,-1,3,38.1241393345476,8.73268333441143,2,1,7.421692284138558,4.7257849693445975,20,0,0,3.3406643966958836,35.70471046693583,0.10396061394313705,Left Foot,Open Play,Normal,From Corner,Right Wing,1,0,1,1,Low Pass,,22.99239,1,1,1,332.9260362055831,0.5411606934975512,0.19467173328193974,0.0051239184,0
3788763,Paul Pogba,France,50,2,-1,10,28.10160137785745,16.201322836321083,1,0,2.084196952696054,7.593271513331504,16,1,2,,,,Right Foot,Open Play,Normal,Regular Play,Right Center Midfield,1,0,1,1,,,,0,0,0,455.2831161402739,0.4686821928088773,0.07416648342105832,0.02896794,0
3788763,Roland Sallai,Hungary,57,2,1,16,27.122868579853424,12.656036898440401,1,1,4.16573974814921,1.0846344294268961,15,0,2,2.9908035880575223,24.140619974387917,2.149610631642247,Right Foot,Open Play,Normal,From Free Kick,Right Center Forward,1,0,1,1,Ground Pass,,13.81919,1,1,1,343.26802553817475,0.0857009534762462,0.15358772748851046,0.017003974,0
3788763,Ousmane Dembélé,France,58,2,-1,4,21.875328568960974,15.65276791662757,1,1,2.3907879583639686,4.6712084052306695,10,1,2,4.568371563819747,17.36449770585245,3.516073191303718,Right Foot,Open Play,Normal,From Throw In,Right Wing,1,0,1,1,Ground Pass,,37.702255,1,1,1,342.4094411899188,0.2984269894060433,0.10929152221998033,0.025952728,0
3788763,Antoine Griezmann,France,65,2,-1,2,9.213576938409972,46.89321986849257,2,1,4.1657236887074065,17.65844464733103,11,1,3,1.8802331808195372,7.337678741151719,0.011855309745328668,Left Foot,Open Play,Normal,From Counter,Center Attacking Midfield,1,0,1,1,,,,0,0,0,432.05428914813143,0.3765671177379673,0.4521288221234851,0.37610614,1
3788763,Kylian Mbappé Lottin,France,68,2,0,1,11.844407963254223,26.36370956059709,1,1,0.333009642934022,0.0,15,0,1,3.55772984409367,8.368332733375242,3.073545869159055,Right Foot,Open Play,Volley,From Free Kick,Left Wing,1,0,1,1,High Pass,,35.61306,1,1,1,312.2625314604577,0.0,0.02811534725645573,0.16759205,0
3788763,N'Golo Kanté,France,71,2,0,6,26.75761573832765,16.909955168751125,2,0,7.115335268248666,6.247948294671027,14,1,0,,,,Right Foot,Open Play,Normal,Regular Play,Left Defensive Midfield,1,0,1,1,,,,0,0,0,452.47008255779014,0.3694834334166047,0.26591813477822873,0.025959449,0
3788763,Roland Sallai,Hungary,73,2,0,23,20.593688353473738,20.526806400389006,2,0,1.2727218718856714,0.0,11,0,2,,,,Left Foot,Open Play,Normal,From Goal Kick,Right Center Forward,1,0,1,1,Ground Pass,,18.282232,1,1,1,422.7226539017012,0.0,0.06180155055473533,0.05824467,0
3788763,Kylian Mbappé Lottin,France,81,2,0,5,13.85929291125633,24.001122390789458,1,1,0.49457674740762964,0.0,9,0,3,4.876349070706076,9.001312945197489,3.19874446766341,Left Foot,Open Play,Normal,Regular Play,Left Wing,1,0,1,1,Ground Pass,,8.988882,1,1,1,332.63858541286396,0.0,0.03568556856215522,0.15709803,0
3788763,Corentin Tolisso,France,81,2,0,11,27.762564723022255,16.30648467706004,2,1,5.423113167387805,7.055311642165169,15,0,0,2.2458587997091612,25.763228921687382,1.1976137118757748,Right Foot,Open Play,Normal,Regular Play,Right Defensive Midfield,1,0,1,1,Ground Pass,,38.710464,1,1,1,452.70983625185005,0.43266907502697866,0.1953390553607844,0.026916401,0
3788763,Raphaël Varane,France,94,2,0,6,6.879680225126745,55.97216774701977,0,1,1.7637829340162767,40.58010327294132,14,3,3,2.40917339256003,4.480368403783061,1.4403652854803113,Head,Open Play,Normal,Regular Play,Right Center Back,1,0,1,1,High Pass,,32.93706,1,1,1,385.0706156066489,0.72500503207868,0.2563757146116166,0.16244394,0
3795506,Luke Shaw,England,1,1,0,5,11.500000000000004,25.400177603160117,0,1,5.128394462276205,18.631492941563412,12,0,0,1.360768441285708,10.163707772739722,1.2162455458731642,Left Foot,Open Play,Half Volley,Regular Play,Left Wing Back,1,1,0,1,High Pass,,30.442404,1,1,1,292.10204243634143,0.7335182152130073,0.4459473445457568,0.15388688,1
3795506,Lorenzo Insigne,Italy,7,1,-1,0,29.001551682625536,13.625563855167957,4,1,11.377210633908422,1.6448314418464467,19,1,0,1.271496067590308,28.182144362529435,0.40246632526873327,Right Foot,Free Kick,Normal,From Free Kick,Left Wing,1,1,0,1,,,,0,0,0,395.16249435056795,0.1207165779948687,0.3922966177262979,0.040015962,0
3795506,Lorenzo Insigne,Italy,27,1,-1,25,31.903918254659573,14.290821598533837,1,0,2.642364365308188,9.451187564559023,17,0,2,,,,Right Foot,Open Play,Normal,From Free Kick,Left Wing,1,1,0,1,Ground Pass,,8.228001,1,1,1,455.933204071547,0.6613466902090965,0.08282256568665418,0.021385299,0
3795506,Federico Chiesa,Italy,34,1,-1,7,25.04096643502402,17.511655912603185,0,1,2.534530128071519,14.103204745415756,11,0,3,4.868827097047759,20.174874541220547,1.1805934169403827,Left Foot,Open Play,Normal,From Throw In,Right Wing,1,1,0,1,,,,0,0,0,438.5087879291863,0.8053610015981209,0.10121534784402532,0.060877036,0
3795506,Ciro Immobile,Italy,45,1,-1,3,13.693794214898947,32.388114853400936,0,1,3.0105518145280126,26.77718692453763,14,1,3,1.7979116747858375,12.258652695088912,1.1894443510931296,Right Foot,Open Play,Half Volley,From Throw In,Center Forward,1,1,0,1,Low Pass,,29.832869,1,1,1,443.5161798109844,0.8267596630967817,0.2198478936723403,0.10683076,0
3795506,Marco Verratti,Italy,45,1,-1,4,19.309324172533845,23.39691866130558,1,1,2.379186833390805,13.463204776134797,17,0,2,3.0430568448745867,16.71110632486584,1.5543096183228258,Left Foot,Open Play,Normal,From Throw In,Left Center Midfield,1,1,0,1,Ground Pass,,10.715409,1,1,1,451.77868706955604,0.5754264042641045,0.12321440212677308,0.06580821,0
3795506,Leonardo Bonucci,Italy,48,1,-1,16,34.05950674921761,12.68938057029183,0,1,3.430232059020479,10.539077519863278,18,0,1,2.0887991885790482,31.976409370418967,0.820277099815307,Right Foot,Open Play,Normal,Regular Play,Right Center Back,1,1,0,1,Ground Pass,,8.637708,1,1,1,432.1940431772454,0.8305431034622127,0.10071291062074102,0.011337754,0
3795506,Lorenzo Insigne,Italy,50,2,-1,0,22.429444932944733,20.032959468614003,5,1,7.8495551532841255,3.5416877580614496,19,1,0,3.2904546795524703,19.176315480149086,0.9171572162855668,Right Foot,Free Kick,Normal,From Free Kick,Left Wing,1,1,0,1,,,,0,0,0,449.32816124519155,0.17679303767425256,0.3499665362540725,0.08221463,0
3795506,Lorenzo Insigne,Italy,52,2,-1,5,21.542516101885592,14.226234652923912,2,1,2.815847815755267,1.0961855643924299,15,0,2,4.327186500502996,17.305780424136348,3.7193900160343887,Right Foot,Open Play,Normal,Regular Play,Left Wing,1,1,0,1,Ground Pass,,11.997083,1,1,1,306.46888907981617,0.07705380876500102,0.1307111853804672,0.03492401,0
3795506,Harry Maguire,England,55,2,1,1,9.353608929178082,46.14270074436527,0,1,0.8564956513579846,40.26892624768498,15,3,4,4.594676795334433,5.95690063283305,2.8195866350432652,Head,Open Play,Normal,From Free Kick,Left Center Back,1,1,0,1,High Pass,,37.78783,1,1,1,431.6007776988871,0.8727041460095383,0.09156846922327405,0.06142911,0
3795506,Federico Chiesa,Italy,56,2,-1,6,22.687661845152753,11.514586984098464,1,1,1.2326561315813105,1.3535777452154514,14,0,2,4.435021709328953,18.252986646941565,3.7026596025408836,Left Foot,Open Play,Normal,From Goal Kick,Right Wing,1,1,0,1,High Pass,,53.52803,1,1,1,261.23905578182325,0.11755330409025781,0.05433156311983154,0.0068623545,0
3795506,Lorenzo Insigne,Italy,56,2,-1,6,10.413932974625867,10.299392584672846,0,1,1.1723811302088674,9.748925381242202,14,0,4,5.700566879275091,4.843618862338837,5.35889776218923,Left Foot,Open Play,Normal,From Goal Kick,Left Wing,1,1,0,1,,,,0,0,0,107.2571840561417,0.9465534303207523,0.1125781328788499,0.018492565,0
3795506,Federico Chiesa,Italy,61,2,-1,12,17.07922714879101,25.313113298944206,2,1,1.5990625909651177,0.0,16,0,4,2.9959016578010798,14.152470290205336,1.433371125518157,Right Foot,Open Play,Normal,From Throw In,Left Wing,1,1,0,1,Ground Pass,,15.316005,1,1,1,432.32841187575065,0.0,0.09362616803643313,0.059489787,0
3795506,John Stones,England,63,2,1,1,7.256031973468698,57.53202603075195,1,0,1.5311859384130044,40.486694710431394,17,3,5,4.208326902861094,6.388264015916556,3.401891838682644,Head,Open Play,Normal,From Corner,Center Back,1,1,0,1,High Pass,Inswinging,41.85236,1,1,1,417.4542203775696,0.7037244731967286,0.21102249053087224,0.10482331,0
3795506,Leonardo Bonucci,Italy,66,2,-1,2,2.343074902771994,131.2129562562385,1,0,1.0316686357055855,60.089165386927995,13,2,5,4.3700877583837,2.4376805713359624,4.213672405541104,Left Foot,Open Play,Half Volley,From Corner,Right Center Back,1,1,0,1,,,,0,0,0,307.44178472251195,0.4579514637989194,0.44030544413456923,0.81881315,1
3795506,Domenico Berardi,Italy,72,2,0,2,13.91294361377204,32.05611153808523,0,0,2.076281581794226,32.05611153808523,8,0,2,12.539823962389269,2.2984892205017005,2.2795644324360964,Left Foot,Open Play,Volley,From Throw In,Right Wing,1,1,0,1,High Pass,Through Ball,51.950745,1,1,1,445.9948723061671,1.0,0.1492338098559511,0.20038714,0
3795506,Luke Shaw,England,84,2,0,1,27.320688131890094,14.080162694606132,3,0,3.412677962091409,0.0,19,1,1,,,,Left Foot,Open Play,Half Volley,From Free Kick,Left Back,1,1,0,1,,,,0,0,0,384.6797338256074,0.0,0.12491185967266902,0.013925001,0
3795506,Kalvin Phillips,England,96,3,0,1,26.847718711279743,15.480496698253004,1,1,7.498344877535676,10.424477896281196,20,0,0,3.828872760790053,24.427271196601975,3.6456688164615016,Right Foot,Open Play,Half Volley,From Corner,Center Defensive Midfield,1,1,0,1,,,,0,0,0,415.61602086559145,0.673394277940553,0.279291695438739,0.017626612,0
3795506,Andrea Belotti,Italy,98,3,0,10,29.05236651290218,13.578821390093818,0,1,4.097907773285249,10.790156392859334,14,0,2,4.395240923219938,24.657577142585804,2.1889050857949996,Right Foot,Open Play,Normal,From Throw In,Center Forward,1,1,0,1,Ground Pass,,22.412943,1,1,1,394.49689583824147,0.7946312925752964,0.14105246026912696,0.023924677,0
3795506,Andrea Belotti,Italy,102,3,0,10,12.912397143830418,34.1906374080624,2,1,0.7686388553650499,12.543713918353056,11,0,1,4.174354502076299,9.908858181049839,2.058377670325065,Right Foot,Open Play,Half Volley,From Throw In,Center Forward,1,1,0,1,,,,0,0,0,441.4830888136064,0.3668756966606056,0.05952720062767802,0.14018402,0
3795506,Manuel Locatelli,Italy,104,3,0,12,19.6596032513375,22.83365417791753,1,1,1.5968536794912385,14.946374649205204,12,1,3,2.343838783039837,17.455030833032527,1.0260706353490079,Left Foot,Open Play,Normal,Regular Play,Left Center Midfield,1,1,0,1,Ground Pass,,8.962701,1,1,1,448.9005819161036,0.6545765532202844,0.08122512235248694,0.042237855,0
3795506,Federico Bernardeschi,Italy,106,4,0,0,30.765077604322734,14.785836220636751,3,0,10.408587074550876,4.255438714897841,21,0,0,,,,Left Foot,Free Kick,Normal,From Free Kick,Left Wing,1,1,0,1,,,,0,0,0,454.88739877269563,0.2878050758440351,0.33832474627297504,0.030845515,0
3795506,Bryan Cristante,Italy,120,4,0,1,9.323089616645337,31.34714264321321,0,0,0.7595286384474466,31.34714264321319,15,1,4,9.304835237626673,0.7595286384474466,7.998914943981504,Head,Open Play,Normal,From Corner,Right Center Midfield,1,1,0,1,High Pass,Outswinging,36.538338,1,1,1,292.25222008844133,0.9999999999999993,0.08146748231309424,0.1226583,0
3788769,Aleksandr Golovin,Russia,17,1,0,1,15.966527487215247,25.428894208678333,1,1,2.9347427328571536,17.95857894727249,13,0,2,5.1602354514022,10.812530378398415,2.5430011482664767,Right Foot,Open Play,Normal,From Counter,Left Wing,1,0,0,1,Ground Pass,,11.672618,1,1,0,406.0111383523512,0.7062272861689602,0.18380594873913988,0.17547889,0
3788769,Mário Figueira Fernandes,Russia,17,1,0,1,28.714108030722457,15.11651031397808,5,1,0.6411517187599702,0.0,18,0,1,4.510846411521049,24.924786979884992,3.3722895074724164,Right Foot,Open Play,Half Volley,Regular Play,Right Wing Back,1,0,0,1,,,,0,0,0,434.05711020309684,0.0,0.0223288049927922,0.015760459,0
3788769,Artem Dzyuba,Russia,19,1,0,7,19.10314110297048,18.625378017827895,0,1,1.5555699961526614,13.64938363763453,15,0,3,5.3918827435080185,13.821669106749198,4.102806038040235,Right Foot,Open Play,Half Volley,Regular Play,Center Forward,1,0,0,1,High Pass,,26.436716,1,1,0,355.8032243707309,0.73283793889013,0.08143006366166532,0.02910379,0
3788769,Pierre-Emile Højbjerg,Denmark,28,1,0,18,31.42292157008957,14.49883229377128,1,1,5.276317246496694,8.380758794982478,14,0,0,2.8290011515637277,28.709162480142048,0.867331678802131,Right Foot,Open Play,Normal,From Free Kick,Right Defensive Midfield,1,0,0,1,Ground Pass,,27.209005,1,1,0,455.5956700250568,0.5780299147665061,0.16791300690254862,0.023192458,0
3788769,Aleksandr Golovin,Russia,33,1,0,5,21.16837263466419,21.338117575746786,2,1,4.711504935066921,7.695387322131186,16,1,1,3.1445031644866575,18.045661525705388,0.5911376948403273,Right Foot,Open Play,Normal,From Throw In,Left Wing,1,0,0,1,Low Pass,,8.778382,1,1,0,451.69322416568525,0.3606404030165189,0.22257284564953347,0.0638635,0
3788769,Mikkel Damsgaard,Denmark,37,1,0,4,24.9339126492414,18.204778055924848,0,1,1.444397920458817,14.872863156149776,16,0,2,4.326488055599975,20.638169480038947,0.6920019583674915,Right Foot,Open Play,Normal,From Throw In,Left Attacking Midfield,1,0,0,1,Ground Pass,,26.566896,1,1,0,453.91634584525684,0.8169758022020663,0.0579290519212901,0.047257464,1
3788769,Jannik Vestergaard,Denmark,40,1,1,1,9.827003612495515,43.62766867275933,1,1,1.8341312827734493,27.173670470142973,15,1,5,2.9471279578158507,7.138302572131149,1.592603722755868,Head,Open Play,Normal,From Corner,Left Center Back,1,0,0,1,High Pass,Outswinging,48.39029,1,1,0,428.72925765196334,0.6228540579137096,0.18664196688004284,0.054203264,0
3788769,Yussuf Yurary Poulsen,Denmark,56,2,1,3,26.520369529853838,13.92379967361567,0,1,4.728309740305131,11.060417198720529,13,0,1,2.7108822643309023,24.014287815712123,0.7152247991924909,Right Foot,Open Play,Normal,Regular Play,Center Forward,1,0,0,1,,,,0,0,0,369.2643126039458,0.7943533703432268,0.17828973819472985,0.023781097,0
3788769,Yussuf Yurary Poulsen,Denmark,58,2,1,3,11.629703349613012,37.40803162928293,0,0,3.8111454599141465,37.40803162928293,5,0,1,8.901473411510835,3.8111454599141465,0.5623464355333425,Left Foot,Open Play,Normal,From Keeper,Center Forward,1,0,0,1,,,,0,0,0,435.0443107415012,1.0,0.32770788259538586,0.93048674,1
3788769,Joakim Mæhle,Denmark,62,2,2,2,16.32176461048253,17.05126185555349,0,0,5.555655532862323,17.0512618555535,14,0,0,4.5987408531231155,15.0292820515138,0.9382406445280225,Left Foot,Open Play,Normal,Regular Play,Left Wing Back,1,0,0,1,,,,0,0,0,278.3066823180436,1.0000000000000004,0.3403832652563955,0.08552934,0
3788769,Artem Dzyuba,Russia,69,2,-2,0,11.900420160649796,37.156345075648375,0,1,9.535404588792424,30.277257206979144,17,0,0,2.035985926555097,10.00078065619462,0.654974141190678,Right Foot,Penalty,Normal,Other,Right Center Forward,1,0,0,1,,,,0,0,0,442.1761180343067,0.8148610189009773,0.8012662124588183,0.7835,1
3788769,Simon Thorup Kjær,Denmark,73,2,1,1,5.1,74.461114645988,2,0,0.7975643957998946,7.386746388491238,17,2,6,,,,Right Foot,Open Play,Backheel,From Corner,Center Back,1,0,0,1,,,,0,0,0,379.7516846945388,0.0992027372086786,0.15638517564703816,0.14482306,0
3788769,Jannik Vestergaard,Denmark,73,2,1,2,7.3999999999999995,55.31123134814748,2,0,1.3312802438493625,16.20198766418265,17,3,5,7.439171621723536,1.3312802438493625,3.6309161223313566,Left Foot,Open Play,Normal,From Corner,Left Center Back,1,0,0,1,Ground Pass,,2.7658634,1,1,0,409.30311197629135,0.2929240096320021,0.17990273565531928,0.18357,0
3788769,Andreas Christensen,Denmark,73,2,1,3,10.084145972763384,43.03316483747885,4,1,1.7152137993976984,2.5891909849670562,17,2,6,7.656517347148517,2.781771670290191,2.145392837443211,Right Foot,Open Play,Normal,From Corner,Right Center Back,1,0,0,1,Ground Pass,,5.108816,1,1,0,433.9527158911252,0.060167338255169504,0.17009013991173652,0.14020503,0
3788769,Pierre-Emile Højbjerg,Denmark,75,2,1,0,32.82986445296416,12.572223115336952,1,1,10.734900779102535,5.774124642232808,17,1,0,2.966833242276474,33.070765709578,2.719782788216584,Right Foot,Free Kick,Normal,From Free Kick,Right Defensive Midfield,1,0,0,1,,,,0,0,0,412.74438074893493,0.4592763419214943,0.3269858392038928,0.0121092135,0
3788769,Roman Zobnin,Russia,76,2,-1,2,19.0,23.777316079255947,2,1,1.5441781599197129,0.0,18,0,2,2.1320210465841907,17.038928755080466,0.7919304608653874,Left Foot,Open Play,Half Volley,From Free Kick,Left Defensive Midfield,1,0,0,1,High Pass,,18.56475,1,1,0,451.769005505863,0.0,0.08127253473261646,0.023243409,0
3788769,Andreas Christensen,Denmark,78,2,1,1,11.552056094046632,37.585091214112694,3,1,0.5765726941519456,0.0,18,2,5,3.6285676146952746,7.928625671403889,0.9095292978981391,Head,Open Play,Normal,From Corner,Right Center Back,1,0,0,1,High Pass,Outswinging,46.063652,1,1,0,434.1850820052891,0.0,0.04991082881332987,0.039435413,0
3788769,Martin Braithwaite Christensen,Denmark,78,2,1,4,11.067520047418029,34.94035030987054,0,1,2.455726690634621,27.403025073380697,15,1,2,2.031377774412329,9.128508519876398,0.5982343970788122,Head,Open Play,Normal,From Throw In,Right Attacking Midfield,1,0,0,1,High Pass,,32.943893,1,1,0,386.7030275183009,0.7842802041294769,0.22188590398871913,0.08205184,0
3788769,Simon Thorup Kjær,Denmark,78,2,1,5,7.653757247260986,51.53626615221563,0,1,2.14875320687806,31.344081416226434,13,0,3,5.832685902993173,2.14875320687806,3.6469741744481325,Left Foot,Open Play,Normal,From Throw In,Center Back,1,0,0,1,Ground Pass,,10.625442,1,1,0,394.4460705592914,0.6081946511928067,0.28074488613380366,0.43006232,0
3788769,Andreas Christensen,Denmark,78,2,1,5,28.104092228712883,15.595878035162556,4,1,7.834408935950761,5.079602860851426,16,0,0,3.2107678288444417,24.942096560400497,1.3836609988450945,Right Foot,Open Play,Normal,From Throw In,Right Center Back,1,0,0,1,,,,0,0,0,438.30799468796596,0.3257016276607783,0.27876399181278816,0.022169024,1
3788769,Joakim Mæhle,Denmark,81,2,2,1,18.976301009416986,22.59503189069639,1,1,5.753091777273202,7.141179725093378,10,0,0,4.933254203745136,14.056042581106976,1.3441173301651546,Right Foot,Open Play,Normal,From Counter,Left Wing Back,1,0,0,1,Ground Pass,,24.360008,1,1,0,428.7701264752309,0.31605088054926767,0.3031724557076867,0.10006145,1
3788769,Pierre-Emile Højbjerg,Denmark,92,2,3,1,22.553491969094278,11.830971488264094,0,1,2.490044986427802,8.07795914430886,18,0,2,5.004359967927209,17.67918424352721,3.44785773723671,Right Foot,Open Play,Normal,From Corner,Right Center Midfield,1,0,0,1,,,,0,0,0,266.8297204471476,0.682780712667756,0.11040618409956138,0.011427089,0
3788766,Andrea Belotti,Italy,11,1,0,15,5.685068161420763,65.12584608587231,0,0,2.302394742386742,65.12584608587231,11,0,1,7.561810515364392,2.3023947423867424,5.873689858367172,Right Foot,Open Play,Volley,Regular Play,Center Forward,1,0,1,1,High Pass,,45.05652,1,1,1,370.2448740683817,1.0,0.40498982193581073,0.3555434,0
3788766,Emerson Palmieri dos Santos,Italy,14,1,0,3,31.935560117211033,12.926070230821958,1,0,3.496309518528338,5.5291514479797605,17,0,1,,,,Left Foot,Open Play,Normal,Regular Play,Left Back,1,0,1,1,Ground Pass,,37.100136,1,1,1,412.80129293570656,0.42775192686139124,0.10948013768025543,0.016247991,0
3788766,Rafael Tolói,Italy,16,1,0,11,25.58378392654222,15.875923656787414,2,1,4.511797628720133,6.084502774959796,15,1,1,3.4014276863915787,22.189217156176763,1.38766727382432,Right Foot,Open Play,Volley,Regular Play,Right Back,1,0,1,1,,,,0,0,0,406.16620046952926,0.38325346647522435,0.1763538044909499,0.02109447,0
3788766,Andrea Belotti,Italy,23,1,0,11,13.759360450253498,18.858357677720843,0,1,3.483439033193062,10.214930648671542,11,0,1,5.800621497068699,7.962139813160531,4.96987534010848,Right Foot,Open Play,Normal,From Free Kick,Center Forward,1,0,1,1,Ground Pass,,17.014406,1,1,1,259.47894078756656,0.5416659723629806,0.2531686734850299,0.17406715,0
3788766,Chris Gunter,Wales,26,1,0,1,10.855873986004074,36.14760567415689,3,1,1.2352868929653906,5.6802830000518325,17,1,3,2.3635100935239426,8.493230008009808,1.2673464779444927,Head,Open Play,Normal,From Corner,Left Center Back,1,0,1,1,High Pass,Inswinging,35.39336,1,1,1,392.4138520944131,0.157141334650357,0.11378972292401175,0.060002,0
3788766,Federico Chiesa,Italy,28,1,0,17,11.645600027478185,15.333715910375592,0,1,2.719368612679132,6.228773506129608,15,0,1,4.106593098632329,7.55933750661811,3.9470735964459323,Right Foot,Open Play,Half Volley,Regular Play,Right Wing,1,0,1,1,High Pass,,32.633266,1,1,1,178.57032242721266,0.4062142237756534,0.23351039072805957,0.05186435,0
3788766,Joe Rodon,Wales,33,1,0,1,15.663013758533188,22.3737261421599,0,1,1.501981784497801,16.867288050449606,14,1,3,3.1724557025890907,12.49108794874196,2.0469211347082634,Head,Open Play,Normal,From Free Kick,Right Center Back,1,0,1,1,High Pass,,60.883003,1,1,1,350.43998039430414,0.7538881965067837,0.09589353668795211,0.020250915,0
3788766,Federico Bernardeschi,Italy,36,1,0,3,26.064727123068067,16.078318487434736,1,1,2.9008743240479222,11.855708562965718,17,0,2,4.26944058439107,21.848320820886677,1.122686935355354,Left Foot,Open Play,Normal,Regular Play,Left Wing,1,0,1,1,Ground Pass,,11.360018,1,1,1,419.07698397276687,0.7373724169123157,0.11129501990759616,0.03371247,0
3788766,Matteo Pessina,Italy,38,1,0,1,11.763077828527697,34.7211969549479,0,1,1.6561901322596408,27.160139346495477,17,2,2,2.669732261567431,9.099897687845734,1.303441108654674,Right Foot,Open Play,Volley,From Free Kick,Right Center Midfield,1,0,1,1,Low Pass,,22.132555,1,1,1,408.42814208069103,0.7822351107807951,0.14079564518761112,0.15803093,1
3788766,Matteo Pessina,Italy,41,1,1,20,10.978615577567142,38.24837482079824,1,1,3.5835342966310586,26.056892641086286,19,0,3,2.7603332952321336,8.236735106289522,1.2095408778839385,Left Foot,Open Play,Half Volley,Regular Play,Right Center Midfield,1,0,1,1,Low Pass,,21.246176,1,1,1,419.9142036242424,0.6812548967941348,0.32641039950004047,0.18093513,0
3788766,Federico Bernardeschi,Italy,52,2,1,0,29.986663702386092,15.00891367665869,3,1,11.13473698275548,4.4861883014283475,18,1,0,1.3425095340928166,29.294732713723214,1.0079467623812732,Left Foot,Free Kick,Normal,From Free Kick,Left Wing,1,0,1,1,,,,0,0,0,450.0672469601073,0.2989015992813059,0.3713229685458296,0.03846517,0
3788766,Andrea Belotti,Italy,54,2,1,10,20.550669088864232,9.280898457225799,0,1,4.080764440257577,4.669898771291018,9,0,2,5.65976539071407,14.915093820357589,5.3414080404030315,Right Foot,Open Play,Half Volley,From Throw In,Center Forward,1,0,1,1,High Pass,Through Ball,44.91347,1,1,1,190.72867304179798,0.5031731348870851,0.19857087974176066,0.0100572575,0
3788766,Federico Chiesa,Italy,57,2,1,11,23.193102422918763,14.110610604650274,1,1,4.090044095946323,8.187426026628449,15,1,2,3.9219218606080926,19.30310540479787,2.4323142716135635,Left Foot,Open Play,Normal,From Free Kick,Right Wing,1,0,1,1,Ground Pass,,22.474207,1,1,1,327.26883700357746,0.5802318734477877,0.17634743387778332,0.032561403,0
3788766,Andrea Belotti,Italy,64,2,1,2,11.1198021565134,28.807728923445662,1,0,2.0202841942927794,19.911265180617274,13,0,2,5.379427777797159,7.853344806425403,5.3782953704408385,Right Foot,Open Play,Normal,Regular Play,Center Forward,1,0,1,1,Ground Pass,,7.8517513,1,1,1,320.3362462071845,0.6911778860988986,0.18168346575387606,0.10914474,0
3788766,Rafael Tolói,Italy,65,2,1,1,12.111564721372709,13.094794767824467,2,1,0.71014579189728,0.0,18,1,3,3.47785922296321,8.707543605930326,3.441579488918535,Head,Open Play,Diving Header,From Corner,Right Back,1,0,1,1,High Pass,Inswinging,29.338371,1,1,1,158.59845434359875,0.0,0.05863369500425648,0.032303207,0
3788766,Federico Bernardeschi,Italy,66,2,1,8,27.223886570436633,13.343706423749364,1,1,2.1627812016620487,9.609672735450506,17,0,2,2.969300266913156,24.351146957409185,1.2076549790003455,Left Foot,Open Play,Normal,Regular Play,Right Wing,1,0,1,1,Ground Pass,,24.060133,1,1,1,363.2675501093593,0.720165179769471,0.0794442481996927,0.025837794,0
3788766,Emerson Palmieri dos Santos,Italy,67,2,1,14,12.8809937504837,29.02863846163009,1,1,1.6818366719907256,24.409094080473217,12,0,2,3.7371832278549806,9.807175107048051,0.4263055206325461,Left Foot,Open Play,Normal,Regular Play,Left Back,1,0,1,1,Ground Pass,,6.670832,1,1,1,373.91771060930796,0.8408625197057394,0.1305673075051038,0.04872338,0
3788766,Gareth Frank Bale,Wales,74,2,-1,2,11.423659658795868,34.67172819225764,0,1,6.172497138932895,26.955262015342967,15,0,0,2.7865933646722927,8.916895785243627,0.3529791990763158,Left Foot,Open Play,Volley,From Free Kick,Right Wing,1,0,1,1,High Pass,Through Ball,27.218376,1,1,1,396.078022650629,0.7774421241962264,0.5403257207667476,0.16048999,0
3788766,Federico Chiesa,Italy,82,2,1,34,15.861904047118683,11.888658039627998,1,0,1.2417006801147874,0.0,15,0,1,,,,Right Foot,Open Play,Normal,From Free Kick,Right Wing,1,0,1,1,Ground Pass,,7.3348484,1,1,1,188.57675307358542,0.0,0.07828194373299985,0.015687708,0
3788766,Federico Chiesa,Italy,83,2,1,2,18.317205026968495,13.515264082638248,1,1,2.3596845269018307,5.274408329738322,18,0,2,3.987334410903269,14.330534883672753,3.4291421533567714,Left Foot,Open Play,Normal,From Corner,Right Wing,1,0,1,1,High Pass,,13.090837,1,1,1,247.56186319530806,0.3902556618567183,0.12882339436762638,0.028660938,0
3788766,Marco Verratti,Italy,87,2,1,21,25.30019762768662,17.167218535508052,0,1,1.8013360074383926,14.013036581534113,15,0,2,3.5107262009389926,21.80077725638364,0.8165811434563182,Right Foot,Open Play,Normal,From Throw In,Left Center Midfield,1,0,1,1,Low Pass,,25.804844,1,1,1,434.3340216660386,0.8162671519879622,0.07119849551954277,0.044047162,0
3788766,Giacomo Raspadori,Italy,87,2,1,23,19.96246477767713,21.152854670812648,0,1,1.762234117694695,16.667362252362473,15,0,2,4.6408254507655435,15.332206553720564,1.9947369027533526,Right Foot,Open Play,Normal,From Throw In,Left Wing,1,0,1,1,Ground Pass,,6.8963757,1,1,1,422.26311631342065,0.7879486013469665,0.08827738144165942,0.08828668,0
3788766,Andrea Belotti,Italy,87,2,1,23,18.233211456021667,24.587706598041905,1,1,0.8155434456920587,0.0,16,0,2,3.5393514227419964,14.707482961519702,0.14914497911293978,Right Foot,Open Play,Normal,From Throw In,Center Forward,1,0,1,1,,,,0,0,0,448.3128536207172,0.0,0.044728458706198945,0.044036604,0
3788766,Bryan Cristante,Italy,91,2,1,31,29.471681322924212,13.86249191282992,1,1,4.720554599223147,2.2861990811735566,20,0,2,4.862867877936315,24.729037917425263,3.027363819597916,Right Foot,Open Play,Normal,From Throw In,Center Defensive Midfield,1,0,1,1,Ground Pass,,27.902866,1,1,1,408.5509439965375,0.16491977745052092,0.16017255844685443,0.019817227,0
3788764,Kai Havertz,Germany,9,1,0,1,24.501836665850174,18.542542540031718,0,1,2.4242470699866785,15.595500211346884,16,0,3,2.213863476463864,23.33272056346019,1.8482306726689757,Left Foot,Open Play,Normal,Regular Play,Left Attacking Midfield,1,1,0,1,Ground Pass,,10.111875,1,1,1,454.3263486854358,0.8410658990091338,0.09894144275990181,0.057140246,0
3788764,Toni Kroos,Germany,11,1,0,7,15.953056133543823,26.55544101622997,3,1,2.055153801639048,13.647880210866786,15,0,1,3.427720974005212,13.78010136829943,3.1470443534621566,Right Foot,Open Play,Normal,From Free Kick,Left Defensive Midfield,1,1,0,1,Ground Pass,,17.84657,1,1,1,423.6404411829287,0.5139391284266591,0.12882508432461176,0.11620278,0
3788764,Thomas Müller,Germany,12,1,0,3,25.403149411047437,16.02905265089393,1,1,4.213249643860452,9.053507389716403,11,0,1,0.9521414190098717,24.458380557075476,0.5347753641242008,Right Foot,Open Play,Half Volley,Regular Play,Right Attacking Midfield,1,1,0,1,Low Pass,,9.759098,1,1,1,407.18841940820454,0.5648186194716563,0.16585540539426877,0.02309192,0
3788764,Cristiano Ronaldo dos Santos Aveiro,Portugal,14,1,0,2,5.08035431835221,73.34884554531322,0,0,2.0183729215345316,73.34884554531322,6,0,1,6.003094673961125,6.268734573370819,3.190894405559625,Left Foot,Open Play,Normal,From Counter,Center Forward,1,1,0,1,Ground Pass,,8.352844,1,1,1,372.6381242122813,1.0,0.39728979418687116,0.9310337,1
3788764,Robin Gosens,Germany,17,1,-1,4,20.8585713796511,12.694306657443073,0,1,3.781828490863946,8.895133738674714,14,0,1,2.8490009798091873,18.10065882598354,1.9077230237557785,Left Foot,Open Play,Normal,Regular Play,Left Wing Back,1,1,0,1,High Pass,,44.60852,1,1,1,264.7851015294565,0.7007183597112187,0.18130812614297098,0.024290694,0
3788764,Diogo José Teixeira da Silva,Portugal,21,1,1,3,27.954606060540364,15.48047776006263,1,0,2.28494794649975,12.92645160958955,11,0,2,,,,Right Foot,Open Play,Normal,Regular Play,Left Midfield,1,1,0,1,High Pass,,37.06926,1,1,1,432.7506574115071,0.8350163224896008,0.08173779811281597,0.023040526,0
3788764,Diogo José Teixeira da Silva,Portugal,27,1,1,1,10.183319694480767,42.6550734551583,1,1,0.8999282491539364,4.512726030767937,14,2,4,3.415381279298141,8.35233054283412,2.272037081379601,Head,Open Play,Normal,From Free Kick,Left Midfield,1,1,0,1,High Pass,,36.791985,1,1,1,434.3702495854373,0.10579576273645383,0.08837277785177326,0.091711506,0
3788764,Robin Gosens,Germany,34,1,-1,7,18.83454273402994,14.1818133170173,1,1,4.535235054621937,3.1707668793161794,13,0,1,3.5762638451132878,15.36412304201054,3.315284213109848,Left Foot,Open Play,Volley,Regular Play,Left Wing Back,1,1,0,1,High Pass,,53.21729,1,1,1,267.1079689653972,0.22357979254397992,0.24079347816752406,0.035747685,0
3788764,Kai Havertz,Germany,38,1,-1,15,5.303772242470448,67.71631419756797,0,0,6.950254984187075,67.71631419756797,14,0,0,6.267586938052455,6.950254984187075,2.897394058435083,Left Foot,Open Play,Volley,From Throw In,Left Attacking Midfield,1,1,0,1,High Pass,,18.843832,1,1,1,359.1519076034685,1.0,1.310436170039932,0.49262327,0
3788764,Kai Havertz,Germany,39,1,-1,6,16.120794025109305,17.821018235895117,2,1,4.160133043948999,0.0,11,0,2,2.672916177678266,13.642839764449766,2.552340775394164,Right Foot,Open Play,Normal,From Kick Off,Left Attacking Midfield,1,1,0,1,,,,0,0,0,287.28896429858196,0.0,0.2580600581751302,0.062279336,0
3788764,Robin Gosens,Germany,43,1,-1,5,19.553260597659918,11.480371922926212,0,1,8.4429353702109,6.387255329671517,14,0,0,6.070375381316664,13.504025708490156,5.126916370554113,Left Foot,Open Play,Normal,From Free Kick,Left Wing Back,1,1,0,1,Ground Pass,,28.0,1,1,1,224.4787039670343,0.5563631015225403,0.43179168650886435,0.018427081,0
3788764,Serge Gnabry,Germany,47,1,-1,0,17.494284781036352,23.01356968081743,0,1,1.0307035667501068,18.16181890204518,7,0,1,3.324702913719958,14.17539459982581,1.419426243469772,Left Foot,Open Play,Normal,From Counter,Center Forward,1,1,0,1,,,,0,0,0,402.60594182444396,0.7891786956103406,0.058916587882882766,0.08944119,0
3788764,Kai Havertz,Germany,50,2,-1,24,4.517742799230607,83.01606253991471,0,0,3.600991206462116,83.0160625399147,10,1,2,7.601333290397134,5.246786615931082,5.608765842238455,Right Foot,Open Play,Half Volley,Regular Play,Left Attacking Midfield,1,1,0,1,Ground Pass,,14.611297,1,1,1,375.0452187601774,0.9999999999999998,0.7970775155848584,0.72251326,1
3788764,Cristiano Ronaldo dos Santos Aveiro,Portugal,53,2,0,0,33.71913403395764,11.575271559643836,1,1,8.776731012054967,6.678899635766999,17,0,0,1.7023334866697226,32.072173475395616,0.5084970084751674,Right Foot,Free Kick,Normal,From Free Kick,Center Forward,1,1,0,1,,,,0,0,0,390.3081331990884,0.5769972308081648,0.2602893361145086,0.0065835253,0
3788764,Robin Gosens,Germany,59,2,0,19,3.605551275463989,100.61965527615513,0,1,2.79693677982731,87.71491625542667,12,1,2,1.248476879814883,2.79693677982731,0.31772583984499647,Head,Open Play,Normal,Regular Play,Left Wing Back,1,1,0,1,High Pass,,37.3343,1,1,1,362.789326417688,0.8717473342031353,0.7757306902998847,0.3783164,1
3788764,Diogo José Teixeira da Silva,Portugal,66,2,-1,2,3.080584360149871,114.32693292684691,0,0,3.0335844334599593,114.32693292684691,13,0,1,3.7491544405186246,5.448011846754119,2.920024533235484,Right Foot,Open Play,Volley,From Free Kick,Left Wing,1,1,0,1,High Pass,,12.269067,1,1,1,352.19376151834786,1.0,0.9847431781781737,0.80792505,1
3788764,Renato Júnior Luz Sanches,Portugal,78,2,0,1,29.160589843142745,13.635799792387646,2,1,4.542570230058447,6.699586670853885,20,0,2,2.0806845906337035,27.139512058640086,1.4209088167331885,Right Foot,Open Play,Normal,From Corner,Left Center Midfield,1,1,0,1,Ground Pass,,28.882002,1,1,1,397.62796492902714,0.49132333804094225,0.15577772104382365,0.019505924,0
3788764,Leon Goretzka,Germany,82,2,0,1,19.03943276465977,22.0006983505406,0,1,3.3080817531408964,18.090202979775263,8,0,2,2.297166932601953,17.585567932880377,0.9638089045749538,Right Foot,Open Play,Normal,From Counter,Left Attacking Midfield,1,1,0,1,Ground Pass,,32.396606,1,1,1,418.8808170206789,0.8222558525889135,0.17374896584530736,0.10283204,0
3788764,Marcel Halstenberg,Germany,91,2,0,15,20.33051893090779,2.651422474383996,1,1,1.857645130951287,0.0,9,0,2,5.651374653554512,14.768464316126463,5.454364082540529,Left Foot,Open Play,Normal,From Goal Kick,Left Wing Back,1,1,0,1,,,,0,0,0,53.9047948092982,0.0,0.09137224373191837,0.007639285,0
3788764,André Miguel Valente Silva,Portugal,93,2,0,1,13.93018305694509,23.980400901939337,1,1,3.0201981460349816,8.969502055018557,7,0,2,6.29667531534272,7.637782849256686,4.550190017589912,Right Foot,Open Play,Normal,From Counter,Left Center Forward,1,1,0,1,Ground Pass,,14.925146,1,1,1,334.05137434294613,0.37403469990750565,0.21680965237059244,0.055940665,0
3788755,Ben Davies,Wales,3,1,0,1,15.384407690905748,28.214602356263487,1,1,2.508244494220923,10.741984911443096,16,1,3,3.5607792757013814,14.33970680569442,2.752774539822866,Head,Open Play,Normal,From Free Kick,Left Back,1,0,1,1,High Pass,,29.8156,1,1,1,434.0649454855474,0.3807243063646592,0.16303809315347464,0.028931908,0
3788755,Aaron Ramsey,Wales,5,1,0,3,12.056948204251352,20.6671097306092,0,1,1.8946403371216198,11.682199071057992,11,0,2,4.397450447111852,7.660113449796629,3.822458976213447,Right Foot,Open Play,Normal,From Throw In,Left Center Midfield,1,0,1,1,Ground Pass,Through Ball,25.217455,1,1,1,249.18227155353426,0.5652555787109395,0.15714095350045199,0.22969127,0
3788755,Burak Yılmaz,Turkey,8,1,0,2,17.504570831642802,23.7857825311061,0,1,3.3030982819329657,18.81921411655952,11,0,2,3.8277033880822438,13.847884542998488,2.4171813290788435,Right Foot,Open Play,Normal,From Free Kick,Center Forward,1,0,1,1,Ground Pass,,21.554117,1,1,1,416.3599151017987,0.7911959210065299,0.18869918684107323,0.110252686,0
3788755,Kieffer Roberto Francisco Moore,Wales,12,1,0,11,9.34772699644143,25.730705601531206,0,0,3.9425058515267315,25.730705601531213,11,0,1,,,,Head,Open Play,Normal,From Free Kick,Center Forward,1,0,1,1,High Pass,,36.0867,1,1,1,240.52361138892,1.0000000000000002,0.42176091075697836,0.08501463,0
3788755,Cengiz Ünder,Turkey,12,1,0,2,23.527430798963152,18.36009089404679,1,0,0.9788194790294468,0.0,14,1,2,,,,Left Foot,Open Play,Half Volley,From Goal Kick,Right Midfield,1,0,1,1,Low Pass,,7.905694,1,1,1,431.9657679723594,0.0,0.041603330486581776,0.01696016,0
3788755,Gareth Frank Bale,Wales,15,1,0,8,11.920151005754915,20.84085168826812,0,0,1.0980031119548543,20.840851688268142,17,0,1,,,,Head,Open Play,Normal,From Throw In,Left Midfield,1,0,1,1,High Pass,,42.001904,1,1,1,248.42609921269826,1.000000000000001,0.09211318811521353,0.046110887,0
3788755,Aaron Ramsey,Wales,23,1,0,11,14.644111444536335,26.18849181944229,0,1,2.7499543576624434,15.689439474514664,11,0,1,8.138736050653478,6.557851256915203,5.002628832328568,Right Foot,Open Play,Normal,From Free Kick,Left Center Midfield,1,0,1,1,Low Pass,Through Ball,27.346846,1,1,1,383.50719276824105,0.5990967170880322,0.18778567536021049,0.38146818,0
3788755,Kenan Karaman,Turkey,28,1,0,12,13.641847382227965,16.50436138175504,1,1,2.581216490069511,0.0,16,1,2,3.8879650430796,10.32645065944607,3.8877651336850647,Left Foot,Open Play,Normal,From Goal Kick,Left Midfield,1,0,1,1,Ground Pass,,26.71348,1,1,1,225.1499791110393,0.0,0.18921311885017958,0.06375756,0
3788755,Kaan Ayhan,Turkey,28,1,0,1,9.918165152889928,43.87600222209635,1,0,1.5036991246208895,37.02707712276645,19,2,6,5.949594223803562,5.346629955556235,2.3727402764292833,Head,Open Play,Normal,From Corner,Right Center Back,1,0,1,1,High Pass,Outswinging,44.093082,1,1,1,435.1694362873171,0.8439027087139511,0.1516106156170172,0.052370783,0
3788755,Caglar Söyüncü,Turkey,29,1,0,1,11.618089343777656,37.22726308941734,2,1,2.042666101885735,25.175682018517062,19,2,3,4.452230194026565,9.203475169351439,2.4836195391764733,Head,Open Play,Normal,From Corner,Left Center Back,1,0,1,1,High Pass,Outswinging,42.746346,1,1,1,432.5096685971669,0.6762700217323738,0.17581773056167221,0.038008016,0
3788755,Burak Yılmaz,Turkey,36,1,0,66,13.346160496562293,31.871764561527986,0,1,2.3835727899133174,25.4811453906625,12,0,2,2.9058419893045793,10.764307205225451,0.255645092827649,Head,Open Play,Normal,Regular Play,Center Forward,1,0,1,1,High Pass,,27.073973,1,1,1,425.36568514679885,0.7994896342018188,0.17859614310252592,0.027920252,0
3788755,Aaron Ramsey,Wales,41,1,0,5,8.160882305241262,50.961492652655835,0,1,3.1101716798853123,28.715547720262595,7,0,2,5.068140654987414,3.1101716798853123,1.7361019142107352,Right Foot,Open Play,Half Volley,From Throw In,Left Center Midfield,1,0,1,1,High Pass,Through Ball,44.793972,1,1,1,415.8907436377416,0.5634754051648858,0.38110728271229066,0.42542577,1
3788755,Cengiz Ünder,Turkey,43,1,-1,5,20.48047851003487,21.33714807325396,2,1,2.361400727465043,8.986468777173314,13,0,2,3.2975072037136477,17.194335822735734,0.6579614796377058,Left Foot,Open Play,Normal,From Kick Off,Right Midfield,1,0,1,1,Ground Pass,,11.0,1,1,1,436.9950025797097,0.42116541284342596,0.11530007593855884,0.082571514,0
3788755,Cengiz Ünder,Turkey,46,2,-1,8,8.5,27.112446427955717,0,1,1.0161335515854995,24.900491340073792,14,0,1,3.4883168682356147,5.318868217813327,2.5140833557898077,Head,Open Play,Normal,Regular Play,Right Midfield,1,0,1,1,High Pass,,42.45374,1,1,1,230.4557946376236,0.9184155109809208,0.11954512371594112,0.12690696,0
3788755,Kieffer Roberto Francisco Moore,Wales,47,2,1,1,10.282509421342633,34.81550801145601,0,0,4.1878098341371075,34.81550801145601,18,0,2,,,,Head,Open Play,Normal,From Corner,Center Forward,1,0,1,1,High Pass,Outswinging,46.67344,1,1,1,357.99078913662635,1.0,0.407275078731733,0.052852236,0
3788755,Hakan Çalhanoğlu,Turkey,49,2,-1,11,29.90819285747637,14.744525925634575,2,1,4.803415847758403,7.616249444912378,17,0,1,2.74522410410382,27.398608199901766,0.3775235933639678,Right Foot,Open Play,Normal,From Throw In,Left Center Midfield,1,0,1,1,Ground Pass,,11.454257,1,1,1,440.98212497593914,0.5165475976186457,0.1606053522072852,0.021427345,0
3788755,Gareth Frank Bale,Wales,52,2,1,6,23.6027540765903,19.159620635183238,0,1,2.7363099719720765,15.944008620001169,14,0,2,2.2306234630185724,21.384408135216024,0.014610051630654652,Left Foot,Open Play,Half Volley,From Corner,Left Midfield,1,0,1,1,Low Pass,,38.872612,1,1,1,452.2198140529948,0.8321672398211701,0.11593180876658818,0.045970958,0
3788755,Burak Yılmaz,Turkey,53,2,-1,3,5.141984052872977,75.37212905062239,1,1,1.9151954439513716,35.534824531725675,18,1,6,2.1839526945164076,3.21379408205382,0.30822875697521823,Right Foot,Open Play,Volley,From Corner,Center Forward,1,0,1,1,High Pass,,4.237924,1,1,1,387.5622856093844,0.4714584154556563,0.3724623461018507,0.2866945,0
3788755,Aaron Ramsey,Wales,57,2,1,7,13.870832707519765,28.95522820805109,2,1,1.2228631432823889,0.0,14,0,3,4.206415228128499,9.74721775405146,1.3619832955841105,Right Foot,Open Play,Normal,From Free Kick,Left Center Midfield,1,0,1,1,Ground Pass,,11.314592,1,1,1,401.63312648193397,0.0,0.08816075927578887,0.18238297,0
3788755,Burak Yılmaz,Turkey,57,2,-1,7,30.563049586060618,10.321321029920208,0,0,2.1147801469764875,10.321321029920224,6,0,2,,,,Right Foot,Open Play,Normal,From Free Kick,Center Forward,1,0,1,1,,,,0,0,0,315.4510464311016,1.0000000000000016,0.06919401616064548,0.010350929,0
3788755,Gareth Frank Bale,Wales,60,2,1,0,12.0,36.86989764584404,0,1,8.159362512372137,30.57317586026857,15,0,0,1.075402757961376,10.924660477790837,0.011127275115100588,Left Foot,Penalty,Normal,Other,Left Midfield,1,0,1,1,,,,0,0,0,442.43877175012847,0.8292178121550811,0.6799468760310114,0.7835,0
3788755,Cengiz Umut Meraş,Turkey,61,2,-1,10,24.70728637467094,14.632251890470853,1,1,5.246857414983269,1.4995004836546006,15,0,0,3.304545703282125,21.436906295264272,1.6813727364856135,Left Foot,Open Play,Normal,From Goal Kick,Left Back,1,0,1,1,Ground Pass,,25.56658,1,1,1,361.5232377641836,0.10247913273220367,0.2123607317864809,0.028426662,0
3788755,Kaan Ayhan,Turkey,62,2,-1,1,8.927485648266263,48.18218245305306,3,1,1.360113535509454,18.83648495850343,18,2,2,0.5704714356030768,8.437328416554697,0.32163039198400867,Head,Open Play,Normal,From Corner,Center Defensive Midfield,1,0,1,1,High Pass,Outswinging,39.20421,1,1,1,430.14574235177776,0.3909429585689068,0.15235124301472175,0.080666155,0
3788755,Cengiz Ünder,Turkey,63,2,-1,7,18.883061192507952,17.104147588157296,2,1,1.6178196616966558,0.8694931383950963,16,0,3,4.635068283193358,14.468823796081793,4.075010232238498,Left Foot,Open Play,Normal,Regular Play,Right Midfield,1,0,1,1,Ground Pass,,7.566373,1,1,1,322.9786655528615,0.05083522191992326,0.08567570931446974,0.054027405,0
3788755,Burak Yılmaz,Turkey,70,2,-1,14,10.564563407921787,33.79779998349865,1,1,1.4420460785266842,0.0,17,0,2,1.6256008951128855,9.102504581978767,0.4713616903942537,Head,Open Play,Normal,From Free Kick,Center Forward,1,0,1,1,,,,0,0,0,357.0590009739294,0.0,0.13649840725508572,0.05782386,0
3788755,Daniel James,Wales,77,2,1,5,22.99412968563933,14.688269040279227,0,1,2.673114307592682,11.31331262518544,14,0,2,2.669433581545203,20.375041305108425,1.437368996156728,Right Foot,Open Play,Normal,From Goal Kick,Right Midfield,1,0,1,1,Ground Pass,,28.60944,1,1,1,337.7439631697417,0.7702277643581595,0.11625203232902262,0.048653733,0
3788755,Gareth Frank Bale,Wales,78,2,1,8,7.3239333694402236,51.89764026143892,0,0,2.933944419725958,51.897640261438916,14,0,2,5.976741441766933,10.486462239634717,5.565459442505102,Head,Open Play,Normal,From Throw In,Left Midfield,1,0,1,1,High Pass,,21.572668,1,1,1,380.09485930595696,0.9999999999999999,0.4005968202780363,0.20517117,0
3788755,Merih Demiral,Turkey,86,2,-1,1,8.54458893101359,44.487946229240215,0,0,1.6951743049906658,44.48794622924021,19,2,1,4.0681805789780565,7.899061762333222,2.1562574878114518,Head,Open Play,Normal,From Corner,Right Center Back,1,0,1,1,High Pass,Inswinging,44.916145,1,1,1,380.13121291389376,0.9999999999999999,0.19839155735600472,0.06509848,0
3788755,İbrahim Halil Dervişoğlu,Turkey,89,2,-1,21,22.12193481592422,20.139219605962754,1,1,2.0592587865405267,11.958542351556856,13,1,3,3.629707190302966,18.527544654480792,1.1531911013340874,Right Foot,Open Play,Normal,From Throw In,Left Midfield,1,0,1,1,Low Pass,,5.507268,1,1,1,445.5185033666911,0.5937937311143978,0.09308673963988869,0.053815536,0
3788755,Harry Wilson,Wales,92,2,1,2,10.089598604503548,36.02737338510361,1,1,1.0904408673953165,7.306760832498888,11,0,3,5.672258845513188,4.481724774480705,4.018207191060078,Left Foot,Open Play,Normal,Regular Play,Left Center Midfield,1,0,1,1,Ground Pass,,17.78595,1,1,1,363.5017362302696,0.2028113666349056,0.10807574316272525,0.061798666,0
3788755,Gareth Frank Bale,Wales,94,2,1,1,13.823530663329105,12.120007744569856,0,1,3.6024238875559917,7.662664848423807,10,0,1,4.171895439166291,9.712335461369893,3.6813899766917757,Left Foot,Open Play,Normal,From Corner,Left Midfield,1,0,1,1,Ground Pass,,4.0261645,1,1,1,167.54129869684763,0.6322326693113642,0.26060085337767275,0.026922833,0
3788755,Kieffer Roberto Francisco Moore,Wales,94,2,1,1,14.705441169852747,29.043670949297454,2,1,3.2097563262110245,5.710502097676633,15,0,2,2.8144598591244097,11.892041319184205,0.8527351058565955,Right Foot,Open Play,Half Volley,From Corner,Center Forward,1,0,1,1,,,,0,0,0,427.099994501455,0.19661777974435998,0.21826997837992543,0.10624989,0
3788755,Connor Roberts,Wales,94,2,1,2,11.693160394008114,30.24728900869598,1,1,3.366249359780851,15.786509969021044,16,1,3,5.151420618152758,6.73552785157503,4.116742160103826,Right Foot,Open Play,Normal,From Corner,Right Back,1,0,1,1,Ground Pass,,7.6550636,1,1,1,353.68640186260075,0.5219148719239758,0.2878819109935246,0.16381085,1
3788754,Ciro Immobile,Italy,9,1,0,35,6.7601775124622305,61.00896703612854,0,1,2.009531807161744,50.891169809459605,11,1,2,2.6519357911709007,6.8042825640104985,2.5222999977943203,Head,Open Play,Normal,Regular Play,Center Forward,1,0,0,1,High Pass,,26.673208,1,0,1,412.43144701618564,0.83415885044116,0.29726021298364114,0.20398152,0
3788754,Domenico Berardi,Italy,11,1,0,8,24.29897117163605,15.564228610450657,2,1,2.5332490004574653,7.712128613138218,16,0,1,1.7487763633209077,22.81598928093592,0.11320728387919132,Left Foot,Open Play,Normal,Regular Play,Right Wing,1,0,0,1,Ground Pass,,12.206555,1,0,1,378.19474231409356,0.4955034268746144,0.10425334400225561,0.03887306,0
3788754,Lorenzo Insigne,Italy,15,1,0,20,25.976335384345504,16.824356525997405,2,1,4.0364150043372,0.9350584679304685,15,0,1,2.290495583830454,23.72908026495935,1.0470705183553335,Right Foot,Open Play,Normal,From Free Kick,Left Wing,1,0,0,1,,,,0,0,0,437.0351277451106,0.05557766601567159,0.1553881617485476,0.026317468,0
3788754,Manuel Locatelli,Italy,25,1,0,17,4.58802789878179,81.83571842171393,0,1,3.17945239842064,63.21143302483193,11,0,2,2.9817987896990896,3.17945239842064,2.5824497991213633,Right Foot,Open Play,Normal,Regular Play,Left Center Midfield,1,0,0,1,Ground Pass,,16.344112,1,0,1,375.4645592356744,0.7724186240914052,0.6929888981853938,0.7414222,1
3788754,Ricardo Iván Rodríguez Araya,Switzerland,27,1,-1,1,38.538941345086265,10.27704723023381,0,0,0.8751402192937243,10.277047230233775,16,0,1,,,,Left Foot,Open Play,Normal,Regular Play,Left Wing Back,1,0,0,1,Ground Pass,,16.009996,1,0,1,396.06652040666205,0.9999999999999966,0.02270794652757905,0.0066320747,0
3788754,Lorenzo Insigne,Italy,33,1,1,2,20.271161782196895,11.896847036526704,0,1,3.5734438257417676,9.379460808978534,10,0,1,7.720406755290664,12.685956922257644,5.971413452625669,Right Foot,Open Play,Normal,Regular Play,Left Wing,1,0,0,1,,,,0,0,0,241.16291097548253,0.7883988741034428,0.17628214229340014,0.013588271,0
3788754,Domenico Berardi,Italy,35,1,1,2,21.18962010041709,20.28002813302492,0,1,3.3081671889230515,16.459240140514837,9,0,2,3.27233695805957,17.998296877121554,0.428968382755329,Left Foot,Open Play,Normal,From Counter,Right Wing,1,0,0,1,Ground Pass,,23.879908,1,0,1,429.72609176456893,0.8115984865776326,0.15612206227604497,0.051262483,0
3788754,Leonardo Spinazzola,Italy,36,1,1,1,12.520782723136758,27.346000201434773,0,1,2.3496720553315376,17.886973919064854,8,0,2,5.358628754164735,7.276972867196825,4.245456424725241,Right Foot,Open Play,Normal,From Counter,Left Back,1,0,0,1,Low Pass,,27.735357,1,0,1,342.39332686901884,0.6540983612706318,0.1876617546433142,0.20122692,0
3788754,Xherdan Shaqiri,Switzerland,45,2,-1,0,35.74143253984092,11.332204290606875,0,0,4.131968559319476,11.332204290606906,15,0,1,,,,Left Foot,Open Play,Normal,Regular Play,Center Attacking Midfield,1,0,0,1,,,,0,0,0,405.02921518042143,1.0000000000000029,0.11560724530874851,0.0069357376,0
3788754,Nico Elvedi,Switzerland,45,2,-1,1,8.92020179143948,48.24033996317731,1,1,2.4097459747476675,34.59939022334171,19,3,5,2.3287313764453645,7.856416616850796,1.8370746693679791,Head,Open Play,Normal,From Corner,Right Center Back,1,0,0,1,High Pass,Outswinging,42.83223,1,0,1,430.3135669591838,0.7172294028141597,0.27014478271783576,0.07969384,0
3788754,Manuel Locatelli,Italy,51,2,1,9,22.897379762758884,19.660607530545178,2,1,5.195941600119095,9.27988839198226,15,0,0,2.11840324110116,20.80576111500715,0.04296463260966732,Left Foot,Open Play,Normal,Regular Play,Left Center Midfield,1,0,0,1,Ground Pass,,16.933104,1,0,1,450.1763969934501,0.4720041523419258,0.2269229778234259,0.053491957,1
3788754,Xherdan Shaqiri,Switzerland,60,2,-2,9,22.689645215384047,17.70064958559276,1,1,0.7723757376022227,0.0,12,0,1,4.555461734654657,18.135024372942052,2.1194718291970815,Left Foot,Open Play,Normal,Regular Play,Center Attacking Midfield,1,0,0,1,Ground Pass,,14.484819,1,0,1,401.6214591789344,0.0,0.034040890911706985,0.079851896,0
3788754,Steven Zuber,Switzerland,63,2,-2,3,13.148764200486674,17.011325696005454,0,1,2.1604233761463583,11.536965288223701,15,0,1,5.264856928883486,7.962659069395549,4.320699845121013,Right Foot,Open Play,Normal,Regular Play,Left Wing Back,1,0,0,1,Ground Pass,,9.5294285,1,0,1,223.67791031445557,0.6781931928405072,0.1643061920652889,0.12445843,0
3788754,Domenico Berardi,Italy,64,2,2,5,18.55505322007997,20.692294231660096,0,1,0.7567348958694842,15.58170177198851,9,0,2,5.157155475573204,13.457878639074458,3.3688740822036394,Left Foot,Open Play,Normal,Regular Play,Right Wing,1,0,0,1,Ground Pass,,36.43213,1,0,1,383.9466207140068,0.7530195345931162,0.040783224218972236,0.06624222,0
3788754,Giovanni Di Lorenzo,Italy,71,2,2,13,17.831432920547922,23.484687700107678,0,1,0.8760100798866607,18.197978189958025,10,0,3,5.166806703727967,13.009856453213311,3.386851195842553,Left Foot,Open Play,Normal,From Free Kick,Right Back,1,0,0,1,,,,0,0,0,418.76563338448693,0.7748869570820219,0.0491272958146396,0.0630052,0
3788754,Ciro Immobile,Italy,72,2,2,1,16.22898641320523,16.73875855842764,0,1,2.5964175001984318,14.79947309156215,6,0,1,4.947832825356809,11.639963455658075,2.9514839330772062,Right Foot,Open Play,Normal,From Free Kick,Center Forward,1,0,0,1,High Pass,Through Ball,65.330086,1,0,1,271.65308521864495,0.884144008643395,0.15998642392637497,0.10382516,0
3788754,Ciro Immobile,Italy,74,2,2,2,17.67993212656655,18.35493169546685,0,0,2.8911788813785537,18.354931695466846,10,0,1,4.606432487316912,14.312100025033539,0.6622872238689652,Left Foot,Open Play,Normal,Regular Play,Center Forward,1,0,0,1,Ground Pass,Through Ball,18.391846,1,0,1,324.51394656361896,0.9999999999999998,0.1635288450589783,0.10327585,0
3788754,Ciro Immobile,Italy,88,2,2,10,25.904439773907487,17.106662632807307,2,1,4.5991555791671415,2.8500662821521816,13,0,1,3.173972050140223,22.98815166033768,1.8301390395324404,Right Foot,Open Play,Normal,Regular Play,Right Center Forward,1,0,0,1,,,,0,0,0,443.1385119041106,0.16660562865642184,0.1775431400682013,0.03932399,1
3788754,Djibril Sow,Switzerland,91,2,-3,13,26.509243670840558,16.666937753151164,3,0,4.712883409231904,2.416376659205513,17,0,1,,,,Right Foot,Open Play,Normal,Regular Play,Right Defensive Midfield,1,0,0,1,Ground Pass,,28.407393,1,0,1,441.82791414501605,0.14498024142129268,0.17778264320743134,0.036243998,0
3788762,Mateusz Andrzej Klich,Poland,5,1,0,5,28.87351727794866,15.215742122994016,1,0,3.32768682228813,14.892567217417374,16,0,2,,,,Right Foot,Open Play,Normal,From Throw In,Right Center Midfield,1,0,1,1,,,,0,0,0,439.3319930850789,0.9787604900921487,0.11525048334965264,0.025717346,0
3788762,Daniel Olmo Carvajal,Spain,9,1,0,27,26.601691675530716,10.612902945162716,0,1,2.313132012140427,9.027771481264608,15,1,1,2.3948159573153065,25.307373522060026,0.10876728172505779,Right Foot,Open Play,Normal,From Throw In,Left Wing,1,0,1,1,,,,0,0,0,282.3211719295505,0.8506411043153278,0.0869543200618379,0.0082064215,0
3788762,Pau Francisco Torres,Spain,12,1,0,19,33.79304662204933,13.0410255899404,2,1,7.374364842764677,3.7395062577271467,18,0,0,0.5472122969645079,33.37408235550825,0.4482896562816876,Left Foot,Open Play,Normal,From Free Kick,Left Center Back,1,0,1,1,Ground Pass,,32.06899,1,1,1,440.69598576019433,0.28674939957266327,0.21822136740855563,0.015646726,0
3788762,Gerard Moreno Balaguero,Spain,24,1,0,23,23.36921051298054,14.712702245081994,2,1,4.461890359462227,0.13156615576546546,15,1,1,1.5799297962819072,21.790878599313277,1.1047556366780498,Left Foot,Open Play,Normal,From Throw In,Right Wing,1,0,1,1,Ground Pass,,22.521101,1,1,1,343.8242359801225,0.008942351552682581,0.19093029937762973,0.029604122,0
3788762,Álvaro Borja Morata Martín,Spain,24,1,0,23,5.842088667591409,68.65778416338792,0,1,1.2131187502949887,51.54035070809533,16,0,3,2.5534769353971507,4.031638226851404,1.2091457355094661,Right Foot,Open Play,Normal,From Throw In,Center Forward,1,0,1,1,,,,0,0,0,401.10486280286545,0.7506847378797212,0.2076515471298275,0.5837787,1
3788762,Gerard Moreno Balaguero,Spain,33,1,1,0,22.042232191862972,20.44932986747306,6,1,9.262028682967333,1.6151242130076806,20,1,0,1.8408920976544962,20.207791742051388,0.0616331200585023,Left Foot,Free Kick,Normal,From Free Kick,Right Wing,1,0,1,1,,,,0,0,0,450.74887710683964,0.07898176729872776,0.42019467912085917,0.08153577,0
3788762,Karol Świderski,Poland,34,1,-1,3,6.87677249878168,49.00391874357666,0,0,5.2544779633121825,49.00391874357667,14,0,0,5.881322686272055,5.778804038313294,0.4148717086977314,Left Foot,Open Play,Volley,Regular Play,Right Center Forward,1,0,1,1,High Pass,,18.604301,1,1,1,336.98880074836006,1.0000000000000002,0.7640907074129746,0.19680348,0
3788762,Karol Świderski,Poland,41,1,-1,0,22.474207438750764,19.957141626280666,1,1,2.8738219444349107,6.615025899370424,12,0,1,2.1030856312100514,20.42191455951804,0.11222621227940976,Left Foot,Open Play,Normal,Regular Play,Right Center Forward,1,0,1,1,,,,0,0,0,448.5209407935595,0.33146159020384924,0.12787200404138716,0.05547489,0
3788762,Robert Lewandowski,Poland,42,1,-1,0,10.679419459877026,31.122470196791987,1,1,0.5026533335114255,0.0,13,0,2,4.957396439695027,5.802846131291895,3.9975410956263104,Left Foot,Open Play,Half Volley,From Counter,Left Center Forward,1,0,1,1,,,,0,0,0,332.36991385906316,0.0,0.04706747734742629,0.096710525,0
3788762,Gerard Moreno Balaguero,Spain,44,1,1,27,8.527602242131133,42.950113062448374,0,0,1.561000609629064,42.950113062448374,13,1,3,6.849423348280558,3.6368584753762496,6.138384760657814,Left Foot,Open Play,Normal,Regular Play,Right Wing,1,0,1,1,Ground Pass,,19.67562,1,1,1,366.2614804511204,1.0,0.1830526993762498,0.14001027,0
3788762,Robert Lewandowski,Poland,53,2,-1,5,7.049113419430845,54.93594290107311,0,1,1.6997816742644885,43.79228299419664,16,0,2,1.0265735564142624,6.179605639137446,0.03294457704735976,Head,Open Play,Normal,From Throw In,Left Center Forward,1,0,1,1,High Pass,,34.786922,1,1,1,387.2496923130411,0.7971517495031692,0.24113410767076737,0.17755139,1
3788762,Gerard Moreno Balaguero,Spain,57,2,0,0,11.9104995697074,37.10371517838348,0,1,10.021745006375676,31.207093293744368,18,0,0,0.450152444864077,11.665202350968134,0.36261463388476045,Left Foot,Penalty,Normal,Other,Right Wing,1,0,1,1,,,,0,0,0,441.92378366668237,0.8410773191770707,0.8414210460041918,0.7835,0
3788762,Álvaro Borja Morata Martín,Spain,57,2,0,0,12.814054783713075,34.64285067843046,0,1,2.790665556127396,28.548995249308497,18,1,2,2.3788805452048902,11.287985640023493,1.783501353970756,Right Foot,Open Play,Normal,Other,Center Forward,1,0,1,1,,,,0,0,0,443.9153864573996,0.8240948620052172,0.2177816158297051,0.33807054,0
3788762,Álvaro Borja Morata Martín,Spain,64,2,0,8,18.710692130437078,13.076378950815137,1,1,1.4369438909198453,7.235917703713793,11,0,1,5.117551971035485,13.7869010223986,4.875061326392924,Right Foot,Open Play,Normal,From Throw In,Center Forward,1,0,1,1,Ground Pass,,22.051304,1,1,1,244.66810072962983,0.5533579082504894,0.07679800837417117,0.047417913,0
3788762,Rodrigo Hernández Cascante,Spain,80,2,0,4,19.159592897553956,21.740044799633825,1,1,4.613905475934858,6.796043587040085,17,1,1,1.0722978579560303,18.13862765501726,0.12547528051458556,Left Foot,Open Play,Half Volley,From Throw In,Center Defensive Midfield,1,0,1,1,Low Pass,,5.3600373,1,1,1,416.5304079355691,0.31260485659875703,0.24081437954372717,0.062174123,0
3788762,Álvaro Borja Morata Martín,Spain,83,2,0,16,7.294518489934749,52.67447951689396,0,1,3.1494511840315833,39.28320054845227,15,0,2,3.989323368901992,3.5570268112471775,1.3157102599817847,Right Foot,Open Play,Half Volley,From Free Kick,Center Forward,1,0,1,1,Low Pass,,2.3086793,1,1,1,384.2349647836722,0.7457729228411875,0.4317558709841252,0.48127335,0
3788762,Ferrán Torres García,Spain,83,2,0,16,18.834542734029938,20.105782002892497,4,1,0.6361966679310596,0.0,12,0,1,7.349442771285784,11.490150064940945,3.998416287789034,Right Foot,Open Play,Normal,From Free Kick,Left Wing,1,0,1,1,,,,0,0,0,378.68321033456874,0.0,0.033778184950653996,0.043655325,0
3788747,Sasa Kalajdzic,Austria,14,1,0,15,28.616254122438875,14.791148611317004,1,1,3.618478781058416,8.628343889254868,13,0,1,2.039881778752624,26.99806832503047,1.737777912030971,Right Foot,Open Play,Normal,Regular Play,Right Center Forward,1,0,0,1,,,,0,0,0,423.26726742420624,0.5833450880652467,0.12644837320692706,0.023566393,0
3788747,Stefan Lainer,Austria,17,1,0,7,6.3953107821277975,42.97583577395568,0,1,2.7365959670174647,22.483545717276687,8,1,3,3.266026738941546,3.1300069753382247,2.8888246500233095,Right Foot,Open Play,Volley,Regular Play,Right Wing Back,1,0,0,1,High Pass,,43.841534,1,1,1,274.8438258961323,0.5231671545734596,0.42790664288983404,0.16621111,1
3788747,Sasa Kalajdzic,Austria,21,1,1,18,10.42353107157071,38.46318917935982,0,1,4.6683058847685945,29.622891738202966,13,1,2,2.6384577414174606,7.785165911839212,1.257140297104371,Right Foot,Open Play,Volley,From Free Kick,Right Center Forward,1,0,0,1,High Pass,,28.04015,1,1,1,400.92224752275945,0.7701621308640535,0.44786223139882025,0.13472524,0
3788747,Goran Pandev,North Macedonia,27,1,-1,8,14.807092894960848,29.71451385337628,1,0,2.2533932436303785,15.912726849082537,11,1,3,14.951180832335934,2.253393243630379,0.7880912057143377,Left Foot,Open Play,Normal,From Throw In,Right Center Forward,1,0,0,1,,,,0,0,0,439.98556695554356,0.5355203496716293,0.15218336641875554,0.45005047,1
3788747,Stefan Ristovski,North Macedonia,36,1,0,5,30.244668951734283,14.617655914847605,1,1,2.4392503350037313,7.819909649310253,19,0,2,1.767665117736932,28.484218612204455,0.2866612239870676,Right Foot,Open Play,Normal,Regular Play,Right Center Back,1,0,0,1,Ground Pass,,22.617693,1,1,1,442.10616399492636,0.5349633138762918,0.08065058800598511,0.027569797,0
3788747,Boban Nikolov,North Macedonia,48,2,0,13,23.300214591286498,17.605678269905635,1,1,6.403815151079959,11.840465667436447,10,0,0,2.970287125983545,20.330013182979894,1.3319071763353847,Left Foot,Open Play,Half Volley,Regular Play,Right Wing Back,1,0,0,1,,,,0,0,0,410.21608171395087,0.6725367512637109,0.2748393207277487,0.04181931,0
3788747,Boban Nikolov,North Macedonia,62,2,0,5,12.1433109158911,20.365710380818143,0,1,0.938881226676995,0.0,10,0,2,11.266509662620265,0.938881226676995,9.575408716984818,Right Foot,Open Play,Normal,From Throw In,Right Wing Back,1,0,0,1,Ground Pass,Through Ball,28.102846,1,1,1,247.30715317726563,0.0,0.07731674114086522,0.19811018,0
3788747,Goran Pandev,North Macedonia,62,2,0,5,19.743353311937664,15.091572678594881,2,1,4.679490449533037,5.169591826604242,13,0,1,8.783780247901245,11.155923405924206,7.562047799916066,Left Foot,Open Play,Half Volley,From Throw In,Right Center Forward,1,0,0,1,,,,0,0,0,297.9582514262842,0.3425482510471906,0.23701599093116668,0.03143826,0
3788747,Michael Gregoritsch,Austria,63,2,0,8,7.462573282722252,51.77956794514997,2,1,0.5558155562762956,0.0,16,0,3,3.078225341476836,4.603469381720649,2.3319269334483224,Head,Open Play,Normal,From Throw In,Left Center Forward,1,0,0,1,High Pass,,27.089666,1,1,1,386.4088203383777,0.0,0.07448041516230729,0.10145903,0
3788747,Marcel Sabitzer,Austria,66,2,0,1,10.857716150277643,28.79373757277249,3,1,0.7668278932584867,0.0,16,2,4,2.6799037538764505,8.225400509512792,1.7390942897130515,Head,Open Play,Normal,From Corner,Left Center Midfield,1,0,0,1,High Pass,Inswinging,29.355238,1,1,1,312.63422947074804,0.0,0.07062515566304228,0.05482458,0
3788747,Xaver Schlager,Austria,68,2,0,5,24.329817097545142,18.077867912283637,2,1,3.562560940068107,4.106685001446058,18,0,2,2.486169363857979,22.37538792311396,1.9412383277816119,Left Foot,Open Play,Normal,Regular Play,Center Defensive Midfield,1,0,0,1,Ground Pass,,26.992035,1,1,1,439.8312198194411,0.22716644580944348,0.146427773204574,0.038214345,0
3788747,Ezgjan Alioski,North Macedonia,72,2,0,3,24.96898075613019,13.407586271758252,1,1,4.68533573324757,5.09431244618731,13,0,1,3.7432060108284806,21.400701296123433,3.234406923509809,Left Foot,Open Play,Half Volley,Regular Play,Left Wing Back,1,0,0,1,,,,0,0,0,334.7737636056871,0.37995746161395005,0.1876462551278655,0.022013638,0
3788747,Eljif Elmas,North Macedonia,73,2,0,3,14.003213916812097,31.877946186216448,1,1,0.7029641265408596,0.0,11,1,1,2.6958541419318554,12.475070370499372,2.1248417123607126,Left Foot,Open Play,Normal,Regular Play,Left Center Forward,1,0,0,1,Ground Pass,,28.2,1,1,1,446.3936996742133,0.0,0.05020019909121641,0.06888886,0
3788747,Michael Gregoritsch,Austria,77,2,0,10,6.328506932918693,64.4903383969133,0,1,1.437571495733164,46.65439057323617,16,0,3,5.261808989662103,1.437571495733164,0.37983623324960547,Right Foot,Open Play,Volley,From Throw In,Left Center Forward,1,0,0,1,High Pass,,27.771389,1,1,1,408.12755365113844,0.7234322494339585,0.2271580818305526,0.37452596,1
3788747,Marcel Sabitzer,Austria,83,2,1,7,24.308229059312403,17.385514434907417,2,1,2.588887935804994,6.0935800036096985,14,0,1,2.458038485420996,21.917737017884598,1.410233709439396,Left Foot,Open Play,Normal,Regular Play,Left Center Midfield,1,0,0,1,Ground Pass,,20.541178,1,1,1,422.61106719771175,0.35049753784534177,0.10650253169361178,0.036060233,0
3788747,Marko Arnautović,Austria,88,2,1,2,13.829316685939329,32.209172352613834,1,1,1.4291993373818777,25.45512393078923,8,0,2,12.667955783623755,1.4291993373818777,0.027636323063006785,Right Foot,Open Play,Normal,From Throw In,Right Center Forward,1,0,0,1,,,,0,0,0,445.4308446562982,0.7903066757542282,0.10334562219079027,0.48677364,1
3788741,Ciro Immobile,Italy,2,1,0,12,11.452947218947623,20.560951800370137,1,1,1.6243814281916598,10.602537959086611,9,0,1,3.264244264856449,8.244366189272307,2.6034146828926623,Right Foot,Open Play,Normal,From Throw In,Center Forward,1,0,1,1,Ground Pass,,17.827227,1,0,1,235.48349574096528,0.5156637718928822,0.14183086651305807,0.05223599,0
3788741,Domenico Berardi,Italy,13,1,0,3,28.193970986719837,12.227816005024732,0,0,4.547446082852648,12.227816005024735,12,0,1,,,,Left Foot,Open Play,Normal,Regular Play,Right Wing,1,0,1,1,Ground Pass,,11.1892805,1,0,1,344.75068967661576,1.0000000000000002,0.16129143656261208,0.009443652,0
3788741,Lorenzo Insigne,Italy,17,1,0,24,17.335801106380977,18.354564708369214,0,1,4.623034972095939,13.38184788475926,14,0,1,3.5064900465141533,13.830773352232097,2.6295195758808063,Right Foot,Open Play,Normal,From Throw In,Left Wing,1,0,1,1,Ground Pass,,14.132233,1,0,1,318.19108317848827,0.729074652402815,0.26667558907296696,0.0985515,0
3788741,Leonardo Bonucci,Italy,19,1,0,0,35.69257625893653,11.852293240250175,1,0,1.2052179981636524,9.946485122695728,15,1,1,,,,Right Foot,Open Play,Normal,From Counter,Right Center Back,1,0,1,1,,,,0,0,0,423.03888032090737,0.8392034284907535,0.033766629492369464,0.006578123,0
3788741,Ciro Immobile,Italy,20,1,0,7,23.300214591286498,19.172259555385477,1,0,2.800469554814196,17.168059120763193,14,0,2,,,,Right Foot,Open Play,Normal,From Throw In,Center Forward,1,0,1,1,,,,0,0,0,446.71776184032467,0.8954635248478416,0.12019071943918826,0.051246874,0
3788741,Giorgio Chiellini,Italy,21,1,0,1,11.61034021896,37.51261180285635,1,1,4.169681378199609,19.629139941666047,18,1,1,1.7621287907757246,10.32185449889905,1.3671098944795474,Head,Open Play,Normal,From Corner,Left Center Back,1,0,1,1,High Pass,Outswinging,45.745056,1,0,1,435.53418553293665,0.5232677491192819,0.35913515879495134,0.06290788,0
3788741,Leonardo Bonucci,Italy,22,1,0,1,10.673799698326736,40.07783834867532,1,1,0.7239562176389135,20.60796926619705,16,1,2,1.6662632551936785,9.656919443340364,1.4971759910075448,Head,Open Play,Normal,From Corner,Right Center Back,1,0,1,1,High Pass,Outswinging,35.67408,1,0,1,427.78281887567834,0.5141986223635286,0.06782553899267976,0.061886586,0
3788741,Nicolò Barella,Italy,28,1,0,6,26.45694615786184,16.85351620117332,1,0,4.2001040359500434,10.12868984258799,16,0,2,,,,Right Foot,Open Play,Normal,From Throw In,Right Center Midfield,1,0,1,1,Ground Pass,,25.100798,1,0,1,445.8925707050947,0.6009837782030817,0.15875241272704324,0.037340187,0
3788741,Ciro Immobile,Italy,32,1,0,6,12.061509026651683,29.615093284586735,1,1,2.895114790428097,22.524812012318712,14,0,2,2.10556296892225,10.512999899297954,0.04202483159531312,Head,Open Play,Normal,From Throw In,Center Forward,1,0,1,1,High Pass,,31.187819,1,0,1,357.20271497717454,0.7605855499378696,0.24002923548213695,0.038381264,0
3788741,Lorenzo Insigne,Italy,36,1,0,13,22.496444163467256,18.08034066981446,1,1,2.343115675285979,8.544422299583676,15,0,2,2.594189718161852,19.909032467633192,1.0282700866412853,Right Foot,Open Play,Normal,From Throw In,Left Wing,1,0,1,1,Ground Pass,,4.3382025,1,0,1,406.7433743349472,0.4725808244226716,0.10415493480925508,0.042096123,0
3788741,Domenico Berardi,Italy,38,1,0,12,25.72333570904054,16.36431520751124,1,1,3.4602048497888362,10.655410125516307,17,1,2,2.5023247213270983,23.353992774983602,0.21947878958287959,Left Foot,Open Play,Normal,From Throw In,Right Wing,1,0,1,1,Low Pass,,23.747421,1,0,1,420.944773731369,0.6511369397617971,0.13451617974152308,0.033568516,0
3788741,Ciro Immobile,Italy,42,1,0,39,18.515128949051366,21.993999616524853,2,1,2.4966235099037113,7.48517929800044,14,0,3,3.7618309597954473,14.753877683243369,1.7590036909579467,Right Foot,Open Play,Normal,From Throw In,Center Forward,1,0,1,1,Ground Pass,,13.189389,1,0,1,407.221739005344,0.3403282453627291,0.13484235064058936,0.058473635,0
3788741,Lorenzo Insigne,Italy,44,1,0,7,21.305398376937237,13.95247776808494,1,1,0.8144741619735864,0.0,15,1,4,4.658225381763088,16.6486036432161,3.519705282760377,Right Foot,Open Play,Normal,From Goal Kick,Left Wing,1,0,1,1,,,,0,0,0,297.26309719440974,0.0,0.038228534738652994,0.035512544,0
3788741,Domenico Berardi,Italy,44,1,0,14,14.650938536489733,23.505947861585536,0,1,2.9208149488760657,17.18197451772872,15,0,1,4.041281152555449,10.877630919889043,3.515658964942851,Left Foot,Open Play,Volley,From Goal Kick,Right Wing,1,0,1,1,High Pass,Through Ball,19.768661,1,0,1,344.38419736202195,0.7309628447618683,0.1993602622522416,0.12888117,0
3788741,Cengiz Ünder,Turkey,50,2,0,3,23.507658326596463,12.60543576315422,1,1,2.3392334744830383,0.0,6,0,2,4.242519828546209,19.271596138187597,3.1273180719019535,Left Foot,Open Play,Normal,From Free Kick,Left Midfield,1,0,1,1,,,,0,0,0,296.32427697808913,0.0,0.09950942122705772,0.011485882,0
3788741,Leonardo Spinazzola,Italy,53,2,0,4,15.533190271158078,17.35402463626131,1,1,1.2442796896838058,6.310244102958365,9,0,1,4.765918456298736,10.772498291191177,4.029601167989249,Left Foot,Open Play,Normal,Regular Play,Left Back,1,0,1,1,Ground Pass,,21.648094,1,0,1,269.5633666454118,0.36361848246850376,0.08010458044759651,0.06995197,0
3788741,Ciro Immobile,Italy,53,2,0,5,12.31665539016173,26.073181198571525,1,1,0.6928780238075533,0.0,11,0,3,2.8209992201902336,9.500728866388478,2.1814475853493036,Right Foot,Open Play,Overhead Kick,From Counter,Center Forward,1,0,1,1,High Pass,,6.6483083,1,0,1,321.13438774804945,0.0,0.05625537143476538,0.03343886,0
3788741,Giorgio Chiellini,Italy,57,2,0,2,33.22905355257655,11.995079374718372,1,0,5.841723441927122,7.641440950747005,15,0,0,,,,Left Foot,Open Play,Half Volley,From Corner,Left Center Back,1,0,1,1,Low Pass,,13.471452,1,0,1,398.5851349099233,0.6370479687573068,0.17580168007746821,0.007314766,0
3788741,Manuel Locatelli,Italy,57,2,0,3,24.66110297614443,16.26767241067442,1,1,4.8716418138525714,7.987887413781115,14,0,1,2.9434690127850405,21.728779374885715,1.2052167814928367,Right Foot,Open Play,Normal,From Corner,Left Center Midfield,1,0,1,1,,,,0,0,0,401.17874450182563,0.49102829293142586,0.1975435493929483,0.034924656,0
3788741,Nicolò Barella,Italy,58,2,0,1,27.901612856607418,16.315878151429494,2,1,3.7829923676174175,5.570869223098408,19,0,1,1.9002867542337931,26.099021971433757,0.5621872497550697,Right Foot,Open Play,Volley,From Corner,Right Center Midfield,1,0,1,1,,,,0,0,0,455.23931559676527,0.34143851599004027,0.13558328642358616,0.017280497,0
3788741,Domenico Berardi,Italy,58,2,0,9,18.638937737972086,14.222806490065041,2,1,3.050350959049844,2.316408293113066,12,0,2,2.8378215400354674,15.801285987014872,2.3606680712444614,Left Foot,Open Play,Half Volley,From Corner,Right Wing,1,0,1,1,,,,0,0,0,265.0980046275476,0.1628657673667381,0.1636547641250784,0.03027332,0
3788741,Leonardo Spinazzola,Italy,65,2,0,13,16.92010638264429,21.780208458822447,3,1,0.8448984305129059,12.409238704639018,15,0,2,2.115936671599138,15.133790436411438,0.24451006824023835,Right Foot,Open Play,Half Volley,From Throw In,Left Back,1,0,1,1,High Pass,,28.100712,1,0,1,368.5234441594448,0.5697483900624671,0.049934581462180175,0.04868538,0
3788741,Ciro Immobile,Italy,65,2,0,13,7.494664769020697,51.88332208598657,1,1,2.7081801928751545,26.28302932456351,15,1,2,2.1432260100259484,5.519077517198533,0.4443619478366685,Right Foot,Open Play,Half Volley,From Throw In,Center Forward,1,0,1,1,,,,0,0,0,388.848106137597,0.5065795378523463,0.36134774220582294,0.35391167,1
3788741,Lorenzo Insigne,Italy,78,2,1,3,16.0206117236515,21.9113332466052,0,1,8.26575501358373,16.204364429622593,10,0,0,3.9686675146387667,12.052521766404118,2.645155535053476,Right Foot,Open Play,Normal,Regular Play,Left Wing,1,0,1,1,Ground Pass,Through Ball,15.870098,1,0,1,351.0329622913981,0.7395426032385862,0.5159450310739918,0.19177714,1
3788741,Burak Yılmaz,Turkey,91,2,-2,3,11.476933388322855,27.71771245548215,0,1,0.8059217779188309,13.426353960038636,12,0,3,6.683533300183171,4.823438931926079,5.270211232456724,Left Foot,Open Play,Normal,Regular Play,Center Forward,1,0,1,1,Low Pass,Through Ball,22.268587,1,0,1,318.11433952825536,0.48439617741193153,0.07022100335084384,0.114827044,0
3788741,Merih Demiral,Turkey,92,2,-2,1,14.0089257261219,27.039867209320587,3,1,2.119002419218169,18.763210122384976,18,2,3,2.2942959740464546,12.310547852221529,0.16658274920430927,Head,Open Play,Normal,From Corner,Right Center Back,1,0,1,1,High Pass,Outswinging,50.924454,1,0,1,378.7994913795712,0.6939091075091277,0.1512608790028023,0.02469283,0
3795109,Vladimír Coufal,Czech Republic,3,1,0,8,26.630809225406573,15.849284123036771,3,1,1.9033004338943624,0.548300356071534,16,0,1,3.94304237987845,22.784338376402697,0.7377151974524665,Left Foot,Open Play,Normal,Regular Play,Right Back,1,0,1,1,Ground Pass,,26.290873,1,1,1,422.07926183985757,0.034594644894691814,0.07146986851899934,0.023926679,0
3795109,Thomas Delaney,Denmark,4,1,0,1,11.100450441310924,39.63167978900459,1,1,1.9149643095027293,17.9797557382533,19,2,4,2.0952508899456745,9.126298378701511,0.6540918566489466,Head,Open Play,Normal,From Corner,Left Defensive Midfield,1,0,1,1,High Pass,Outswinging,43.804108,1,1,1,439.9294974037493,0.45367130119076104,0.17251230656155056,0.06463903,1
3795109,Kasper Dolberg,Denmark,7,1,1,5,24.35282324495457,18.47485377626533,1,0,3.5361698408522413,3.959205735394725,8,0,1,,,,Right Foot,Open Play,Normal,From Throw In,Center Forward,1,0,1,1,Ground Pass,,23.305365,1,1,1,449.9148484897711,0.21430241253011278,0.14520574494724617,0.035803348,0
3795109,Patrik Schick,Czech Republic,11,1,-1,3,16.760966559241147,17.11914048060171,2,1,1.8594172514106149,8.14859387827403,16,0,2,4.276223633145034,12.48888269796125,3.2919631481508844,Left Foot,Open Play,Normal,Regular Play,Center Forward,1,0,1,1,Ground Pass,,14.141075,1,1,1,286.9333411183167,0.47599316610010195,0.1109373522605966,0.05355526,0
3795109,Mikkel Damsgaard,Denmark,12,1,1,1,12.660568707605519,22.578969213804537,0,1,2.267455437614092,12.551208066538534,4,0,2,9.943439719584624,2.8622969167279932,8.457267700134977,Right Foot,Open Play,Half Volley,From Counter,Right Attacking Midfield,1,0,1,1,,,,0,0,0,285.8625910782821,0.5558804721193765,0.17909585975012127,0.15106957,0
3795109,Petr Ševčík,Czech Republic,13,1,-1,2,15.206906325745543,29.30148453306688,2,1,1.6283669800815896,0.0,16,0,1,3.4775563079218177,11.910905991223961,1.3686418351211245,Right Foot,Open Play,Volley,From Free Kick,Left Wing,1,0,1,1,High Pass,,12.640016,1,1,1,445.58493049962993,0.0,0.10708075299475854,0.055348437,0
3795109,Thomas Delaney,Denmark,16,1,1,15,13.597793938724035,31.425448947255926,1,1,2.722100829652954,5.958279192356175,12,1,2,3.949490733995952,9.652018601372786,1.3849942533648232,Other,Open Play,Normal,From Throw In,Left Defensive Midfield,1,0,1,1,High Pass,,33.723137,1,1,1,427.31677921667824,0.18960044778855745,0.20018694517063595,0.10711742,0
3795109,Tomáš Souček,Czech Republic,18,1,-1,1,4.539823785126467,82.70267192572067,0,1,1.1071754136033547,67.05139276052043,16,1,7,2.5027570395779146,3.3353914763514196,1.5591439227150232,Head,Open Play,Normal,From Corner,Left Center Midfield,1,0,1,1,High Pass,Inswinging,42.120304,1,1,1,375.4555571018976,0.8107524363994258,0.24388070242521798,0.14544557,0
3795109,Tomáš Holeš,Czech Republic,21,1,-1,1,10.604244433244641,17.49428950764512,0,1,3.553673622704509,10.216026952462949,11,0,1,7.104357307297465,3.553673622704509,6.43529700858069,Left Foot,Open Play,Normal,Regular Play,Right Center Midfield,1,0,1,1,Ground Pass,Through Ball,17.980545,1,1,1,185.5137221250159,0.5839635240973049,0.33511804118392724,0.12621005,0
3795109,Tomáš Souček,Czech Republic,25,1,-1,1,6.911584478250995,56.055770353702684,1,1,1.138939154861832,25.64810495678389,17,3,7,2.886636011770154,4.091899693221823,1.8883644186387727,Head,Open Play,Normal,From Corner,Left Center Midfield,1,0,1,1,High Pass,Inswinging,42.086815,1,1,1,387.43419229305374,0.4575462043416506,0.16478698313618026,0.1070172,0
3795109,Martin Braithwaite Christensen,Denmark,26,1,1,2,15.415576538034511,12.219690391881633,1,1,2.2970730065346436,6.5894207121952055,10,0,2,3.998465999570195,11.445029101548805,3.5059405537703157,Right Foot,Open Play,Normal,From Throw In,Left Attacking Midfield,1,0,1,1,Low Pass,,9.406913,1,1,1,188.37357250713623,0.5392461266099674,0.14900986679720515,0.018804727,0
3795109,Tomáš Holeš,Czech Republic,34,1,-1,18,14.492066795319436,29.81860872830604,2,1,1.2659793800194856,10.674893151591302,14,1,1,1.3064759616455208,13.189771498689732,0.4641031234942261,Right Foot,Open Play,Volley,From Keeper,Right Center Midfield,1,0,1,1,High Pass,,31.505714,1,1,1,432.1332694341063,0.3579943400061419,0.08735671715426845,0.12917782,0
3795109,Mikkel Damsgaard,Denmark,37,1,1,1,20.93083849252103,15.568207278078468,0,1,3.582733899013087,10.670194454674835,9,0,1,6.95221636081794,14.041587485621191,5.455877010933143,Right Foot,Open Play,Normal,From Counter,Right Attacking Midfield,1,0,1,1,Low Pass,,51.34082,1,1,1,325.85563215555084,0.6853836324301447,0.17117010865538249,0.07251957,0
3795109,Kasper Dolberg,Denmark,41,1,1,14,7.969943538068504,51.98956558584025,0,1,0.9852289267857719,41.454456183262366,9,0,2,2.5491225049618365,6.535469556429428,1.284255319021625,Right Foot,Open Play,Volley,Regular Play,Center Forward,1,0,1,1,High Pass,,39.00372,1,1,1,414.3539022878562,0.7973610803655724,0.12361805602258252,0.26423252,1
3795109,Michael Krmenčík,Czech Republic,45,2,-2,9,24.977589955798376,16.7023571951473,0,1,0.9089614382651443,13.713374692223429,16,0,2,2.157665798870819,23.005398113707994,0.04505241367093049,Right Foot,Open Play,Normal,From Kick Off,Right Wing,1,0,1,1,Low Pass,,13.920488,1,1,1,417.18462931566796,0.8210442712964916,0.03639107855776674,0.045531467,0
3795109,Antonín Barák,Czech Republic,46,2,-2,3,21.53346233191495,21.01649676135887,3,1,2.2736617127610717,4.504655378862849,19,0,1,2.0943042572882478,19.53010241179423,0.6925244522208658,Left Foot,Open Play,Half Volley,From Throw In,Left Defensive Midfield,1,0,1,1,,,,0,0,0,452.55794135953374,0.21433902281683556,0.1055873726999887,0.049007956,0
3795109,Patrik Schick,Czech Republic,47,2,-2,16,9.436630754670867,45.21488258427672,0,1,2.167341015598287,36.55609203714438,10,0,1,1.8448770022737222,7.948039206928501,0.6278759103172007,Left Foot,Open Play,Overhead Kick,From Corner,Left Center Forward,1,0,1,1,High Pass,,14.135417,1,1,1,426.6761515636179,0.8084968919029462,0.22967318229819622,0.102059186,0
3795109,Patrik Schick,Czech Republic,48,2,-2,4,12.576565508913797,34.90564743820029,1,0,1.468604835633997,13.674504464283107,14,0,3,,,,Right Foot,Open Play,Volley,Regular Play,Left Center Forward,1,0,1,1,High Pass,,36.359318,1,1,1,438.993161637575,0.39175621906150077,0.11677312336131077,0.103366256,1
3795109,Michael Krmenčík,Czech Republic,53,2,-1,8,13.11030129325791,32.05161503784513,1,1,1.1965024143235456,22.022807495113565,11,0,2,3.1107285568767096,11.250961512923661,2.906106139856483,Left Foot,Open Play,Normal,From Free Kick,Right Center Forward,1,0,1,1,Ground Pass,,16.40122,1,1,1,420.2063300816657,0.6871044553951495,0.09126429572895153,0.05972881,0
3795109,Yussuf Yurary Poulsen,Denmark,61,2,1,7,13.70036495864253,26.924309368691937,0,1,1.2407361085831117,17.703431759111695,11,0,1,6.240094454970503,7.464494418566065,3.6441990160892033,Left Foot,Open Play,Normal,Regular Play,Center Forward,1,0,1,1,Ground Pass,,8.052329,1,1,1,368.8728646104778,0.6575259374971214,0.09056226694168644,0.121719174,0
3795109,Yussuf Yurary Poulsen,Denmark,68,2,1,2,22.55349196909427,19.741447527404716,0,1,2.118586824614009,15.779954615275429,7,0,2,5.198386197153618,17.359271857515395,0.8576933259089543,Right Foot,Open Play,Normal,From Counter,Center Forward,1,0,1,1,Low Pass,,3.1400638,1,1,1,445.2385782676182,0.7993311834590642,0.09393608881131013,0.07688161,0
3795109,Jakub Jankto,Czech Republic,71,2,-1,9,16.4730082255792,14.070026352875447,1,1,6.4588795917611055,3.4096311893356424,12,0,0,3.592829902642289,12.93079949049796,3.364563537772696,Left Foot,Open Play,Half Volley,Regular Play,Left Midfield,1,0,1,1,,,,0,0,0,231.77565984503335,0.24233296397762802,0.3920886521340888,0.03630371,0
3795109,Yussuf Yurary Poulsen,Denmark,77,2,1,4,18.6271307506014,23.977264496012754,1,1,3.6224775846934754,4.600830457650445,10,0,1,4.253375280377876,14.733282268810234,2.120009043918813,Right Foot,Open Play,Normal,Regular Play,Left Center Forward,1,0,1,1,Ground Pass,,15.487091,1,1,1,446.62764080898233,0.1918830423051608,0.1944731925273311,0.080038436,0
3795109,Tomáš Souček,Czech Republic,79,2,-1,7,26.342740935597416,17.241831555441514,3,1,4.9561718330691935,2.0101827039206674,18,0,1,3.719967283941944,22.763148025730363,1.1441827752379226,Right Foot,Open Play,Normal,From Goal Kick,Right Defensive Midfield,1,0,1,1,Ground Pass,,14.142136,1,1,1,454.19710192020443,0.11658753871112114,0.18814184314327861,0.028179988,0
3795109,Joakim Mæhle,Denmark,81,2,1,4,13.036103712382777,18.6646570347838,0,1,4.46714326630587,8.440821409917296,10,0,2,8.289099690640292,4.764389139935873,7.018039081841394,Right Foot,Open Play,Normal,From Free Kick,Left Wing Back,1,0,1,1,Low Pass,,11.673046,1,1,1,243.31440486149643,0.45223554840503233,0.3426747258893472,0.21916251,0
3795109,Michael Krmenčík,Czech Republic,92,2,-1,12,16.543578814754685,27.12349431757042,1,0,1.4206652883298316,0.0,15,0,3,,,,Right Foot,Open Play,Half Volley,Regular Play,Right Center Forward,1,0,1,1,High Pass,,20.0,1,1,1,448.71966597427706,0.0,0.0858741209648535,0.072822,0
3795109,Antonín Barák,Czech Republic,95,2,-1,17,24.69534369066363,18.26516945357151,4,0,2.7538724343923096,4.720712828862899,18,0,1,,,,Left Foot,Open Play,Volley,Regular Play,Left Defensive Midfield,1,0,1,1,,,,0,0,0,451.06463722415924,0.2584543680726612,0.11151383308884436,0.023996726,0
3788770,Ryan Gravenberch,Netherlands,1,1,0,26,28.12774431055572,12.848185578781914,1,1,6.9784531559590475,3.642629405796085,17,0,0,2.958421126117638,25.317309362499756,2.436575403418054,Right Foot,Open Play,Normal,Regular Play,Left Defensive Midfield,1,0,0,1,Ground Pass,,6.4195013,1,1,1,361.390478814547,0.28351313759132585,0.248098570539842,0.017811244,0
3788770,Denzel Dumfries,Netherlands,17,1,0,1,7.74661216274572,54.10115015832646,2,1,0.481350641540476,0.0,17,2,4,0.9253143050160657,7.223803724691558,0.6138385296810611,Other,Open Play,Normal,From Corner,Right Wing Back,1,0,0,1,High Pass,Straight,42.68208,1,1,1,419.1006278350243,0.0,0.06213692275125665,0.17761275,0
3788770,Stefan Ristovski,North Macedonia,18,1,0,8,37.02971779530598,11.08861381750907,1,1,6.521510160850217,5.195586520944616,16,0,0,1.4700978173388224,35.59764960227562,0.9269440797394566,Right Foot,Open Play,Normal,From Goal Kick,Right Back,1,0,0,1,Ground Pass,,19.90402,1,1,1,410.6082404034914,0.4685514895234889,0.176115578220175,0.0058683082,0
3788770,Aleksandar Trajkovski,North Macedonia,21,1,0,6,23.820999139414788,18.452402604382712,1,1,5.7915454159155,12.889262479456276,12,1,0,3.4898944636925133,20.695169646086814,2.2225704464540215,Right Foot,Open Play,Normal,Regular Play,Left Wing,1,0,0,1,Ground Pass,,11.108555,1,1,1,439.5546665591358,0.6985140502188528,0.24312772869097135,0.052904848,0
3788770,Memphis Depay,Netherlands,23,1,0,4,11.788129622633106,36.56449870334927,2,1,1.798341416778059,13.008136130067408,9,0,3,4.489370550282618,7.419813023848323,1.9165445813301787,Left Foot,Open Play,Normal,Regular Play,Right Center Forward,1,0,0,1,Ground Pass,,14.534442,1,1,1,431.02705030168136,0.35575863450511014,0.15255528012902567,0.16413167,1
3788770,Aleksandar Trajkovski,North Macedonia,28,1,-1,2,26.856098003991573,16.55192683306458,1,1,6.444376317440654,10.479255303808813,15,0,0,3.413369476507145,23.821930549430668,2.112560016788912,Right Foot,Open Play,Normal,Regular Play,Left Wing,1,0,0,1,,,,0,0,0,444.52016918368025,0.6331139213880022,0.2399595174430343,0.036290783,0
3788770,Denzel Dumfries,Netherlands,28,1,1,2,9.340770846134705,44.328834135486545,0,1,3.1991094193601035,30.63518152490304,12,0,1,6.330853664908237,3.1991094193601035,1.4525072238768644,Right Foot,Open Play,Normal,From Goal Kick,Right Wing Back,1,0,0,1,Ground Pass,,24.326118,1,1,1,414.06548153589364,0.6910892677950822,0.342488802268811,0.5616708,0
3788770,Memphis Depay,Netherlands,29,1,1,2,26.99036865253974,16.747629947723762,2,1,5.192085721228716,9.966076933088267,12,0,0,4.330375318373011,23.805549778961367,2.3350546763037485,Right Foot,Open Play,Half Volley,From Goal Kick,Right Center Forward,1,0,0,1,,,,0,0,0,452.0247063453792,0.5950738680157426,0.19236809204309077,0.032282192,0
3788770,Donyell Malen,Netherlands,30,1,1,4,26.015572259706296,14.654541201242921,1,1,2.33388192678449,6.205444737534031,15,0,1,3.0957796291487307,22.94915628629991,2.042729656969506,Right Foot,Open Play,Normal,From Throw In,Left Center Forward,1,0,0,1,Low Pass,,21.592823,1,1,1,381.24627555377833,0.42344858513944594,0.08971095863223723,0.025358262,0
3788770,Enis Bardhi,North Macedonia,38,1,-1,2,27.63783638420345,14.800680833731546,3,1,2.194113755784201,8.966109234111435,20,1,1,2.9279106972704545,24.747089748024848,0.9054774913024133,Right Foot,Open Play,Normal,From Corner,Left Defensive Midfield,1,0,0,1,Ground Pass,,9.13017,1,1,1,409.0587952574884,0.6057903237584309,0.07938804345184772,0.02235699,0
3788770,Enis Bardhi,North Macedonia,39,1,-1,7,27.821035207195287,16.240262202477506,1,1,3.5585722131970563,8.253711981278638,19,0,2,2.5956674783621354,25.285265590291903,0.8440105488702088,Right Foot,Open Play,Normal,From Corner,Left Defensive Midfield,1,0,0,1,Ground Pass,,16.329422,1,1,1,451.8209065092096,0.5082252908465669,0.12790941051239932,0.029923236,0
3788770,Visar Musliu,North Macedonia,40,1,-1,1,6.592419889539799,60.63332830571349,1,1,1.3262507613065775,41.019308627208666,18,2,7,3.275003803961551,4.745268999666499,1.1492360457828923,Head,Open Play,Normal,From Corner,Left Center Back,1,0,0,1,High Pass,Inswinging,38.029594,1,1,1,399.7203594915821,0.6765142170719896,0.20117813845731236,0.14466648,0
3788770,Matthijs de Ligt,Netherlands,49,2,1,1,6.806614430096651,60.858726327842334,0,1,2.3349752398105723,50.2226185930032,18,2,3,1.3076127277174467,6.473585844848497,1.2065169966506843,Head,Open Play,Normal,From Corner,Center Back,1,0,0,1,High Pass,Inswinging,40.920044,1,1,1,414.2418848203946,0.825232824007143,0.34304502830159816,0.10832984,0
3788770,Georginio Wijnaldum,Netherlands,50,2,1,2,4.535416188179433,82.60269209884548,0,0,1.5643483180319702,82.6026920988455,12,0,2,4.835209530104457,1.5643483180319704,0.40746578243314957,Left Foot,Open Play,Normal,Regular Play,Center Attacking Midfield,1,0,0,1,Ground Pass,,18.95521,1,1,1,374.6375869323051,1.0000000000000002,0.3449183609894723,0.6743131,1
3788770,Ryan Gravenberch,Netherlands,53,2,2,11,22.659655778497612,16.90633651112082,1,1,0.9960429134473362,0.0,18,0,2,1.775036924358243,20.90077692983145,1.1623816417735,Right Foot,Open Play,Normal,From Free Kick,Left Defensive Midfield,1,0,0,1,Ground Pass,,6.081118,1,1,1,383.09176581744407,0.0,0.04395666567858941,0.03964196,0
3788770,Enis Bardhi,North Macedonia,55,2,-2,0,23.120986138138658,17.710027837421084,2,1,11.161671547636479,4.789396866006605,18,1,0,0.7839244801237002,22.33713827482356,0.3588363064123641,Right Foot,Free Kick,Normal,From Free Kick,Left Defensive Midfield,1,0,0,1,,,,0,0,0,409.4733081350626,0.27043418056558133,0.4827506699303373,0.076477066,0
3788770,Memphis Depay,Netherlands,57,2,2,15,14.838463532320322,28.226070381092814,0,1,5.102701827136582,22.06384686511433,15,0,0,4.029687685247527,11.162867447657053,0.1272258206138872,Right Foot,Open Play,Normal,From Throw In,Right Center Forward,1,0,0,1,Ground Pass,,14.632156,1,1,1,418.8315160105525,0.7816832654074922,0.34388343618071765,0.3379255,0
3788770,Georginio Wijnaldum,Netherlands,57,2,2,15,10.846197490364997,40.366500102209464,0,1,5.200378450511083,28.17346293184254,8,0,0,5.9345462176902535,5.200378450511083,0.7166305295163298,Right Foot,Open Play,Half Volley,From Throw In,Center Attacking Midfield,1,0,0,1,,,,0,0,0,437.8230321034027,0.6979416808617614,0.4794655873757357,0.5336195,1
3788770,Eljif Elmas,North Macedonia,60,2,-3,1,9.141662868428256,28.573612364005008,2,1,0.44876511033076455,0.0,17,0,3,2.417009158113279,6.726654290739418,2.0450100258612594,Head,Open Play,Normal,From Corner,Center Attacking Midfield,1,0,0,1,High Pass,Inswinging,28.864685,1,1,1,261.2103311648871,0.0,0.04909009627565949,0.07262955,0
3788770,Georginio Wijnaldum,Netherlands,60,2,3,9,12.107848694132253,34.45262831935042,2,1,1.855502617133573,8.503646297950459,11,0,1,3.3449323484059352,10.017985922648128,3.083013601585648,Right Foot,Open Play,Normal,From Goal Kick,Center Attacking Midfield,1,0,0,1,Ground Pass,,16.580109,1,1,1,417.1472108058708,0.24682140994085963,0.1532479190983608,0.18122697,0
3788770,Wout Weghorst,Netherlands,66,2,3,6,17.833956375409247,21.536009037567304,0,1,4.805511083977995,15.369562085821453,12,0,1,6.741863016690671,11.155229307859521,3.0751844214608894,Right Foot,Open Play,Normal,Regular Play,Right Center Forward,1,0,0,1,Ground Pass,,16.36704,1,1,1,384.0722456763946,0.7136680737369151,0.26945849719606707,0.20822024,0
3788770,Jurriën David Norman Timber,Netherlands,72,2,3,6,28.00071427660373,16.259402605899773,2,1,3.6008489040938114,0.9334210171321969,17,0,2,2.1658244937615025,25.834967559565147,0.03309941140426531,Right Foot,Open Play,Normal,From Free Kick,Right Center Back,1,0,0,1,,,,0,0,0,455.27488667606565,0.05740807579200372,0.1285984660435086,0.025061166,0
3788770,Steven Berghuis,Netherlands,74,2,3,8,16.256075787224912,26.541044051116508,3,1,1.9630263422417906,0.0,12,0,1,2.8764540861183425,13.396345390164349,0.5948116202770279,Left Foot,Open Play,Normal,Regular Play,Right Wing Back,1,0,0,1,,,,0,0,0,431.45322356702485,0.0,0.12075647086884678,0.07271065,0
3788770,Vlatko Stojanovski,North Macedonia,80,2,-3,1,10.600471687618436,22.13480017472161,2,0,0.5831785709208729,0.0,15,0,1,,,,Right Foot,Open Play,Backheel,From Counter,Left Defensive Midfield,1,0,0,1,Low Pass,,20.004,1,1,1,234.63932256322803,0.0,0.05501439823682914,0.04544064,0
3788770,Darko Velkovski,North Macedonia,81,2,-3,1,7.58023746329889,51.43437502961894,1,1,1.8399186533189635,35.065831132440806,19,1,4,0.33834044961005383,7.535667598224511,0.25993045681869376,Head,Open Play,Normal,From Corner,Right Center Back,1,0,0,1,High Pass,Inswinging,45.049416,1,1,1,389.8847765008825,0.6817586703881954,0.2427257275550096,0.12564093,0
3788770,Eljif Elmas,North Macedonia,83,2,-3,15,26.978695298327526,16.76162092281319,1,1,2.832335982770628,4.493549126921572,18,0,1,2.8544134445150258,24.17986035613989,0.20484587536517296,Right Foot,Open Play,Normal,From Free Kick,Center Attacking Midfield,1,0,0,1,Ground Pass,,13.803261,1,1,1,452.2066635826485,0.2680855955169398,0.10498417182339471,0.024639592,0
3788770,Wout Weghorst,Netherlands,84,2,3,9,20.673654732533386,21.445150933049284,1,1,1.8196145915704725,15.040604697874258,17,1,4,2.719981104065996,17.965832366635784,0.3426597496994219,Right Foot,Open Play,Normal,From Free Kick,Right Center Forward,1,0,0,1,,,,0,0,0,443.3496460769271,0.7013522425106866,0.0880161062527087,0.043751977,0
3788770,Boban Nikolov,North Macedonia,86,2,-3,10,15.033296378372905,20.472279519741907,1,1,3.008648900550445,4.085940645684332,15,0,2,3.7337798574594165,11.386013469813985,3.2349913733017956,Left Foot,Open Play,Half Volley,Regular Play,Right Defensive Midfield,1,0,0,1,Low Pass,,21.126524,1,1,1,307.7658455611738,0.19958405910510169,0.20013234787805595,0.044713072,0
3788770,Matthijs de Ligt,Netherlands,87,2,3,21,34.66366974225319,13.141676063222846,2,1,4.503926972912835,3.2214300553837627,20,0,2,1.6103065986049165,33.053722562117635,0.13069548275825582,Right Foot,Open Play,Normal,From Goal Kick,Center Back,1,0,0,1,Ground Pass,,14.615403,1,1,1,455.5387189152308,0.24513083718438147,0.12993220297800104,0.016231125,0
3788770,Eljif Elmas,North Macedonia,90,2,-3,1,11.072488428533129,13.503864378380205,2,1,0.6596324626927401,0.0,13,0,2,4.646912722816017,6.4319400982497505,4.49862778221982,Left Foot,Open Play,Normal,From Counter,Center Attacking Midfield,1,0,0,1,Low Pass,,82.56028,1,1,1,149.52138207009554,0.0,0.05957400334624938,0.0626635,0
3794688,Leon Goretzka,Germany,3,1,0,16,30.68876015742572,14.254462170220682,2,1,4.553277546245931,1.257512103831241,15,0,1,1.7340716815615007,28.96076833945142,0.6306193830410862,Right Foot,Open Play,Normal,From Throw In,Left Defensive Midfield,1,1,0,1,,,,0,0,0,437.45177071500063,0.08821883904243948,0.14836955037899047,0.019125007,0
3794688,Kai Havertz,Germany,9,1,0,2,19.720294115453758,22.38763092897216,6,1,4.433606111008289,8.00592084448595,19,2,1,1.6409894258923599,18.087900886936254,0.2162478866997688,Left Foot,Open Play,Normal,From Free Kick,Right Wing,1,1,0,1,Ground Pass,,2.9832869,1,1,1,441.49066646756023,0.357604646507075,0.22482454293285134,0.06038029,0
3794688,Raheem Sterling,England,15,1,0,6,28.79044980544764,15.406078806908036,0,1,2.121084320493449,12.980360500075943,15,0,1,0.6235588659854147,28.346271842256,0.3181777483102479,Right Foot,Open Play,Normal,From Throw In,Left Wing,1,1,0,1,Ground Pass,,11.580155,1,1,1,443.54793858905646,0.84254797491076,0.07367319145156613,0.030664481,0
3794688,Harry Maguire,England,16,1,0,1,10.817116066678771,39.746938509873786,1,1,1.129326580646914,31.110550330634624,17,1,6,1.3146744975158806,9.92376399882429,0.6707129760734887,Head,Open Play,Normal,From Corner,Left Center Back,1,1,0,1,High Pass,Outswinging,46.431454,1,1,1,429.9472471564489,0.782715637907716,0.1044018177937196,0.04370195,0
3794688,Harry Maguire,England,26,1,0,4,6.067124524847005,66.5612584147481,2,1,0.9196686307653835,26.785916100939378,13,0,4,1.155632195711252,5.0166482135880015,0.5913769676307723,Head,Open Play,Normal,From Corner,Left Center Back,1,1,0,1,High Pass,,30.90259,1,1,1,403.83544333279724,0.40242502529075347,0.15158229025941658,0.15243307,0
3794688,Timo Werner,Germany,31,1,0,3,11.82285921425101,25.258164061073966,1,1,0.48311181454478475,0.0,9,0,2,7.008917369113354,4.815290063034367,5.567031536922087,Left Foot,Open Play,Normal,From Counter,Center Forward,1,1,0,1,Ground Pass,Through Ball,25.863102,1,1,1,298.62371770453205,0.0,0.04086251944558831,0.1772363,0
3794688,Kai Havertz,Germany,47,2,0,20,18.42281194606296,23.048747600171595,1,1,4.401129810568847,12.867892347285476,14,0,1,1.323008197088697,17.550087828288063,0.5834670486592728,Left Foot,Open Play,Half Volley,Regular Play,Right Wing,1,1,0,1,,,,0,0,0,424.62274263023124,0.5582903058554763,0.23889565954720546,0.056876995,0
3794688,Robin Gosens,Germany,52,2,0,21,4.123105625617661,88.21008939175394,0,0,2.1693010990189254,88.21008939175394,16,1,2,6.423151941728116,6.657426589545083,5.601962624199963,Head,Open Play,Normal,From Free Kick,Left Wing Back,1,1,0,1,High Pass,,31.778767,1,1,1,363.6995158073774,1.0,0.5261327979425591,0.2904081,0
3794688,Raheem Sterling,England,74,2,0,10,6.0016664352494695,67.01564768804724,0,1,1.5861109574496124,41.58360671946559,14,1,2,3.313987354992021,2.725798749580535,0.27283253341367697,Right Foot,Open Play,Normal,Regular Play,Right Wing,1,1,0,1,Ground Pass,,20.086065,1,1,1,402.20556336585685,0.6205059288993838,0.264278425760875,0.4975854,1
3794688,Thomas Müller,Germany,77,2,-1,0,24.001041644062038,16.62271970549186,3,1,10.126958632956224,7.557031459109363,20,2,0,2.3420387185536438,22.70102828936892,2.326396930555873,Right Foot,Free Kick,Normal,From Free Kick,Left Wing,1,1,0,1,,,,0,0,0,398.9625878890808,0.4546206392815882,0.42193829680978356,0.06796907,0
3794688,Thomas Müller,Germany,80,2,-1,1,19.964217991196154,22.593806136171487,1,1,1.072734652636528,15.292116738342784,5,0,3,11.504261902144014,8.622880089044402,0.3440228156016616,Right Foot,Open Play,Normal,From Counter,Left Wing,1,1,0,1,Ground Pass,Through Ball,35.78072,1,1,1,451.0676709533529,0.6768278282188549,0.053732866126265696,0.2819656,0
3794688,Harry Kane,England,85,2,1,2,7.7103826104804885,54.448953044502304,0,1,4.188251405726403,41.171699736188984,12,0,2,4.022029941947525,4.4929477698198115,2.383545045798158,Head,Open Play,Normal,Regular Play,Center Forward,1,1,0,1,Low Pass,,17.996944,1,1,1,419.8222607131992,0.7561522753713642,0.5431963129862635,0.43912625,1
3794688,Leon Goretzka,Germany,90,2,-2,10,13.47145129523913,26.248411058367175,1,1,1.6717114661178991,1.1396829556043535,14,0,1,3.9696319416320907,9.575299416692848,3.044137509114975,Right Foot,Open Play,Overhead Kick,Regular Play,Left Defensive Midfield,1,1,0,1,High Pass,,16.459648,1,1,1,353.60419115020954,0.043419121754459805,0.1240929005703112,0.04796002,0
3788774,Joshua Kimmich,Germany,3,1,0,16,10.938464243210746,11.771600061207515,0,0,2.57221240593869,11.771600061207506,7,0,2,6.97639474156928,4.349798195583254,6.265764092587766,Right Foot,Open Play,Half Volley,From Throw In,Right Wing Back,1,1,1,1,High Pass,Through Ball,45.522083,1,1,1,128.76322635489583,0.9999999999999992,0.23515297474553648,0.02635363,0
3788774,Antonio Rüdiger,Germany,7,1,0,1,10.84066418629412,27.478696291659123,1,1,0.8518024376822346,0.0,18,0,1,2.3388739967546357,8.635968452844748,2.1952495983991582,Head,Open Play,Normal,From Free Kick,Left Center Back,1,1,1,1,High Pass,,47.72976,1,1,1,297.8873187750421,0.0,0.07857474625578484,0.043604616,0
3788774,Ádám Szalai,Hungary,10,1,0,6,10.090094152187085,41.53059475225109,0,1,2.8008456430259785,33.8641852861253,12,0,2,2.072510040952993,8.975029622560863,1.9714132352699636,Head,Open Play,Diving Header,Regular Play,Left Center Forward,1,1,1,1,High Pass,Through Ball,43.60963,1,1,1,419.0476112465404,0.8154033306804438,0.27758369751375206,0.31454545,1
3788774,Serge Gnabry,Germany,16,1,-1,6,18.660385848100784,19.860596618430325,3,1,2.167918455293703,4.682620934176649,16,0,1,3.212010337033383,16.536758744316913,3.1750473263176673,Right Foot,Open Play,Normal,Regular Play,Center Forward,1,1,1,1,,,,0,0,0,370.6063960733955,0.23577443438085086,0.11617757922804953,0.050718814,0
3788774,Mats Hummels,Germany,20,1,-1,1,7.021395872616787,58.1486114609532,0,1,1.4611717485136257,45.27030509721001,16,1,3,1.6728851024343019,5.3500731482480015,0.4397725805099455,Head,Open Play,Normal,From Corner,Center Back,1,1,1,1,High Pass,Outswinging,39.080685,1,1,1,408.284420510334,0.7785277061621503,0.20810274410137555,0.15274267,0
3788774,Matthias Ginter,Germany,20,1,-1,9,8.994442728707547,44.23967909679209,1,1,2.4506740570324697,33.94595216699935,12,0,3,2.0601120290309614,8.26069374343355,1.1609442690111749,Right Foot,Open Play,Half Volley,From Corner,Right Center Back,1,1,1,1,,,,0,0,0,397.91125997249685,0.7673191320562911,0.2724653578826688,0.2693605,0
3788774,Mats Hummels,Germany,27,1,-1,1,13.05105359731543,19.152508807084804,0,0,9.149667494495938,19.152508807084768,15,0,0,6.621398439681917,14.359883239546646,3.13368129239808,Head,Open Play,Normal,From Free Kick,Center Back,1,1,1,1,High Pass,,47.491158,1,1,1,249.9604189643196,0.9999999999999981,0.7010673449673062,0.03625692,0
3788774,Roland Sallai,Hungary,32,1,1,2,24.135658267385207,12.962186992210436,1,1,2.3730427289195535,7.934407322910228,13,0,1,4.0426584006391915,20.111487019123995,2.732034406791385,Right Foot,Open Play,Normal,From Throw In,Right Center Forward,1,1,1,1,Ground Pass,,21.883783,1,1,1,312.8509156419368,0.6121194924651505,0.09832102785969063,0.03197877,0
3788774,András Schäfer,Hungary,37,1,1,2,28.944256770558134,15.713624909423249,4,1,8.297028644972324,6.7159937888254015,13,0,0,0.26205573775649993,28.791234994209642,0.20334719584253946,Right Foot,Open Play,Normal,Regular Play,Left Center Midfield,1,1,1,1,Ground Pass,,21.804815,1,1,1,454.8191941745848,0.42739939559063234,0.2866554394795169,0.023456529,0
3788774,Roland Sallai,Hungary,38,1,1,4,32.707491496597534,12.706230859983302,1,1,1.2995122332432416,1.8359522027159847,11,0,1,3.3469298878838907,29.37208664073293,1.1587753748405163,Right Foot,Open Play,Normal,Regular Play,Right Center Forward,1,1,1,1,High Pass,,56.063,1,1,1,415.588937806709,0.14449227492773553,0.03973133290819402,0.013890742,0
3788774,Kai Havertz,Germany,44,1,-1,4,20.188362984650336,17.14508187293309,2,1,5.084787286134608,10.298488717324462,15,0,0,4.239308947917636,16.038531013999098,2.1893595700618746,Left Foot,Open Play,Normal,Regular Play,Right Wing,1,1,1,1,,,,0,0,0,346.1311362523219,0.6006672230351181,0.25186724104379765,0.043902155,0
3788774,Kai Havertz,Germany,44,1,-1,4,19.799494943053478,16.474473727725865,1,1,2.564936289000382,7.64509725745338,16,0,3,2.2410402829740543,17.55858082196186,1.5801325049660306,Left Foot,Open Play,Normal,Regular Play,Right Wing,1,1,1,1,,,,0,0,0,326.18625926157563,0.4640571458490352,0.1295455412563578,0.04646648,0
3788774,Serge Gnabry,Germany,46,2,-1,11,17.307223925286227,12.257223130438556,2,1,1.0765486357088898,0.0,14,0,2,4.770911355641496,12.536551497810127,4.290656119206979,Right Foot,Open Play,Normal,Regular Play,Center Forward,1,1,1,1,High Pass,,32.03904,1,1,1,212.13850542069792,0.0,0.062202271164703025,0.013726477,0
3788774,Kai Havertz,Germany,51,2,-1,4,25.740240869113876,12.825713223521856,0,0,1.4699198830153073,12.825713223521825,17,2,2,,,,Left Foot,Open Play,Normal,From Throw In,Right Wing,1,1,1,1,Ground Pass,,12.529964,1,1,1,330.1369476916315,0.9999999999999977,0.057105910177363085,0.023325983,0
3788774,Mats Hummels,Germany,53,2,-1,1,10.22007827758672,41.55302538357607,0,1,2.0611829108932724,30.68941771928829,15,1,3,4.299029259102739,6.338413144635953,2.534981801131522,Head,Open Play,Normal,From Free Kick,Center Back,1,1,1,1,High Pass,,40.780632,1,1,1,424.6751720906954,0.7385603680115758,0.20167975771903598,0.05857892,0
3788774,Loïc Négo,Hungary,58,2,1,1,25.810462994684926,16.646355837156904,3,1,5.489725934055983,7.391668838877106,17,0,0,1.9863361581642525,24.649220613289103,1.0735649785786308,Right Foot,Open Play,Volley,From Free Kick,Right Wing Back,1,1,1,1,,,,0,0,0,429.65015133129566,0.4440412611136131,0.2126938185954458,0.022724941,0
3788774,Attila Fiola,Hungary,58,2,1,1,16.900887550658396,21.091599618992667,0,1,2.6812193531040864,16.64188143030277,18,0,1,1.4592659902809746,15.455409599461767,0.7772431906257822,Right Foot,Open Play,Normal,From Free Kick,Left Wing Back,1,1,1,1,,,,0,0,0,356.4667534241045,0.7890288897441903,0.15864370111140322,0.15550366,0
3788774,Roland Sallai,Hungary,61,2,1,0,25.225384040684094,8.508361862793961,3,0,10.329552041815738,5.550847733594671,17,0,0,4.832115842466753,21.897434467725734,4.668105813083798,Right Foot,Free Kick,Normal,From Free Kick,Right Center Forward,1,1,1,1,,,,0,0,0,214.626695546088,0.6523991131439599,0.40949037783353437,0.0070249285,0
3788774,Mats Hummels,Germany,65,2,-1,1,9.84123975929862,35.84153390569569,0,0,2.2366911134282734,35.841533905695684,11,1,3,6.828595422523398,3.795975619059688,2.98510475611738,Head,Open Play,Normal,From Free Kick,Center Back,1,1,1,1,High Pass,,53.74086,1,1,1,352.725128506982,0.9999999999999998,0.22727737237728687,0.07899849,0
3788774,Kai Havertz,Germany,65,2,-1,1,0.7615773105863923,160.04076423164562,0,0,1.2679050772608356,160.04076423164562,10,0,2,14.025099909148834,13.330725952880293,10.224216838150511,Head,Open Play,Normal,From Free Kick,Right Wing,1,1,1,1,,,,0,0,0,121.88341480772756,1.0,1.664840928998509,0.88317055,1
3788774,András Schäfer,Hungary,67,2,0,5,16.118622769951532,26.205790357734156,0,1,1.4100452931312903,10.24714640021726,8,0,4,12.235378625558633,3.9015935387867025,4.170558953255615,Head,Open Play,Normal,From Kick Off,Left Center Midfield,1,1,1,1,High Pass,Through Ball,20.342075,1,1,1,422.4012491647501,0.391026038914831,0.08747926626584426,0.1631392,1
3788774,Robin Gosens,Germany,69,2,-1,22,11.18659912573969,28.79991020541679,1,1,4.222450644478998,15.541131655689547,10,1,1,1.3125283773467695,9.886783889225487,0.850651724519139,Head,Open Play,Normal,From Kick Off,Left Wing Back,1,1,1,1,High Pass,,28.625164,1,1,1,322.173050325297,0.5396243094107466,0.37745615061537285,0.043939896,0
3788774,Ádám Szalai,Hungary,72,2,1,3,45.30011037514147,10.092236115879693,0,0,2.2923785222862167,10.092236115879679,9,0,2,,,,Right Foot,Open Play,Half Volley,From Goal Kick,Left Center Forward,1,1,1,1,Low Pass,,9.277931,1,1,1,457.1794099813392,0.9999999999999986,0.0506042590912574,0.004870557,0
3788774,Thomas Müller,Germany,79,2,-1,9,10.335376142163375,38.71515905030126,0,0,6.6845755640242634,38.71515905030127,16,0,0,9.7475410630334,11.762297507171658,6.689284777412013,Head,Open Play,Normal,From Throw In,Right Wing,1,1,1,1,High Pass,,33.083683,1,1,1,400.13573118854407,1.0000000000000002,0.6467665493812463,0.083784156,0
3788774,Toni Kroos,Germany,80,2,-1,13,14.49413674559475,15.658013526543701,0,1,1.7376945581168595,9.297748164281014,14,0,3,3.687299477715162,10.815625775080582,3.353630793548227,Right Foot,Open Play,Half Volley,Regular Play,Left Defensive Midfield,1,1,1,1,Low Pass,,8.786353,1,1,1,226.94938921809668,0.5938012601994072,0.11988948280379669,0.07026925,0
3788774,Timo Werner,Germany,83,2,-1,13,15.415576538034511,27.13708455849211,2,1,1.8788486261728683,12.655963551025268,17,0,4,2.876744264407809,12.995106478530364,0.3402631663826412,Right Foot,Open Play,Normal,From Throw In,Left Center Forward,1,1,1,1,Ground Pass,,3.224903,1,1,1,418.3338040305496,0.4663715265265955,0.12187988049212604,0.09693649,0
3788774,Leon Goretzka,Germany,83,2,-1,13,15.826875876179736,28.174860675292983,1,1,3.1828572482165636,17.80038605999104,16,1,2,3.501971901271537,12.479319548075908,1.332533250781232,Right Foot,Open Play,Half Volley,From Throw In,Left Back,1,1,1,1,,,,0,0,0,445.9200227365196,0.6317825761459933,0.20110458141691298,0.07555934,1
3788771,Che Adams,Scotland,9,1,0,2,28.400000000000006,16.03418614731069,0,0,2.2198515906793044,16.034186147310656,11,0,1,,,,Right Foot,Open Play,Normal,From Counter,Left Center Forward,1,0,0,1,Low Pass,,13.618003,1,0,1,455.37088658362376,0.9999999999999978,0.07816378840420084,0.034096744,0
3788771,Nikola Vlašić,Croatia,16,1,0,21,12.050311199301037,35.45159582635711,3,1,0.8682169421311134,0.0,16,0,3,3.268560503535627,8.907927101829035,1.6860812142130754,Left Foot,Open Play,Half Volley,From Free Kick,Right Wing,1,0,0,1,Low Pass,,7.4946647,1,0,1,427.20276221944493,0.0,0.07204933779481755,0.065931596,1
3788771,Luka Modrić,Croatia,21,1,1,17,28.058510295452255,14.090765591841542,0,1,3.6113462289378315,11.272021313428938,16,0,1,3.7423989327854947,24.39450432978238,2.472253828536388,Right Foot,Open Play,Normal,Regular Play,Right Center Midfield,1,0,0,1,Ground Pass,,38.466217,1,0,1,395.3658914294903,0.7999580462792854,0.12870769655661873,0.024438456,0
3788771,John McGinn,Scotland,23,1,-1,12,14.996666296213975,29.7094241639224,2,1,4.251854365855149,2.9011443938133277,14,1,1,1.8199153946384894,13.178532158323385,0.28110170945059565,Left Foot,Open Play,Half Volley,Regular Play,Right Center Midfield,1,0,0,1,Low Pass,,5.315073,1,0,1,445.5423200390201,0.09765064370841386,0.28351996916331745,0.098480314,0
3788771,Ivan Perišić,Croatia,24,1,1,1,30.805843601498733,14.148893826956334,1,0,2.8978321896496158,14.126556564736225,14,0,1,,,,Right Foot,Open Play,Normal,Regular Play,Left Wing,1,0,0,1,Ground Pass,,10.186756,1,0,1,435.8686103674277,0.998421271479361,0.0940676135065697,0.019338876,0
3788771,Josip Juranović,Croatia,37,1,1,11,28.040149785619906,12.587865354801945,2,1,3.000145283151926,2.5566327613025774,16,0,1,2.950505711073631,25.16229857399448,2.324868393345298,Right Foot,Open Play,Normal,Regular Play,Right Back,1,0,0,1,Ground Pass,,14.131525,1,0,1,352.965630029862,0.20310296378625373,0.10699462399771198,0.014072721,0
3788771,Ivan Perišić,Croatia,39,1,1,5,19.230184606498188,11.004407761201602,0,1,2.0155464086986985,6.21847527575859,13,0,1,4.862178366084293,14.370225281559465,4.404163967595252,Right Foot,Open Play,Normal,From Free Kick,Left Wing,1,0,0,1,Ground Pass,,26.953665,1,0,1,211.61679273308823,0.565089499653326,0.10481159957339219,0.015805123,0
3788771,Callum McGregor,Scotland,41,1,-1,9,19.23746345025768,23.451213020149485,3,1,1.8039535876087014,4.489866542516505,18,0,3,1.719896741967095,17.518837153912376,0.044262084995466466,Right Foot,Open Play,Normal,Regular Play,Center Defensive Midfield,1,0,0,1,,,,0,0,0,451.14185333933267,0.19145562059663065,0.09377294424876675,0.059476625,1
3788771,Ivan Perišić,Croatia,45,1,0,1,25.730332294783917,16.159519122200923,1,1,3.07092420021,4.072992250834954,15,0,3,4.036891397469998,21.771460068143217,0.9907092463384899,Right Foot,Open Play,Normal,From Throw In,Left Wing,1,0,0,1,,,,0,0,0,415.7897967381447,0.2520490999784289,0.11935035136847189,0.02661954,0
3788771,Joško Gvardiol,Croatia,49,2,0,2,12.001666550941998,36.861304997511155,0,1,2.3865360909223217,33.8067213992831,12,0,2,9.642200924160804,2.771331597338093,1.459035641376481,Left Foot,Open Play,Normal,From Counter,Left Back,1,0,0,1,Ground Pass,Through Ball,15.727683,1,0,1,442.39709121270073,0.9171330586794391,0.1988503913846036,0.42116502,0
3788771,Joško Gvardiol,Croatia,54,2,0,10,25.36473930479082,15.941294720709562,0,1,3.5811672775300507,12.676226508126561,15,0,1,4.32277290895169,21.060582814751285,2.343278850869929,Right Foot,Open Play,Normal,From Throw In,Left Back,1,0,0,1,Ground Pass,,34.85183,1,0,1,404.34678477163624,0.7951817421491302,0.14118683557112885,0.036551002,0
3788771,John McGinn,Scotland,58,2,0,13,4.580392996239519,77.01700742774806,0,1,1.1664074387890315,46.21560882482256,13,1,2,2.6978120591145274,2.2593093342032744,2.5977896698790985,Left Foot,Open Play,Volley,From Free Kick,Right Center Midfield,1,0,0,1,High Pass,,41.64721,1,0,1,352.76816141338423,0.6000701711005689,0.2546522623160603,0.2734747,0
3788771,Luka Modrić,Croatia,61,2,0,23,20.45702813216035,21.679077797183407,2,1,5.300320052148754,6.5455343866884474,18,0,0,2.604172955981627,17.988381700479948,1.2824054821813746,Right Foot,Open Play,Normal,From Free Kick,Right Center Midfield,1,0,0,1,Ground Pass,,7.201389,1,0,1,443.48950437627377,0.30192863589146113,0.25909531032106065,0.05714794,1
3788771,Callum McGregor,Scotland,67,2,-1,1,24.256339377573024,17.893611682300712,5,1,5.651270396945124,0.633351501476112,19,0,0,1.451159233501462,22.89492109418544,0.8817222678364871,Right Foot,Open Play,Half Volley,From Free Kick,Center Defensive Midfield,1,0,0,1,,,,0,0,0,434.03351765639144,0.03539539768277107,0.23298117283806588,0.027990222,0
3788771,Ryan Fraser,Scotland,73,2,-1,1,26.382759522081844,17.129958972608183,0,0,2.8657266272492037,17.129958972608204,13,2,2,,,,Right Foot,Open Play,Normal,From Counter,Left Center Midfield,1,0,0,1,Ground Pass,,16.961428,1,0,1,451.9355881974499,1.0000000000000013,0.10862118592449162,0.04260997,0
3788771,Mateo Kovačić,Croatia,74,2,1,18,23.74384130674732,14.650590676077261,1,1,3.7317732791806035,5.799620385434012,14,0,3,5.035235001468831,18.708813114017524,3.2775661982110336,Right Foot,Open Play,Normal,From Goal Kick,Left Center Midfield,1,0,0,1,Ground Pass,,8.560374,1,0,1,347.86130006289045,0.3958625637466023,0.15716805174738682,0.030409623,0
3788771,Ivan Perišić,Croatia,76,2,1,1,10.376897416858275,22.726283435461482,0,1,0.7951215108381857,13.366816517685718,13,1,5,6.833528266762495,3.5943120155360466,5.816763302708161,Head,Open Play,Normal,From Corner,Left Wing,1,0,0,1,High Pass,Inswinging,34.15977,1,0,1,235.82831187622926,0.5881655289411949,0.07662420460536054,0.06999729,1
3788771,Ryan Fraser,Scotland,79,2,-2,2,19.635936443164614,20.63908104647532,1,1,1.4464742592065238,12.512800588682076,10,0,3,2.3758456376949413,17.589740484121815,0.04658573262267396,Right Foot,Open Play,Normal,From Counter,Left Center Midfield,1,0,0,1,High Pass,,10.6216755,1,0,1,405.26768367391276,0.6062673314042233,0.07366464356784218,0.038835697,0
3788771,Che Adams,Scotland,79,2,-2,2,13.541787178950942,12.66067014716697,0,1,2.145717170732804,4.585555478856833,10,0,1,6.648924140979209,6.945861330120687,6.418279090137538,Right Foot,Open Play,Normal,From Counter,Left Center Forward,1,0,0,1,,,,0,0,0,171.44810067583262,0.362189001494753,0.15845155018150484,0.043093454,0
3788771,Scott McTominay,Scotland,80,2,-2,1,5.920304046246277,67.32662511700275,0,1,1.0703425409264702,4.5123478167254945,19,2,5,4.868966419110665,1.0703425409264702,1.4902458296776686,Head,Open Play,Normal,From Corner,Right Center Back,1,0,0,1,High Pass,Inswinging,41.33485,1,0,1,398.5940911002976,0.06702174375863584,0.1807918195696575,0.15723908,0
3788771,Scott McTominay,Scotland,92,2,-2,14,18.317477992343818,18.28796648429059,1,1,2.8822232580086755,12.781918336717693,17,0,2,3.3969130690420024,14.930893398757206,2.521542546899184,Right Foot,Open Play,Normal,Regular Play,Right Center Midfield,1,0,0,1,Ground Pass,,16.316862,1,0,1,334.9894236007142,0.6989250744579718,0.15734825827078172,0.034627773,0
3788771,Scott McKenna,Scotland,92,2,-2,3,6.003332407921454,67.3394636980007,0,0,1.8446974662485787,67.33946369800069,18,2,2,,,,Head,Open Play,Normal,From Corner,Right Center Back,1,0,0,1,High Pass,,31.303675,1,0,1,404.2611847502579,0.9999999999999998,0.3072789145932487,0.30152455,0
3788772,Raheem Sterling,England,1,1,0,28,18.325119372053212,17.363715107622774,0,1,3.1966659957356,2.6489250206210175,13,0,2,15.150725672625889,3.1966659957356,11.309559486411445,Right Foot,Open Play,Lob,Regular Play,Left Wing,1,0,0,1,High Pass,Through Ball,48.96121,1,1,1,318.1921520895111,0.1525551994030427,0.1744417556488438,0.1514302,0
3788772,John Stones,England,9,1,0,1,14.00642709615839,16.566704554484602,0,1,2.3723769990485866,8.26083537487298,18,0,3,5.724735171743847,8.285126308486106,5.098437391960175,Head,Open Play,Normal,From Free Kick,Right Center Back,1,0,0,1,High Pass,,49.18638,1,1,1,232.04033956598374,0.4986408339512987,0.16937774228655855,0.014441098,0
3788772,Harry Kane,England,10,1,0,6,31.181084009379784,11.858941285489799,0,0,5.9487701816467755,11.858941285489806,13,0,0,,,,Right Foot,Open Play,Half Volley,Regular Play,Center Forward,1,0,0,1,,,,0,0,0,369.7746444851597,1.0000000000000007,0.19078137821819433,0.009561499,0
3788772,Raheem Sterling,England,11,1,0,10,4.601086828130931,78.22433056345372,0,0,3.1926543529682747,78.22433056345372,15,1,1,5.8585359663672385,7.7426952445615695,4.291597820043265,Head,Open Play,Normal,Regular Play,Left Wing,1,0,0,1,High Pass,,23.541666,1,1,1,359.9169369948668,1.0,0.6938913505062466,0.31154272,1
3788772,Harry Kane,England,25,1,1,29,14.880860190190617,18.91551725093323,0,1,2.13613354973943,9.98174175416002,10,0,2,7.853578172705728,7.050706737664705,6.077609133671089,Right Foot,Open Play,Normal,Regular Play,Center Forward,1,0,0,1,Ground Pass,,38.59339,1,1,1,281.4791676362762,0.5277012318374509,0.14354906386040492,0.11510415,0
3788772,Tomáš Holeš,Czech Republic,27,1,-1,10,29.024816967553818,15.680606470787732,0,1,0.9958275224754942,13.05975760847998,19,0,2,3.417498416119973,26.23612943568089,1.757298332963238,Right Foot,Open Play,Normal,From Free Kick,Right Defensive Midfield,1,0,0,1,Ground Pass,,17.920101,1,1,1,455.12673275485395,0.8328604912577664,0.03430951945670173,0.031034565,0
3788772,Tomáš Holeš,Czech Republic,27,1,-1,1,14.199295757184585,30.924702586801107,1,0,1.6186179629086972,23.446348682612186,17,2,4,6.381566656118353,11.058828532449088,5.543279723169256,Head,Open Play,Normal,From Corner,Right Defensive Midfield,1,0,0,1,High Pass,Outswinging,44.289955,1,1,1,439.1089982329601,0.7581753977035582,0.11399283391147805,0.024405032,0
3788772,Tomáš Kalas,Czech Republic,27,1,-1,1,14.969635934116766,28.29041051464261,2,1,1.0551442500203805,6.050836862549207,18,3,5,3.4092591098451073,11.821869629581695,2.2216965799063075,Right Foot,Open Play,Normal,From Corner,Left Center Back,1,0,0,1,,,,0,0,0,423.4971458309088,0.21388296431461826,0.07048563202633663,0.0929399,0
3788772,Tomáš Souček,Czech Republic,28,1,-1,1,11.078808600206072,35.45126501733282,1,1,2.7986626382533872,12.074225073909925,17,2,6,3.644123445047565,8.441905668350689,3.3702890781241592,Right Foot,Open Play,Normal,From Corner,Left Defensive Midfield,1,0,0,1,,,,0,0,0,392.75777976221156,0.34058657901224676,0.25261404355350364,0.06409193,0
3788772,Tomáš Souček,Czech Republic,34,1,-1,10,15.047258886587954,29.530949523230227,2,1,1.7134543360982877,7.853634058340184,17,0,1,1.6230318049633854,13.671316519420818,1.0075888484499842,Right Foot,Open Play,Normal,Regular Play,Left Defensive Midfield,1,0,0,1,,,,0,0,0,444.35984264280637,0.2659458698462168,0.11387152630340784,0.081089236,0
3788772,Tomáš Pekhart,Czech Republic,82,2,-1,9,19.649173010587496,20.39520739832664,1,1,2.343877363267395,12.178083497343316,14,0,3,3.381693568348358,16.300991230072892,2.0001588138583557,Right Foot,Open Play,Normal,Regular Play,Center Forward,1,0,0,1,Low Pass,,5.800862,1,1,1,400.74895875653425,0.5971051561036093,0.1192863110322481,0.0786344,0
3788772,Alex Král,Czech Republic,91,2,-1,7,32.82072515956952,13.807346418797032,1,0,2.1795298461599875,8.88189039544719,14,0,2,,,,Right Foot,Open Play,Normal,Regular Play,Center Attacking Midfield,1,0,0,1,,,,0,0,0,453.16712199430384,0.6432728002938762,0.06640712036566636,0.020847216,0
3788768,Axel Witsel,Belgium,22,1,0,3,28.769602013236124,14.637711431445423,1,1,2.9225144665336056,5.692297706438631,19,0,1,1.2808128801295333,27.49257491791548,0.4086051501318835,Right Foot,Open Play,Normal,From Throw In,Left Defensive Midfield,1,0,1,1,Ground Pass,,12.220065,1,1,1,421.12113226728167,0.38887894006505475,0.10158341659328603,0.020644736,0
3788768,Axel Witsel,Belgium,31,1,0,2,22.55038802326914,19.993567205432104,3,1,8.677993400117048,5.089149015137934,15,0,0,2.8262181549598377,19.736420569732967,0.5688895206894529,Right Foot,Open Play,Normal,Regular Play,Left Defensive Midfield,1,0,1,1,,,,0,0,0,450.86269845180277,0.2545393207148772,0.3848267883977189,0.041607555,0
3788768,Leandro Trossard,Belgium,32,1,0,17,24.298148077579903,17.617180468090687,1,1,4.157225529852405,8.553172038477747,20,1,2,2.609978290699751,21.698849829086402,1.108139538525208,Left Foot,Open Play,Normal,From Throw In,Right Wing Back,1,0,1,1,Ground Pass,,11.7515955,1,1,1,428.06485972311594,0.485501755174148,0.1710922789909372,0.045872826,0
3788768,Jeremy Doku,Belgium,33,1,0,2,18.201648277010516,22.46873340651683,1,1,2.3153357148458893,15.078026208539452,13,0,2,3.7912542827940485,14.433948320116272,1.3423903883631567,Left Foot,Open Play,Normal,From Counter,Right Attacking Midfield,1,0,1,1,Ground Pass,,23.71919,1,1,1,408.96798269533565,0.671067030603791,0.1272047278141431,0.07194381,0
3788768,Romelu Lukaku Menama,Belgium,36,1,0,14,11.377170122662315,38.303261765356964,0,1,2.363688427523427,29.36483564805073,13,0,2,3.8303949163662727,7.699868632240427,1.5221299506712995,Head,Open Play,Normal,From Throw In,Center Forward,1,0,1,1,High Pass,,34.19737,1,1,1,435.78272535733305,0.7666406017309337,0.2077571489253878,0.08864415,0
3788768,Romelu Lukaku Menama,Belgium,38,1,0,9,7.615773105863913,54.64584425661195,1,1,0.8227806646744649,0.0,16,1,2,3.4411184391393075,5.403466607987101,2.7418934067005836,Left Foot,Open Play,Half Volley,From Throw In,Center Forward,1,0,1,1,Low Pass,,15.840454,1,1,1,416.1703510367333,0.0,0.10803639410435545,0.17458823,0
3788768,Jeremy Doku,Belgium,41,1,0,9,19.041270965983333,14.990258552274188,1,1,1.4623603138545591,0.0,15,0,1,3.952986262892055,15.097457387862597,3.274999892448747,Right Foot,Open Play,Normal,Regular Play,Right Attacking Midfield,1,0,1,1,Ground Pass,,34.91432,1,1,1,285.43357494400186,0.0,0.07679951177980832,0.048956003,0
3788768,Joel Pohjanpalo,Finland,45,2,0,5,15.91540134586621,22.522073108869463,0,1,3.3469286254541903,18.80605605552497,12,0,2,5.05394795075447,11.786259324457797,4.716837177176615,Right Foot,Open Play,Normal,From Kick Off,Left Center Forward,1,0,1,1,Ground Pass,,11.094143,1,1,1,358.4478326685982,0.8350055505378374,0.2102949559813335,0.042845048,0
3788768,Teemu Pukki,Finland,45,2,0,7,18.504323819042945,18.93846538723996,2,1,2.5586037750483683,0.0,17,0,2,3.2539986237907277,15.314881791757644,2.5367677903113233,Left Foot,Open Play,Normal,From Kick Off,Right Center Forward,1,0,1,1,Ground Pass,,17.821335,1,1,1,350.4434961612248,0.0,0.1382705901641912,0.028850058,0
3788768,Jason Denayer,Belgium,50,2,0,14,27.254724361108487,14.738518367294851,1,1,5.308542930214708,8.633831349565952,17,0,0,4.362331592536181,22.92264921702261,2.49698646824541,Right Foot,Open Play,Normal,From Free Kick,Right Center Back,1,0,1,1,Ground Pass,,21.70023,1,1,1,401.69425559175585,0.585800494622624,0.19477514649863084,0.027064186,0
3788768,Eden Hazard,Belgium,52,2,0,3,26.806902096288564,12.456085640434662,2,1,1.1975000746366569,4.956215595155104,18,0,1,4.220707274054422,22.589454737646296,3.021083719218879,Left Foot,Open Play,Normal,From Corner,Left Attacking Midfield,1,0,1,1,Ground Pass,,16.794344,1,1,1,333.9090682661178,0.3978951123349979,0.04467133391002505,0.01231402,0
3788768,Nacer Chadli,Belgium,55,2,0,14,21.00404722904612,15.860995800712368,2,1,4.088801969591475,10.70320974452069,17,0,1,3.104042273901909,18.15711382512411,1.1778512421261809,Right Foot,Open Play,Normal,From Throw In,Left Wing Back,1,0,1,1,Ground Pass,,9.8792715,1,1,1,333.14510489786477,0.6748132260422119,0.19466733839453304,0.040514104,0
3788768,Eden Hazard,Belgium,57,2,0,1,15.368799562750494,24.596680507208955,1,1,3.1418337531032594,7.650720869234855,17,0,2,4.091676413326351,11.44219434079588,3.0860644138851825,Right Foot,Open Play,Normal,From Corner,Left Attacking Midfield,1,0,1,1,Ground Pass,,36.336895,1,1,1,378.0214526243066,0.31104688565566935,0.20442935313686775,0.094183505,0
3788768,Glen Kamara,Finland,61,2,0,6,19.453534383242545,22.536750813744916,1,1,4.837698175710594,15.184197972505734,15,0,2,2.3399661689439566,17.132034215581776,0.8633183095362327,Left Foot,Open Play,Normal,From Free Kick,Left Center Midfield,1,0,1,1,Ground Pass,,7.889233,1,1,1,438.41945684175613,0.6737527560204046,0.24867965277702095,0.058503363,0
3788768,Eden Hazard,Belgium,62,2,0,19,11.947384651043928,33.535389572465256,1,1,1.507827781651699,21.027034415746343,15,0,2,3.782809306497479,8.24401618328395,1.2161552386334122,Left Foot,Open Play,Half Volley,From Throw In,Left Attacking Midfield,1,0,1,1,Ground Pass,,11.21606,1,1,1,400.66019864484997,0.6270102922260641,0.12620567812052066,0.093215846,0
3788768,Joel Pohjanpalo,Finland,63,2,0,2,21.677868898948528,16.493015095760867,1,1,2.1047683005885864,0.0,14,0,3,3.825406305647212,18.012578782983947,3.1072410032286797,Left Foot,Open Play,Normal,Regular Play,Left Center Forward,1,0,1,1,Ground Pass,,12.1,1,1,1,357.53341899428307,0.0,0.09709295274364708,0.030059883,0
3788768,Romelu Lukaku Menama,Belgium,71,2,0,11,19.22134230484437,20.021622412810917,2,1,0.608394911925562,6.083933669263933,16,1,3,3.457107324850352,15.765104621945968,1.8292984815085873,Left Foot,Open Play,Normal,From Free Kick,Center Forward,1,0,1,1,Ground Pass,,8.146778,1,1,1,384.84245789498266,0.3038681653176669,0.03165205126034449,0.037192922,0
3788768,Thomas Vermaelen,Belgium,73,2,0,1,8.06225774829855,52.56142842766696,1,0,1.03414513102965,12.52503253130032,18,0,4,4.489746563230401,6.2759616999247285,3.8037929821735403,Head,Open Play,Normal,From Corner,Left Center Back,1,0,1,1,High Pass,Inswinging,40.42091,1,1,1,423.7637836025976,0.23829322957873555,0.12826991685398487,0.15040624,0
3788768,Kevin De Bruyne,Belgium,75,2,0,4,12.593649193144937,34.82448915695679,2,1,0.5546174605019728,0.0,13,1,3,3.474345398452638,9.931871659262093,2.442297730149761,Right Foot,Open Play,Overhead Kick,Regular Play,Right Defensive Midfield,1,0,1,1,High Pass,,20.71835,1,1,1,438.5673997731935,0.0,0.04403945607789885,0.05387097,0
3788768,Teemu Pukki,Finland,77,2,0,19,18.725650856512306,19.362083263320077,1,1,1.280086114894762,0.0,12,0,3,3.227024376826953,15.506792759762035,2.1587556039292792,Right Foot,Open Play,Normal,From Free Kick,Right Center Forward,1,0,1,1,Ground Pass,Through Ball,16.011246,1,1,1,362.56761104365216,0.0,0.06836003323481707,0.028447377,0
3788768,Robin Lod,Finland,78,2,0,4,25.00079998720041,18.179438338463957,1,1,7.500320823245833,10.300249044975576,15,1,0,2.287609933497712,23.058851126428223,1.1450460686984485,Left Foot,Open Play,Normal,Regular Play,Left Center Forward,1,0,1,1,Ground Pass,,10.874742,1,1,1,454.5005017795803,0.5665878589429446,0.3000032329799747,0.042498756,0
3788768,Romelu Lukaku Menama,Belgium,80,2,0,6,13.011533345459334,33.948038675666886,1,1,0.8362626695740012,14.159995212868434,14,1,3,3.55521482835208,9.60273589733255,1.3096560567837727,Right Foot,Open Play,Normal,Regular Play,Center Forward,1,0,1,1,Ground Pass,,18.12981,1,1,1,441.7160372413828,0.4171079027024312,0.06427087779518574,0.097499184,1
3788768,Nikolai Alho,Finland,84,2,-1,1,31.71576894858455,12.530155987898786,2,1,3.965189329095091,5.456190042694623,20,0,1,2.1885133214551304,30.62337918210055,2.1874424314766614,Right Foot,Open Play,Half Volley,From Free Kick,Right Wing Back,1,0,1,1,,,,0,0,0,397.40353220192105,0.43544470220195447,0.12502264521863513,0.009011593,0
3788768,Eden Hazard,Belgium,84,2,1,1,18.891532494744833,21.167483728979658,0,1,2.8367895826065888,16.82443068957935,11,0,2,3.1024958771983324,15.834805112119783,1.9167379225742849,Right Foot,Open Play,Normal,From Counter,Left Attacking Midfield,1,0,1,1,Ground Pass,,32.460747,1,1,1,399.88620669800173,0.7948243119018259,0.1501619618946062,0.041928735,0
3788767,Marcel Sabitzer,Austria,2,1,0,1,10.965856099730654,19.051008731321225,1,0,1.632140218954373,17.22328034290215,20,1,1,3.1898442026746108,10.779914519381597,0.6904708190145996,Head,Open Play,Normal,From Corner,Center Attacking Midfield,1,0,0,1,High Pass,Inswinging,31.339432,1,1,1,208.9106203023808,0.9040613326991889,0.14883837651256995,0.051493533,0
3788767,Marcel Sabitzer,Austria,4,1,0,15,18.66038584810078,14.965333021443895,1,1,1.6910255904234088,0.0,16,0,2,2.426381288392965,16.394851828150763,1.353164888775197,Right Foot,Open Play,Normal,Regular Play,Center Attacking Midfield,1,0,0,1,Ground Pass,,5.8420887,1,1,1,279.25888852546694,0.0,0.09062114814713321,0.044016894,0
3788767,Marcel Sabitzer,Austria,6,1,0,6,22.726636354727027,19.942653146851164,0,0,2.2478144353389355,19.942653146851146,15,0,1,,,,Right Foot,Open Play,Volley,Regular Play,Center Attacking Midfield,1,0,0,1,High Pass,,21.865955,1,1,1,453.22942601693904,0.9999999999999991,0.09890660457861382,0.053239208,0
3788767,Aleksandar Dragović,Austria,10,1,0,1,7.805767098754609,54.24490333086379,1,1,1.2857669160525393,30.31923311980753,19,3,5,2.550701410644087,5.313006798016067,0.34873873192103133,Head,Open Play,Normal,From Corner,Right Center Back,1,0,0,1,High Pass,Inswinging,44.89287,1,1,1,423.4230816951809,0.5589323836541296,0.16472012292778762,0.077197745,0
3788767,Marko Arnautović,Austria,15,1,0,0,28.117787964205146,16.18328656908811,1,1,3.045677765849868,12.178589459010777,13,0,2,6.142453210244406,22.456132194545432,2.3302002005783606,Right Foot,Open Play,Normal,Regular Play,Center Forward,1,0,0,1,,,,0,0,0,455.03822031358845,0.7525411730811988,0.10831854090823625,0.029500071,0
3788767,Christoph Baumgartner,Austria,20,1,0,1,7.397972695272675,56.083278091238455,2,1,2.467390601358559,41.94653040072711,18,4,6,1.143921089083831,7.486217336432823,1.1132332424475848,Right Foot,Open Play,Volley,From Corner,Left Wing,1,0,0,1,High Pass,Outswinging,42.48529,1,1,1,414.90255998036633,0.7479329281089252,0.3335225342120049,0.1941426,1
3788767,Martin Hinteregger,Austria,23,1,1,1,10.151354589413184,37.66706830836841,2,1,0.6081584691843703,0.0,18,2,4,1.5457711772153984,8.638543381173932,1.0945622806947597,Head,Open Play,Normal,From Corner,Left Center Back,1,0,0,1,High Pass,Outswinging,47.503475,1,1,1,382.37176674189556,0.0,0.05990909526681463,0.042881414,0
3788767,Mykola Shaparenko,Ukraine,28,1,-1,3,17.60113632695344,15.811370930138446,1,1,1.3720115581872119,0.0,15,0,1,3.4424510641334676,14.218753688325714,3.0781512874624966,Right Foot,Open Play,Normal,From Throw In,Right Center Midfield,1,0,0,1,Ground Pass,,13.662357,1,1,1,278.2980952573954,0.0,0.07795016939254011,0.058040492,0
3788767,Konrad Laimer,Austria,34,1,1,6,16.95936319559199,25.093754046243376,1,1,3.3959815916381273,16.603946615508047,16,0,3,2.655507671653178,14.609000519492197,1.9079461577458332,Right Foot,Open Play,Half Volley,From Throw In,Left Wing,1,0,0,1,,,,0,0,0,425.5740888110975,0.6616764707627999,0.20024228224092738,0.07757807,0
3788767,Konrad Laimer,Austria,36,1,1,4,20.3,15.788994105469484,0,1,2.5962911989442734,12.113390513451806,15,1,2,1.9558574437312095,18.708961633769476,0.422398046723238,Right Foot,Open Play,Normal,From Throw In,Left Wing,1,0,0,1,Ground Pass,,15.402922,1,1,1,320.51658034103053,0.7672047017393966,0.12789611817459473,0.05127389,0
3788767,Marko Arnautović,Austria,41,1,1,4,14.190489773083938,31.32104389878901,0,1,2.2443892918404273,21.674944091979924,9,0,1,7.1648875330179145,7.136169333462876,1.6834147880452548,Left Foot,Open Play,Normal,Regular Play,Center Forward,1,0,0,1,Ground Pass,,33.83031,1,1,1,444.46095312807853,0.6920249581086906,0.15816151011908783,0.37681314,0
3788767,Marko Arnautović,Austria,46,1,1,8,16.2692962355475,27.525404376856077,0,1,3.268228496126806,22.096956578886832,6,1,2,3.838221315793958,12.670409743400159,0.8342427216588675,Left Foot,Open Play,Normal,From Throw In,Center Forward,1,0,0,1,Ground Pass,,6.4031243,1,1,1,447.81895781030727,0.8027840854344144,0.20088321269766482,0.20360585,0
3788767,Florian Grillitsch,Austria,46,1,1,4,32.160379350996465,13.475003899058043,3,1,5.981550081679463,4.7284228912781,18,0,0,2.0862213624101993,30.204738599135716,1.2905157053547356,Right Foot,Open Play,Normal,Regular Play,Left Center Midfield,1,0,0,1,Ground Pass,,15.153877,1,1,1,433.36123714986314,0.35090326701936136,0.1859912787842824,0.018588586,0
3788767,Stefan Lainer,Austria,46,1,1,5,17.585505395068974,16.56022497353037,1,1,5.472905119666112,10.850048762647573,16,0,0,3.855171259810494,13.733747041451958,3.1120402075346334,Right Foot,Open Play,Normal,Regular Play,Right Back,1,0,0,1,Ground Pass,,11.884864,1,1,1,291.2199256155743,0.6551872803654623,0.3112168229865449,0.07120148,0
3788767,Serhii Sydorchuk,Ukraine,46,2,-1,1,18.978935691971767,23.6031753942915,1,1,2.8334335995287696,7.813599130830169,17,1,3,1.5370981754231334,17.539887989104383,0.3161667075572794,Right Foot,Open Play,Half Volley,From Free Kick,Center Defensive Midfield,1,0,0,1,,,,0,0,0,447.96314793458873,0.3310401672785057,0.14929359820357752,0.052988436,0
3788767,Xaver Schlager,Austria,50,2,1,11,25.93260495977988,16.623148947352902,1,1,2.463725830617936,3.9292370585684595,18,0,2,2.7401210915350047,23.196491346603775,1.0293299369125108,Left Foot,Open Play,Normal,From Throw In,Right Center Midfield,1,0,0,1,Ground Pass,,10.373042,1,1,1,431.08155483928357,0.23637140417936023,0.09500494973177767,0.03260215,0
3788767,Roman Yaremchuk,Ukraine,51,2,-1,7,13.881282361511127,31.998095597272616,0,1,2.449614142474732,26.472991211467694,15,0,3,2.162109419407391,12.448919962330498,1.6868633774466133,Right Foot,Open Play,Half Volley,From Keeper,Center Forward,1,0,0,1,,,,0,0,0,444.1746000163672,0.8273302119181162,0.17646886495636885,0.19320647,0
3788767,Marko Arnautović,Austria,53,2,1,1,18.739530410338457,17.36327104004219,1,1,6.30201144782163,6.4367226570589695,20,0,0,2.357582110667309,16.68046993535593,0.7406124478531382,Left Foot,Open Play,Volley,From Free Kick,Center Forward,1,0,0,1,,,,0,0,0,325.37954567781964,0.37070910442018473,0.33629505701726964,0.04542632,0
3788767,Alessandro Schöpf,Austria,56,2,1,5,25.01459573928789,17.34198509996521,1,0,1.2649770808379779,3.1510603219441644,15,1,2,,,,Right Foot,Open Play,Normal,Regular Play,Right Wing,1,0,0,1,Ground Pass,,16.509695,1,1,1,433.80274659238387,0.1817012472205668,0.05056955922942247,0.035422362,0
3788767,Xaver Schlager,Austria,56,2,1,5,28.524024961425056,15.739878300696349,2,0,7.121852930482609,9.382222606396693,14,0,0,,,,Left Foot,Open Play,Volley,Regular Play,Right Center Midfield,1,0,0,1,,,,0,0,0,448.96468153885525,0.5960797426230172,0.24967910174366928,0.029959636,0
3788767,Oleksandr Karavaev,Ukraine,60,2,-1,1,12.287391912037313,31.40242945194422,0,1,0.7690673698887157,24.870332245735465,19,0,3,1.7661496623516242,10.531408592863816,1.1051328817325654,Head,Open Play,Normal,From Free Kick,Right Back,1,0,0,1,High Pass,,19.277449,1,1,1,385.8539576661417,0.7919875207042514,0.06258996013102673,0.09338844,0
3788767,Marcel Sabitzer,Austria,75,2,1,8,21.439449619801348,17.88888408842818,1,1,2.2384378272591454,0.0,14,0,2,4.451131322338175,17.084283411966677,3.092825833943756,Left Foot,Open Play,Normal,From Free Kick,Center Attacking Midfield,1,0,0,1,Ground Pass,,25.858847,1,1,1,383.52782916832194,0.0,0.10440742961944963,0.05856329,0
3788767,Roman Yaremchuk,Ukraine,86,2,-1,14,19.142622599842475,11.358973072184105,1,1,1.431231916418913,1.8984890838084887,15,0,1,3.8753551628903473,15.277111646244862,3.5479773989875056,Right Foot,Open Play,Normal,Regular Play,Center Forward,1,0,0,1,Ground Pass,,13.897482,1,1,1,217.44053464259355,0.16713562676343655,0.07476676244093589,0.0126621835,0
3788753,Magomed Ozdoev,Russia,0,1,0,2,21.708293346092407,19.453858408537403,2,1,1.854487483968803,7.837938086525113,19,0,3,6.775774191378236,15.219552238988957,3.9947346659006158,Right Foot,Open Play,Half Volley,Regular Play,Right Defensive Midfield,1,0,0,1,,,,0,0,0,422.31006504587634,0.40289889655439265,0.08542760383798753,0.037326843,0
3788753,Magomed Ozdoev,Russia,9,1,0,18,13.75354499756336,25.663376064071677,1,1,4.554961101008356,14.338993669631911,15,0,1,3.7623247648932034,10.028376183373345,2.10379592858348,Right Foot,Open Play,Normal,Regular Play,Right Defensive Midfield,1,0,0,1,Ground Pass,,20.192078,1,1,1,352.96239748660025,0.5587337236469943,0.33118451292487383,0.22472192,0
3788753,Joel Pohjanpalo,Finland,19,1,0,4,13.853880322855394,30.201531325062323,0,1,1.1529707892338592,19.632313894038063,11,0,1,7.359704041123342,6.5144384279759695,3.1575422837339033,Right Foot,Open Play,Normal,From Goal Kick,Left Center Forward,1,0,0,1,Ground Pass,Through Ball,19.586985,1,1,1,418.4084005443817,0.6500436578110349,0.08322367180635662,0.2955567,0
3788753,Joona Toivio,Finland,20,1,0,2,13.81918955655504,22.59079425660597,0,1,0.8702516371146852,16.581339863764846,17,0,1,2.5775591292115965,11.446373671310152,1.2104495618188267,Head,Open Play,Normal,From Corner,Right Center Back,1,0,0,1,High Pass,,50.9,1,1,1,312.1864680651728,0.7339865821192255,0.06297414429067494,0.032211933,0
3788753,Artem Dzyuba,Russia,29,1,0,9,5.608029957123984,69.62529384369732,1,1,2.4406859940344003,45.12771130719689,16,1,4,1.580451742258161,4.072524075135526,0.8751453175952406,Head,Open Play,Normal,Regular Play,Center Forward,1,0,0,1,High Pass,,12.369317,1,1,1,390.4607336490147,0.6481511073907228,0.4352127240215527,0.21491282,0
3788753,Igor Diveev,Russia,30,1,0,1,9.604686356149267,45.205897047254616,1,0,2.491875304005756,32.96016221962601,18,3,4,5.285150686814471,6.376353839159126,3.4131319938288556,Head,Open Play,Normal,From Corner,Center Back,1,0,0,1,High Pass,Outswinging,39.486706,1,1,1,434.1884625872549,0.7291120046831965,0.259443693589262,0.05519032,0
3788753,Magomed Ozdoev,Russia,35,1,0,9,11.9104995697074,37.10371517838348,0,1,0.961324097303412,30.29938859715719,16,2,3,2.2507669876251697,10.110531086085068,1.3203536985586624,Head,Open Play,Normal,Regular Play,Right Defensive Midfield,1,0,0,1,High Pass,,38.476616,1,1,1,441.92378366668237,0.8166133351198622,0.08071232375075166,0.04220947,0
3788753,Aleksey Miranchuk,Russia,46,1,0,4,15.425303886795875,22.161917498752462,1,1,0.8974627353933534,12.580880634926428,15,0,4,4.213673733812502,11.255813553487233,2.4655986465024853,Left Foot,Open Play,Normal,Regular Play,Right Attacking Midfield,1,0,0,1,Ground Pass,,5.8034472,1,1,1,341.85431213235586,0.567680149320772,0.058181202910471366,0.06374955,1
3788753,Artem Dzyuba,Russia,49,1,1,9,10.800462953040482,40.64346005835137,1,1,0.35138155425941897,0.0,17,0,1,3.0651681968149758,8.188996937711316,1.3669752199071894,Head,Open Play,Normal,From Throw In,Center Forward,1,0,0,1,High Pass,,28.885464,1,1,1,438.96818464360456,0.0,0.032533934497733744,0.066489905,0
3788753,Joel Pohjanpalo,Finland,49,1,-1,13,13.21892582625381,32.209325695023594,1,1,1.5822177738307952,7.807586573872536,19,0,1,0.9809662358641409,12.285728704262121,0.5803299764325658,Left Foot,Open Play,Volley,From Keeper,Left Center Forward,1,0,0,1,High Pass,,28.72525,1,1,1,425.77268727616786,0.24240142894636332,0.11969336953902776,0.062618636,0
3788753,Teemu Pukki,Finland,48,2,-1,1,19.840614909825753,22.23691213345439,0,1,2.001148019312376,16.85688266998651,6,0,2,9.78333036212136,10.29339225754533,0.7474956663201127,Right Foot,Open Play,Normal,From Counter,Right Center Forward,1,0,0,1,Ground Pass,Through Ball,35.610252,1,1,1,441.19401042350034,0.7580586085343263,0.10086118945443262,0.19674392,0
3788753,Joel Pohjanpalo,Finland,50,2,-1,6,11.920570456148488,37.051212798543,1,1,0.5856887619673444,0.0,18,0,1,3.601377016522047,9.108446689517123,2.1293936844303545,Head,Open Play,Normal,Regular Play,Left Center Forward,1,0,0,1,High Pass,,34.0978,1,1,1,441.6715926507824,0.0,0.04913261190996553,0.049644988,0
3788753,Aleksandr Golovin,Russia,51,2,1,6,27.6278844647939,16.06481464494001,3,1,0.8175235751119759,2.8062125207521285,18,0,1,3.012550740644324,24.615337836316495,0.6915271615991188,Right Foot,Open Play,Normal,Regular Play,Left Attacking Midfield,1,0,0,1,Ground Pass,,17.142054,1,1,1,443.83684295873167,0.1746806659631153,0.029590523883714036,0.028439905,0
3788753,Teemu Pukki,Finland,52,2,-1,7,19.327959023135364,20.37478570240705,2,1,1.6201969218468608,0.0,15,0,5,4.812177359100581,14.518893728515822,2.334850401656489,Right Foot,Open Play,Normal,From Goal Kick,Right Center Forward,1,0,0,1,Ground Pass,,19.744873,1,1,1,393.80302316128774,0.0,0.08382659130783039,0.031435233,0
3788753,Robin Lod,Finland,55,2,-1,2,15.77846633865281,25.03412529096787,1,1,1.1874277550663532,0.0,14,1,2,3.5723554452010715,12.940112205811287,0.17362591852404563,Left Foot,Open Play,Normal,From Goal Kick,Right Center Midfield,1,0,0,1,Low Pass,,35.806286,1,1,1,395.00010322115355,0.0,0.07525622133232865,0.057288885,0
3788753,Joel Pohjanpalo,Finland,59,2,-1,8,14.741099009232663,25.31068352726448,0,1,1.155135030607144,19.522939966032304,17,0,2,2.8867974582714298,11.884454777367422,1.991026973872664,Right Foot,Open Play,Normal,Regular Play,Left Center Forward,1,0,0,1,Ground Pass,,21.523243,1,1,1,373.1072918667599,0.7713319928717981,0.07836152717539299,0.05370274,0
3788753,Artem Dzyuba,Russia,60,2,1,4,19.235384061671343,23.237646935351403,1,1,1.2524637239006513,0.2610575949921941,15,1,3,4.795667492947077,14.531644911510728,1.5391265055256085,Right Foot,Open Play,Normal,From Free Kick,Center Forward,1,0,0,1,,,,0,0,0,446.9850634910043,0.011234252578089028,0.06511248852037872,0.039470542,0
3788753,Aleksandr Golovin,Russia,60,2,1,4,21.198113123577766,19.3281994373291,2,1,0.8726381787299773,6.849973642733425,14,0,3,3.6168680258811774,17.581806345137338,1.65565121876665,Right Foot,Open Play,Normal,From Free Kick,Left Attacking Midfield,1,0,0,1,,,,0,0,0,409.7213581475744,0.35440309196643927,0.04116584215032699,0.049773965,0
3788753,Rifat Zhemaletdinov,Russia,65,2,1,4,16.66883319251831,23.009504946140044,0,1,2.255668562396882,16.694887151017802,13,0,1,5.833458891603736,10.893730540092985,2.6440631966597437,Left Foot,Open Play,Normal,Regular Play,Right Defensive Midfield,1,0,0,1,Ground Pass,Through Ball,23.235533,1,1,1,383.5415997896334,0.7255648128934843,0.1353225229591549,0.19893445,0
3788753,Joni Ensio Kauko,Finland,67,2,-1,4,24.73701679669559,18.2755825718176,3,1,2.7596360761447665,0.0,12,0,1,2.552711307266305,22.45727899568481,0.8455309996827793,Left Foot,Open Play,Normal,From Throw In,Center Defensive Midfield,1,0,0,1,High Pass,,32.549347,1,1,1,452.0833930484492,0.0,0.11155896844090768,0.036246262,0
3788753,Joni Ensio Kauko,Finland,73,2,-1,2,30.212083675244905,15.030469149419574,2,1,1.7866364840589606,0.0,18,0,1,3.427065572096335,26.79134536676496,0.09915751506696324,Right Foot,Open Play,Normal,From Throw In,Center Defensive Midfield,1,0,0,1,Ground Pass,,29.841248,1,1,1,454.10179162045125,0.0,0.05913648668737436,0.014763203,0
3788753,Roman Zobnin,Russia,86,2,1,10,18.944656238633634,19.168638101009545,1,1,3.5408886213017525,12.567345413555431,18,1,1,2.9354552022828333,16.08343085592029,1.2987951790258947,Right Foot,Open Play,Half Volley,Regular Play,Left Defensive Midfield,1,0,0,1,Low Pass,,8.755569,1,1,1,363.14325938640087,0.655620151381206,0.18690698721050722,0.05822266,0
3788753,Paulus Arajuuri,Finland,88,2,-1,2,5.953990258641683,67.60460316705962,1,1,0.4784544600777286,0.0,20,0,4,2.913316837931351,3.758578627442756,1.8129475965505222,Head,Open Play,Normal,From Free Kick,Center Back,1,0,0,1,High Pass,,8.343261,1,1,1,402.51714869600966,0.0,0.08035862325829218,0.13484074,0
3788753,Rifat Zhemaletdinov,Russia,92,2,1,2,14.672763884149433,26.277986713250503,0,1,1.2210386159438373,19.52026835421322,16,0,4,4.498076167273816,10.180182082113603,2.6055843043151015,Right Foot,Open Play,Normal,From Throw In,Right Attacking Midfield,1,0,0,1,Ground Pass,,18.701069,1,1,1,385.57069439434065,0.7428372868599652,0.08321803755479841,0.07439388,0
3788759,Che Adams,Scotland,3,1,0,6,15.285614151874965,25.368238235624514,1,1,4.970696396133124,11.882515621619493,16,0,1,3.0837897985691236,12.451122150843666,2.470743175625387,Right Foot,Open Play,Normal,From Throw In,Right Center Forward,1,0,0,1,Ground Pass,,21.034496,1,1,1,387.7691013825976,0.4684012942188837,0.32518787578603164,0.1156558,0
3788759,Mason Mount,England,10,1,0,11,22.36179778103719,18.801690663547653,1,1,5.193646431387325,7.36300787224183,15,1,0,2.939003538660524,19.453235382074496,0.7706508776110326,Right Foot,Open Play,Normal,From Free Kick,Left Center Midfield,1,0,0,1,Ground Pass,,19.480503,1,1,1,420.4396045598676,0.3916141374731308,0.2322553169580819,0.04347556,0
3788759,John Stones,England,10,1,0,1,6.964194138592062,58.769753391868065,0,0,1.424835312818156,58.769753391868065,15,1,3,6.871889608242951,7.620533915982166,5.340747712920425,Head,Open Play,Normal,From Corner,Right Center Back,1,0,0,1,High Pass,Outswinging,39.408756,1,1,1,409.2839720981485,1.0,0.20459442750489035,0.23812169,0
3788759,Mason Mount,England,12,1,0,1,8.373768566183331,43.411879714861854,0,1,1.9315866840969622,41.34746306523426,13,0,3,6.392567811177336,2.8210249632555384,5.295468801416504,Right Foot,Open Play,Normal,Regular Play,Left Center Midfield,1,0,0,1,Ground Pass,,11.535164,1,1,1,363.521033755242,0.9524458129160241,0.2306711331738366,0.17642419,0
3788759,Kieran Tierney,Scotland,21,1,0,2,31.805659873676568,14.333754754846124,3,0,2.832999273170034,4.773192816772972,19,1,1,,,,Right Foot,Open Play,Half Volley,From Free Kick,Left Center Back,1,0,0,1,,,,0,0,0,455.8945284453301,0.3330036615255465,0.0890721740854281,0.013106313,0
3788759,Harry Kane,England,28,1,0,10,11.289375536317317,33.72564391353004,0,1,2.465784413530023,17.432761597393046,10,0,1,8.974251299787873,2.465784413530023,5.692255502982768,Head,Open Play,Diving Header,From Goal Kick,Center Forward,1,0,0,1,High Pass,,47.20699,1,1,1,380.7414593439551,0.5168992960398119,0.21841636905404788,0.16664746,0
3788759,Stephen O''Donnell,Scotland,29,1,0,6,17.602556632489495,16.3847898341275,1,1,2.642504571646119,0.0,15,0,2,3.4971458738177756,14.10979998259995,2.854986571577264,Right Foot,Open Play,Volley,From Free Kick,Right Wing Back,1,0,0,1,High Pass,,40.60788,1,1,1,288.4141909666675,0.0,0.15012049822176285,0.034284655,0
3788759,Che Adams,Scotland,29,1,0,6,9.20054346220917,33.12788708827286,1,0,2.4248340374868858,10.933734159425317,16,0,2,3.861436729134013,9.666262085153397,2.0774930202244235,Head,Open Play,Normal,From Free Kick,Right Center Forward,1,0,0,1,,,,0,0,0,304.7945649668124,0.3300462275270135,0.2635533485002039,0.1229199,0
3788759,Che Adams,Scotland,43,1,0,24,27.811148843584295,15.073316617044986,1,1,5.139966052479384,9.501440074061234,15,0,0,2.3683021173521586,25.491657185078555,0.5075100498159415,Right Foot,Open Play,Normal,Regular Play,Right Center Forward,1,0,0,1,Ground Pass,,28.856369,1,1,1,419.2062520031106,0.6303483377584569,0.18481674674381937,0.022818845,0
3788759,Mason Mount,England,47,2,0,21,26.90576146478668,14.326858510381856,1,1,1.6188206065246487,11.559698689658859,17,0,2,3.8815982750149747,23.798433645162294,0.0950107666327682,Right Foot,Open Play,Normal,From Corner,Left Center Midfield,1,0,0,1,Low Pass,,10.733592,1,1,1,385.4750376200832,0.8068550883839751,0.060166318230513736,0.026745433,0
3788759,Philip Foden,England,48,2,0,1,12.828094168659659,19.56582118923694,0,0,1.4349903088688711,19.565821189236942,15,0,1,2.9080751901325606,13.11020523627459,1.4579356396901986,Head,Open Play,Normal,From Corner,Right Wing,1,0,0,1,High Pass,Inswinging,22.078497,1,1,1,250.99219670268798,1.0000000000000002,0.11186309439282872,0.054435752,0
3788759,Reece James,England,54,2,0,56,19.416487838947596,21.307161211634696,1,1,3.228467607426003,5.6508488471848874,14,0,2,3.892219210084758,15.549843271773494,1.996441607197056,Right Foot,Open Play,Normal,Regular Play,Right Back,1,0,0,1,Ground Pass,,26.04093,1,1,1,413.710236548201,0.26520890282180165,0.16627454121491578,0.055685814,0
3788759,Lyndon Dykes,Scotland,56,2,0,15,23.671924298628536,18.67585025600159,1,1,0.764249615078696,0.0,12,0,1,3.927548489488093,19.82724826113832,0.1992130032669195,Left Foot,Open Play,Normal,From Goal Kick,Left Center Forward,1,0,0,1,,,,0,0,0,442.09331347259194,0.0,0.03228506501784369,0.026797919,0
3788759,Che Adams,Scotland,56,2,0,15,13.613228860193303,32.72359497313766,2,1,1.4780575603561918,0.0,13,1,5,4.619936222263239,9.320853407697667,1.2144482421520877,Right Foot,Open Play,Normal,From Goal Kick,Right Center Forward,1,0,0,1,,,,0,0,0,445.47378749759406,0.0,0.1085750908572622,0.10431431,0
3788759,Harry Kane,England,58,2,0,19,19.32588937151406,21.386272115345086,0,1,1.2491474403098417,16.965921193510066,15,0,3,3.796601626377129,15.558038496233547,1.9799528219368625,Left Foot,Open Play,Normal,From Free Kick,Center Forward,1,0,0,1,Ground Pass,,13.736448,1,1,1,413.3087289702551,0.7933089554834885,0.06463596144512024,0.059972953,0
3788759,Grant Campbell Hanley,Scotland,61,2,0,1,3.757658845611193,93.95386127381519,3,0,1.6149042065448114,58.06106208222818,17,2,3,4.348338179756963,6.936645954844158,2.635038707965407,Head,Open Play,Normal,From Corner,Center Back,1,0,0,1,High Pass,Inswinging,42.073864,1,1,1,353.04655789487856,0.6179741981334589,0.4297633906896471,0.14401403,0
3788759,Lyndon Dykes,Scotland,61,2,0,1,9.77445650662992,36.286926007416035,2,1,1.6784339318478787,3.615472675574432,18,2,1,1.661909962457977,8.138633810837387,1.2906049426555057,Left Foot,Open Play,Half Volley,From Corner,Left Center Forward,1,0,0,1,,,,0,0,0,354.6849800187861,0.09963568351961062,0.17171634358487484,0.087327376,0
3788759,Luke Shaw,England,73,2,0,12,16.94992625352689,12.79239904933835,0,1,1.4538168869981836,10.598481367921135,11,0,1,4.105302414367224,13.101042620654528,2.912687595587215,Left Foot,Open Play,Half Volley,From Free Kick,Left Back,1,0,0,1,,,,0,0,0,216.8302204919725,0.8284983392907299,0.08577128096328311,0.032427795,0
3788759,Che Adams,Scotland,77,2,0,2,12.794530081249565,14.282420509193715,0,1,4.081173039922156,6.893716642840128,16,0,1,3.5030731810985163,9.311863232047969,3.362662511062595,Right Foot,Open Play,Half Volley,Regular Play,Right Center Forward,1,0,0,1,,,,0,0,0,182.7368588379347,0.4826714518314724,0.3189779549546045,0.047372445,0
3788757,Yussuf Yurary Poulsen,Denmark,1,1,0,1,17.489711261195822,23.558523640411074,0,1,2.784638403845187,18.918734656638332,10,0,3,3.3433030794575043,14.822597678805261,0.47977505751133975,Right Foot,Open Play,Normal,From Counter,Center Forward,1,0,0,1,Ground Pass,,14.698639,1,1,1,412.0317762108456,0.8030526422371439,0.15921580192255233,0.15874258,1
3788757,Dries Mertens,Belgium,3,1,-1,9,9.859513172565874,36.457925346964736,0,1,2.2889516366106473,24.976559774369857,16,0,2,3.965480159778694,5.998424667824467,3.0685845231748488,Head,Open Play,Normal,From Kick Off,Right Attacking Midfield,1,0,0,1,High Pass,,21.61134,1,1,1,359.45739520282206,0.6850790201765897,0.23215665890884574,0.13883904,0
3788757,Joakim Mæhle,Denmark,4,1,1,14,9.546203433826454,35.90748036009587,0,1,1.2271391109289116,11.06210225940131,16,1,4,7.233059680564045,2.3896923680120716,5.435069864050952,Right Foot,Open Play,Normal,Regular Play,Left Wing Back,1,0,0,1,,,,0,0,0,342.7801123136031,0.30807236120345194,0.12854734549031405,0.17323029,0
3788757,Martin Braithwaite Christensen,Denmark,4,1,1,16,7.683749084919417,41.73912922765429,0,1,0.7878057385715485,24.030914240667123,15,0,3,3.9927748324804107,3.8981540906067274,3.598972321261229,Right Foot,Open Play,Backheel,Regular Play,Right Attacking Midfield,1,0,0,1,Ground Pass,,8.5440035,1,1,1,320.7129960083219,0.5757406703335206,0.1025288215251254,0.09466783,0
3788757,Daniel Wass,Denmark,5,1,1,11,10.29028668210949,27.30216993042973,0,1,1.3828146412165059,17.661580269110736,9,1,2,3.201886661329158,7.140238424566897,2.884488090499538,Head,Open Play,Normal,Regular Play,Right Wing Back,1,0,0,1,High Pass,,27.261879,1,1,1,280.94715562779123,0.6468929141571989,0.13438057499609246,0.10674689,0
3788757,Mikkel Damsgaard,Denmark,12,1,1,3,12.391125856838027,35.58100073114955,0,1,1.679929796624485,26.97783244740267,11,0,1,4.51024174296575,7.99932832707894,1.3546759111153932,Right Foot,Open Play,Half Volley,From Counter,Left Attacking Midfield,1,0,0,1,High Pass,,30.600653,1,1,1,440.88865817191993,0.7582089287270889,0.1355752347311861,0.14043365,0
3788757,Martin Braithwaite Christensen,Denmark,15,1,1,3,8.848163651289456,32.70685880408887,1,1,0.8842104233865672,0.0,14,0,1,3.9417851652694114,5.099930235500949,3.6830357368840225,Head,Open Play,Normal,Regular Play,Right Attacking Midfield,1,0,0,1,Low Pass,,17.142054,1,1,1,289.39563921819564,0.0,0.09993151779665715,0.07664495,0
3788757,Daniel Wass,Denmark,25,1,1,16,32.715286946624815,13.935308558997779,0,1,1.827985867864309,11.57772526432618,14,0,2,3.5510496019318913,29.1653687291927,0.023923257015098898,Right Foot,Open Play,Normal,Regular Play,Right Wing Back,1,0,0,1,Ground Pass,,11.485643,1,1,1,455.89761819736907,0.8308194407974303,0.05587558717876077,0.027167682,0
3788757,Mikkel Damsgaard,Denmark,34,1,1,5,16.412495239907912,23.99856718998771,1,1,1.8555530324596838,9.67914891797552,13,0,4,3.0102195210682545,13.418670861364618,1.7774961880977145,Left Foot,Open Play,Normal,Regular Play,Left Attacking Midfield,1,0,0,1,,,,0,0,0,393.8763697702835,0.40332195007098987,0.11305733865182191,0.101621434,0
3788757,Martin Braithwaite Christensen,Denmark,45,1,1,12,22.138202275704323,15.91666101070611,0,1,2.3749942240821245,12.223262472706226,13,0,1,3.51941024508181,18.61885207823611,2.2876959295087858,Left Foot,Open Play,Normal,From Free Kick,Right Attacking Midfield,1,0,0,1,High Pass,,33.82499,1,1,1,352.36626100882825,0.7679539360978052,0.10728035612397369,0.04937832,0
3788757,Thomas Delaney,Denmark,47,2,1,8,27.267746514884575,16.129747361429448,1,1,6.177743958554994,7.27891658747065,14,0,0,3.054632579093844,24.213331675328423,0.8396677923039491,Left Foot,Open Play,Normal,Regular Play,Left Defensive Midfield,1,0,0,1,Ground Pass,,30.21076,1,1,1,439.8218624005865,0.45127282060700413,0.22655865438615416,0.03331139,0
3788757,Thomas Meunier,Belgium,48,2,-1,13,11.300442469213316,38.983615320136344,0,1,2.340825924054616,31.655460279242984,12,1,2,1.993091659081259,9.388696215013807,0.49646160709779963,Head,Open Play,Normal,From Goal Kick,Right Wing Back,1,0,0,1,High Pass,,34.788074,1,1,1,440.5321021671436,0.8120196143760909,0.2071446255694777,0.09998444,0
3788757,Mikkel Damsgaard,Denmark,50,2,1,0,26.29315500277591,13.200223440141466,5,1,9.58566060467674,1.7083493239320329,19,1,0,3.509859732054077,22.82424087110505,1.9109720794618923,Right Foot,Free Kick,Normal,From Free Kick,Left Attacking Midfield,1,0,0,1,,,,0,0,0,347.0755209829154,0.12941821262941627,0.36456867209981947,0.04016557,0
3788757,Thorgan Hazard,Belgium,54,2,-1,5,7.28354309385206,57.249693907339655,0,1,2.398597930938632,49.81048624681956,11,1,1,3.1159191280238145,6.044359025740351,2.2421655168122,Left Foot,Open Play,Normal,Regular Play,Left Wing Back,1,0,0,1,Ground Pass,,18.601076,1,1,1,416.9806126839481,0.8700568133593749,0.3293174626732498,0.64254594,1
3788757,Thomas Delaney,Denmark,57,2,0,2,22.071927872299696,17.79160626189239,1,1,3.200419749805462,3.716045297322814,19,0,2,2.480913602370464,19.757251464023177,1.9280288964396135,Right Foot,Open Play,Half Volley,From Free Kick,Left Defensive Midfield,1,0,0,1,,,,0,0,0,392.69505014484446,0.20886508180445534,0.14499955637413955,0.031288415,0
3788757,Joakim Mæhle,Denmark,61,2,0,3,21.382469455140114,16.65598730503699,1,1,2.1890874266863145,5.710808023027784,15,0,3,3.427395926264265,18.048245937705428,2.6926467618275183,Right Foot,Open Play,Normal,From Free Kick,Left Wing Back,1,0,0,1,Ground Pass,,28.648386,1,1,1,356.14613979515497,0.3428681781776311,0.10237767117025305,0.038757622,0
3788757,Joakim Mæhle,Denmark,68,2,0,12,24.972184525988116,16.084538271182208,2,1,1.8983146070114625,6.755497545167621,16,0,1,3.372187998863576,22.019330830733868,2.7847959198658714,Right Foot,Open Play,Normal,Regular Play,Left Wing Back,1,0,0,1,Ground Pass,,22.318153,1,1,1,401.66605772327995,0.4199994697560625,0.07601716241668484,0.03255968,0
3788757,Kevin De Bruyne,Belgium,69,2,0,11,21.85497654997598,18.22469276151092,0,1,5.60363824634574,14.463717253863157,18,0,0,3.570600278497795,18.284426636993025,1.7493700378448054,Left Foot,Open Play,Normal,From Free Kick,Right Attacking Midfield,1,0,0,1,Ground Pass,,20.106218,1,1,1,398.3002329333381,0.793632981534227,0.2564010184834492,0.08325702,1
3788757,Martin Braithwaite Christensen,Denmark,74,2,-1,4,17.00382309952677,26.065308058651436,0,1,3.2499644906802887,21.49030328252137,13,0,3,2.1461388733771845,15.032378682083456,0.40792922653484,Left Foot,Open Play,Half Volley,Regular Play,Center Forward,1,0,0,1,Low Pass,,6.8308125,1,1,1,443.20988726397854,0.8244791595850118,0.19113139860710135,0.093599245,0
3788757,Kevin De Bruyne,Belgium,74,2,1,1,27.52180953353176,16.298921274292407,0,1,7.071544620170142,13.13572695122432,7,0,0,5.796633949720483,21.738679598903595,1.3551635393154697,Left Foot,Open Play,Normal,From Counter,Right Attacking Midfield,1,0,0,1,,,,0,0,0,448.5758069131044,0.8059261548764421,0.2569433020584777,0.053307038,0
3788757,Martin Braithwaite Christensen,Denmark,75,2,-1,3,15.768956845650887,28.056123653364992,0,1,1.8121002898146594,23.09918228978001,13,0,4,2.47624306235928,13.87476218279531,1.8316054971214442,Left Foot,Open Play,Normal,Regular Play,Center Forward,1,0,0,1,Ground Pass,,18.876705,1,1,1,442.41580314615766,0.8233205190842372,0.11491567308806737,0.12095385,0
3788757,Martin Braithwaite Christensen,Denmark,86,2,-1,24,8.809086218218093,48.81407483429037,0,1,1.4190616609499376,38.67755986945342,16,1,3,2.086085327534028,6.791750709023976,0.37328860790336904,Head,Open Play,Normal,Regular Play,Right Center Forward,1,0,0,1,High Pass,,24.807257,1,1,1,430.00739387781397,0.7923444211685362,0.16109067680767758,0.123673625,0
3788757,Pierre-Emile Højbjerg,Denmark,88,2,-1,9,18.38967101391431,22.5225642179956,1,1,1.8019239568840644,0.0,15,1,2,4.015662183484984,14.527269479191835,2.517379126702224,Right Foot,Open Play,Normal,Regular Play,Right Center Midfield,1,0,0,1,Ground Pass,,8.364807,1,1,1,414.1825463586973,0.0,0.09798565485596027,0.052560758,0
3788757,Andreas Evald Cornelius,Denmark,88,2,-1,9,16.702694393420483,26.93163630998958,0,1,2.274986438838555,21.585650252346994,17,0,2,4.36676325257432,12.865705481737056,1.7535010055281788,Left Foot,Open Play,Half Volley,Regular Play,Left Center Forward,1,0,0,1,,,,0,0,0,449.8308908005025,0.8014979113742289,0.13620475746324595,0.06648892,0
3788757,Mathias Jensen,Denmark,89,2,-1,4,26.532432983049258,14.911303119554685,1,1,2.2196959360358233,7.5928552529713125,13,0,1,4.214094036685408,22.345040942788767,1.7418081286964053,Right Foot,Open Play,Normal,Regular Play,Left Attacking Midfield,1,0,0,1,Low Pass,,10.651291,1,1,1,395.633150709518,0.5092013214468185,0.08365972081994583,0.03453206,0
3788757,Thomas Meunier,Belgium,94,2,1,1,48.34014894474364,8.836784585334245,0,0,1.3749307340076902,8.836784585334234,14,0,1,62.62944279995585,25.887141618510054,1.669410527679716,Right Foot,Open Play,Normal,Regular Play,Right Wing Back,1,0,0,1,Ground Pass,,28.572714,1,1,1,427.17148304767204,0.9999999999999988,0.02844283197346656,0.03394721,0
3788745,Philip Foden,England,5,1,0,2,19.419577750301375,19.96679861910968,0,1,3.1629241704465483,15.750625338283749,11,0,2,3.1644350314049627,16.311106274353136,2.128071869733148,Left Foot,Open Play,Normal,From Throw In,Right Wing,1,0,0,1,Ground Pass,,25.255692,1,1,1,387.7467982084106,0.7888407971025085,0.16287296310536217,0.11645709,0
3788745,Ante Rebić,Croatia,5,1,0,1,34.92678055590008,12.658955110481498,0,0,1.4629736013848158,12.658955110481559,12,0,1,,,,Right Foot,Open Play,Normal,Regular Play,Center Forward,1,0,0,1,Low Pass,,25.314817,1,1,1,442.13654721077717,1.0000000000000047,0.0418868724256831,0.009241928,0
3788745,Kalvin Phillips,England,8,1,0,1,22.6503863101714,17.676384688554833,3,1,5.723480231771459,3.449018862900104,19,0,0,2.265502623569867,21.426146211731407,2.252673668644455,Right Foot,Open Play,Volley,From Corner,Right Defensive Midfield,1,0,0,1,,,,0,0,0,400.3769417629657,0.19512015175440747,0.25268797420913164,0.03246117,0
3788745,Raheem Sterling,England,25,1,0,1,26.644323973409417,13.983387597760647,1,1,4.089363886152292,7.96631164773241,16,0,3,3.4337068687815697,23.30687794775712,2.573255917019331,Right Foot,Open Play,Half Volley,From Throw In,Left Wing,1,0,0,1,Low Pass,,25.41889,1,1,1,372.57790940048994,0.5696982646042198,0.15347973888297586,0.02130995,0
3788745,Ivan Perišić,Croatia,26,1,0,11,17.309246084101982,23.75145782476868,1,1,5.250651323613426,15.52420294469414,11,0,0,2.59939450323363,15.085196335655468,0.14476869216599653,Right Foot,Open Play,Half Volley,From Goal Kick,Left Wing,1,0,0,1,Low Pass,,20.719557,1,1,1,411.11982834509064,0.6536105303189041,0.30334373306044743,0.070556186,0
3788745,Kieran Trippier,England,42,1,0,0,24.103319273494268,17.598245529296896,4,1,9.07528796211243,7.729175959784451,16,1,0,4.030805356818411,22.142684124156197,2.308931650128798,Right Foot,Free Kick,Normal,From Free Kick,Left Back,1,0,0,1,,,,0,0,0,424.17613064598623,0.43920150715690437,0.37651610797406915,0.07245148,0
3788745,Luka Modrić,Croatia,54,2,0,14,33.51477286212753,11.833985216622324,2,0,4.62157624793352,6.759084182920516,14,0,1,,,,Right Foot,Open Play,Normal,From Free Kick,Right Center Midfield,1,0,0,1,Ground Pass,,14.453373,1,1,1,396.6133265888722,0.5711587482318746,0.13789669012365613,0.0063818074,0
3788745,Raheem Sterling,England,56,2,0,17,10.64800450788785,40.23688581214641,0,1,0.7567053634667017,25.764234463056916,12,0,3,6.041640425582901,4.763333321236373,2.3955838397900777,Right Foot,Open Play,Normal,Regular Play,Left Wing,1,0,0,1,Ground Pass,Through Ball,16.424677,1,1,1,428.4425415111036,0.6403138300350123,0.0710654623508234,0.10180347,1
3788745,Harry Kane,England,60,2,1,10,6.506919393998978,53.808309659738434,0,1,0.658150303690099,44.56624486294363,8,0,1,1.4744025360217816,6.059292371458141,0.49877100007751096,Right Foot,Open Play,Half Volley,From Free Kick,Center Forward,1,0,0,1,Low Pass,,32.149185,1,1,1,350.1263336832546,0.8282409379659421,0.10114622048293385,0.2437531,0
3788745,Mateo Kovačić,Croatia,64,2,-1,13,24.05202694161139,18.62724654579327,1,0,9.917147465728604,13.9944213644848,15,0,0,,,,Right Foot,Open Play,Half Volley,Regular Play,Left Center Midfield,1,0,0,1,,,,0,0,0,448.02303576745743,0.7512877080399876,0.4123206534652332,0.029182674,0
3788745,Ante Rebić,Croatia,64,2,-1,13,15.163442880823599,28.962425473438312,1,1,2.936572091624847,11.663348639859004,10,0,3,2.6680723687930485,12.832241676803907,1.6833633543370325,Left Foot,Open Play,Half Volley,Regular Play,Center Forward,1,0,0,1,,,,0,0,0,439.1700843565922,0.40270621155522907,0.19366130203441947,0.06866029,0
3788745,Mason Mount,England,66,2,1,0,26.3928020490436,16.190157998351932,4,1,10.551432847877262,1.4616157757957715,17,0,0,1.4269603204733319,26.17156882207514,1.2220541803030684,Right Foot,Free Kick,Normal,From Free Kick,Center Attacking Midfield,1,0,0,1,,,,0,0,0,427.3036351932425,0.09027804274328613,0.3997844877656564,0.058016267,0
3788745,Marcelo Brozović,Croatia,69,2,-1,1,21.545533179756777,20.905047463926664,3,1,3.058317712533468,5.473874572490795,19,0,1,1.1426539614386166,21.296408827967134,1.1330934246995312,Right Foot,Open Play,Volley,From Corner,Center Defensive Midfield,1,0,0,1,High Pass,Straight,50.92131,1,1,1,450.41039375842223,0.26184463737460556,0.14194671754082777,0.03388592,0
3788745,Ante Rebić,Croatia,72,2,-1,22,11.107204868912795,37.7717667883042,0,1,2.1197208455543315,30.75736986474666,14,0,2,2.2252306234792134,9.80809777111582,1.0759121915047274,Head,Open Play,Normal,From Throw In,Center Forward,1,0,0,1,High Pass,,28.214357,1,1,1,419.538751978491,0.8142952390109137,0.19084196884556212,0.06321129,0
3788745,Raheem Sterling,England,73,2,1,2,15.788920165736476,25.64515754773947,5,1,4.931186457847222,5.346916209643429,15,1,1,1.8544173001556177,14.408481272100955,1.708665068735911,Left Foot,Open Play,Half Volley,From Free Kick,Left Wing,1,0,0,1,Low Pass,,9.289241,1,1,1,404.9093451589927,0.20849613419960217,0.31231942438650023,0.060603306,0
3788745,Mario Pašalić,Croatia,94,2,-1,1,16.672132437093946,26.603532889123183,2,1,3.5682025688877137,9.507704056901474,19,0,2,1.3168155211186203,15.700295899678373,0.6687442079862222,Left Foot,Open Play,Half Volley,From Throw In,Left Center Midfield,1,0,0,1,,,,0,0,0,443.5376236220463,0.35738501711510223,0.2140219664371664,0.058971725,0
3795221,Raheem Sterling,England,12,1,0,5,16.876018487783195,23.19859051364817,1,1,2.0436903538359177,7.975505576388471,11,0,2,3.2186033063735477,13.658328219845288,1.7368014643352438,Right Foot,Open Play,Normal,From Corner,Left Wing,1,0,0,1,Ground Pass,,22.068983,1,1,1,391.4998423988384,0.3437926787705628,0.12110026753735639,0.07798254,0
3795221,Harry Kane,England,14,1,0,10,23.84156035162128,18.49653509033197,0,0,1.786525496508319,18.496535090331978,11,0,2,,,,Right Foot,Open Play,Half Volley,From Throw In,Center Forward,1,0,0,1,High Pass,,35.04069,1,1,1,440.9862576520304,1.0000000000000004,0.07493324556615404,0.041420296,0
3795221,Pierre-Emile Højbjerg,Denmark,14,1,0,3,26.794402400501493,15.115372165068665,0,0,2.138804034516687,15.115372165068695,8,0,1,,,,Right Foot,Open Play,Normal,From Throw In,Right Defensive Midfield,1,0,0,1,,,,0,0,0,405.0073642241893,1.000000000000002,0.07982279293068528,0.036696833,0
3795221,Martin Braithwaite Christensen,Denmark,15,1,0,1,20.599271831790556,20.712885311296183,0,1,3.1735169614536645,16.84713223159603,12,0,3,3.3420243951350006,17.789025028424167,0.5630749513449516,Right Foot,Open Play,Normal,Regular Play,Right Wing,1,0,0,1,Low Pass,,18.439089,1,1,1,426.6703549480918,0.8133648199368976,0.15405966712648658,0.06762748,0
3795221,Mikkel Damsgaard,Denmark,24,1,0,5,20.00249984376953,19.391643793219185,1,1,1.9624128252129878,0.0,14,0,3,3.330524521325945,17.371434249261224,0.14221445365971874,Right Foot,Open Play,Normal,Regular Play,Left Wing,1,0,0,1,Ground Pass,,10.577334,1,1,1,387.8813519443011,0.0,0.09810837847971532,0.06866753,0
3795221,Mikkel Damsgaard,Denmark,29,1,0,0,28.142672225643388,15.882770871258085,1,1,11.145542116655637,12.629126414287319,17,1,0,2.6178246822023734,28.213563199887876,2.5569394965832686,Right Foot,Free Kick,Normal,From Free Kick,Left Wing,1,0,0,1,,,,0,0,0,446.98361466481276,0.7951462951053047,0.3960370936808163,0.059557248,1
3795221,Raheem Sterling,England,35,1,-1,0,26.826293072282652,16.88619201295736,1,1,10.46907661537376,8.52801319261528,19,2,0,2.222883904926696,25.87325717711677,2.0611645127547007,Right Foot,Free Kick,Normal,From Free Kick,Left Wing,1,0,0,1,,,,0,0,0,452.99393581443263,0.5050287942995935,0.39025431456985665,0.05970237,0
3795221,Raheem Sterling,England,37,1,-1,13,8.92020179143948,48.24033996317731,0,1,2.2213159997920098,32.22592251119274,11,0,3,4.733515576772955,4.307321922173026,1.0480149176846396,Right Foot,Open Play,Normal,From Free Kick,Left Wing,1,0,0,1,,,,0,0,0,430.3135669591838,0.6680285117350199,0.24902082393738645,0.5130654,0
3795221,Harry Maguire,England,54,2,-1,1,8.637708029332776,47.87143587763601,0,1,3.2695293156263796,39.83211432851761,16,0,3,2.117852768574972,8.559350228317465,1.8433467291164973,Head,Open Play,Normal,From Free Kick,Left Center Back,1,0,0,1,High Pass,,38.803223,1,1,1,413.4994860559457,0.8320643322738913,0.37851815603437755,0.07356672,0
3795221,Kasper Dolberg,Denmark,58,2,1,5,20.649697334343664,20.909705188311644,1,1,1.588309920932551,0.0,12,0,1,2.9968212700643817,17.68183206010131,0.5705302616499992,Left Foot,Open Play,Normal,Regular Play,Center Forward,1,0,0,1,Ground Pass,,9.234717,1,1,1,431.7790834889908,0.0,0.07691686203511294,0.09918157,0
3795221,Harry Maguire,England,59,2,-1,1,11.690166808048549,37.324544584131175,2,1,1.7615854008063554,20.78366509638708,18,0,2,1.7342123780627916,10.555626740708313,1.0068988688405938,Head,Open Play,Normal,From Corner,Left Center Back,1,0,0,1,High Pass,Outswinging,47.782528,1,1,1,436.33015222293847,0.5568364015678685,0.15068950081991334,0.031211527,0
3795221,Mason Mount,England,61,2,-1,25,13.70583817210754,20.191633739769514,2,1,3.036218145715626,0.0,8,0,2,5.073926294663851,8.634586809486814,4.2202474353099575,Left Foot,Open Play,Normal,From Corner,Center Attacking Midfield,1,0,0,1,High Pass,,42.573467,1,1,1,276.74326446774757,0.0,0.22152735991692715,0.07421474,0
3795221,Mason Mount,England,63,2,-1,24,20.39240054530118,19.39880001736574,1,1,3.7818961659211467,13.526041669277308,17,0,1,2.538960092683879,18.426313364831966,0.29183326794932896,Right Foot,Open Play,Normal,Regular Play,Center Attacking Midfield,1,0,0,1,,,,0,0,0,395.58810005231766,0.697261771716232,0.1854561535077621,0.06988708,0
3795221,Kalvin Phillips,England,79,2,-1,6,28.40158446284292,16.03245476638528,3,0,3.7403904348797647,6.392918511500517,15,0,1,,,,Right Foot,Open Play,Half Volley,From Free Kick,Right Defensive Midfield,1,0,0,1,,,,0,0,0,455.34711819420005,0.39874857622579046,0.13169654107760162,0.01762676,0
3795221,John Stones,England,82,2,-1,1,11.751595636338074,37.47322403781539,0,0,1.751673476720682,37.47322403781539,18,2,4,4.705032524114889,9.525411117800932,3.366665998869358,Head,Open Play,Normal,From Free Kick,Right Center Back,1,0,0,1,High Pass,,31.041264,1,1,1,440.37017608231037,1.0,0.14905835181259885,0.049515914,0
3795221,Kalvin Phillips,England,92,2,-1,8,21.37592103278827,21.12931869459619,1,1,2.1605678531289363,5.97353072276329,15,0,3,3.016935633984743,18.49370746777743,0.5817878727723951,Left Foot,Open Play,Normal,From Free Kick,Right Defensive Midfield,1,0,0,1,Ground Pass,,8.143709,1,1,1,451.6586478923051,0.282712888621961,0.10107484256771285,0.049501415,0
3795221,Harry Maguire,England,94,2,-1,1,11.229425630903838,35.72920321223025,0,0,4.181350320726056,35.72920321223025,18,0,1,8.304220610136332,13.494386112317738,7.031012003871069,Head,Open Play,Normal,From Free Kick,Left Center Back,1,0,0,1,High Pass,,46.067776,1,1,1,401.21843032319015,1.0,0.37235656196153155,0.027910106,0
3795221,Harry Kane,England,96,2,-1,8,8.276472678623424,48.81407483429035,0,1,1.1099996000444798,36.82034676039225,17,1,3,2.6362559452315963,5.743054035894061,1.6345493228375858,Right Foot,Open Play,Normal,From Throw In,Center Forward,1,0,0,1,Ground Pass,,15.195394,1,1,1,404.00835669828336,0.754297748864168,0.13411505639490606,0.15504569,0
3795221,Harry Kane,England,93,3,-1,7,15.728000508646995,15.277955972769297,0,1,1.249022994694139,8.976379568953234,8,0,2,4.820786246342,10.916252796461995,4.039645515343146,Right Foot,Open Play,Normal,From Free Kick,Center Forward,1,0,0,1,Low Pass,Through Ball,44.92271,1,1,1,240.29169931080187,0.5875379916627792,0.07941397217068036,0.025553836,0
3795221,John Stones,England,97,3,-1,1,7.335529974037322,53.978523399428894,3,1,1.0349328715573236,16.26592394383133,18,1,5,1.2513945923630092,6.952048378146205,0.8013996108772261,Head,Open Play,Normal,From Corner,Right Center Back,1,0,0,1,High Pass,Outswinging,42.20154,1,1,1,395.9610763507856,0.3013406614231953,0.14108494890216067,0.097975545,0
3795221,Jack Grealish,England,97,3,-1,2,26.521123656436576,12.532867527808246,2,1,6.327838329906757,1.612182280489966,19,0,0,3.0845677709415944,23.456581299461522,2.365413354630178,Right Foot,Open Play,Normal,From Corner,Left Wing,1,0,0,1,Ground Pass,,13.471452,1,1,1,332.3857294747411,0.1286363457455219,0.23859616251104862,0.015307101,0
3795221,Raheem Sterling,England,97,3,-1,4,18.266088798645427,24.146318813723973,3,1,2.992751626815507,8.128354313121514,18,0,2,3.563259868973096,14.702953039586005,0.8257867738519096,Right Foot,Open Play,Normal,From Corner,Right Wing,1,0,0,1,Ground Pass,,9.241753,1,1,1,441.0588036118848,0.3366291307518737,0.16384195104961075,0.055803392,0
3795221,Harry Kane,England,103,3,-1,0,11.900420160649796,37.156345075648375,0,1,8.88110715021451,30.954583374865283,17,0,0,0.8238887236262779,11.091769484556222,0.14545760782401373,Right Foot,Penalty,Normal,Other,Center Forward,1,0,0,1,,,,0,0,0,442.1761180343067,0.8330901037721383,0.7462851756764843,0.7835,0
3795221,Harry Kane,England,103,3,-1,0,6.45135644651572,62.30052719194504,0,1,3.32509554121937,53.42975470776505,18,0,2,3.6032971054429885,5.283180544463013,3.463004110172797,Right Foot,Open Play,Normal,Other,Center Forward,1,0,0,1,,,,0,0,0,401.92290772108254,0.857613203547226,0.5154102968555091,0.592629,1
3795221,Martin Braithwaite Christensen,Denmark,113,4,0,6,25.1230969428532,17.740075431318672,0,1,1.0683438934811573,14.75340692458769,17,0,3,2.219475652580177,23.023218080915782,0.2452784460936286,Right Foot,Open Play,Normal,Regular Play,Right Wing,1,0,0,1,Ground Pass,,6.8622155,1,1,1,445.6856348345473,0.8316428518980106,0.04252437093688287,0.043797906,0
3795221,Raheem Sterling,England,119,4,0,3,9.109335870413389,17.87369779290576,0,1,3.1436037838745006,4.233671984230995,8,0,3,4.346543483819099,4.821213283097954,4.274806816172536,Right Foot,Open Play,Normal,From Counter,Right Attacking Midfield,1,0,0,1,Ground Pass,,20.960917,1,1,1,162.81751644184504,0.23686603820231197,0.34509692348536064,0.15875086,0
3788746,Memphis Depay,Netherlands,1,1,0,15,20.90382740074172,20.7153255743932,0,1,1.7944451840874198,16.34350296142283,10,0,2,5.180621734996216,15.730651362117452,1.8136909379055126,Left Foot,Open Play,Normal,From Throw In,Left Center Forward,1,0,0,1,,,,0,0,0,433.0295903572863,0.788957088930598,0.08584290090453715,0.053416096,0
3788746,Andriy Yarmolenko,Ukraine,3,1,0,1,5.805170109479994,62.772599375549845,1,0,0.6616221339714787,25.35055607700994,16,0,5,6.365987190688157,1.6686071235176583,2.925083102367047,Head,Open Play,Normal,From Corner,Right Wing,1,0,0,1,High Pass,Inswinging,43.70309,1,1,1,364.40561758930454,0.40384748009788607,0.11397118800894956,0.20801966,0
3788746,Georginio Wijnaldum,Netherlands,4,1,0,4,19.5,23.18435082058212,2,1,0.9897804873858825,0.0,16,0,3,2.8337710382301746,16.666228965429564,0.0001331447012944409,Right Foot,Open Play,Normal,From Throw In,Center Attacking Midfield,1,0,0,1,Ground Pass,,12.427792,1,1,1,452.09484100135137,0.0,0.05075797371209654,0.029739186,0
3788746,Memphis Depay,Netherlands,4,1,0,7,14.23587018766327,27.410800835174932,1,1,1.8628595163219328,0.03119002206353263,16,2,4,5.617556903009448,8.649382693748816,2.5588632293571436,Right Foot,Open Play,Normal,From Throw In,Left Center Forward,1,0,0,1,Ground Pass,,1.8439089,1,1,1,390.2166024294423,0.0011378734335812622,0.13085673666343747,0.070659414,0
3788746,Denzel Dumfries,Netherlands,4,1,0,8,10.61508360777248,32.8393393789887,0,1,2.8050017498918915,17.66615822217998,17,0,3,6.083567408585668,4.544614343290388,4.3143184054342,Right Foot,Open Play,Normal,From Throw In,Right Wing Back,1,0,0,1,Ground Pass,,6.463745,1,1,1,348.5923331319802,0.5379571744212115,0.2642467882059863,0.36151928,0
3788746,Patrick van Aanholt,Netherlands,5,1,0,3,20.71834935510066,20.971982361034794,3,1,2.450298528734987,1.175908325306302,18,0,1,1.8618488028000353,18.86633739576431,0.7198440151686754,Left Foot,Open Play,Half Volley,From Corner,Left Wing Back,1,0,0,1,Low Pass,,40.421036,1,1,1,434.50485722492766,0.05607044222443647,0.11826707266772422,0.04012042,0
3788746,Georginio Wijnaldum,Netherlands,6,1,0,19,17.389939620366714,22.048626303144836,2,1,1.7901791263125033,12.047267726035868,11,1,3,5.427970639974069,12.262515431026802,4.125699674699078,Right Foot,Open Play,Normal,From Corner,Center Attacking Midfield,1,0,0,1,Ground Pass,,19.81565,1,1,1,383.42428012371806,0.5463953881025932,0.10294337791810874,0.075925335,0
3788746,Georginio Wijnaldum,Netherlands,8,1,0,16,21.37849386650051,19.01599679004512,1,1,4.311740285013966,4.998914121811673,13,0,2,3.6099831282768102,17.77072008733256,1.756313652009311,Right Foot,Open Play,Normal,Regular Play,Center Attacking Midfield,1,0,0,1,Ground Pass,,8.547514,1,1,1,406.53337074137295,0.26287941552601685,0.2016858770285188,0.05338198,0
3788746,Ruslan Malinovskiy,Ukraine,9,1,0,2,28.139651739138493,16.104450809284078,1,1,3.518634908538326,5.62908887238033,12,0,2,3.378008510583121,25.116549282285003,1.7211738350652794,Left Foot,Open Play,Normal,From Counter,Right Center Midfield,1,0,0,1,Ground Pass,,10.870603,1,1,1,453.173637223341,0.3495362207033604,0.1250418783130985,0.022898031,0
3788746,Roman Yaremchuk,Ukraine,14,1,0,5,21.306337085477644,18.200717649203987,0,1,1.7243983934263871,14.087566609226037,12,0,2,4.5870264621162296,16.719469019470196,2.482759427706867,Left Foot,Open Play,Normal,From Throw In,Center Forward,1,0,0,1,Ground Pass,,7.1867933,1,1,1,387.7906254315424,0.774011601121792,0.08093359203453764,0.09087309,0
3788746,Andriy Yarmolenko,Ukraine,29,1,0,20,20.554804791094465,18.802035104177186,0,1,1.4058695284773828,14.371362734387652,14,0,3,5.10035217949895,15.521813354570751,3.3309841324189833,Right Foot,Open Play,Normal,Regular Play,Right Wing,1,0,0,1,Ground Pass,,12.529964,1,1,1,386.47216124166755,0.7643514467853969,0.06839615081562278,0.07653948,0
3788746,Patrick van Aanholt,Netherlands,36,1,0,3,26.306843216167156,17.28716478639767,5,1,6.303132992155372,2.054826814025028,19,0,0,2.2228042570939275,24.202657101014307,0.7351386235522241,Left Foot,Open Play,Normal,From Corner,Left Wing Back,1,0,0,1,Ground Pass,,25.7,1,1,1,454.7707336878093,0.11886430420573416,0.23960050775996236,0.030181881,0
3788746,Georginio Wijnaldum,Netherlands,38,1,0,25,18.15929514050587,24.652733690424782,3,1,1.674356933384639,3.366485981212917,15,1,3,2.0114590418823823,16.870020021157686,1.6526989090432664,Right Foot,Open Play,Volley,From Free Kick,Center Attacking Midfield,1,0,0,1,,,,0,0,0,447.67626710471603,0.13655629527691987,0.09220385044845943,0.05233878,0
3788746,Denzel Dumfries,Netherlands,39,1,0,8,9.143850392476901,35.373005193109684,0,1,3.0914713942650898,27.32437408209103,13,0,1,0.6229324628116114,8.549466193536707,0.3316841394784973,Head,Open Play,Normal,From Throw In,Right Wing Back,1,0,0,1,High Pass,,39.340183,1,1,1,323.4454674181035,0.7724640282305885,0.3380929544526009,0.13489778,0
3788746,Georginio Wijnaldum,Netherlands,51,2,0,7,15.99062225180747,27.95325286563738,1,1,4.858467362397999,10.148534630720398,11,0,1,10.283462161986854,5.743274502664157,1.6044897102220546,Left Foot,Open Play,Normal,Regular Play,Center Attacking Midfield,1,0,0,1,,,,0,0,0,446.98990728366203,0.36305379840769364,0.30383228906860277,0.2638418,1
3788746,Wout Weghorst,Netherlands,54,2,1,17,18.527007313648905,24.335033849127246,0,1,1.1022759105214837,19.356169342195233,13,0,4,4.98812871127776,13.81370644829104,1.6643357680796242,Left Foot,Open Play,Normal,From Throw In,Right Center Forward,1,0,0,1,Ground Pass,,8.537564,1,1,1,450.8553501006742,0.7954034279220624,0.059495626674116626,0.06935983,0
3788746,Wout Weghorst,Netherlands,57,2,1,11,12.515989773086263,26.58948781741311,1,1,3.1329483330846815,11.66239473279354,12,0,3,4.762260132028731,8.140306711544449,4.2729573163860195,Right Foot,Open Play,Half Volley,Regular Play,Right Center Forward,1,0,0,1,,,,0,0,0,332.7937575943443,0.43860922831149796,0.25031566738905553,0.10567928,1
3788746,Roman Yaremchuk,Ukraine,71,2,-2,17,23.287979732042025,19.036005416156097,1,1,0.6637645911273712,0.0,19,0,1,3.2192259222712525,20.33467852718551,0.49914351742375374,Right Foot,Open Play,Normal,Regular Play,Center Forward,1,0,0,1,Ground Pass,,10.4,1,1,1,443.3101083104854,0.0,0.02850245486147065,0.0461156,0
3788746,Andriy Yarmolenko,Ukraine,74,2,-2,14,25.983263844251745,16.432592583595923,0,1,3.180478777342454,13.380573687317716,16,0,1,3.4842528436219853,22.53035355897244,0.8180097655664582,Left Foot,Open Play,Normal,Regular Play,Right Wing,1,0,0,1,Ground Pass,,4.494441,1,1,1,426.97238874466734,0.8142703970324847,0.12240489864578998,0.039304513,1
3788746,Nathan Aké,Netherlands,77,2,1,19,30.80584360149873,13.593243691282506,1,1,6.421169023591352,7.79115706737403,17,0,0,3.513338418494021,27.31653334606793,1.7592042416837401,Left Foot,Open Play,Normal,Regular Play,Left Center Back,1,0,0,1,Ground Pass,,13.756817,1,1,1,418.75133919070817,0.5731639367556239,0.2084399669963577,0.023418281,0
3788746,Roman Yaremchuk,Ukraine,78,2,-1,1,10.071742649611338,43.11667808348586,0,1,2.4165686577141696,33.61255099448724,17,0,3,2.968152668725239,7.2425194344930794,1.0964241561862451,Head,Open Play,Normal,From Free Kick,Center Forward,1,0,0,1,High Pass,,32.504307,1,1,1,434.26008556300695,0.7795719078683199,0.23993550488578294,0.10993365,1
3788746,Denzel Dumfries,Netherlands,84,2,0,20,12.935609765295176,31.956009093757654,1,1,0.4211717794232727,0.0,17,0,2,3.539041447430497,9.848892827365304,0.061749010062271736,Head,Open Play,Normal,From Free Kick,Right Wing Back,1,0,0,1,High Pass,,39.560207,1,1,1,413.37046329307293,0.0,0.03255909748864182,0.0652751,1
3794691,Raphaël Varane,France,1,1,0,1,7.343023900274333,53.47542682878509,0,0,1.1338159767232638,53.47542682878508,18,2,4,4.720160890045848,8.398900438187278,3.9113555303721483,Head,Open Play,Normal,From Corner,Right Center Back,1,1,0,1,High Pass,Outswinging,37.379272,1,1,1,392.6713372811402,0.9999999999999999,0.1544072295176521,0.110762,0
3794691,Nico Elvedi,Switzerland,3,1,0,1,8.099999999999994,52.562822042640384,1,1,1.6696092651142664,15.062986447060222,15,3,4,1.8830529218717273,6.3768628012874,0.67285886039069,Head,Open Play,Normal,From Corner,Right Center Back,1,1,0,1,High Pass,Outswinging,38.483765,1,1,1,425.75885854538683,0.28657111360650916,0.20612460063139107,0.08569187,0
3794691,Paul Pogba,France,5,1,0,18,17.901117283566407,24.44608159884365,0,1,3.1228890534432248,19.88542598308077,14,0,2,3.8114214230550267,15.079649862230943,3.038132128900642,Right Foot,Open Play,Normal,Regular Play,Right Defensive Midfield,1,1,0,1,,,,0,0,0,437.6121738245348,0.8134402195573702,0.17445218664145065,0.050257407,0
3794691,Haris Seferović,Switzerland,14,1,0,3,27.06676929372991,16.715160339110973,1,0,1.1955151494403908,0.0,13,1,2,,,,Right Foot,Open Play,Normal,From Free Kick,Left Center Forward,1,1,0,1,Low Pass,,6.6490602,1,1,1,452.4253886064209,0.0,0.04416911144682994,0.020713007,0
3794691,Haris Seferović,Switzerland,14,1,0,4,8.90505474435728,48.36146626146255,0,1,2.3920949805862395,39.11790758300262,15,1,2,1.9967670112646319,7.446218265638287,1.1889921969677317,Head,Open Play,Normal,From Free Kick,Left Center Forward,1,1,0,1,High Pass,,19.746391,1,1,1,430.6615045757116,0.8088652104035609,0.2686221532890631,0.15282819,1
3794691,Kylian Mbappé Lottin,France,25,1,-1,0,28.244999557443794,14.184793876006049,3,1,7.939261218781385,5.180620032270809,20,1,0,5.264671979999109,23.035070460729735,3.129904807249659,Right Foot,Free Kick,Normal,From Free Kick,Left Center Forward,1,1,0,1,,,,0,0,0,400.6494967502223,0.3652234976099275,0.28108554941326036,0.045004822,0
3794691,Kylian Mbappé Lottin,France,25,1,-1,0,24.59776412603389,16.706829060466806,4,1,4.413025640572014,0.21219205888525355,20,1,1,1.766810004625643,22.945099289403508,0.18702798359896633,Right Foot,Open Play,Half Volley,From Free Kick,Left Center Forward,1,1,0,1,,,,0,0,0,410.9506405233309,0.012700917577911981,0.17940759241208173,0.022874722,0
3794691,Adrien Rabiot,France,27,1,-1,20,29.86787571957537,13.355799719273543,1,1,4.893070294580953,1.2627618165453802,17,0,1,2.3875441973905662,27.687112858801125,0.2666102159064252,Left Foot,Open Play,Normal,From Goal Kick,Left Wing Back,1,1,0,1,Low Pass,,42.16278,1,1,1,398.9093661508018,0.09454782514618788,0.1638238467482989,0.027888019,0
3794691,Breel-Donald Embolo,Switzerland,30,1,1,1,8.030566605165541,52.85038323278706,1,1,0.7504344322148186,31.054057786536074,19,2,3,1.5268112204031234,6.601511177329258,0.35905329141550624,Head,Open Play,Normal,From Free Kick,Right Center Forward,1,1,0,1,High Pass,,36.928715,1,1,1,424.4185226594206,0.5875843444645243,0.09344725834564563,0.08650046,0
3794691,Manuel Obafemi Akanji,Switzerland,40,1,1,1,5.1623637996561165,75.37055136618952,1,1,0.8485864300510227,37.6007316973056,14,2,4,1.0142703518432898,4.187640124808852,0.0972028757559471,Head,Open Play,Normal,From Corner,Center Back,1,1,0,1,High Pass,Outswinging,41.019142,1,1,1,389.0902059329386,0.4988782888773309,0.16437943217166331,0.1309008,0
3794691,Kylian Mbappé Lottin,France,42,1,-1,15,22.837250272307305,19.759295309598542,1,1,1.8251318090689759,5.828758494202,18,1,3,3.287547388937865,19.623584390036797,0.991445164285409,Left Foot,Open Play,Normal,From Goal Kick,Left Center Forward,1,1,0,1,Ground Pass,,6.041523,1,1,1,451.24797218972975,0.2949881765960825,0.07991907026049236,0.05755474,0
3794691,Karim Benzema,France,46,1,-1,11,20.197277044195832,15.18842422498738,1,1,1.5157586480469585,8.696839333674104,13,0,3,3.735041447035823,16.46515206933457,2.7213758243749027,Right Foot,Open Play,Normal,Regular Play,Right Center Forward,1,1,0,1,Ground Pass,,15.592627,1,1,1,306.7648119368455,0.5725965514820436,0.07504767324477275,0.028244724,0
3794691,Antoine Griezmann,France,46,2,-1,20,31.52935140468322,12.943695591539287,2,0,4.47300851896579,6.79209172821054,17,0,1,,,,Left Foot,Open Play,Normal,From Kick Off,Center Attacking Midfield,1,1,0,1,Ground Pass,,13.65174,1,1,1,408.1063267808912,0.524741305925815,0.1418680790972881,0.016221011,0
3794691,Ricardo Iván Rodríguez Araya,Switzerland,54,2,1,0,12.0,36.86989764584404,0,1,9.522114586473384,30.77343275033189,11,0,0,0.8406536614087602,11.283158606382257,0.42573815185710373,Left Foot,Penalty,Normal,Other,Left Center Back,1,1,0,1,,,,0,0,0,442.43877175012847,0.8346492590223031,0.793509548872782,0.7835,0
3794691,Kylian Mbappé Lottin,France,55,2,-1,6,18.062391868188442,17.193525306334827,0,1,6.6869801205431205,12.45649500699286,14,0,0,3.70384922892015,14.518488819781629,2.031775625115806,Right Foot,Open Play,Normal,Regular Play,Left Center Forward,1,1,0,1,Ground Pass,,17.84657,1,1,1,310.5561916786344,0.7244875489497989,0.3702156485886156,0.09724257,0
3794691,Karim Benzema,France,56,2,-1,3,8.395236744726144,50.29078207974905,0,1,1.9434740156000943,23.152791989175487,13,0,3,5.840122789034412,2.557369108082547,1.339489196370181,Left Foot,Open Play,Lob,Regular Play,Right Center Forward,1,1,0,1,Ground Pass,Through Ball,8.1939,1,1,1,422.20302163692435,0.46037844375656645,0.2314972257120655,0.43012363,1
3794691,Antoine Griezmann,France,58,2,0,8,9.021086409075133,29.90318255776563,0,1,1.4462071689460165,15.086190671958372,13,0,3,4.389360304001042,4.653231771943164,3.8994111226236896,Left Foot,Open Play,Lob,Regular Play,Right Midfield,1,1,0,1,Ground Pass,,8.861715,1,1,1,269.7591937599521,0.5045011728372237,0.16031408007478398,0.32992336,0
3794691,Karim Benzema,France,58,2,0,8,3.289376840679705,120.48261416806521,0,0,2.8551500350879713,120.48261416806521,13,0,1,7.872955356932502,10.299815465747962,6.785124860155889,Head,Open Play,Normal,Regular Play,Right Center Forward,1,1,0,1,,,,0,0,0,396.3127207489822,1.0,0.8679911647027932,0.60753363,1
3794691,Paul Pogba,France,69,2,1,20,22.256909039666766,18.800979042299726,2,1,5.405377996085171,9.60716808143469,15,0,0,2.002818251088109,20.257711044988426,0.6943078834829635,Left Foot,Open Play,Normal,From Corner,Right Defensive Midfield,1,1,0,1,,,,0,0,0,418.4516804011462,0.5109929679629889,0.24286292343881105,0.03922488,0
3794691,Karim Benzema,France,74,2,1,11,21.523243250030884,18.309954033186322,1,1,3.29421875762033,9.011143990930488,15,0,2,2.1780645580577613,19.411691902347886,0.6465680162394492,Right Foot,Open Play,Normal,Regular Play,Right Center Forward,1,1,0,1,Ground Pass,,16.726028,1,1,1,394.0895945531533,0.492144544688535,0.15305401325218973,0.043282595,0
3794691,Paul Pogba,France,74,2,1,11,26.2030532572065,17.356943521915277,1,0,3.0261093269306047,6.53357705513165,15,0,1,,,,Right Foot,Open Play,Normal,Regular Play,Right Defensive Midfield,1,1,0,1,,,,0,0,0,454.8049154870713,0.3764244002339585,0.11548689754688601,0.029743377,1
3794691,Kingsley Coman,France,76,2,2,7,22.45105788153423,18.910836866306592,3,1,3.459279366161665,6.510168335538895,14,0,1,2.2349825103077805,20.243967270003004,1.1182632707090363,Right Foot,Open Play,Normal,From Free Kick,Left Midfield,1,1,0,1,Ground Pass,,12.384264,1,1,1,424.56829307370066,0.34425596188913515,0.1540809072078019,0.03996484,0
3794691,Haris Seferović,Switzerland,80,2,-2,9,6.39531078212779,63.70843495358889,1,1,0.5446536392690426,0.0,13,1,4,3.2478769839520907,3.703456170636465,1.845783956905663,Head,Open Play,Normal,From Throw In,Left Center Forward,1,1,0,1,High Pass,,27.692959,1,1,1,407.43524097117404,0.0,0.08516453036045113,0.26248676,1
3794691,Adrien Rabiot,France,82,2,1,3,27.408940147331496,16.600891380159382,1,1,2.6356190715056487,12.8453767138665,17,0,1,1.139844970158248,26.26944267082974,0.0015588340516217158,Left Foot,Open Play,Normal,From Throw In,Left Back,1,1,0,1,Ground Pass,,23.480417,1,1,1,455.0128382311398,0.7737763243977791,0.09615910200607482,0.03619375,0
3794691,Ricardo Iván Rodríguez Araya,Switzerland,84,2,-1,5,31.846035860056425,11.374273146860578,1,1,2.4944807144407353,6.718426544449284,17,0,2,2.4799837882666154,29.367027256092975,1.4731471031906622,Right Foot,Open Play,Normal,From Throw In,Left Center Back,1,1,0,1,Ground Pass,,35.575974,1,1,1,362.2255105169988,0.5906686482470875,0.07832939476054196,0.00866544,0
3794691,Mario Gavranović,Switzerland,89,2,-1,1,17.393389548906214,25.781517061553224,0,1,3.5213212142316976,21.11079313752712,9,0,2,2.782661156529377,14.724479113198123,0.9984812185155292,Right Foot,Open Play,Normal,Regular Play,Center Attacking Midfield,1,1,0,1,Ground Pass,,27.990177,1,1,1,448.42796941336707,0.8188344032325647,0.2024516960498442,0.19632119,1
3794691,Kingsley Coman,France,93,2,0,6,16.273291000900837,20.937145541677392,1,1,1.5021900659799725,10.791063482865097,12,0,1,3.595789554453486,12.692651484489987,2.231697413919285,Right Foot,Open Play,Half Volley,Regular Play,Left Midfield,1,1,0,1,High Pass,,34.028225,1,1,1,340.7162621279298,0.5154028022293895,0.09231015815404617,0.04151261,0
3794691,Admir Mehmedi,Switzerland,92,3,0,1,11.406138698087096,20.385260228764093,1,1,1.854315869634265,3.8243696991269567,15,0,2,1.3417186668279328,10.650989107667346,0.21907343526692102,Right Foot,Open Play,Volley,From Corner,Left Midfield,1,1,0,1,High Pass,Outswinging,32.306812,1,1,1,232.51710556588193,0.1876046543536726,0.162571744804861,0.054491557,0
3794691,Benjamin Pavard,France,94,3,0,15,12.389108119634765,32.621135094250185,1,1,1.5842715671373397,19.576165488014183,13,0,1,4.968876779766961,7.771560339223232,3.4718717209889505,Right Foot,Open Play,Half Volley,Other,Right Back,1,1,0,1,,,,0,0,0,404.14676966787755,0.6001068151507912,0.12787615959429086,0.10330608,0
3794691,Kingsley Coman,France,97,3,0,1,16.23360711610331,10.438005576298526,0,0,2.731546491074358,10.438005576298595,11,0,1,3.1343912150324744,14.112621214835444,1.3862058750221777,Left Foot,Open Play,Normal,Regular Play,Left Midfield,1,1,0,1,Ground Pass,,37.51586,1,1,1,169.4464816013258,1.0000000000000067,0.1682649131236357,0.015421431,0
3794691,Moussa Sissoko,France,100,3,0,4,24.084019598065435,15.082038909939449,0,1,11.703345359482784,11.842321084050312,12,0,0,2.858684785235323,21.225334814338748,1.7567744947022845,Right Foot,Open Play,Volley,Regular Play,Right Midfield,1,1,0,1,High Pass,,33.882442,1,1,1,363.23612068576716,0.785193643562736,0.4859382094350589,0.02829517,0
3794691,Admir Mehmedi,Switzerland,102,3,0,3,21.423818520515894,21.04011114792583,3,1,2.5621904870481402,0.27336741779184415,18,1,4,2.4405181245540017,19.00752055251292,0.06147629896231166,Right Foot,Open Play,Half Volley,From Corner,Left Center Forward,1,1,0,1,,,,0,0,0,450.75952288464634,0.012992679357532441,0.11959541594298577,0.041881017,0
3794691,Kylian Mbappé Lottin,France,108,4,0,3,20.109947787102776,21.983788094513365,2,1,4.725739592452953,6.282016073272656,15,0,2,2.2951624724047566,18.27795351604438,1.704434828016062,Left Foot,Open Play,Normal,From Keeper,Left Center Forward,1,1,0,1,Ground Pass,,17.840405,1,1,1,442.0928307433954,0.2857567606758591,0.23499511995171554,0.084947914,0
3794691,Kylian Mbappé Lottin,France,109,4,0,8,10.742439201596632,19.500314426675384,0,1,3.8901625250214042,7.448073488120168,12,0,1,5.0475242971734975,5.71527401157811,4.7300868161581775,Left Foot,Open Play,Normal,Regular Play,Left Center Forward,1,1,0,1,Ground Pass,Through Ball,29.9955,1,1,1,209.480942140578,0.38194632789774935,0.3621302808437785,0.14253291,0
3794691,Olivier Giroud,France,113,4,0,6,15.546703830716009,28.156747310524153,1,1,2.2820679662943792,8.53026371826538,12,1,2,3.871690117241323,12.83582457474353,3.1315009274860657,Left Foot,Open Play,Normal,Regular Play,Right Center Forward,1,1,0,1,Ground Pass,,16.177145,1,1,1,437.7446112730285,0.3029562905185792,0.14678789736674863,0.12220379,0
3794691,Manuel Obafemi Akanji,Switzerland,117,4,0,1,40.40111384603153,11.308228145375946,3,0,7.442154596191808,2.9553402083330296,19,0,0,,,,Right Foot,Open Play,Normal,From Free Kick,Left Center Back,1,1,0,1,Ground Pass,,15.125145,1,1,1,456.86501269823157,0.2613442327427307,0.18420666877041628,0.0053589735,0
3794691,Olivier Giroud,France,118,4,0,6,11.047624178980751,39.42887667321994,0,0,3.0310058864093543,39.42887667321996,13,0,1,5.259442135473713,9.029533744614001,3.699463274344282,Head,Open Play,Normal,From Free Kick,Right Center Forward,1,1,0,1,High Pass,,24.884533,1,1,1,435.5954112851147,1.0000000000000004,0.2743581640092498,0.08930945,0
3794691,Granit Xhaka,Switzerland,120,4,0,0,32.157269784607024,13.05103658730361,5,1,10.520535997004787,0.5127815736205439,16,1,0,2.1288578164170904,30.854308417801185,0.9760985991881412,Left Foot,Free Kick,Normal,From Free Kick,Left Defensive Midfield,1,1,0,1,,,,0,0,0,419.68570450669915,0.039290486252976355,0.32715886850695064,0.02470518,0
3788756,Memphis Depay,Netherlands,10,1,0,0,11.900000000000006,37.158540760889345,0,1,9.72577265202761,31.241431214711728,13,0,0,0.6927364658118328,11.624847956875389,0.6281253254045325,Right Foot,Penalty,Normal,Other,Left Center Forward,1,0,0,1,,,,0,0,0,442.1866350545834,0.840760443628465,0.8172918194981181,0.7835,1
3788756,Memphis Depay,Netherlands,12,1,1,7,22.651490017215206,19.660760363244098,1,1,5.11780021034839,6.195322543510554,14,0,0,2.8142597535328955,20.117958369999943,1.6411312204096475,Right Foot,Open Play,Normal,Regular Play,Left Center Forward,1,0,0,1,Ground Pass,,8.095678,1,0,1,445.3455170988841,0.3151110348251202,0.22593658105753067,0.056245416,0
3788756,Memphis Depay,Netherlands,23,1,1,1,23.617789905069436,13.772186527515855,0,1,0.9033122248794092,9.972148866647645,8,0,2,5.527261815369432,18.09654132319662,4.086998863925885,Right Foot,Open Play,Half Volley,From Throw In,Left Center Forward,1,0,0,1,High Pass,,46.83642,1,0,1,325.2686079402973,0.7240788415640462,0.03824711069537958,0.04122373,0
3788756,Christoph Baumgartner,Austria,27,1,-1,6,19.849433241279208,15.383296966881339,2,1,4.392450730141725,1.857725587074497,14,0,1,3.5007593385272466,16.466376162563282,3.10873809281005,Right Foot,Open Play,Normal,From Throw In,Right Center Forward,1,0,0,1,Ground Pass,,26.84865,1,0,1,305.34972617488404,0.12076251216328916,0.221288470897351,0.045103706,0
3788756,Martin Hinteregger,Austria,34,1,-1,6,33.480292710787346,10.941195677111592,0,0,3.877416480010074,10.941195677111606,15,0,1,4.461413863793684,32.75082970209463,2.849238363964858,Left Foot,Open Play,Normal,From Throw In,Left Center Back,1,0,0,1,Ground Pass,,24.637573,1,0,1,366.31443387569726,1.0000000000000013,0.11581190503632517,0.00743835,0
3788756,Memphis Depay,Netherlands,39,1,1,5,8.266196223173026,46.111097123340336,0,0,5.008182020972832,46.111097123340336,8,0,0,4.48210232053738,5.008182020972832,0.26458084348379884,Left Foot,Open Play,Half Volley,Regular Play,Left Center Forward,1,0,0,1,Low Pass,,17.736967,1,0,1,381.16337688732045,1.0,0.605862949022811,0.49461308,0
3788756,Georginio Wijnaldum,Netherlands,40,1,1,11,14.046351839534708,31.153922348807985,1,1,2.799071493776237,16.381811813815677,11,1,1,4.504291247408858,10.166524476399276,2.787324836920959,Right Foot,Open Play,Normal,Regular Play,Center Attacking Midfield,1,0,0,1,Ground Pass,,11.798729,1,0,1,437.5989544929005,0.5258346486968913,0.19927391295282815,0.2127491,0
3788756,Memphis Depay,Netherlands,43,1,1,1,17.39482681718907,22.311119298418397,1,1,3.387159377625889,5.674435891563237,13,0,2,3.5694738949361398,14.029756691052892,2.7238116898206144,Right Foot,Open Play,Normal,Regular Play,Left Center Forward,1,0,0,1,Ground Pass,,25.0018,1,0,1,388.0980562936329,0.25433219264644824,0.19472222478690013,0.0914546,0
3788756,Georginio Wijnaldum,Netherlands,48,2,1,4,22.04109797628059,19.59006197701453,2,1,2.2623948575284585,10.710516208985046,13,0,1,1.9409099985275269,20.1251980180626,0.32776153309640677,Left Foot,Open Play,Normal,Regular Play,Center Attacking Midfield,1,0,0,1,Ground Pass,,19.890953,1,0,1,431.7864753967862,0.5467321247657073,0.10264438096337682,0.053594403,0
3788756,Marcel Sabitzer,Austria,57,2,-1,12,32.21335126931068,14.10879310852499,1,1,1.1931317665101846,0.0,19,1,1,3.9028994206066248,28.31859784947779,0.5619969874041288,Right Foot,Open Play,Normal,Regular Play,Left Center Midfield,1,0,0,1,Ground Pass,,8.065978,1,0,1,454.4915083909452,0.0,0.03703842411599282,0.020399962,0
3788756,Stefan de Vrij,Netherlands,60,2,1,2,5.107837115648856,74.97851904248216,2,1,1.6709776379198154,34.23597907518438,19,1,4,2.846969665613207,4.111794080394311,2.7692204494718595,Head,Open Play,Normal,From Corner,Right Center Back,1,0,0,1,High Pass,,10.241582,1,0,1,382.9780624415749,0.45661050007918375,0.32713996160927866,0.22969775,0
3788756,Matthijs de Ligt,Netherlands,60,2,1,2,6.762396025078685,54.96265875956301,1,1,3.995325476713344,26.52887335829522,17,0,2,0.7361199336867302,6.1708116208810795,0.048453199470515074,Right Foot,Open Play,Volley,From Corner,Center Back,1,0,0,1,,,,0,0,0,371.67926512342507,0.4826708524845413,0.5908150693772561,0.3996889,0
3788756,Wout Weghorst,Netherlands,61,2,1,4,16.385664466233887,24.37467416695102,1,1,0.8762124513421222,11.712921122515107,15,1,4,2.514339378113883,13.965948671315088,1.7387218063051364,Right Foot,Open Play,Normal,Regular Play,Right Center Forward,1,0,0,1,,,,0,0,0,399.39523237343843,0.48053652091055843,0.05347433136738169,0.086357765,0
3788756,Denzel Dumfries,Netherlands,66,2,1,9,9.12688336728371,42.46801148283507,0,0,4.727452373301375,42.46801148283505,6,0,1,5.828261815502262,4.727452373301375,0.5710706321860641,Right Foot,Open Play,Normal,Regular Play,Right Wing Back,1,0,0,1,Ground Pass,,14.418391,1,0,1,387.600587644301,0.9999999999999997,0.5179700652522233,0.7947693,1
3788756,Sasa Kalajdzic,Austria,70,2,-2,1,8.400000000000006,50.9266901237432,0,1,1.3504396876968474,37.04265053539335,18,1,9,3.4718676514420257,4.964221261658098,0.3835421422498797,Head,Open Play,Normal,From Corner,Left Center Forward,1,0,0,1,High Pass,Outswinging,40.79461,1,0,1,427.78419703944314,0.7273720409747032,0.16076662948771983,0.07836659,0
3788756,Memphis Depay,Netherlands,71,2,2,5,24.876695922087407,16.204897804750363,1,1,3.520447497360664,5.706597358494817,17,1,2,1.754121348096746,24.681995616559718,1.4063935116222837,Right Foot,Open Play,Normal,Regular Play,Left Center Forward,1,0,0,1,,,,0,0,0,403.12431513727654,0.35215262862206786,0.1415158792946834,0.037549656,0
3788756,David Olatukunbo Alaba,Austria,80,2,-2,7,32.34439673266453,10.815372765360186,1,0,3.857035692889286,9.950662123562896,15,0,1,8.969638825968287,25.450267487810933,8.658381006660331,Left Foot,Open Play,Normal,From Keeper,Center Back,1,0,0,1,Ground Pass,,34.14235,1,0,1,349.8167075344649,0.9200480038407172,0.11924896063972883,0.010371058,0
3788756,Sasa Kalajdzic,Austria,82,2,-2,9,11.314592347937248,29.431037899270393,2,1,0.4324176089204671,0.0,16,1,2,3.1564789899565397,8.706098349086641,3.0515499678916242,Head,Open Play,Normal,Regular Play,Left Center Forward,1,0,0,1,High Pass,,21.622673,1,0,1,333.0001962069359,0.0,0.03821769230592746,0.037296068,0
3788756,Karim Onisiwo,Austria,83,2,-2,2,10.435037134576955,34.566335661051674,1,1,1.1044197753603902,9.080479379074156,10,0,1,2.7478729230596457,7.769152284408432,2.1657499839502563,Head,Open Play,Normal,From Counter,Center Defensive Midfield,1,0,0,1,High Pass,,23.418156,1,0,1,360.7009962293259,0.2626971938279756,0.10583764687342094,0.059264183,0
3788756,Sasa Kalajdzic,Austria,88,2,-2,11,11.315917991926238,38.89598846667088,0,1,1.3924896788075352,32.29706641195175,14,2,3,1.0931912523951388,10.424877034103009,0.6549605444341182,Head,Open Play,Normal,From Free Kick,Right Center Forward,1,0,0,1,High Pass,,36.589207,1,0,1,440.14381570375645,0.8303444053009835,0.12305582983201704,0.05086678,0
3788756,Donyell Malen,Netherlands,93,2,2,1,23.189868477419182,13.03543117043262,0,1,3.4256280619113753,9.11908909368952,8,0,1,5.8341238240944735,17.55932464307667,5.176514506693152,Right Foot,Open Play,Normal,From Counter,Right Center Forward,1,0,0,1,Ground Pass,,26.25738,1,0,1,302.28993438878285,0.6995617539965788,0.14772089221838552,0.03147003,0
3788749,Robert Lewandowski,Poland,3,1,0,11,29.58800432607783,14.807696632524282,1,1,2.5441182341096975,7.833994467958358,16,0,2,2.60876816978259,27.1688506626091,1.5810756400423003,Right Foot,Open Play,Normal,From Throw In,Right Center Forward,1,0,0,1,Ground Pass,,18.754467,1,1,1,438.13019202237655,0.5290488225394505,0.08598478647197577,0.020025056,0
3788749,Robert Lewandowski,Poland,4,1,0,2,17.71806987230833,25.420779456635536,1,1,1.4821182749389181,3.9055811758201338,14,1,3,3.7880538851433045,13.943913288200147,0.1167381129036471,Right Foot,Open Play,Normal,From Counter,Right Center Forward,1,0,0,1,Ground Pass,,19.26266,1,1,1,450.4071466212086,0.15363734941654858,0.08365009764722336,0.0447311,0
3788749,Ondrej Duda,Slovakia,13,1,0,16,24.434606606205058,15.61535999840852,1,1,2.9862519320821854,4.6386365010351565,13,0,2,1.339522947184882,23.096615951026006,0.6930191252773028,Right Foot,Open Play,Normal,Regular Play,Center Forward,1,0,0,1,High Pass,,50.579937,1,1,1,381.555178575383,0.297056007771061,0.12221403766426263,0.031742323,0
3788749,Róbert Mak,Slovakia,17,1,0,7,17.09064071356016,11.78444805577373,0,1,4.889697509734064,6.81685169857717,18,0,1,5.518375063262974,11.610694257276695,4.755454191746452,Right Foot,Open Play,Normal,From Throw In,Left Wing,1,0,0,1,Ground Pass,,18.5,1,1,1,201.40376772884136,0.5784616866495744,0.28610381504623467,0.018046841,0
3788749,Maciej Rybus,Poland,24,1,0,6,15.074813431681335,29.598625636273756,2,1,1.4373529070575706,11.31899848269282,17,0,1,2.7042705630394432,12.57601004378235,1.1911988985977118,Right Foot,Open Play,Normal,From Throw In,Left Wing Back,1,0,0,1,,,,0,0,0,446.1937593010071,0.3824163534411254,0.09534797319858165,0.08704145,0
3788749,Peter Pekarík,Slovakia,25,1,0,5,29.035323314886643,13.489706738440454,2,1,4.148349481460223,2.937400861630743,17,0,1,2.063019230174875,27.34795603217974,0.09354801449588734,Right Foot,Open Play,Normal,Regular Play,Right Back,1,0,0,1,,,,0,0,0,391.67799657362355,0.21775127647959056,0.14287250864994955,0.020740822,0
3788749,Juraj Kucka,Slovakia,26,1,0,7,29.00706810417075,15.441555803101298,1,1,3.021652571754909,10.251027182470049,20,1,1,1.7137662674206104,27.303196719814242,0.49259572184669764,Right Foot,Open Play,Normal,From Corner,Right Defensive Midfield,1,0,0,1,,,,0,0,0,447.9142608149124,0.6638597375279518,0.1041695272649925,0.027635198,0
3788749,Marek Hamšík,Slovakia,29,1,0,6,25.534486483969083,12.482823717643779,1,1,3.5052857251141796,6.09440289171249,18,1,1,2.081578092169966,23.46956352132445,1.3233845010562604,Right Foot,Open Play,Normal,From Free Kick,Center Attacking Midfield,1,0,0,1,Ground Pass,,12.506398,1,1,1,318.74249349994375,0.48822309996242197,0.13727653098936798,0.011726577,0
3788749,Juraj Kucka,Slovakia,32,1,0,2,11.535163631262455,38.164575414505975,1,1,1.016416226187267,14.014634486783379,11,0,3,0.7180920075413253,10.87332733295705,0.21776249411384185,Head,Open Play,Normal,Regular Play,Right Defensive Midfield,1,0,0,1,High Pass,,33.232063,1,1,1,440.23462232398253,0.36721578412887457,0.08811459106072743,0.05761118,0
3788749,Grzegorz Krychowiak,Poland,33,1,0,18,27.06676929372991,16.715160339110973,0,1,3.4267733671896536,13.867143389934077,19,1,2,3.3312733052207344,24.143822003410925,1.1700659285842505,Right Foot,Open Play,Normal,From Keeper,Center Defensive Midfield,1,0,0,1,,,,0,0,0,452.4253886064209,0.8296147394701944,0.12660444732070314,0.03893179,0
3788749,Piotr Zieliński,Poland,34,1,0,9,25.2115053100762,15.101180250047978,0,1,2.8797138884117093,11.851030573391453,20,0,2,4.182259606490659,21.157227048333418,3.0586213932200295,Left Foot,Open Play,Normal,Regular Play,Left Center Forward,1,0,0,1,Ground Pass,,16.022797,1,1,1,380.7234860625024,0.7847751220209296,0.11422221136715639,0.03254757,0
3788749,Marek Hamšík,Slovakia,35,1,0,3,28.4622557082182,15.270380484038553,0,1,1.2450244344985273,12.499636435908183,12,0,1,3.6452405975864455,24.817028980039012,1.1052894150637442,Left Foot,Open Play,Normal,From Goal Kick,Center Attacking Midfield,1,0,0,1,Ground Pass,,17.042593,1,1,1,434.6294740984901,0.8185543542267002,0.04374299940461284,0.03667704,0
3788749,Karol Linetty,Poland,36,1,0,11,21.684326136636106,20.386791160440104,2,0,1.6222357185573204,10.455326662775748,18,0,3,,,,Left Foot,Open Play,Normal,From Goal Kick,Left Center Midfield,1,0,0,1,Ground Pass,,8.620905,1,1,1,442.0738284024733,0.5128480779782532,0.07481144252928941,0.06443866,0
3788749,Robert Lewandowski,Poland,41,1,0,5,16.487874332369223,20.723970500214282,0,1,3.4850177021885718,15.793012072569914,18,1,2,2.5894442365753245,13.94782764517545,1.390920078526996,Right Foot,Open Play,Half Volley,Regular Play,Right Center Forward,1,0,0,1,Low Pass,,18.384777,1,1,1,341.69422127526,0.7620649755512158,0.21136852646594576,0.04050846,0
3788749,Marek Hamšík,Slovakia,43,1,0,3,28.878019322661313,13.050776971739552,0,1,4.310668208366525,10.436131799362613,14,0,1,2.5800705279059986,26.2983682689514,1.437517895017443,Left Foot,Open Play,Normal,Regular Play,Center Attacking Midfield,1,0,0,1,High Pass,,56.2418,1,1,1,376.88058956563805,0.7996559761890997,0.1492716020514549,0.022009904,0
3788749,Karol Linetty,Poland,45,2,0,14,10.171037311896951,38.835158217764544,0,1,2.1052164056393323,29.213211144467266,18,0,3,3.8944751273211033,7.154040062451696,3.4305264712466794,Left Foot,Open Play,Normal,From Kick Off,Left Center Midfield,1,0,0,1,Ground Pass,,9.677293,1,1,1,394.99384324630466,0.7522361819837812,0.20698148488521262,0.2927253,1
3788749,Piotr Zieliński,Poland,48,2,1,1,25.45584412271571,12.835609486401424,2,0,0.47143548431176735,0.0,19,0,2,,,,Left Foot,Open Play,Normal,From Throw In,Left Center Forward,1,0,0,1,Low Pass,,11.0385685,1,1,1,326.7412743058857,0.0,0.01851973488048972,0.025382344,0
3788749,Karol Linetty,Poland,50,2,1,19,14.54544602272477,24.420773930175045,0,1,4.221760635395083,18.492664789243076,14,0,1,3.0265756137954325,11.603297266609502,1.428897186284452,Left Foot,Open Play,Normal,From Throw In,Left Center Midfield,1,0,0,1,Ground Pass,,19.958206,1,1,1,355.21104903452533,0.7572513812264148,0.29024621374960274,0.23715575,0
3788749,Kamil Glik,Poland,52,2,1,2,7.71751255262989,50.47736872882891,2,1,1.4465992505767997,32.257560128814696,18,2,4,1.4894472148382465,6.45156790757133,0.06415875207828492,Head,Open Play,Normal,From Corner,Center Back,1,0,0,1,High Pass,,23.647833,1,1,1,389.55972678846456,0.6390499532990036,0.18744371851832534,0.097363286,0
3788749,Lukáš Haraslín,Slovakia,52,2,-1,6,25.489213404889522,14.915659108595023,2,1,2.484884567911272,0.0,14,0,2,2.505250940006671,22.983963534213974,1.4036798994324045,Left Foot,Open Play,Normal,From Goal Kick,Right Wing,1,0,0,1,Ground Pass,,16.476954,1,1,1,380.18841809356275,0.0,0.09748769130061125,0.028954938,0
3788749,Robert Lewandowski,Poland,57,2,1,0,28.528056365620138,11.945829506461587,4,1,10.984048350756451,2.2165268551347768,19,1,0,2.2880650864695236,27.108901533657438,0.3002294109196413,Right Foot,Free Kick,Normal,From Free Kick,Right Center Forward,1,0,0,1,,,,0,0,0,340.7912974944243,0.185548174275871,0.3850261724802815,0.012752883,0
3788749,Lukáš Haraslín,Slovakia,67,2,-1,22,19.443507913954203,13.182289378836355,1,1,2.658342020743212,0.0,14,0,2,3.978569591911654,15.499842727939232,3.567968980535582,Right Foot,Open Play,Normal,From Throw In,Right Wing,1,0,0,1,Ground Pass,,14.96262,1,1,1,256.3099478614391,0.0,0.13672131759904163,0.021175327,0
3788749,Milan Škriniar,Slovakia,68,2,-1,2,15.700318468107584,28.586071813217043,2,1,2.1701561264728566,10.90201910939512,15,0,4,1.5838433716116729,14.336954152776157,0.7788278067604182,Right Foot,Open Play,Half Volley,From Corner,Left Center Back,1,0,0,1,High Pass,,11.860017,1,1,1,448.8104312197012,0.3813752088999674,0.1382237010593858,0.07746814,1
3788749,Piotr Zieliński,Poland,71,2,0,3,29.09037641557772,15.304449450102,1,1,4.109900540449678,9.309331201989984,19,0,1,2.1379519806862453,27.27670090916295,1.4674636821220304,Left Foot,Open Play,Normal,From Throw In,Left Center Forward,1,0,0,1,Ground Pass,,9.093404,1,1,1,445.2121953366486,0.608276124687905,0.14128041802335878,0.027721856,0
3788749,Jan Bednarek,Poland,76,2,0,1,19.79898987322333,16.58733855692741,1,1,1.4528178716491542,0.5957415606994618,18,1,3,3.5869508317479375,17.263685936352896,0.2362431921399164,Head,Open Play,Normal,From Free Kick,Left Center Back,1,0,0,1,High Pass,,38.633923,1,1,1,328.4125481123327,0.03591543987933259,0.073378383490866,0.013836977,0
3788749,Tymoteusz Puchacz,Poland,84,2,0,1,23.413884769512304,17.831816693837748,1,1,4.831851813414868,12.832972115839668,20,0,1,2.2553428153220505,21.32669541617492,1.5984520549199175,Left Foot,Open Play,Half Volley,From Corner,Left Wing Back,1,0,0,1,,,,0,0,0,417.5121013005829,0.7196671172755179,0.20636694256335117,0.03352013,0
3788749,Robert Lewandowski,Poland,87,2,0,1,4.767598976424089,79.85212420119245,1,1,1.546099253389577,34.737536695091464,18,3,6,3.0433453242244393,2.0442724000442816,0.3664804131981114,Head,Open Play,Normal,From Corner,Right Center Forward,1,0,0,1,High Pass,Inswinging,42.904194,1,1,1,380.7029056068943,0.4350233264624001,0.3242930584210378,0.14134417,0
3788749,Jan Bednarek,Poland,90,2,0,4,14.512063946937396,30.624835048943112,1,1,1.5188328416620733,21.10324746178877,16,1,2,2.1512451783638946,12.361197242377571,0.22983549641029555,Left Foot,Open Play,Normal,From Free Kick,Left Center Back,1,0,0,1,Low Pass,,28.146936,1,1,1,444.42956459467206,0.6890893429487078,0.10466001577829359,0.12557803,0
3788749,Karol Świderski,Poland,92,2,0,10,19.646119209655627,22.44094146552409,3,1,3.0360673877419764,6.180893418322821,18,0,3,1.6909464043453726,18.04273773028269,0.12321038567095144,Left Foot,Open Play,Normal,From Throw In,Center Defensive Midfield,1,0,0,1,Ground Pass,,6.2128897,1,1,1,440.87741120859033,0.27542932758941946,0.15453776673867567,0.053235233,0
3788750,Álvaro Borja Morata Martín,Spain,6,1,0,1,12.431009613060393,35.38676670768225,1,0,1.7664273621345672,31.98448047596214,18,1,2,5.042474584399014,11.388129154880037,4.277939391935455,Head,Open Play,Normal,From Corner,Center Forward,1,1,0,1,High Pass,Outswinging,47.878387,1,1,1,439.8932371183235,0.9038542780744788,0.14209846320758254,0.029887598,0
3788750,Daniel Olmo Carvajal,Spain,6,1,0,1,20.028230076569425,21.74341704732513,3,1,2.602672961043338,7.475241797791817,18,0,4,2.6536677795500276,17.41605177940903,1.1627861214171276,Right Foot,Open Play,Normal,From Corner,Left Wing,1,1,0,1,,,,0,0,0,435.48215927462957,0.3437933320931918,0.12995022281515262,0.055219233,0
3788750,Daniel Olmo Carvajal,Spain,15,1,0,47,7.900632886041477,53.702953376404984,0,1,2.491247958720266,39.78204142697543,17,1,3,3.1891703373574267,4.95113700439438,0.9171044160522186,Head,Open Play,Normal,From Throw In,Left Wing,1,1,0,1,High Pass,,31.751062,1,1,1,424.2873195231774,0.7407793971430654,0.3153225817037649,0.19300416,0
3788750,Emil Peter Forsberg,Sweden,21,1,0,1,23.964139876073162,18.83181444478747,2,1,2.873309476646857,3.876120667062681,18,0,2,2.2455458515339064,21.75006267546723,0.6134737776000136,Right Foot,Open Play,Volley,From Throw In,Left Midfield,1,1,0,1,,,,0,0,0,451.28823547514196,0.20582831667267024,0.11990037996380142,0.026622612,0
3788750,Jorge Resurrección Merodio,Spain,22,1,0,9,16.837161280928566,17.745293387302276,1,1,1.559979685450253,4.7069964970729865,19,1,3,4.301968397636173,12.68883586740613,3.8608333125182384,Right Foot,Open Play,Normal,From Goal Kick,Right Center Midfield,1,1,0,1,,,,0,0,0,298.7803667394036,0.26525323613083224,0.09265099142438223,0.054768357,0
3788750,Jorge Resurrección Merodio,Spain,28,1,0,4,12.080562900792332,35.29922216496655,0,1,0.9206429272219475,27.31067076671538,13,1,3,3.6530251076921365,8.613659019712296,0.15477581401462714,Right Foot,Open Play,Half Volley,Regular Play,Right Center Midfield,1,1,0,1,Low Pass,,23.126175,1,1,1,426.4344737129213,0.7736904410834419,0.07620861169983768,0.20354284,0
3788750,Albin Ekdal,Sweden,36,1,0,1,20.44015655517344,21.317912275461538,2,1,1.8379927297436085,6.555123815115733,19,0,1,3.1411760524060552,18.802105668229594,1.944522178300943,Right Foot,Open Play,Volley,From Corner,Left Defensive Midfield,1,1,0,1,,,,0,0,0,435.7414643398875,0.3074937043746613,0.0899206777004068,0.04422418,0
3788750,Álvaro Borja Morata Martín,Spain,37,1,0,14,16.032778923193572,26.006155597449126,0,1,4.000192153147394,18.634280784312004,9,0,1,10.66195307863613,5.589984281401502,5.382958825222431,Right Foot,Open Play,Normal,From Free Kick,Center Forward,1,1,0,1,,,,0,0,0,416.9509433360749,0.716533465105461,0.24950086147327694,0.46315104,0
3788750,Ferrán Torres García,Spain,38,1,0,7,25.34028413416077,16.91400282039435,1,1,2.6819114848000583,9.677412578621782,17,0,3,1.9011878759740537,23.469507252368746,0.9491911275847542,Left Foot,Open Play,Normal,Regular Play,Right Wing,1,1,0,1,High Pass,,67.45613,1,1,1,428.6056373147895,0.5721538941067855,0.10583588844548997,0.038912278,0
3788750,Alexander Isak,Sweden,40,1,0,3,11.646887996370532,21.196180293694745,0,1,1.0988558719310537,11.138780392224964,8,1,2,5.134406267428621,6.5292252317163495,4.289911289688007,Right Foot,Open Play,Normal,From Free Kick,Left Center Forward,1,1,0,1,High Pass,,29.316547,1,1,1,246.86953783153896,0.525508852910561,0.09434759502053126,0.117233366,0
3788750,Rodrigo Hernández Cascante,Spain,43,1,0,31,30.136522692573536,14.383094112030529,3,0,2.4539773439298123,0.0,17,0,2,,,,Right Foot,Open Play,Normal,Regular Play,Center Defensive Midfield,1,1,0,1,Ground Pass,,17.792414,1,1,1,433.45644209662885,0.0,0.08142868269717593,0.02113241,0
3788750,Daniel Olmo Carvajal,Spain,44,1,0,3,29.789259809535384,14.514829331364972,2,1,3.221873436930999,3.00772677102142,13,0,1,2.658183455097479,27.140532956094905,0.6514400641558353,Right Foot,Open Play,Normal,From Corner,Left Wing,1,1,0,1,Ground Pass,,10.965857,1,1,1,432.3860220430959,0.20721750854638357,0.10815553852397818,0.023177316,0
3788750,Álvaro Borja Morata Martín,Spain,49,2,0,8,18.753666308218236,22.171224965348657,0,1,2.9207653729444485,17.954441979964063,15,0,4,2.6605569344004234,16.308748916252025,0.12410892651836747,Right Foot,Open Play,Normal,From Goal Kick,Center Forward,1,1,0,1,,,,0,0,0,415.79175464458615,0.80980829918171,0.15574369965538473,0.1468488,0
3788750,Marcus Berg,Sweden,60,2,0,5,5.7706152185013995,67.0221032493166,0,0,3.8771732556133496,67.0221032493166,11,0,1,4.272564572267602,6.5251157998679,3.3489714239415775,Right Foot,Open Play,Half Volley,Regular Play,Right Center Forward,1,1,0,1,Ground Pass,,11.941943,1,1,1,386.75876898647846,1.0,0.6718821319402115,0.6277576,0
3788750,Daniel Olmo Carvajal,Spain,67,2,0,14,20.66034849657672,21.083754582380628,1,1,0.9241538815821198,9.0153241347178,18,0,3,3.284100509243128,18.012276827852485,2.518238715630396,Right Foot,Open Play,Volley,From Free Kick,Left Wing,1,1,0,1,,,,0,0,0,435.59771728828014,0.42759576333959837,0.04473079830842378,0.044098742,0
3788750,Ferrán Torres García,Spain,69,2,0,4,24.9098374141623,17.96450387799806,0,1,1.9456188956660023,14.784553041892238,17,0,2,3.5984539128868627,21.624158426827503,1.945381599243781,Left Foot,Open Play,Normal,From Free Kick,Center Forward,1,1,0,1,,,,0,0,0,447.4928708270198,0.8229869938128127,0.07810644699590995,0.04890173,0
3788750,Daniel Olmo Carvajal,Spain,72,2,0,29,16.224980739587956,27.66199222561043,4,1,0.9228628257274121,0.0,17,0,2,1.9422940221330596,14.28830895541835,0.24583280799409124,Right Foot,Open Play,Half Volley,Regular Play,Left Wing,1,1,0,1,Low Pass,,23.831491,1,1,1,448.815291079161,0.0,0.05687913227999609,0.06421864,0
3788750,Gerard Moreno Balaguero,Spain,89,2,0,11,7.558438992278759,52.908306843496284,1,1,0.9854707995326114,19.494056578274368,14,0,3,2.713614906504604,5.592150596239068,2.39162610724037,Head,Open Play,Normal,Regular Play,Center Forward,1,1,0,1,High Pass,,28.41848,1,1,1,399.90420946133145,0.3684498284161339,0.13038020159179803,0.19032307,0
3788750,Gerard Moreno Balaguero,Spain,91,2,0,29,19.87988933570808,16.008834641760284,1,1,1.0671825238082526,0.0,18,0,3,3.4785591876358413,16.47099268069198,2.0639356189939164,Left Foot,Open Play,Normal,Regular Play,Center Forward,1,1,0,1,Ground Pass,,5.859181,1,1,1,318.2538610718443,0.0,0.05368151229551308,0.05103616,0
3788750,Pablo Sarabia García,Spain,92,2,0,14,8.588364221433551,46.46880071438585,2,0,3.4664179328055496,24.828165448954,12,0,1,4.07740269085603,11.985300031321986,0.8987480014328568,Other,Open Play,Normal,Regular Play,Right Wing,1,1,0,1,High Pass,,20.207424,1,1,1,399.09098546835725,0.5342975301118041,0.40361794672780454,0.2299943,0
3788750,Gerard Moreno Balaguero,Spain,95,2,0,1,8.823831367382306,46.329696422125096,0,1,1.5536320324980233,44.24508854734238,17,3,4,3.262695553824039,7.987339250912419,2.149956357478871,Head,Open Play,Normal,From Corner,Center Forward,1,1,0,1,High Pass,Inswinging,45.052525,1,1,1,408.8054285308472,0.9550049312693705,0.17607227153514002,0.06939492,0
3788748,John McGinn,Scotland,4,1,0,2,14.310835055998654,15.172915345525315,0,1,1.4218801976707753,6.373153089766382,16,0,2,6.518861784234734,7.8209564568844545,6.019424033134548,Right Foot,Open Play,Half Volley,From Throw In,Right Center Midfield,1,0,1,1,,,,0,0,0,217.1370888284436,0.42003484133627,0.09935689930789662,0.027171418,0
3788748,Patrik Schick,Czech Republic,10,1,0,13,15.967780058605522,25.737269092021144,0,1,0.9148025433062072,25.557713415092618,15,0,1,4.078630392777376,14.042281762862967,2.0117441527674913,Head,Open Play,Normal,From Free Kick,Center Forward,1,0,1,1,High Pass,,30.13785,1,1,1,410.9670521705395,0.9930235147992376,0.057290527546638666,0.052154254,0
3788748,Patrik Schick,Czech Republic,15,1,0,4,18.601075237738275,19.983106521899995,1,1,0.5315628161631728,0.0,16,0,1,6.740426228046194,12.905342695155976,5.979400129940224,Left Foot,Open Play,Normal,Regular Play,Center Forward,1,0,1,1,Ground Pass,,7.8873315,1,1,1,371.7072678976002,0.0,0.028576994037674035,0.055087697,0
3788748,Jakub Jankto,Czech Republic,15,1,0,1,25.091233528864226,15.590312627451224,4,1,4.944790997689359,3.32493245908045,15,0,1,2.742648213254322,22.57340857923889,2.206374121333859,Left Foot,Open Play,Half Volley,From Corner,Left Wing,1,0,1,1,,,,0,0,0,391.18017492337947,0.2132691331170583,0.19707245528606696,0.019125383,0
3788748,Lyndon Dykes,Scotland,17,1,0,4,13.42385935563987,28.620237936970728,0,1,4.22926742193708,24.69316385945679,11,0,1,3.736431053821729,10.527173903411018,0.02397339319365699,Right Foot,Open Play,Half Volley,Regular Play,Right Center Forward,1,0,1,1,Low Pass,,31.370369,1,1,1,384.1940487908436,0.8627868123891078,0.31505599916466687,0.13324314,0
3788748,Andrew Robertson,Scotland,31,1,0,2,19.557607215607945,19.807179689500806,0,1,5.897682228126714,14.81596237546222,13,0,0,5.8789882289441575,13.77954032870221,2.35057629263914,Left Foot,Open Play,Normal,From Throw In,Left Wing Back,1,0,1,1,Ground Pass,,32.128647,1,1,1,387.3810404162241,0.7480096918248144,0.3015543856213693,0.10311528,0
3788748,John McGinn,Scotland,31,1,0,1,15.655350523063992,28.425442120869334,4,1,4.177307707437348,4.346283439858667,19,0,1,2.0514298400356408,13.884787814347018,0.711830088022154,Left Foot,Open Play,Half Volley,From Corner,Right Center Midfield,1,0,1,1,Low Pass,Outswinging,38.55386,1,1,1,445.010260175277,0.15290117287807184,0.26682939492687796,0.064206675,0
3788748,John McGinn,Scotland,31,1,0,1,18.34393632784414,23.355907299814763,4,1,2.850504801670995,7.558314880906634,19,0,2,1.6147076556931879,17.083678035285175,0.49004768063969095,Right Foot,Open Play,Half Volley,From Corner,Right Center Midfield,1,0,1,1,,,,0,0,0,428.4392763868322,0.32361469772431317,0.15539220975948506,0.034318544,0
3788748,Patrik Schick,Czech Republic,41,1,0,3,9.272000862812735,45.49919972764486,1,1,1.463752260742137,40.75809981783597,17,1,3,3.9458843070386234,6.498434917933344,1.3213727092754866,Head,Open Play,Normal,From Corner,Center Forward,1,0,1,1,High Pass,,25.20496,1,1,1,421.8686191320121,0.8957981692383867,0.15786800307718005,0.06177184,1
3788748,Stuart Armstrong,Scotland,45,1,-1,8,22.697356674291388,19.9104503560447,4,1,1.3747987203292555,8.506757585905188,18,0,2,2.812956428473483,19.962584763163953,0.3610117855323409,Left Foot,Open Play,Normal,Regular Play,Left Center Midfield,1,0,1,1,,,,0,0,0,451.9145932769185,0.42725088753819096,0.06057087351878506,0.04030585,0
3788748,Patrik Schick,Czech Republic,45,2,1,6,17.047287174210446,23.60452725770063,1,1,2.994363519932056,13.815078250254562,15,0,3,7.706900659492416,9.546696776435843,4.771144806076329,Right Foot,Open Play,Normal,From Throw In,Center Forward,1,0,1,1,Ground Pass,,14.840486,1,1,1,402.39315477350084,0.5852723970884693,0.17565044158240042,0.12160078,0
3788748,Vladimír Darida,Czech Republic,46,2,1,12,29.45674795356745,11.623953156886083,1,0,4.426057884021412,10.60702344202162,15,0,1,,,,Right Foot,Open Play,Normal,From Throw In,Center Attacking Midfield,1,0,1,1,,,,0,0,0,342.40385836646806,0.9125142968885736,0.15025616171201886,0.008657019,0
3788748,Jack Hendry,Scotland,47,2,-1,11,20.113676938839404,21.36483980409458,3,1,4.67376416201715,4.876077594755515,19,0,1,4.68316042463053,15.507860115561403,2.220040953607871,Right Foot,Open Play,Normal,Regular Play,Right Center Back,1,0,1,1,Ground Pass,,6.0207973,1,1,1,429.7254856696153,0.22822907353702754,0.23236746698422586,0.06484365,0
3788748,Jack Hendry,Scotland,51,2,-1,3,33.47416914577567,13.285385128188638,2,0,4.623322434012473,8.471054676082213,19,0,1,,,,Right Foot,Open Play,Normal,From Throw In,Right Center Back,1,0,1,1,Ground Pass,,34.300144,1,1,1,444.71722894775905,0.6376220632180633,0.1381161221322179,0.017285071,0
3788748,Patrik Schick,Czech Republic,51,2,1,3,58.47777355542873,7.577772323627071,0,0,3.9081456598734707,7.577772323627073,9,0,1,,,,Left Foot,Open Play,Lob,From Throw In,Center Forward,1,0,1,1,,,,0,0,0,443.1312539956589,1.0000000000000002,0.06683130054821763,0.008996101,1
3788748,Vladimír Darida,Czech Republic,54,2,2,2,21.927608168699116,15.30454558381076,1,1,5.0456528778218965,3.4321299925310873,16,1,0,4.275139306066665,17.838933965784463,3.656425861722134,Right Foot,Open Play,Normal,From Free Kick,Center Attacking Midfield,1,0,1,1,,,,0,0,0,335.5920787617968,0.22425559607347081,0.23010502737021665,0.040474825,0
3788748,John McGinn,Scotland,56,2,-2,7,14.043147795277239,31.718861083104038,2,1,5.903271236577836,17.707096577141513,15,0,0,1.4038186374283836,12.639689276314359,0.07986359246146435,Left Foot,Open Play,Volley,From Free Kick,Right Center Midfield,1,0,1,1,High Pass,,32.844482,1,1,1,445.4326540878975,0.5582513360346885,0.4203666672626722,0.08812854,0
3788748,Lyndon Dykes,Scotland,56,2,-2,7,10.818964830333819,40.268115195232056,2,1,1.0190268692225688,0.0,16,1,6,1.5729251857193427,9.302165237016586,0.6073095088225671,Right Foot,Open Play,Volley,From Free Kick,Right Center Forward,1,0,1,1,,,,0,0,0,435.65932208104647,0.0,0.094188943693158,0.057533752,0
3788748,Stuart Armstrong,Scotland,60,2,-2,0,23.124878378058554,19.529186622379783,1,1,0.892161102198932,7.880021394909259,14,0,1,4.355727055448283,18.773720401960876,0.2729301124365904,Right Foot,Open Play,Normal,From Counter,Left Center Midfield,1,0,1,1,,,,0,0,0,451.6100654649406,0.4034997231210348,0.03858014246014094,0.05314019,0
3788748,Lyndon Dykes,Scotland,61,2,-2,4,5.72450871254468,67.65589602573529,0,1,2.310610911172108,37.55474378527645,14,2,4,3.592682799936589,2.310610911172108,2.2261966390606105,Right Foot,Open Play,Volley,From Corner,Right Center Forward,1,0,1,1,High Pass,,5.7628117,1,1,1,387.29676625433865,0.5550845675148725,0.40363479683568976,0.4698638,0
3788748,Grant Campbell Hanley,Scotland,64,2,-2,1,8.657944328765339,49.40419240530564,1,1,0.6499038110580213,0.0,18,2,5,3.4543395905891963,5.986188429770008,2.1279946721190015,Head,Open Play,Normal,From Corner,Center Back,1,0,1,1,High Pass,Outswinging,36.60068,1,1,1,427.73874745274765,0.0,0.07506444790812145,0.07848503,0
3788748,Lyndon Dykes,Scotland,65,2,-2,6,13.743725841270264,29.041940555989896,0,1,1.7637865145381948,21.404496946419663,14,0,2,4.747484148307578,9.009017719667057,2.064280414967577,Left Foot,Open Play,Half Volley,Regular Play,Right Center Forward,1,0,1,1,Low Pass,,8.319255,1,1,1,399.1444688999932,0.73702020376889,0.12833394196803746,0.25637227,0
3788748,Scott McTominay,Scotland,76,2,-2,2,11.098198051936182,23.7697368690665,1,1,3.0384717757262494,13.698650333336678,18,0,3,3.927799320085189,7.172936695658721,3.2650602970864213,Right Foot,Open Play,Half Volley,From Free Kick,Right Center Back,1,0,1,1,High Pass,,16.95317,1,1,1,263.80124741530943,0.5763063515929725,0.273780640920907,0.058616467,0
3788748,Patrik Schick,Czech Republic,80,2,2,2,14.270599146496963,31.010880297336964,0,1,3.1872754092835542,24.935015014124012,13,1,1,3.5333304285048177,11.321376987032497,2.182568094922999,Left Foot,Open Play,Normal,Regular Play,Center Forward,1,0,1,1,Ground Pass,,20.171762,1,1,1,442.54384190329637,0.80407311159965,0.22334559162962278,0.1672261,0
3788748,Kevin Nisbet,Scotland,81,2,-2,18,25.241434190631875,14.997307682953114,0,1,2.1684660223098526,11.598765200658,15,0,3,5.082121994267621,20.23367845604627,2.206487914769113,Right Foot,Open Play,Normal,Regular Play,Right Center Forward,1,0,1,1,Low Pass,,38.283287,1,1,1,378.5535549159188,0.7733898274182831,0.08590898623005577,0.021540279,0
3788748,James Forrest,Scotland,83,2,-2,3,12.800390619039723,25.71403173076513,0,1,1.7298139703097584,17.024828536507435,15,0,3,4.95332791305079,7.920273729039718,3.9913278364984706,Left Foot,Open Play,Normal,Regular Play,Right Wing Back,1,0,1,1,High Pass,,75.73143,1,1,1,329.1496505441757,0.6620832047950832,0.1351375924213419,0.09990428,0
3788748,Ryan Fraser,Scotland,84,2,-2,9,25.98557292037257,11.922818583806892,1,1,2.855468474391256,4.900795716203806,16,0,2,3.6618630293815535,22.324648817460783,2.7706023063763467,Right Foot,Open Play,Normal,Regular Play,Right Center Midfield,1,0,1,1,Ground Pass,,7.9195957,1,1,1,309.8212717258872,0.411043385568231,0.10988668532116842,0.010361285,0
3788748,Michael Krmenčík,Czech Republic,89,2,2,5,10.907795377618704,35.846996291136236,0,1,1.6284886312930933,32.446110439192275,11,0,4,7.219153396232163,4.370912870047758,5.252981491630372,Left Foot,Open Play,Half Volley,Regular Play,Center Forward,1,0,1,1,Low Pass,,7.3334846,1,1,1,391.0117004459707,0.9051277316424727,0.14929585447069607,0.27573124,0
3788748,Kevin Nisbet,Scotland,93,2,-2,8,9.374433316206371,30.05978413697034,1,0,0.7732966650687166,10.061961175840182,17,1,4,6.162758518608934,3.9177957968238246,3.906245888329977,Head,Open Play,Normal,From Throw In,Right Center Forward,1,0,1,1,High Pass,,36.704903,1,1,1,281.79344189158655,0.33473165109875286,0.08248996381806394,0.054259185,0
3788751,Mats Hummels,Germany,3,1,0,1,9.297311439335564,44.98372741324268,1,1,0.5706849734386418,0.0,13,1,4,3.9663669072807686,5.920549408465456,2.7208196266424736,Head,Open Play,Normal,From Free Kick,Center Back,1,0,0,1,High Pass,,46.84154,1,1,1,418.227723463094,0.0,0.06138172063637205,0.0673188,0
3788751,Paul Pogba,France,15,1,0,1,5.000999900019995,77.30598350139725,1,0,0.592125889149364,0.0,19,2,2,8.786763330438768,6.219498618075953,5.942708209447545,Head,Open Play,Normal,From Corner,Right Center Midfield,1,0,0,1,High Pass,Inswinging,39.594193,1,1,1,386.607215761435,0.0,0.11840149989744983,0.21009791,0
3788751,Kylian Mbappé Lottin,France,16,1,0,6,19.803535037967336,16.915027075245348,1,1,1.8105329680491722,1.6469839281480774,14,0,3,3.242059122103809,16.56244037878857,2.2945023528012385,Right Foot,Open Play,Normal,Regular Play,Left Wing,1,0,0,1,Ground Pass,,30.598366,1,1,1,334.9773313527874,0.0973680929283519,0.09142473626945989,0.04669623,0
3788751,Thomas Müller,Germany,21,1,0,4,8.981091247727083,34.23460283296568,0,1,3.552040919394096,20.49251598283661,13,0,2,4.94648620175209,4.077050858547964,3.6288691767859973,Head,Open Play,Normal,Regular Play,Left Attacking Midfield,1,0,0,1,High Pass,,20.570368,1,1,1,307.46409187256086,0.5985907323891505,0.3955021524019188,0.15542762,0
3788751,Toni Kroos,Germany,24,1,0,0,26.321094202179363,16.58733855692741,3,1,6.819891088775704,5.009269873371513,19,0,0,1.8299083412159434,25.01863379074563,0.8142697184214853,Right Foot,Free Kick,Normal,From Free Kick,Left Defensive Midfield,1,0,0,1,,,,0,0,0,436.5969007203283,0.30199358722798114,0.2591036313456537,0.059550896,0
3788751,Toni Kroos,Germany,26,1,0,0,30.27358584641073,14.685763675461988,2,1,10.708278914963383,11.128943123745854,19,0,0,4.852379471504822,28.334132201728277,4.690065644069527,Right Foot,Free Kick,Normal,From Free Kick,Left Defensive Midfield,1,0,0,1,,,,0,0,0,444.59072734919886,0.7578048625650213,0.35371689925635186,0.04597038,0
3788751,İlkay Gündoğan,Germany,37,1,0,20,12.252754792290586,35.13768469553719,0,1,2.7500248340768367,27.269696298112972,13,1,2,4.080683374168104,8.745435832132982,2.680873258180746,Right Foot,Open Play,Half Volley,Regular Play,Right Defensive Midfield,1,0,0,1,High Pass,,4.7853947,1,1,1,430.5334345432389,0.7760811941481299,0.22444135059383935,0.13947101,0
3788751,Kai Havertz,Germany,41,1,0,10,15.370100845472681,25.27724952929997,1,0,1.4047518265572283,0.0,11,0,3,4.385387142248479,12.959397811999295,1.3020197379326035,Left Foot,Open Play,Normal,Regular Play,Right Attacking Midfield,1,0,0,1,,,,0,0,0,388.51387436151737,0.0,0.09139509497564573,0.0893753,0
3788751,Adrien Rabiot,France,51,2,0,4,14.566056432679371,18.909410050120016,1,1,1.0820289153002036,0.0,10,0,2,6.329326606970336,8.236942770644525,5.148243062141901,Left Foot,Open Play,Normal,From Free Kick,Left Center Midfield,1,0,0,1,Low Pass,Through Ball,33.740925,1,1,1,275.4355338987226,0.0,0.07428427318684831,0.1344984,0
3788751,Serge Gnabry,Germany,53,2,0,9,12.445079348883233,26.881017346366384,1,1,6.1377012492008705,9.984569577282535,9,0,0,3.406295245011095,9.745140821537735,3.3253965345144465,Right Foot,Open Play,Volley,Regular Play,Center Forward,1,0,0,1,High Pass,,48.49103,1,1,1,334.5363938542363,0.37143570306992824,0.4931829743417137,0.1485275,0
3788751,Thomas Müller,Germany,55,2,0,8,18.042172818150263,21.704319741087524,1,1,2.3324126272843424,0.0,12,0,3,3.549675794142733,14.608263267046157,2.4910650012224025,Right Foot,Open Play,Normal,Regular Play,Left Attacking Midfield,1,0,0,1,Ground Pass,,13.124023,1,1,1,391.59308766909146,0.0,0.1292755950623617,0.059798285,0
3788751,Karim Benzema,France,64,2,0,21,21.06015194627047,17.45126555901837,0,1,1.3234065144074574,13.530778507370139,13,1,2,3.6892287188800448,17.540767100573326,2.9450551142691523,Right Foot,Open Play,Normal,Regular Play,Center Forward,1,0,0,1,Ground Pass,,33.90634,1,1,1,367.5263043276436,0.7753465478827566,0.06283936211779416,0.054731365,0
3788751,Antonio Rüdiger,Germany,69,2,0,1,10.636728820459794,40.85099848332849,1,0,0.578197872046237,0.0,18,1,3,4.803318753834757,9.241610452946441,3.7323020477093394,Head,Open Play,Normal,From Corner,Left Center Back,1,0,0,1,High Pass,Outswinging,45.714878,1,1,1,434.52099291217945,0.0,0.054358617372483056,0.0465875,0
3788751,Leroy Sané,Germany,87,2,0,0,29.331893904076498,11.774250287450451,2,1,9.237020930802249,1.7356437086706205,21,1,0,2.9517822315326816,26.88368041704307,0.4663220792641596,Left Foot,Free Kick,Normal,From Free Kick,Left Attacking Midfield,1,0,0,1,,,,0,0,0,345.36106023153883,0.14741012517124347,0.31491389410482296,0.013392137,0
3788752,Diogo José Teixeira da Silva,Portugal,4,1,0,3,19.888187448835048,21.30308432437158,0,1,3.648312261421647,17.15606236190524,12,0,3,3.3085615548525125,16.582971162338357,1.0870488783631629,Left Foot,Open Play,Normal,From Throw In,Left Wing,1,0,1,1,,,,0,0,0,423.6797342814415,0.8053323218684356,0.18344116429953236,0.11209796,0
3788752,Diogo José Teixeira da Silva,Portugal,8,1,0,1,14.207744367069667,29.417141634963844,0,1,4.977421785632428,23.03774783936004,17,1,1,3.5413325871129246,10.783228784002196,2.0608778480569114,Right Foot,Open Play,Volley,From Free Kick,Left Wing,1,0,1,1,High Pass,,34.535778,1,1,1,417.9512283594481,0.7831402562911974,0.35033159782695444,0.14932786,0
3788752,Cristiano Ronaldo dos Santos Aveiro,Portugal,29,1,0,12,5.433231082882456,72.62181267481233,1,1,2.231627297195888,32.736538973060185,12,0,3,0.8124052974040368,4.624839487865546,0.01538130729359466,Head,Open Play,Normal,Regular Play,Center Forward,1,0,1,1,High Pass,,25.564428,1,1,1,394.57108992005743,0.4507810775758054,0.4107366800993779,0.2200074,0
3788752,Ádám Szalai,Hungary,36,1,0,1,13.960659010233009,28.019267452612077,1,1,0.9196284512547412,13.902804358638026,17,2,3,2.7307532142960387,12.254452441398358,0.7197517176553205,Head,Open Play,Normal,From Free Kick,Left Center Forward,1,0,1,1,High Pass,,28.632324,1,1,1,391.16743862243726,0.4961872890556939,0.06587285389469535,0.03628807,0
3788752,Diogo José Teixeira da Silva,Portugal,39,1,0,9,10.155294185792947,40.18827481057819,0,1,1.9014103874727295,30.05635301269462,14,1,3,3.3876090775007355,6.794821622442634,1.1097224757641229,Left Foot,Open Play,Normal,Regular Play,Left Wing,1,0,1,1,Ground Pass,,9.679876,1,1,1,408.12375352091385,0.7478886106547502,0.1872334127092807,0.11732727,0
3788752,Cristiano Ronaldo dos Santos Aveiro,Portugal,42,1,0,31,6.789698078707185,60.68286375090132,0,0,1.995636955136638,60.68286375090132,16,0,1,4.13769365184997,5.231302783507819,2.7159360933347045,Right Foot,Open Play,Half Volley,From Throw In,Center Forward,1,0,1,1,Low Pass,,35.242306,1,1,1,412.0183234199446,1.0,0.2939213101971426,0.33817625,0
3788752,Kléper Laveran Lima Ferreira,Portugal,46,2,0,1,11.352973178863762,37.4285210497857,0,0,3.218141773695367,37.42852104978571,16,1,1,4.280091961736458,9.649838290680421,2.6482918844822905,Head,Open Play,Normal,From Corner,Right Center Back,1,0,1,1,High Pass,Outswinging,48.895397,1,1,1,424.9249956027548,1.0000000000000002,0.28346246599848374,0.04380046,0
3788752,Ádám Szalai,Hungary,49,2,0,6,34.1755760741498,12.11136584839105,2,1,4.985951967901478,6.338457044255665,15,0,1,2.474225555981496,32.72964351106565,2.4186064940796754,Right Foot,Open Play,Normal,Regular Play,Left Center Forward,1,0,1,1,Ground Pass,,19.525623,1,1,1,413.9129049135482,0.5233478307566529,0.1458922581753588,0.0067296857,0
3788752,Roland Sallai,Hungary,56,2,0,7,22.68766184515275,16.781524224871706,1,1,2.7103530668882363,4.171098564682235,13,2,2,2.6750616048114613,20.112651754576724,2.013287230114436,Left Foot,Open Play,Normal,Regular Play,Right Center Forward,1,0,1,1,,,,0,0,0,380.7335468601284,0.2485530222874688,0.11946374577454781,0.031491425,0
3788752,Bruno Miguel Borges Fernandes,Portugal,67,2,0,2,28.69233347080714,15.82439522857902,1,1,1.5033837219670163,5.334102857806972,16,0,2,4.491233716937321,24.833531320297215,2.445745705734481,Right Foot,Open Play,Normal,Regular Play,Center Attacking Midfield,1,0,1,1,Ground Pass,,15.4,1,1,1,454.0388248722386,0.3370809930336881,0.052396704628315645,0.029130455,0
3788752,Roland Sallai,Hungary,68,2,0,6,16.080111939908882,27.67182970338773,0,0,4.1340218425165824,27.67182970338771,11,0,2,,,,Right Foot,Open Play,Half Volley,From Throw In,Right Center Forward,1,0,1,1,Low Pass,,37.189247,1,1,1,444.9661192125703,0.9999999999999993,0.25708912089451585,0.116347134,0
3788752,Bruno Miguel Borges Fernandes,Portugal,69,2,0,4,21.22286502807762,10.842227398434432,0,1,1.7076511391243723,6.706740250525143,10,0,2,4.595995786413452,16.629204675578823,3.941193942178252,Left Foot,Open Play,Normal,From Goal Kick,Center Attacking Midfield,1,0,1,1,Ground Pass,,45.856842,1,1,1,230.1031286806991,0.6185758704427806,0.08046279976172718,0.013789754,0
3788752,Ádám Szalai,Hungary,74,2,0,4,34.087241014784404,11.25280693605504,1,1,4.536122162832162,2.947534051437408,11,1,1,1.1832855147420323,32.964153262876366,0.9235905223963314,Right Foot,Open Play,Half Volley,From Free Kick,Left Center Forward,1,0,1,1,,,,0,0,0,383.57714212214574,0.2619376719237255,0.13307390178233386,0.006765017,0
3788752,Raphaël Adelino José Guerreiro,Portugal,83,2,0,12,15.685024705112841,27.39390474161283,1,1,0.783806306333737,9.172050809261187,15,1,3,4.736031900079157,11.247269496384796,2.7416782136388207,Left Foot,Open Play,Half Volley,Regular Play,Left Back,1,0,1,1,,,,0,0,0,429.67407264170504,0.33482086236973524,0.04997163352112796,0.077648245,1
3788752,Cristiano Ronaldo dos Santos Aveiro,Portugal,86,2,1,0,12.0,36.86989764584404,0,1,9.707555239129155,29.782759321376613,11,0,0,3.3685816505418487,9.707555239129155,2.2054028776321246,Right Foot,Penalty,Normal,Other,Center Forward,1,0,1,1,,,,0,0,0,442.43877175012847,0.8077798210197558,0.8089629365940962,0.7835,1
3788752,Cristiano Ronaldo dos Santos Aveiro,Portugal,91,2,2,33,7.267048919609666,52.516303379142634,0,0,1.5883557091808103,52.516303379142634,14,1,4,7.794335955870228,1.5883557091808103,5.585126558064857,Left Foot,Open Play,Normal,Regular Play,Center Forward,1,0,1,1,Ground Pass,Through Ball,5.3,1,1,1,381.6385457332919,1.0,0.2185695633470602,0.79622805,1
3788742,Jonas Older Wind,Denmark,6,1,0,21,23.284758963751372,18.729098532498774,1,1,3.946571114252287,14.624781471073543,16,1,2,3.0072683760049763,20.28899814225779,0.6274713298588352,Right Foot,Open Play,Normal,Regular Play,Center Forward,1,0,0,1,Ground Pass,,4.4654226,1,1,1,436.1025449375835,0.7808588035188447,0.16949160265717694,0.05140164,0
3788742,Yussuf Yurary Poulsen,Denmark,7,1,0,3,12.878664527038508,33.71476474151917,1,1,0.6569532901621573,17.717052575503814,17,3,4,3.0956433119036992,9.925082878324934,0.07023011157760806,Head,Open Play,Normal,From Corner,Right Wing,1,0,0,1,High Pass,,24.534874,1,1,1,434.2011447140515,0.5254983302222352,0.051010979343618784,0.03401707,0
3788742,Joakim Mæhle,Denmark,9,1,0,12,20.28003944769339,18.152705886651166,2,1,0.8359467574789833,5.140667424004734,17,1,2,4.417564711243368,16.288109744293312,3.8071165985195066,Right Foot,Open Play,Normal,Regular Play,Left Back,1,0,0,1,Ground Pass,,25.212101,1,1,1,368.1375914636617,0.28319014565123274,0.041220174134033165,0.044516977,0
3788742,Christian Dannemann Eriksen,Denmark,11,1,0,20,20.79326814139615,15.46589571955491,1,1,2.0013876592924396,3.2552925090718134,14,0,2,5.5789461561707485,15.215057143119406,3.9705415978556644,Right Foot,Open Play,Normal,Regular Play,Right Center Midfield,1,0,0,1,High Pass,,38.15403,1,1,1,321.5865167435762,0.21048199005737878,0.0962517121254253,0.031041525,0
3788742,Jonas Older Wind,Denmark,11,1,0,26,7.280109889280518,56.54669054592732,0,1,2.3471238504662635,46.78389136499793,15,1,3,0.48414623408475915,7.051070113772222,0.4698035405858434,Head,Open Play,Normal,Regular Play,Center Forward,1,0,0,1,High Pass,,24.848541,1,1,1,411.66612104949064,0.8273497690726918,0.3224022557574644,0.13215932,0
3788742,Pierre-Emile Højbjerg,Denmark,14,1,0,17,10.700467279516346,39.914107334399155,1,1,0.7925066813605925,0.0,12,2,2,2.9163768439292395,7.921782172571513,1.4955620714197977,Head,Open Play,Normal,Regular Play,Center Defensive Midfield,1,0,0,1,High Pass,,30.77174,1,1,1,427.0995995228416,0.0,0.07406281059124115,0.08695724,0
3788742,Christian Dannemann Eriksen,Denmark,17,1,0,8,26.706740722147284,13.547003267896015,1,1,2.013890711901461,5.850162574092922,17,0,1,4.759918131160823,21.948047561148684,3.01713034725136,Right Foot,Open Play,Normal,From Throw In,Right Center Midfield,1,0,0,1,Ground Pass,,8.237719,1,1,1,361.79630383778084,0.4318418220180669,0.07540758091201251,0.026526498,0
3788742,Thomas Delaney,Denmark,21,1,0,1,16.850519279832298,18.64382741401165,3,1,3.6796203705421555,9.249515406200642,18,0,1,3.824150946299111,13.034311537176407,2.68697107559683,Left Foot,Open Play,Half Volley,From Corner,Left Center Midfield,1,0,0,1,High Pass,Outswinging,49.43248,1,1,1,314.15817328966926,0.49611676834388774,0.21836836654322836,0.04232096,0
3788742,Martin Braithwaite Christensen,Denmark,25,1,0,1,18.52700731364891,16.22019369560279,1,1,1.4821599249277975,0.0,13,0,3,5.89039493131516,12.649415865220712,4.301994712970327,Left Foot,Open Play,Normal,Regular Play,Left Wing,1,0,0,1,Ground Pass,,23.028894,1,1,1,300.51164722723485,0.0,0.07999996436747155,0.04870884,0
3788742,Jonas Older Wind,Denmark,36,1,0,2,13.37348122217996,25.707309107959137,1,1,1.234232792829358,8.21045414875943,14,2,4,4.181041673313296,9.20169373718558,3.0096477002537085,Right Foot,Open Play,Normal,Regular Play,Center Forward,1,0,0,1,Low Pass,,33.03937,1,1,1,343.7962156280674,0.3193820914619735,0.09228956711603102,0.059006117,0
3788742,Martin Braithwaite Christensen,Denmark,39,1,0,8,22.193016919743023,16.990120714062602,1,1,2.2993102050204666,7.398510582171317,17,0,1,2.813891049377214,19.44332767111476,2.036830310867124,Right Foot,Open Play,Normal,Regular Play,Left Wing,1,0,0,1,Ground Pass,,8.586617,1,1,1,377.06203647566775,0.43545956539600233,0.10360512107639536,0.030027797,0
3788742,Daniel Wass,Denmark,41,1,0,15,14.075865870347021,23.077364771354006,0,1,4.038544201089606,12.728349717248898,12,0,1,7.435844544973879,6.652660982214013,5.589282830049136,Head,Open Play,Normal,Regular Play,Right Back,1,0,0,1,High Pass,,43.09907,1,1,1,324.83389116265056,0.5515512643388396,0.2869126658557767,0.025574058,0
3788742,Thomas Delaney,Denmark,45,2,0,1,22.53219918250325,18.61304813076846,1,1,2.9164589553408953,8.721839311186118,12,0,2,2.6307680019078203,19.95850602589965,1.4903853548019939,Left Foot,Open Play,Normal,Regular Play,Left Center Midfield,1,0,0,1,Ground Pass,,7.4215903,1,1,1,419.3929078759947,0.468587372143975,0.12943516661283513,0.041775007,0
3788742,Mathias Jensen,Denmark,51,2,0,5,25.638252670570193,17.710433061070017,2,1,4.814250017439663,4.244934394368033,20,0,1,2.272377577643564,23.411646616316734,0.3111666285487331,Right Foot,Open Play,Normal,From Throw In,Right Center Midfield,1,0,0,1,Low Pass,,12.539936,1,1,1,454.06455772493297,0.23968552207224036,0.18777605788111593,0.040802725,0
3788742,Jonas Older Wind,Denmark,54,2,0,13,16.03776792449623,15.743782618012641,1,1,1.1286845160148358,3.4814523992438433,16,0,2,4.506452583638698,11.557470065278826,4.023592156982595,Left Foot,Open Play,Normal,Regular Play,Center Forward,1,0,0,1,,,,0,0,0,252.4951318814044,0.22113188956640406,0.07037665848069001,0.05820041,0
3788742,Joakim Mæhle,Denmark,54,2,0,18,23.789493479265168,18.873274090993217,1,1,6.818731160378117,10.939845784584445,13,0,0,1.808384323577197,22.37472030366925,0.854544836989831,Right Foot,Open Play,Normal,Regular Play,Left Back,1,0,0,1,,,,0,0,0,448.98563092006736,0.5796474809744434,0.28662784124938584,0.05116035,0
3788742,Thomas Delaney,Denmark,58,2,0,8,23.81008189822119,18.767516951086655,2,1,6.1369930022069275,7.546232855345491,17,0,0,2.771822921234869,21.042403250055635,0.6515283825076139,Left Foot,Open Play,Normal,From Throw In,Left Center Midfield,1,0,0,1,Ground Pass,,5.9682493,1,1,1,446.8561156316277,0.4020901046746388,0.2577476645582396,0.049565967,0
3788742,Joel Pohjanpalo,Finland,59,2,0,11,6.040695324215583,66.8835756169639,0,1,2.733351926418053,53.37800392671442,10,1,1,1.1890064042932067,5.10266205405925,0.5517262878511886,Head,Open Play,Normal,From Goal Kick,Right Center Forward,1,0,0,1,High Pass,,33.23808,1,1,1,404.02330249621315,0.7980734198842082,0.4524896191106929,0.2884817,1
3788742,Pierre-Emile Højbjerg,Denmark,73,2,-1,0,11.900420160649796,37.156345075648375,0,1,9.800894301100541,30.36674459922912,15,0,0,1.7814742430415005,10.132434275023366,0.18700950181077758,Right Foot,Penalty,Normal,Other,Center Defensive Midfield,1,0,0,1,,,,0,0,0,442.1761180343067,0.8172694202673598,0.8235754846293919,0.7835,0
3788742,Andreas Evald Cornelius,Denmark,76,2,-1,3,10.159724405711014,24.20097159115853,1,1,0.9942166532864832,0.0,17,0,1,2.946786413797202,7.91645173237622,1.3136612816166107,Head,Open Play,Normal,From Free Kick,Left Center Midfield,1,0,0,1,High Pass,,32.76614,1,1,1,245.87520171661222,0.0,0.09785862426815548,0.09591974,0
3788742,Jannik Vestergaard,Denmark,91,2,-1,7,12.248265183282074,35.83983817181581,1,1,2.583502613032004,20.00700645896085,16,1,4,0.7703365985188729,12.031994812225609,0.6865816949762973,Head,Open Play,Normal,Regular Play,Left Center Back,1,0,0,1,High Pass,,31.261797,1,1,1,438.9758420543155,0.5582337275923922,0.21092804363496992,0.060778614,0
3788742,Jannik Vestergaard,Denmark,92,2,-1,6,6.549045732013176,62.65581977441866,1,1,0.7757948797992096,0.0,14,1,4,1.7494270015993905,5.966189157361851,1.4523414010135838,Head,Open Play,Normal,Regular Play,Left Center Back,1,0,0,1,High Pass,,17.083618,1,1,1,410.3358290794433,0.0,0.11845922467863579,0.12056617,0
3788775,Álvaro Borja Morata Martín,Spain,4,1,0,10,11.964113005150026,8.939762652160768,0,1,1.4195712196230381,2.525890188480768,14,0,1,2.3508413554892518,9.68482365971069,2.3506853964981644,Left Foot,Open Play,Normal,From Goal Kick,Center Forward,1,1,0,1,Ground Pass,,23.015863,1,1,1,106.95633060967113,0.2825455536976983,0.11865244159863543,0.018245893,0
3788775,César Azpilicueta Tanco,Spain,4,1,0,10,15.216109883935513,20.92252349264864,2,0,2.663028677818228,12.777474877686277,15,0,1,3.508208154064178,13.378065376495499,0.31731970247003716,Right Foot,Open Play,Normal,From Goal Kick,Right Back,1,1,0,1,,,,0,0,0,318.35941651336395,0.6107042911040719,0.17501376489333417,0.10974803,0
3788775,Gerard Moreno Balaguero,Spain,11,1,0,0,13.92623423614582,6.412983700256372,0,0,3.3974699202943475,6.412983700256322,19,0,1,3.5766861450685234,10.60459191700304,3.1223470413546224,Left Foot,Open Play,Half Volley,Other,Left Wing,1,1,0,1,,,,0,0,0,89.30871316235539,0.9999999999999922,0.24396185377064433,0.016349396,0
3788775,César Azpilicueta Tanco,Spain,14,1,0,1,12.625371281669297,35.104490737381965,1,0,0.6882564060375448,20.565852596454555,17,3,4,6.422786240649833,8.367073360323037,3.470187939258885,Head,Open Play,Normal,From Corner,Right Back,1,1,0,1,High Pass,Outswinging,42.8712,1,1,1,443.2072292133681,0.5858467724345721,0.0545137557290549,0.028664,0
3788775,Eric García Martret,Spain,14,1,0,1,16.471186963907616,26.484201118539993,2,1,0.8351215883893164,7.939795302298052,18,1,2,2.71708547172604,15.165460754524943,2.5866858935114863,Right Foot,Open Play,Volley,From Corner,Right Center Back,1,1,0,1,,,,0,0,0,436.22622821320346,0.2997936493066381,0.050701967637139404,0.06601534,0
3788775,Pablo Sarabia García,Spain,18,1,0,10,7.910120100226044,53.61472045751265,0,1,2.569863874214046,41.091327154352825,15,0,2,2.4216283266479723,5.501064239387176,0.3272331861646478,Left Foot,Open Play,Volley,Regular Play,Right Wing,1,1,0,1,High Pass,Through Ball,33.765366,1,1,1,424.0988779589713,0.766418752232718,0.3248830411741293,0.34926105,0
3788775,Álvaro Borja Morata Martín,Spain,18,1,0,5,8.207923001588156,49.805489029016066,0,1,0.98356250726853,46.71324332879988,14,1,3,3.105510046666753,7.780366344833091,2.341943863535846,Head,Open Play,Normal,From Keeper,Center Forward,1,1,0,1,High Pass,,28.68327,1,1,1,408.79961900660754,0.9379135561059407,0.11983086428542518,0.12367291,0
3788775,Álvaro Borja Morata Martín,Spain,23,1,0,18,21.393690658696546,21.096162547437338,0,1,1.4690119179032333,17.4459841096354,16,0,3,2.6710923090987473,18.839233526592903,0.9693945302959435,Right Foot,Open Play,Normal,From Throw In,Center Forward,1,1,0,1,Low Pass,,17.756407,1,1,1,451.3247756254541,0.8269742930926864,0.06866566135497894,0.05364886,0
3788775,Pablo Sarabia García,Spain,29,1,0,15,18.33575741549827,23.975769562974065,1,1,1.9068938263254527,18.898444499056616,11,1,3,2.797176752468969,15.792489084504087,1.667680497628588,Left Foot,Open Play,Normal,Regular Play,Right Wing,1,1,0,1,,,,0,0,0,439.61389455657945,0.7882309866808865,0.10399863954971686,0.0968482,0
3788775,Jorge Resurrección Merodio,Spain,44,1,0,25,36.76098475285993,11.150017723063986,1,0,1.1263948809585675,0.0,15,0,1,,,,Right Foot,Open Play,Normal,Regular Play,Right Center Midfield,1,1,0,1,Ground Pass,,9.947865,1,1,1,409.8856315116732,0.0,0.030641042086636056,0.007086339,0
3788775,Gerard Moreno Balaguero,Spain,45,1,0,1,20.223748416156685,22.152451445300493,1,1,2.0259427533836463,9.907756516723156,13,0,2,2.0675375069947943,18.191128497884357,0.6569142604469178,Left Foot,Open Play,Normal,From Throw In,Right Wing,1,1,0,1,High Pass,,27.309523,1,1,1,448.0056048308837,0.4472532776423273,0.10017642188255899,0.04520148,0
3788775,Aymeric Laporte,Spain,47,1,0,3,4.802082881417183,77.85276335278157,2,1,1.6083322741425523,41.193217761409024,15,1,4,3.103446916539661,1.8477287041841421,1.0901418667931893,Head,Open Play,Normal,From Corner,Left Center Back,1,1,0,1,High Pass,,20.06315,1,1,1,373.8554221674154,0.5291169637068156,0.33492388904122866,0.16310497,1
3788775,Michal Ďuriš,Slovakia,47,2,-1,17,24.972985404232304,17.94561689245346,1,1,1.6652109780100612,0.0,15,0,2,2.161508312592684,22.957329281485315,0.387937272241345,Right Foot,Open Play,Normal,From Throw In,Center Forward,1,1,0,1,Ground Pass,,27.511635,1,1,1,448.15562872518495,0.0,0.06668049298294344,0.027969945,0
3788775,Michal Ďuriš,Slovakia,54,2,-1,7,24.424782496472723,12.734078606223095,0,1,2.5737311021870934,7.964573404596947,10,0,1,10.006621073921988,14.419690943424603,7.505002617332963,Left Foot,Open Play,Half Volley,From Throw In,Center Forward,1,1,0,1,High Pass,Through Ball,46.881233,1,1,1,311.0271002499856,0.6254534506096648,0.1053737572712787,0.037209615,0
3788775,Pablo Sarabia García,Spain,55,2,1,17,9.472592042308163,45.25915014173364,2,1,1.7326500198961503,33.45939327250374,18,0,2,3.1159174825342646,8.060750312061135,2.8293600383592334,Left Foot,Open Play,Half Volley,Regular Play,Right Wing,1,1,0,1,Low Pass,,24.69514,1,1,1,428.7214654742165,0.7392846124534429,0.18291192232891304,0.11339299,1
3788775,Lukáš Haraslín,Slovakia,61,2,-2,16,28.60996329952207,15.754175034300044,0,1,3.313031072861953,13.034664121044603,13,0,1,3.506226674388213,25.28446916869873,1.5244227043425411,Right Foot,Open Play,Normal,Regular Play,Right Wing,1,1,0,1,Ground Pass,,16.532696,1,1,1,450.7263695455711,0.8273783992284894,0.11579990642341359,0.027863229,0
3788775,Ferrán Torres García,Spain,66,2,2,4,3.679673898594822,96.49735746437145,0,0,1.947765926237724,96.49735746437145,18,1,4,4.302374783197604,1.947765926237724,4.032996913663617,Right Foot,Open Play,Backheel,From Corner,Center Forward,1,1,0,1,Ground Pass,,14.6219015,1,1,1,355.0788075450218,1.0,0.5293311255058576,0.83301985,1
3788775,Thiago Alcântara do Nascimento,Spain,70,2,3,1,19.32588937151406,22.160287264474377,3,1,2.294172881495921,2.67551305646179,16,0,2,0.9939125425984465,18.358820842601276,0.5363080069784516,Right Foot,Open Play,Volley,From Free Kick,Center Defensive Midfield,1,1,0,1,,,,0,0,0,428.26726011420374,0.12073458365095119,0.11870982170049477,0.0438762,0
3788775,Pau Francisco Torres,Spain,70,2,3,2,5.186520991955977,64.83456724246237,0,1,0.914273857233223,46.2608304936856,16,1,2,1.4702207995886303,3.717987216887306,1.2512490399441702,Head,Open Play,Normal,From Free Kick,Right Center Back,1,1,0,1,High Pass,,5.4378304,1,1,1,336.2658440074124,0.7135210808253504,0.1762788309641885,0.2729496,0
3788775,Pablo Sarabia García,Spain,84,2,3,1,24.068444071023787,18.456611665139977,0,1,4.174205722853509,15.243140981968757,17,0,1,2.710850930988656,21.39865413469126,1.0105117107352584,Left Foot,Open Play,Normal,Regular Play,Right Wing,1,1,0,1,Ground Pass,,25.899227,1,1,1,444.22192560302676,0.8258905403942219,0.17343064265125774,0.054780312,0
3788775,Mikel Oyarzabal Ugarte,Spain,88,2,3,26,15.402921800749366,19.69564578749673,1,1,1.3646414244894303,0.0,13,0,2,4.243739070321307,11.38746672360087,3.880901782217194,Left Foot,Open Play,Normal,Regular Play,Center Forward,1,1,0,1,Low Pass,,13.892444,1,1,1,303.3704918800708,0.0,0.0885962703792367,0.043728244,0
3788776,Emil Peter Forsberg,Sweden,1,1,0,9,14.596232390586284,26.721850506582015,0,0,2.8218050481868957,26.721850506582015,12,0,1,5.877459704588071,11.030665867259927,1.1161945884935989,Left Foot,Open Play,Normal,From Throw In,Left Midfield,1,0,0,1,Ground Pass,,4.560702,1,1,1,390.0383399005769,1.0,0.1933242067320602,0.17685767,1
3788776,Robert Lewandowski,Poland,16,1,-1,4,29.10755915565577,13.371839992267047,1,1,2.9391132601042216,0.6567568893675875,15,0,2,6.9161401547605985,22.867839949100137,1.1421681883106913,Right Foot,Open Play,Normal,From Free Kick,Left Center Forward,1,0,0,1,Ground Pass,,11.574109,1,1,1,389.2216235948767,0.04911492283390998,0.10097422612411437,0.022701565,0
3788776,Robert Lewandowski,Poland,16,1,-1,1,8.655634003352958,41.86448215244006,0,1,4.242445346489314,39.2572876135389,19,2,5,4.728059687758376,5.63561851601865,4.609514355271017,Head,Open Play,Normal,From Corner,Left Center Forward,1,0,0,1,High Pass,Outswinging,37.791534,1,1,1,362.3636352514232,0.9377229956074065,0.4901368686390743,0.09019057,0
3788776,Robert Lewandowski,Poland,16,1,-1,1,3.140063693621511,103.90570461003544,0,0,1.2369245540980247,103.90570461003544,18,3,4,3.443551155666408,2.6925489408813577,2.8935809987069305,Head,Open Play,Normal,From Corner,Left Center Forward,1,0,0,1,,,,0,0,0,326.27053060613355,1.0,0.3939170267821701,0.43310785,0
3788776,Bartosz Bereszyński,Poland,41,1,-1,2,26.732938484199597,16.337800696571993,2,1,3.3819537946594243,0.0,21,1,1,1.579306406972954,25.461883253867793,0.5050449818473268,Right Foot,Open Play,Volley,From Corner,Right Center Back,1,0,0,1,,,,0,0,0,436.7574209885724,0.0,0.12650886832580396,0.016220303,0
3788776,Piotr Zieliński,Poland,41,1,-1,3,21.61342175593675,17.978829318137826,2,1,2.862737925815622,5.111702200538002,21,1,4,2.7569385100524415,18.85679414620774,1.49950225712913,Right Foot,Open Play,Normal,From Corner,Center Attacking Midfield,1,0,0,1,Ground Pass,,5.8694124,1,1,1,388.58402073091355,0.28431785574498414,0.13245186061430966,0.04422045,0
3788776,Piotr Zieliński,Poland,45,1,-1,4,23.722773868163063,18.899886229436383,1,1,5.55324699335593,8.649387186604024,16,0,0,2.1636298911683167,22.638673625485577,1.6124190045773545,Left Foot,Open Play,Normal,Regular Play,Center Attacking Midfield,1,0,0,1,Ground Pass,,4.8104053,1,1,1,448.35772715492834,0.45764228850926575,0.23408927742672686,0.041133597,0
3788776,Piotr Zieliński,Poland,46,2,-1,11,27.892830620071532,15.267651603926252,1,1,3.210313747512829,8.815055435273582,19,0,2,2.972796846303876,24.92250601281057,0.968847982376559,Left Foot,Open Play,Normal,From Throw In,Center Attacking Midfield,1,0,0,1,Ground Pass,,21.485344,1,1,1,425.8580201545784,0.5773681286391608,0.11509458438408558,0.027012013,0
3788776,Piotr Zieliński,Poland,48,2,-1,2,21.08672568228648,18.952661659296105,1,1,2.9826403687315035,13.998578619398497,15,0,2,3.4504923039336766,17.720079807820845,1.0464481245747521,Left Foot,Open Play,Normal,Regular Play,Center Attacking Midfield,1,0,0,1,Ground Pass,,21.652945,1,1,1,399.6495773587655,0.7386075302268863,0.14144634940819742,0.05844545,0
3788776,Karol Świderski,Poland,48,2,-1,4,13.075167302944923,33.867179108725864,2,1,1.3064112523496283,11.80285596222959,19,4,6,2.565726035308176,10.525148168936528,0.526212840967716,Head,Open Play,Normal,From Corner,Right Center Forward,1,0,0,1,High Pass,,23.712444,1,1,1,442.8190329253918,0.3485042531690686,0.09991545209944541,0.040545598,0
3788776,Robin Quaison,Sweden,49,2,1,3,17.5285481429581,21.852268229256303,1,1,1.3840455336940358,4.809066960909533,9,0,2,5.094702674284649,12.520783627060649,2.1256720193378698,Left Foot,Open Play,Normal,From Goal Kick,Right Center Forward,1,0,0,1,Ground Pass,,25.122301,1,1,1,383.0385356893529,0.22007175229851184,0.07895950779300913,0.119523205,0
3788776,Emil Peter Forsberg,Sweden,49,2,1,3,20.4533615819014,21.390701147646563,1,1,7.992814548878331,12.306999724956468,11,0,0,4.5391190635928975,15.975938754768968,0.5728961444475544,Left Foot,Open Play,Half Volley,From Goal Kick,Left Midfield,1,0,0,1,,,,0,0,0,437.5117450632084,0.5753434466691384,0.3907824401809307,0.055949155,0
3788776,Mikael Lustig,Sweden,50,2,1,1,13.072872675888794,27.547754914152293,1,1,0.7243946194702864,6.133394541184481,17,0,2,3.1628589358897727,9.926002589281262,1.7865977042412453,Head,Open Play,Normal,From Corner,Right Back,1,0,0,1,,,,0,0,0,360.12829249930275,0.22264589474888682,0.05541204580125206,0.047361504,0
3788776,Grzegorz Krychowiak,Poland,51,2,-1,4,27.014810752622346,16.71838897017701,2,1,2.7908781036196726,0.0,18,0,2,1.7363253885469438,25.297394260442513,0.02902464840045127,Left Foot,Open Play,Normal,From Throw In,Right Defensive Midfield,1,0,0,1,Ground Pass,,27.166155,1,1,1,451.6441141180607,0.0,0.10330918580833516,0.02308349,0
3788776,Kristoffer Olsson,Sweden,55,2,1,2,25.844341740504824,16.604134537409198,0,1,6.511642679673124,13.54710075892958,14,0,0,3.57005487437329,22.49340260007028,2.2308388339760086,Right Foot,Open Play,Normal,Regular Play,Right Defensive Midfield,1,0,0,1,,,,0,0,0,429.1229272901223,0.8158871953493206,0.25195622101946136,0.036789197,0
3788776,Emil Peter Forsberg,Sweden,57,2,1,1,25.885324027332558,14.995735943139639,1,1,6.977502593075835,5.129748623532585,20,0,0,1.988381957765751,23.923451850327094,1.3101905607791267,Right Foot,Open Play,Half Volley,From Corner,Left Midfield,1,0,0,1,High Pass,Outswinging,60.54833,1,1,1,388.16948391648697,0.3420804849447473,0.2695543847822119,0.02269863,0
3788776,Grzegorz Krychowiak,Poland,58,2,-1,5,30.56599417653546,14.553595273329233,1,1,3.1242794909147573,8.24876303842151,18,0,1,3.686669958664535,27.09080780613916,1.9079658001965711,Right Foot,Open Play,Half Volley,From Goal Kick,Right Defensive Midfield,1,0,0,1,High Pass,,22.156263,1,1,1,444.84510837223536,0.5667852433369579,0.1022142277745105,0.01821918,0
3788776,Emil Peter Forsberg,Sweden,58,2,1,2,17.504570831642802,25.73764960223539,1,1,4.065526076018069,8.763954343845432,11,0,1,2.2084646753003327,15.476895465437305,0.8692113205625134,Right Foot,Open Play,Normal,From Counter,Left Midfield,1,0,0,1,Ground Pass,,9.740637,1,1,1,450.52651050233254,0.3405110598399108,0.23225511297134271,0.08889482,1
3788776,Robert Lewandowski,Poland,60,2,-2,1,20.48926548219824,14.867460275697482,1,1,2.608198975644471,0.0,10,0,2,3.420096638771762,17.098125012855558,2.3037141447252694,Right Foot,Open Play,Normal,From Counter,Left Center Forward,1,0,0,1,Low Pass,,50.538895,1,1,1,304.62334063480193,0.0,0.12729587490144836,0.03119799,1
3788776,Grzegorz Krychowiak,Poland,63,2,-1,11,24.968980756130197,16.64427949628732,1,1,2.5899444688019475,12.894456072808683,18,0,1,3.547343111642827,21.429512171492455,1.673672226709094,Left Foot,Open Play,Normal,From Free Kick,Right Defensive Midfield,1,0,0,1,Ground Pass,,23.378836,1,1,1,415.5906944424505,0.7747079755350735,0.10372647943052636,0.039914336,0
3788776,Emil Peter Forsberg,Sweden,69,2,1,1,28.842503358758577,12.869052188655019,2,1,1.1726308633999691,3.1390644295963916,19,0,3,2.2555489463140423,26.591509994245975,1.4381030407025008,Right Foot,Open Play,Normal,From Free Kick,Left Midfield,1,0,0,1,,,,0,0,0,371.17568097532177,0.24392351383606162,0.0406563483347529,0.015744356,0
3788776,Emil Krafth,Sweden,70,2,1,1,24.283739415501895,18.431952651847347,3,1,2.5580941775554535,5.548450849562358,18,0,1,0.8592218789860231,23.874467116099723,0.8117160963476451,Right Foot,Open Play,Volley,From Corner,Right Back,1,0,0,1,,,,0,0,0,447.5967351163301,0.30102349731276373,0.10534185587259494,0.025581416,0
3788776,Przemysław Płacheta,Poland,80,2,-1,1,20.76078033215515,17.644026632663536,3,1,6.1774998050727,4.292830602818048,20,0,0,2.2388837053691657,18.55898718454209,1.0337557153322123,Right Foot,Open Play,Half Volley,From Corner,Right Defensive Midfield,1,0,0,1,,,,0,0,0,366.3037610954228,0.24330220602087155,0.2975562433703291,0.030897278,0
3788776,Robert Lewandowski,Poland,83,2,-1,5,9.025519375637067,47.40512644418166,0,1,2.68473282206221,32.58082991929613,13,0,2,4.437529141122765,4.650951698095834,1.258535374968183,Left Foot,Open Play,Normal,Regular Play,Left Center Forward,1,0,0,1,High Pass,,32.15618,1,1,1,427.8558872264867,0.6872849491849627,0.29746020260166,0.48991776,1
3788776,Bartosz Bereszyński,Poland,85,2,0,8,20.81273648514293,21.079374998275163,2,1,3.16077469098544,9.665115815836918,19,0,1,2.232064976137258,18.639737703590328,1.0315765677917526,Right Foot,Open Play,Volley,Regular Play,Right Back,1,0,0,1,,,,0,0,0,438.7194771106112,0.4585105496072713,0.15186732860629565,0.045233425,0
3788776,Jakub Świerczok,Poland,88,2,0,10,6.300793600809342,59.848452018177916,1,0,0.9237013630007792,22.681514405348707,17,0,3,4.649070435249401,6.612090710975879,2.769480756863132,Head,Open Play,Normal,From Throw In,Right Center Forward,1,0,0,1,High Pass,,18.729923,1,1,1,377.0927434944804,0.3789824739069207,0.14660079690312805,0.1353963,0
3788776,Karol Świderski,Poland,90,2,0,8,11.72731853408954,35.15906005245942,0,1,2.522149655193536,28.23275219033929,17,0,1,2.0202577597546125,9.93268269656071,0.02873810685991174,Head,Open Play,Normal,From Throw In,Right Attacking Midfield,1,0,0,1,High Pass,,21.110188,1,1,1,412.3214965943744,0.8030007670345664,0.21506618481130438,0.07336793,0
3788776,Sebastian Larsson,Sweden,92,2,0,3,21.784857125994655,17.1596039601364,1,1,5.347035673923127,3.194252305407072,13,0,0,4.382385169166637,17.662368155799257,3.5197731184804724,Right Foot,Open Play,Normal,From Throw In,Right Midfield,1,0,0,1,Ground Pass,,20.371058,1,1,1,373.8195206102236,0.1861495354337817,0.24544736020062338,0.055141434,0
3788776,Viktor Claesson,Sweden,93,2,0,4,12.872451204024824,25.436597027628473,0,1,3.388203028403767,10.579177636634647,10,0,3,8.232178912570639,4.640640921704637,5.979772327379386,Right Foot,Open Play,Normal,Regular Play,Left Midfield,1,0,0,1,Ground Pass,,11.985408,1,1,1,327.43135403459036,0.41590381076304583,0.2632135072568292,0.3972498,1
3788743,Romelu Lukaku Menama,Belgium,9,1,0,5,12.611502686040238,34.73990853165144,0,1,2.124703093488439,25.826262106874232,15,0,1,4.896469165106144,7.7212306855931265,0.702842238024644,Left Foot,Open Play,Normal,From Free Kick,Center Forward,1,0,0,1,,,,0,0,0,438.1224497597143,0.7434176772038417,0.16847342829655723,0.52206546,1
3788743,Mário Figueira Fernandes,Russia,13,1,-1,1,8.190848551890088,50.69109814692395,1,1,1.5587374683285014,28.019949702003025,18,1,3,0.6613773482478571,7.800963437522808,0.6205296326733247,Head,Open Play,Normal,From Corner,Right Back,1,0,0,1,High Pass,Inswinging,45.32957,1,1,1,415.20310785045035,0.552758782632594,0.1903023183072788,0.08453754,0
3788743,Magomed Ozdoev,Russia,15,1,-1,6,21.52812114421507,21.026355605991807,2,1,1.8162305982199125,0.0,17,0,2,1.5246729978033629,20.113964872211664,0.6227392146238131,Right Foot,Open Play,Normal,From Throw In,Left Defensive Midfield,1,0,0,1,Ground Pass,,5.110773,1,1,1,452.6579307071373,0.0,0.08436549506820111,0.051354695,0
3788743,Leander Dendoncker,Belgium,17,1,1,1,16.637307474468344,26.705481728015304,2,1,5.249084783792634,10.5929825666188,12,0,0,3.853549639305674,13.290822546031244,2.26161578349366,Right Foot,Open Play,Half Volley,Regular Play,Right Defensive Midfield,1,0,0,1,Ground Pass,,18.710958,1,1,1,444.3073107627868,0.39665948266742046,0.31550085804736694,0.08832228,0
3788743,Thorgan Hazard,Belgium,21,1,1,14,9.775479527879948,26.691658760209876,1,0,2.117696582951801,5.935306977883318,15,1,3,7.80468077361118,2.818794131828574,7.44290295145197,Left Foot,Open Play,Half Volley,Regular Play,Left Wing Back,1,0,0,1,,,,0,0,0,260.9237637755891,0.22236560984105166,0.21663352441300393,0.084841155,0
3788743,Toby Alderweireld,Belgium,28,1,1,6,34.67059272640144,11.95827043941036,1,1,7.95544961237162,5.508481442049172,18,0,0,3.2801363565998356,31.51295188270628,2.110323887631388,Right Foot,Open Play,Normal,Regular Play,Right Center Back,1,0,0,1,Ground Pass,,15.305228,1,1,1,414.60032411696216,0.46064198580884286,0.22945813690440878,0.006015884,0
3788743,Thomas Meunier,Belgium,33,1,1,14,12.211879462228572,32.98315604939066,0,1,7.149201840334197,24.493117173174994,12,0,0,4.241799991276973,8.105720015597095,1.1726127627999006,Left Foot,Open Play,Normal,From Free Kick,Right Wing Back,1,0,0,1,,,,0,0,0,402.78632595903383,0.7425947091448057,0.5854301020941721,0.37085807,1
3788743,Youri Tielemans,Belgium,44,1,2,1,24.506529742091193,14.501829898410149,2,1,2.003675988121242,0.0,20,0,1,3.072789639187375,21.454934541898805,2.20419957748323,Left Foot,Open Play,Normal,From Throw In,Left Defensive Midfield,1,0,0,1,High Pass,,17.465681,1,1,1,355.3895257201356,0.0,0.08176090246999877,0.026722822,0
3788743,Yannick Ferreira Carrasco,Belgium,47,1,2,15,15.768639763784323,21.063086181967485,1,1,1.6659327646773199,5.979911040166361,14,0,4,4.084478369566271,11.691078462494035,2.7262623373738535,Right Foot,Open Play,Normal,Regular Play,Left Attacking Midfield,1,0,0,1,,,,0,0,0,332.1362183169886,0.28390478909429134,0.10564847631965384,0.077179946,0
3788743,Roman Zobnin,Russia,45,2,-2,1,27.60525312327348,16.09033914080626,1,1,1.802398899729414,3.371491471410186,14,0,1,2.777988614564382,25.355966724976426,1.0058542437300346,Right Foot,Open Play,Normal,Regular Play,Right Wing,1,0,0,1,Ground Pass,,25.603125,1,1,1,444.17788482127156,0.20953514042844754,0.0652918809213832,0.032959074,0
3788743,Aleksandr Golovin,Russia,54,2,-2,7,24.056599926007827,14.047742486941148,1,1,3.5249269579003104,6.89523522158701,16,0,2,2.915182729074995,21.79043796806781,0.3167085997797088,Right Foot,Open Play,Normal,Regular Play,Right Defensive Midfield,1,0,0,1,,,,0,0,0,337.9409208719254,0.49084293992410916,0.14652639894008784,0.02228429,0
3788743,Romelu Lukaku Menama,Belgium,54,2,2,5,21.56153983369463,19.526780832317254,1,1,3.8734453802892914,14.802197322061827,14,0,1,3.3961521645826083,18.400197752240167,2.288140064170406,Left Foot,Open Play,Normal,Regular Play,Center Forward,1,0,0,1,Ground Pass,,19.101831,1,1,1,421.02746273983325,0.7580459600163004,0.17964604616207347,0.04493596,0
3788743,Romelu Lukaku Menama,Belgium,87,2,2,43,19.77093826807418,20.47778791245831,1,1,0.8466430078549889,3.749073797419924,12,0,1,9.644193075516476,10.128340046786343,4.598455778353774,Right Foot,Open Play,Normal,From Throw In,Center Forward,1,0,0,1,Ground Pass,Through Ball,26.600752,1,1,1,404.86508068392885,0.1830800188695702,0.04282260135433914,0.17241333,1
3788744,Kevin Mbabu,Switzerland,5,1,0,8,12.54950198215053,24.87418421412471,0,0,4.445459707025927,24.874184214124742,15,0,1,4.206163251610496,11.443592419615362,1.1616841206284079,Head,Open Play,Normal,From Throw In,Right Wing Back,1,0,0,1,High Pass,,43.812782,1,1,1,312.1586240995355,1.0000000000000013,0.35423395393289836,0.026312254,0
3788744,Granit Xhaka,Switzerland,10,1,0,7,29.418361613115028,15.175641517188973,2,1,6.801972248112586,7.069350020597109,16,0,0,2.585932106227422,27.177420401501525,1.6767488529536934,Left Foot,Open Play,Half Volley,From Throw In,Left Defensive Midfield,1,0,0,1,Low Pass,,9.570789,1,1,1,446.44250986366677,0.4658353330625185,0.23121519605905558,0.017772896,0
3788744,Kieffer Roberto Francisco Moore,Wales,14,1,0,3,9.33005894943864,45.060417319799726,1,1,0.4013269748635397,0.0,13,0,3,2.260201997983984,7.225724301080955,1.333978902342679,Head,Open Play,Normal,From Free Kick,Center Forward,1,0,0,1,High Pass,,32.7,1,1,1,420.4163498800374,0.0,0.043014409344936264,0.07550494,0
3788744,Kieffer Roberto Francisco Moore,Wales,15,1,0,1,6.71192967781993,57.0391121160223,0,1,1.3380194589233103,43.93201213388571,19,3,3,1.6147123294197026,5.257080895857188,1.3384992179903321,Head,Open Play,Normal,From Corner,Center Forward,1,0,0,1,High Pass,Inswinging,45.72319,1,1,1,382.84250940802843,0.7702085552195193,0.19934944541282887,0.10644428,0
3788744,Fabian Lukas Schär,Switzerland,19,1,0,1,10.280077820717121,28.945998990857916,1,1,4.955718383243919,22.948932974836534,16,0,1,2.4825663984228252,8.789255217228979,0.24108565086697098,Right Foot,Open Play,Backheel,From Corner,Center Back,1,0,0,1,High Pass,Inswinging,33.927128,1,1,1,297.56712222441865,0.7928188272957707,0.48207012336587707,0.08005007,0
3788744,Haris Seferović,Switzerland,21,1,0,2,11.006361796706484,38.62257298426267,0,1,0.9002427546942963,32.55618530881272,16,0,2,2.9800113072519983,9.677525418334547,1.8707358144989712,Head,Open Play,Normal,Regular Play,Right Center Forward,1,0,0,1,High Pass,,28.577614,1,1,1,425.09401178449656,0.8429315499533968,0.08179294587278448,0.052362066,0
3788744,Granit Xhaka,Switzerland,23,1,0,10,24.70182179516321,18.395018230677522,2,1,6.337822949027105,7.220130118869603,19,0,0,2.9499197300947513,21.94025158714823,1.0109808337010904,Left Foot,Open Play,Half Volley,Other,Left Defensive Midfield,1,0,0,1,,,,0,0,0,454.3904622529746,0.3925046460040215,0.2565730981942431,0.03150504,0
3788744,Haris Seferović,Switzerland,26,1,0,10,19.188017094009474,21.453876900669986,1,1,2.263060734875144,7.277125632983456,17,0,2,3.34220661439036,15.845861320367012,1.4305880907558262,Left Foot,Open Play,Normal,Regular Play,Right Center Forward,1,0,0,1,Ground Pass,,24.501837,1,1,1,411.65735670283067,0.33919862907184845,0.11794135495020353,0.110931315,0
3788744,Manuel Obafemi Akanji,Switzerland,33,1,0,1,9.123595782365637,25.450113086052482,1,1,3.1001577842636086,16.715161001588704,15,1,3,2.082313645535388,7.11679404326766,1.6038199412700607,Left Foot,Open Play,Volley,From Corner,Left Center Back,1,0,0,1,High Pass,Inswinging,31.506348,1,1,1,232.19654441263694,0.6567814038810371,0.3397956089040779,0.07983221,0
3788744,Breel-Donald Embolo,Switzerland,35,1,0,5,25.322124713380585,15.109002835914204,0,1,1.0727540656936312,11.577698145761929,19,0,2,6.168133794824737,19.473204631589933,1.8458298588151578,Right Foot,Open Play,Normal,From Throw In,Left Center Forward,1,0,0,1,,,,0,0,0,382.5920541058404,0.7662781105740255,0.04236429911929041,0.022253238,0
3788744,Haris Seferović,Switzerland,40,1,0,10,19.250974001333017,21.656399548979856,2,1,2.766031299551216,7.0617149364776886,17,0,4,4.706068155015132,14.609186697621348,2.504258497699837,Right Foot,Open Play,Normal,From Throw In,Right Center Forward,1,0,0,1,Ground Pass,,15.877657,1,1,1,416.90678467989125,0.32607982321836765,0.14368266765929272,0.06265817,0
3788744,Fabian Lukas Schär,Switzerland,44,1,0,1,9.904039579888606,43.389440233352815,4,1,0.8428802705734174,0.0,16,2,2,1.458994728578303,8.705429941600379,1.0121710859179487,Head,Open Play,Normal,From Corner,Center Back,1,0,0,1,High Pass,Outswinging,40.79461,1,1,1,429.7307334203374,0.0,0.0851046952886771,0.051866136,0
3788744,Haris Seferović,Switzerland,45,1,0,9,13.418271125595869,22.752413539908886,0,1,1.6884978828009094,15.138986578594094,10,0,1,4.42034656305552,9.037394749518437,3.06283815553396,Right Foot,Open Play,Normal,From Throw In,Right Center Forward,1,0,0,1,Ground Pass,,7.4525166,1,1,1,305.2980536401759,0.6653793696233389,0.12583572555633002,0.26858392,0
3788744,Breel-Donald Embolo,Switzerland,45,2,0,7,23.444615586526474,16.847372583415037,1,1,3.179099916181899,11.606305618158535,13,0,2,3.545218396203036,19.97425160766965,2.3434071167576676,Right Foot,Open Play,Normal,From Throw In,Left Center Forward,1,0,0,1,Ground Pass,,6.59242,1,1,1,394.980173861151,0.6889089417767174,0.1356004283563052,0.03311858,0
3788744,Breel-Donald Embolo,Switzerland,48,2,0,3,19.436563482261977,23.11175734838977,0,1,2.9896325551341025,17.532130399622467,9,0,3,7.180486981974993,12.327367325031881,0.046620116425529545,Right Foot,Open Play,Normal,From Free Kick,Left Center Forward,1,0,0,1,Ground Pass,,13.877319,1,1,1,449.2131388886125,0.7585805845631187,0.15381487359442292,0.32462785,0
3788744,Breel-Donald Embolo,Switzerland,48,2,0,1,6.711929677819937,61.54329876582094,1,1,0.4621304624984329,0.0,17,2,5,0.9718220219702968,5.766022544533206,0.14963226670828078,Head,Open Play,Normal,From Corner,Left Center Forward,1,0,0,1,High Pass,Inswinging,43.89453,1,1,1,413.0742934572527,0.0,0.06885210135999739,0.08820172,1
3788744,Kevin Mbabu,Switzerland,51,2,1,3,17.04142012861604,19.430641665696744,1,1,6.4300908492456905,9.83259970857078,11,0,0,5.58258976969701,11.471203929857946,4.14159936229872,Right Foot,Open Play,Normal,From Keeper,Right Wing Back,1,0,0,1,Ground Pass,,8.160882,1,1,1,331.12572799373,0.5060357695715966,0.37732130307897577,0.10633996,0
3788744,Daniel James,Wales,56,2,-1,5,14.090067423543436,27.346886896939054,0,1,6.7384848724893365,22.540609522651714,15,0,0,1.01574993442111,14.309431814806851,0.9373193928460921,Head,Open Play,Normal,Regular Play,Left Midfield,1,0,0,1,High Pass,,20.334208,1,1,1,385.3194802018878,0.8242477327528894,0.4782436215478883,0.100927465,0
3788744,Connor Roberts,Wales,57,2,-1,7,20.122872558360047,18.535212690769843,1,1,2.9649610436738687,8.845694946833841,12,1,1,2.8837376655546834,17.257108636940178,1.4408501836546463,Right Foot,Open Play,Half Volley,Regular Play,Right Back,1,0,0,1,,,,0,0,0,372.98172281845933,0.47723730471346665,0.147342832643547,0.038612284,0
3788744,Breel-Donald Embolo,Switzerland,64,2,1,2,18.943336559328714,13.892630532024246,0,1,2.7519931302640686,9.443765837876006,10,0,2,3.59840638360917,15.458373159496427,2.452909117506991,Right Foot,Open Play,Normal,From Counter,Left Center Forward,1,0,0,1,Ground Pass,,16.37834,1,1,1,263.1727758625412,0.6797680119763458,0.1452749953338521,0.03198269,0
3788744,Kieffer Roberto Francisco Moore,Wales,73,2,-1,3,10.840664186294127,36.52885536698515,0,1,2.916921291928678,29.45181658004431,17,0,1,2.2366142251098373,9.72139109250598,0.9392553226517322,Head,Open Play,Normal,From Corner,Center Forward,1,0,0,1,High Pass,,21.975441,1,1,1,395.9970541431939,0.8062616877577532,0.2690721935300373,0.08625654,1
3788744,Denis Lemi Zakaria Lako Lado,Switzerland,80,2,0,3,22.400892839349055,18.738696257057764,2,1,1.650983547637317,3.792650081602392,15,0,2,3.6914239854092035,18.71174326480962,1.3405042506878502,Right Foot,Open Play,Normal,From Throw In,Center Attacking Midfield,1,0,0,1,Ground Pass,,18.784302,1,1,1,419.76352680346224,0.2023966891599475,0.07370168499432421,0.04360738,0
3788744,Joseff Morrell,Wales,81,2,0,1,25.112745767836692,18.091696639467653,4,1,2.1534135805933086,0.0,19,0,1,0.7919683070726172,24.60305432335228,0.5831568408344268,Right Foot,Open Play,Half Volley,From Throw In,Right Center Midfield,1,0,0,1,,,,0,0,0,454.3321782157766,0.0,0.08574982602465185,0.025420392,0
3788744,Gareth Frank Bale,Wales,88,2,0,3,17.26296614142541,23.73512671294123,1,1,1.7792259268913138,0.0,12,0,2,3.0214936604679523,14.254018641718142,1.101241127752374,Right Foot,Open Play,Half Volley,From Free Kick,Left Midfield,1,0,0,1,High Pass,,24.040798,1,1,1,409.73868880794623,0.0,0.103066061319657,0.058556426,0
3788744,Breel-Donald Embolo,Switzerland,89,2,0,1,6.020797289396148,60.64224645720873,1,1,1.7606110648904503,31.876286095075454,13,2,3,1.4792990598352234,4.605838130264638,1.232179347737997,Head,Open Play,Normal,From Corner,Left Center Forward,1,0,0,1,High Pass,Inswinging,44.141815,1,1,1,365.11467309245546,0.5256448755995289,0.2924215814392631,0.12787202,0
