match_id,tiratore,distanza,angolo,difensori_cono,portiere_cono,distanza_min_difensore,body_part,shot_type,goal
3930166,Pavel Šulc,18.061284561182244,23.67325499771347,1,1,2.066497977966917,Right Foot,Open Play,0
3930166,Cristiano Ronaldo dos Santos Aveiro,11.400438588054413,38.66716447674432,0,1,1.025715647081297,Head,Open Play,0
3930166,Nuno Mendes,33.76758800980609,12.206258459311554,2,1,6.603274968699661,Left Foot,Open Play,0
3930166,Rúben Santos Gato Alves Dias,23.683960817397075,16.5951053002497,1,1,3.111272084469962,Right Foot,Open Play,0
3930166,João Pedro Cavaco Cancelo,21.356497840235882,15.54223874752455,1,1,1.3098998645360396,Right Foot,Open Play,0
3930166,Bruno Miguel Borges Fernandes,33.57260788202192,11.159916853285063,2,1,3.717191034325921,Right Foot,Open Play,0
3930166,Cristiano Ronaldo dos Santos Aveiro,10.720541031123386,39.51668629557381,0,1,5.857792375833824,Left Foot,Open Play,0
3930166,Vitor Machado Ferreira,24.446881191677598,17.768973043575393,2,1,1.002315756029099,Right Foot,Open Play,0
3930166,Vitor Machado Ferreira,14.167568598739877,30.128213971107055,1,1,1.0273702790907824,Right Foot,Open Play,0
3930166,Cristiano Ronaldo dos Santos Aveiro,16.831518053936787,19.907343551825296,1,1,1.2768728323904832,Left Foot,Open Play,0
3930166,José Diogo Dalot Teixeira,26.06012279326404,14.086447283280991,1,1,0.7809700599624393,Left Foot,Open Play,0
3930166,Bernardo Mota Veiga de Carvalho e Silva,24.22436789681002,14.233986839628455,2,1,0.43554362504307587,Left Foot,Open Play,0
3930166,Cristiano Ronaldo dos Santos Aveiro,8.215229759416353,51.87132888062922,1,1,0.5047560155598627,Head,Open Play,0
3930166,Cristiano Ronaldo dos Santos Aveiro,27.77210831031739,16.351542876146876,4,1,11.718483569820673,Right Foot,Free Kick,0
3930166,Rafael Alexandre Conceição Leão,23.034105148670307,10.653870657013533,0,1,2.8272406569788786,Right Foot,Open Play,0
3930166,Mojmír Chytil,12.529964086141673,35.12815323338343,1,1,0.9208959923900343,Head,Open Play,0
3930166,Lukáš Provod,23.162469643800943,18.44485530305724,4,1,5.457511181759203,Right Foot,Open Play,1
3930166,Nuno Mendes,10.558882516630252,22.728421478289373,1,1,0.6629250607476784,Head,Open Play,0
3930166,Bernardo Mota Veiga de Carvalho e Silva,18.340392580312994,15.492283394053732,0,1,3.310627273645673,Left Foot,Open Play,0
3930166,Vitor Machado Ferreira,29.115288080319594,15.432756891206312,0,1,2.4760741420065777,Right Foot,Open Play,0
3930166,Bruno Miguel Borges Fernandes,26.545244395183104,8.522831935105655,2,1,1.875059636954877,Right Foot,Open Play,0
3930166,Petr Ševčík,14.610270360263705,29.386124878545214,1,1,2.9694471101590953,Left Foot,Open Play,0
3930166,Tomáš Souček,19.961212388028947,22.0875444448225,2,1,3.2929957993909,Left Foot,Open Play,0
3930166,Francisco Fernandes Conceição,5.805170109479994,62.772599375549845,0,1,3.1751950730380605,Left Foot,Open Play,1
3930159,Roland Sallai,23.315445524372898,18.36944114293896,1,1,3.0785843284864933,Right Foot,Open Play,0
3930159,Kwadwo Duah,11.709824934643551,37.45869679977792,0,1,1.9998453516601742,Right Foot,Open Play,1
3930159,Fabian Lukas Schär,29.099828178186886,14.36679237474043,1,1,3.3673594440932186,Right Foot,Open Play,0
3930159,Fabian Lukas Schär,19.431160541768982,20.16763294487504,2,1,1.6115510345389648,Left Foot,Open Play,0
3930159,Willi Orban,8.700574693662485,49.37837328362999,0,1,2.9791919447640716,Head,Open Play,0
3930159,Michel Aebischer,24.62214450449026,18.018976073970364,2,1,5.086857337087418,Right Foot,Open Play,1
3930159,Kwadwo Duah,14.798986451781085,21.312177087798947,1,1,1.8798785334614283,Right Foot,Open Play,0
3930159,Kwadwo Duah,18.601075237738275,19.983106521899995,0,1,2.0035115166013653,Left Foot,Open Play,0
3930159,Ruben Vargas,15.033296378372913,23.474617598135367,1,1,1.406503975734187,Left Foot,Open Play,0
3930159,Dan Ndoye,25.995576546789643,15.969020707839599,1,1,1.526071017795873,Right Foot,Open Play,0
3930159,Barnabás Varga,8.57263086805912,48.769584305556265,0,1,0.8465992177316345,Head,Open Play,0
3930159,Barnabás Varga,4.965883607174056,76.47417313636227,0,1,0.8914685083108107,Head,Open Play,1
3930159,Roland Sallai,15.728000508646984,27.569396704519487,1,1,1.1977783330987875,Right Foot,Open Play,0
3930159,Dan Ndoye,18.30437106267243,15.819609539862112,0,1,3.5936991758265333,Right Foot,Open Play,0
3930159,Fabian Lukas Schär,7.116881339463236,57.11914108817754,1,1,0.4495997151924773,Head,Open Play,0
3930159,Dan Ndoye,17.4928556845359,22.479434397103105,1,1,1.0403544869444687,Right Foot,Open Play,0
3930159,Vincent Sierro,30.900647242412248,13.696142752449253,1,1,1.7549247724197052,Right Foot,Open Play,0
3930159,Granit Xhaka,10.500476179678708,16.544089472933504,2,1,2.928110283341068,Head,Open Play,0
3930159,Breel-Donald Embolo,15.771493271088826,28.353872340501084,0,1,3.2671594218617668,Right Foot,Open Play,1
3930163,Jude Bellingham,6.618912297349159,62.224019803747616,1,1,0.6991065370357421,Head,Open Play,1
3930163,Trent Alexander-Arnold,26.58270114190806,15.659231006735505,1,1,5.23658698918913,Right Foot,Open Play,0
3930163,Aleksandar Mitrović,18.501081049495458,22.62672226840344,1,1,1.3787547284158101,Right Foot,Open Play,0
3930163,Dušan Vlahović,22.108143296079835,19.648833658150146,1,1,1.6985279593643923,Left Foot,Open Play,0
3930163,Trent Alexander-Arnold,28.504911857432568,15.600322170329719,3,1,11.36740893141668,Right Foot,Free Kick,0
3930163,Trent Alexander-Arnold,31.064449134018137,13.828650972280153,0,1,3.006870147787027,Right Foot,Open Play,0
3930163,Harry Kane,6.440496875241848,58.51253063578603,0,1,1.5366591443941695,Head,Open Play,0
3930163,Dušan Vlahović,24.413520843991343,17.67238365141052,0,1,3.849381248314823,Left Foot,Open Play,0
3930163,Veljko Birmančević,22.37789087470042,19.87028661148723,5,1,2.9775110604032493,Right Foot,Open Play,0
3930163,Sergej Milinković-Savić,32.608741159388536,12.989862151083406,2,1,4.9194390450213685,Right Foot,Open Play,0
3930163,Ivan Ilić,30.99193443462347,14.02910647499962,2,1,4.486426997511806,Left Foot,Open Play,0
3930181,Benjamin Šeško,11.808894952534724,37.16946618772925,1,1,3.2576951783889325,Head,Open Play,0
3930181,Andraž Šporar,24.86966023089178,18.157773257720937,1,1,1.2386910436042513,Left Foot,Open Play,0
3930181,Harry Kane,12.902712893031453,32.96708604270657,0,1,1.4753190677797403,Head,Open Play,0
3930181,Harry Kane,27.60525312327347,12.748985952586398,1,1,3.5420546571850546,Right Foot,Open Play,0
3930181,Andraž Šporar,27.569729777420747,16.3009120039375,1,1,3.749713364191828,Left Foot,Open Play,0
3930181,Harry Kane,5.420332093147057,68.74627951211588,0,0,1.703640965501112,Right Foot,Open Play,0
3930181,Harry Kane,32.073041639358124,13.418501563924664,1,1,6.075667029940354,Right Foot,Open Play,0
3930181,Phil Foden,31.617242131469983,14.325744978768983,2,1,7.58825608201619,Left Foot,Open Play,0
3930181,John Stones,8.050465825031493,52.66881886448022,2,1,0.8843434072000836,Head,Open Play,0
3930181,Adam Gnezda Čerin,30.03081750469008,14.044613369256602,1,1,2.2413074973053457,Left Foot,Open Play,0
3930181,Declan Rice,21.34900466063933,13.600741030499991,0,1,3.2157105774962638,Right Foot,Open Play,0
3930181,Phil Foden,23.657979626333265,18.16580787581972,2,1,3.704745207950676,Left Foot,Open Play,0
3930181,Cole Palmer,22.655683613610073,15.12400730831056,0,1,4.257236554389324,Left Foot,Open Play,0
3930178,Luka Sučić,30.36264151881387,14.031927637105547,0,1,2.251395920689611,Left Foot,Open Play,0
3930178,Lorenzo Pellegrini,18.64322933399683,21.22890447568457,0,1,1.1102604483025256,Head,Open Play,0
3930178,Mateo Retegui,6.942621983083909,59.37821096162716,1,1,1.1260502410874602,Head,Open Play,0
3930178,Mateo Retegui,14.34050208326054,30.204753324742768,2,1,1.607839656250651,Right Foot,Open Play,0
3930178,Mateo Retegui,16.738578195294846,14.759574936703714,1,1,0.5230807893785817,Left Foot,Open Play,0
3930178,Alessandro Bastoni,9.350935782048769,38.09199530534602,0,0,3.8369345403786252,Head,Open Play,0
3930178,Luka Modrić,24.74934342563455,15.157628735031974,1,1,2.8478491763589697,Right Foot,Open Play,0
3930178,Lorenzo Pellegrini,21.023082552280478,17.315339848658148,2,1,1.7440507884329075,Left Foot,Open Play,0
3930178,Andrej Kramarić,18.603494295427403,17.23485309957074,2,1,1.7806792936483067,Right Foot,Open Play,0
3930178,Luka Modrić,12.0,36.86989764584404,0,1,9.004482079072899,Right Foot,Penalty,0
3930178,Ante Budimir,8.746427842267954,49.00110517522441,0,1,0.9342332694989911,Left Foot,Open Play,0
3930178,Luka Modrić,6.801470429252776,53.43690413140593,1,1,3.444779253664438,Left Foot,Open Play,1
3930178,Davide Frattesi,16.070469812671938,22.429839373767557,1,1,0.3831366508706732,Right Foot,Open Play,0
3930178,Alessandro Bastoni,6.484597134749387,60.68916933519721,0,1,2.524373228571377,Head,Open Play,0
3930178,Matteo Darmian,14.283556979968262,18.579270380444676,0,1,4.145415119471186,Left Foot,Open Play,0
3930178,Giacomo Raspadori,26.139625092950354,17.187645137999837,2,1,9.530146697758072,Right Foot,Free Kick,0
3930178,Giovanni Di Lorenzo,7.496665925596531,47.06011102372309,2,1,0.4146155262717103,Head,Open Play,0
3930178,Gianluca Scamacca,33.86871712952825,12.829989199877515,1,1,0.8897654747833328,Right Foot,Open Play,0
3930178,Mattia Zaccagni,20.483163818121454,18.21488989494697,0,1,5.888655639868075,Right Foot,Open Play,1
3930160,Álvaro Borja Morata Martín,22.487552112224222,19.103095987468233,0,1,3.0696091828454324,Left Foot,Open Play,0
3930160,Lamine Yamal Nasraoui Ebana,16.740967713964448,22.229265677403834,1,1,0.5994741587920399,Left Foot,Open Play,0
3930160,Ante Budimir,12.319902597017556,35.930908322518384,1,1,0.7637432949294519,Head,Open Play,0
3930160,Álvaro Borja Morata Martín,15.900314462299171,28.240992385972106,0,1,1.5816063751695018,Left Foot,Open Play,1
3930160,Mateo Kovačić,17.24905794529081,26.04743576088214,1,1,2.738335645979243,Left Foot,Open Play,0
3930160,Fabián Ruiz Peña,16.152399202595255,27.741181458819035,1,1,1.1462313482514628,Left Foot,Open Play,1
3930160,Marcelo Brozović,18.201098867925534,24.788046476826963,1,1,4.984518314156615,Right Foot,Open Play,0
3930160,Lovro Majer,10.689246933250258,15.905340779397367,0,0,4.14775027489017,Right Foot,Open Play,0
3930160,Robin Aime Robert Le Normand,7.280109889280515,51.430658691013505,2,1,1.0504660564481378,Head,Open Play,0
3930160,Joško Gvardiol,13.865424623862047,15.234486446292749,0,0,4.3089010225410584,Left Foot,Open Play,0
3930160,Andrej Kramarić,34.50289842897261,12.928506237895979,2,1,1.458596556930308,Right Foot,Open Play,0
3930160,Mateo Kovačić,30.54766766874355,14.19546981310143,2,1,2.8586374841535096,Right Foot,Open Play,0
3930160,Daniel Carvajal Ramos,7.684399781375247,53.603936730242346,0,1,0.9608075787532269,Right Foot,Open Play,1
3930160,Joško Gvardiol,24.686838598735154,14.221466247840697,2,1,5.170769906006731,Left Foot,Open Play,0
3930160,Lamine Yamal Nasraoui Ebana,14.101418368376994,26.508620683656808,0,1,5.07239162732318,Left Foot,Open Play,0
3930160,Álvaro Borja Morata Martín,6.08358446970205,44.712221657060766,0,1,1.7918817744186688,Other,Open Play,0
3930160,Josip Stanišić,11.244998888394782,30.399756830228686,2,1,7.027021672355765,Right Foot,Open Play,0
3930160,Ante Budimir,4.242640687119285,85.23635830927383,1,0,2.196916201079976,Head,Open Play,0
3930160,Andrej Kramarić,1.5999999999999943,136.3971810272965,1,1,1.153580131832667,Head,Open Play,0
3930160,Mateo Kovačić,7.44110206891426,44.87603070742547,4,0,1.6085441504491729,Head,Open Play,0
3930160,Lamine Yamal Nasraoui Ebana,29.203595669026786,15.342271294904815,0,1,10.011275589228276,Left Foot,Free Kick,0
3930160,Daniel Olmo Carvajal,26.119150062741316,17.401757400272132,2,1,2.0452354291773394,Right Foot,Open Play,0
3930160,Bruno Petković,12.0,36.86989764584404,0,1,9.575420050130846,Right Foot,Penalty,0
3930160,Ivan Perišić,21.763501556505098,18.011380052040224,2,1,3.413699721581236,Right Foot,Open Play,0
3930160,Ivan Perišić,36.10235449385539,11.486305578720351,1,1,5.601745552869033,Left Foot,Open Play,0
3930160,Ferrán Torres García,20.615528128088304,11.498387041382353,1,1,0.9043562464844349,Right Foot,Open Play,0
3930160,Ivan Perišić,17.46682569902156,18.65525445417485,0,1,1.4401495585213173,Head,Open Play,0
3930170,Adam Gnezda Čerin,26.14804007951648,16.295652836894153,1,1,4.8997773093011885,Right Foot,Open Play,0
3930170,Jan Mlakar,15.990622251807471,19.99078306240176,0,1,1.1523909871365716,Right Foot,Open Play,0
3930170,Andraž Šporar,11.569356075426153,37.245310445073386,1,1,0.881025406263686,Right Foot,Open Play,0
3930170,Timi Elšnik,29.9240705787164,15.215695829774196,2,1,4.31855977930724,Left Foot,Open Play,0
3930170,Dušan Vlahović,10.344563789740002,38.34829130589446,1,1,1.7039597698246725,Head,Open Play,0
3930170,Jan Mlakar,22.842942017174586,15.38730855064609,2,1,2.2453516566241833,Left Foot,Open Play,0
3930170,Timi Elšnik,17.62328005792338,21.223656502766218,0,1,2.737080263304398,Right Foot,Open Play,0
3930170,Andraž Šporar,9.46414285606468,45.62773666590215,0,0,1.3991419693763845,Left Foot,Open Play,0
3930170,Benjamin Šeško,11.412712210513334,36.063139466454594,2,0,1.6402534324762104,Right Foot,Open Play,0
3930170,Dušan Vlahović,29.064239195272258,14.970482427407278,2,1,11.194607716218922,Left Foot,Free Kick,0
3930170,Dušan Vlahović,26.041697333315284,16.42490263030301,3,1,3.1400918241684774,Left Foot,Open Play,0
3930170,Aleksandar Mitrović,7.559100475585705,34.23931355236905,0,0,2.845469320759258,Right Foot,Open Play,0
3930170,Saša Lukić,17.977764043395382,23.62937773065681,3,1,2.814962231092623,Right Foot,Open Play,0
3930170,Petar Stojanović,28.398943642325854,14.47029410006589,3,0,3.385723739008727,Right Foot,Open Play,0
3930170,Aleksandar Mitrović,9.633275663033842,33.69006752597977,0,0,1.4934302161960493,Head,Open Play,0
3930170,Aleksandar Mitrović,12.841339493993607,20.880055794896702,1,1,1.7501527982307226,Right Foot,Open Play,0
3930170,Aleksandar Mitrović,10.001999800039988,43.01146000322871,1,1,0.5677449254487013,Head,Open Play,0
3930170,Benjamin Šeško,29.06819567843866,13.040645271750865,1,0,0.8774772994620493,Right Foot,Open Play,0
3930170,Aleksandar Mitrović,20.185390756683407,19.471419077113662,1,1,2.1787423621610693,Right Foot,Open Play,0
3930170,Žan Karničnik,7.54320886625845,49.09023852550914,0,1,1.415012780289236,Right Foot,Open Play,1
3930170,Aleksandar Mitrović,6.7911707385398525,60.29720668239732,1,1,0.419723405938702,Right Foot,Open Play,0
3930170,Sergej Milinković-Savić,7.747257579298621,52.22431569404535,1,0,1.6323355041235312,Head,Open Play,0
3930170,Žan Karničnik,29.346550052774514,12.33314353142552,1,1,6.088582624785449,Right Foot,Open Play,0
3930170,Lazar Samardžić,22.14339630679991,17.59271903563177,2,1,4.242649582370851,Left Foot,Open Play,0
3930170,Mijat Gaćinović,16.08011193990887,27.225397269442446,3,1,1.4102489736572508,Right Foot,Open Play,0
3930170,Luka Jović,5.40832691319599,72.94854449388298,1,0,0.18760909459636346,Head,Open Play,1
3938643,Piotr Zieliński,26.123169792351,17.396604726158102,4,1,4.750433979478548,Right Foot,Open Play,0
3938643,Theo Bernard François Hernández,14.78512766262098,16.288435646509104,0,1,8.475957922604312,Left Foot,Open Play,0
3938643,Sebastian Szymański,21.717504460687923,15.504328558979504,0,1,1.3259600172043344,Left Foot,Open Play,0
3938643,Kacper Urbanski,14.003570973148248,31.692623896354057,3,1,2.2722782391545127,Left Foot,Open Play,0
3938643,Jakub Moder,32.6266762021509,13.017363187653052,3,1,3.0265361107713953,Right Foot,Open Play,0
3938643,Ousmane Dembélé,12.868954891520907,23.418696921825006,0,1,1.4989772321204438,Right Foot,Open Play,0
3938643,Robert Lewandowski,10.884851859350224,38.52865934548397,1,1,1.3742665862787602,Head,Open Play,0
3938643,Aurélien Djani Tchouaméni,34.194882658082044,12.780106833622094,2,1,4.961358871983198,Right Foot,Open Play,0
3938643,Aurélien Djani Tchouaméni,20.969024774652734,21.53512582875757,4,1,2.480086324045172,Right Foot,Open Play,0
3938643,William Saliba,12.739309243440166,34.780400209884874,3,1,0.7653345779640355,Right Foot,Open Play,0
3938643,Kylian Mbappé Lottin,11.661903789690603,16.348171547351242,0,1,1.9394081076215264,Right Foot,Open Play,0
3938643,Dayotchanculle Upamecano,8.159656855530143,50.61044878278189,0,1,0.7665955165401686,Head,Open Play,0
3938643,Kylian Mbappé Lottin,10.770793842609747,10.867464475021452,0,0,2.9779998912491936,Right Foot,Open Play,0
3938643,N'Golo Kanté,19.933138237618277,22.557424062218278,1,1,1.221406819161269,Right Foot,Open Play,0
3938643,Kylian Mbappé Lottin,23.476371099469354,13.856230390309737,0,1,4.3274542534274225,Right Foot,Open Play,0
3938643,Kylian Mbappé Lottin,25.060127693210184,14.651129474684314,2,1,2.9411024610231813,Right Foot,Open Play,0
3938643,Ousmane Dembélé,24.762067765031254,11.066907934415571,1,1,2.2517689861001386,Left Foot,Open Play,0
3938643,Kylian Mbappé Lottin,11.900420160649796,37.156345075648375,0,1,10.621098960650697,Right Foot,Penalty,1
3938643,Bradley Barcola,13.050670480860363,9.996118373858433,0,1,1.7432672441932318,Left Foot,Open Play,0
3938643,Antoine Griezmann,25.349161721840037,17.503333938278562,1,1,3.0422899472101688,Left Foot,Open Play,0
3938643,Robert Lewandowski,28.60069929215019,15.286548090751838,1,1,0.38497473822508527,Right Foot,Open Play,0
3938643,Robert Lewandowski,12.0,36.86989764584404,0,1,8.711529425084903,Right Foot,Penalty,1
3938643,Robert Lewandowski,17.376133056580798,17.544938434694025,1,1,1.2947294008008652,Left Foot,Open Play,0
3938643,Kacper Urbanski,25.564428411368795,17.089087147119702,3,1,5.056726385998624,Right Foot,Open Play,0
3938643,Olivier Giroud,12.416923934694935,35.45522431972324,1,1,1.8197283182015709,Right Foot,Open Play,0
3938643,Olivier Giroud,9.946356116689165,43.39160912000147,1,1,0.9578236365538085,Head,Open Play,0
3938643,Youssouf Fofana,27.942798714516762,14.991084721798691,3,1,4.683238448029458,Right Foot,Open Play,0
3938643,Kylian Mbappé Lottin,21.652944372532797,18.645350216987506,2,1,2.2930247360476796,Right Foot,Open Play,0
3938641,Stefan Posch,38.55191305240247,11.831689846108446,2,1,1.8764927077848292,Right Foot,Open Play,0
3938641,Gernot Trauner,8.602325267042627,34.59228868750995,1,1,1.3261388164339019,Head,Open Play,1
3938641,Marcel Sabitzer,13.538463723776049,30.86947784758248,0,1,3.1130424023084333,Right Foot,Open Play,0
3938641,Marcel Sabitzer,14.588008774332431,30.515137660389414,1,1,0.47083194741869105,Right Foot,Open Play,0
3938641,Piotr Zieliński,15.890248582070704,27.668602240183876,2,1,1.5725061457145006,Right Foot,Open Play,0
3938641,Nicola Zalewski,17.195929750961415,20.82719421697819,0,1,4.869399294118766,Right Foot,Open Play,0
3938641,Piotr Zieliński,23.558013498595336,18.62035491499375,2,1,1.6764501864717791,Left Foot,Open Play,0
3938641,Piotr Zieliński,20.696859665176255,21.784158938554327,1,1,6.835042622639101,Right Foot,Open Play,0
3938641,Jan Bednarek,11.099999999999994,39.634305039237965,1,1,4.973866295070593,Right Foot,Open Play,0
3938641,Krzysztof Piątek,6.403124237432851,63.250421990660506,2,1,0.6620820907308299,Right Foot,Open Play,1
3938641,Marcel Sabitzer,15.349592828475934,25.510924415562204,3,1,4.750735982826474,Right Foot,Open Play,0
3938641,Marcel Sabitzer,29.360177111182413,15.385348914939815,1,1,3.068385603248422,Right Foot,Open Play,0
3938641,Piotr Zieliński,29.373627627516495,15.018807070857777,4,1,9.756103897869394,Right Foot,Free Kick,0
3938641,Jakub Piotrowski,9.972462083156804,43.503217544110356,1,1,0.891182221495457,Head,Open Play,0
3938641,Stefan Posch,27.14479692316743,16.095614082700187,2,1,5.472920988069502,Right Foot,Open Play,0
3938641,Stefan Posch,8.832326986700616,47.63794464720784,3,1,0.5648480790312744,Head,Open Play,0
3938641,Krzysztof Piątek,24.836465126905644,18.204351850327726,0,1,2.4015391951844416,Right Foot,Open Play,0
3938641,Marcel Sabitzer,21.11516043036378,16.973381706473994,1,1,1.3336770858671279,Left Foot,Open Play,0
3938641,Adam Buksa,16.27789912734441,27.353945024783503,1,1,1.0561164847683142,Head,Open Play,0
3938641,Piotr Zieliński,28.125611104472025,13.466931387210664,4,1,9.35013406462743,Right Foot,Free Kick,0
3938641,Paweł Dawidowicz,10.186265262597473,32.54210705217215,2,1,1.2596141050471708,Head,Open Play,0
3938641,Christoph Baumgartner,17.886866690396058,24.73161165609095,0,1,0.7395256664429649,Right Foot,Open Play,1
3938641,Karol Świderski,21.567568244936663,19.96835635909202,0,1,2.3354884197411603,Left Foot,Open Play,0
3938641,Patrick Wimmer,17.463390277950047,25.0734194657377,0,1,3.2114529555384115,Right Foot,Open Play,0
3938641,Nicolas Seiwald,24.480604567698073,18.290434114393438,1,1,5.42886960153806,Right Foot,Open Play,0
3938641,Marko Arnautović,12.0,36.86989764584404,0,1,8.86849617618422,Right Foot,Penalty,1
3938641,Stefan Posch,24.49020212248156,17.064926415638304,1,1,4.798442204252499,Left Foot,Open Play,0
3938641,Konrad Laimer,12.646343345014794,14.938354463033171,0,0,2.1510392508243097,Left Foot,Open Play,0
3938641,Piotr Zieliński,29.92323511921797,14.583736121098548,4,1,3.830670431413584,Left Foot,Open Play,0
3938641,Kamil Grosicki,10.183319694480772,33.659903917546096,0,1,4.665509764890885,Left Foot,Open Play,0
3938642,Adam Hložek,13.438005804433928,24.325812824202824,0,1,3.1062747909386976,Left Foot,Open Play,0
3938642,Ladislav Krejčí,13.452509059651286,28.292677798729112,0,1,2.597104714766449,Right Foot,Open Play,0
3938642,Patrik Schick,9.633275663033837,36.86989764584401,1,1,1.3656840263070398,Left Foot,Open Play,0
3938642,Patrik Schick,14.44991349455076,30.85875522107055,2,1,0.3993403790697145,Head,Open Play,0
3938642,Václav Černý,24.030189345904045,16.207876051399268,2,1,1.4014911026828183,Right Foot,Open Play,0
3938642,Patrik Schick,18.00361074895811,24.803670035356685,1,1,2.0802449544963952,Left Foot,Open Play,0
3938642,Lukáš Provod,26.800186566514792,16.798371781305296,1,1,3.615038529693803,Right Foot,Open Play,0
3938642,Patrik Schick,8.132035415564786,51.22281001579047,1,1,0.7296446911254098,Head,Open Play,0
3938642,Ladislav Krejčí,11.727744881263405,37.12398926071731,1,1,1.0871055951124724,Head,Open Play,0
3938642,Adam Hložek,7.406078584514207,51.47647338809434,1,0,0.1340642121081205,Right Foot,Open Play,0
3938642,Václav Černý,7.068238818828922,56.44442936198522,0,1,2.7493916621761767,Left Foot,Open Play,0
3938642,Adam Hložek,22.88274459062986,16.58672093015853,1,1,1.1223322827935727,Right Foot,Open Play,0
3938642,Otar Kakabadze,24.95796466060484,13.989585677333567,1,1,2.7408290413989,Left Foot,Open Play,0
3938642,Georges Mikautadze,11.900420160649796,37.156345075648375,0,1,9.95134818149715,Right Foot,Penalty,1
3938642,Patrik Schick,15.400324671902219,29.119449881552725,1,1,1.6280950063741098,Left Foot,Open Play,0
3938642,Patrik Schick,10.746627377926531,40.70830712496882,0,1,1.0433818928223797,Head,Open Play,0
3938642,Ondřej Lingr,13.0034610777285,13.233009900548167,1,1,1.0356442469152878,Right Foot,Open Play,0
3938642,David Jurásek,22.046541678911908,19.059783431990216,4,1,3.075772521503606,Left Foot,Open Play,0
3938642,Anzor Mekvabishvili,17.873164241398328,24.26659549536357,1,1,0.808638361364035,Right Foot,Open Play,0
3938642,Ondřej Lingr,6.38905313798532,57.65951164437269,1,0,1.0526830329521664,Head,Open Play,0
3938642,Patrik Schick,4.188078318274383,85.21574275578263,0,1,1.9866982096385237,Other,Open Play,1
3938642,Ladislav Krejčí,9.80051019080129,40.677834201147014,0,0,2.426967133345893,Head,Open Play,0
3938642,Matěj Jurásek,25.026386075500387,17.87211337117245,1,1,2.6255147807862387,Left Foot,Open Play,0
3938642,Khvicha Kvaratskhelia,28.503508555965524,15.868405293050147,1,1,2.930260309430204,Right Foot,Open Play,0
3938642,Ladislav Krejčí,39.194514922371475,11.163376613904596,1,1,5.899348952413465,Left Foot,Open Play,0
3938642,David Jurásek,28.54119829299394,15.774686962673673,5,1,1.515491079568848,Right Foot,Open Play,0
3938642,Mojmír Chytil,10.396634070698076,32.024952965724374,1,1,0.5924039446405873,Head,Open Play,0
3938642,Ondřej Lingr,19.795201438732565,22.123962816329783,1,1,1.215038074350826,Right Foot,Open Play,0
3938642,Matěj Jurásek,33.54906854146624,11.135643982156894,1,1,6.580730316986447,Left Foot,Open Play,0
3938642,Matěj Jurásek,25.495097567963924,13.48206050226687,1,1,1.174657555057195,Right Foot,Open Play,0
3938642,Tomáš Holeš,31.131495306200758,14.629144493066898,1,1,9.205013471266817,Right Foot,Open Play,0
3938642,Saba Lobzhanidze,15.041608956491329,24.36074626624596,0,1,6.892169376321682,Right Foot,Open Play,0
3938639,Kaan Ayhan,6.815423684555492,58.861027563021175,2,1,1.070688372797377,Head,Open Play,0
3938639,Hakan Çalhanoğlu,28.521746089606783,11.896044357866128,1,1,6.198764661976554,Right Foot,Open Play,0
3938639,Abdülkerim Bardakcı,7.470609078247899,52.98453676349489,0,1,0.6276842759572183,Head,Open Play,0
3938639,Kaan Ayhan,23.021728866442675,18.742054464677164,2,1,3.224524984700966,Right Foot,Open Play,0
3938639,Anzor Mekvabishvili,27.314831136216085,16.65387542281612,2,1,4.279607848634915,Right Foot,Open Play,0
3938639,Kenan Yildiz,21.048752932181046,8.94265425971279,0,1,1.0551560439282406,Left Foot,Open Play,0
3938639,Hakan Çalhanoğlu,18.970766985021985,21.230965234858274,1,1,0.812496277404093,Right Foot,Open Play,0
3938639,Orkun Kökçü,29.488472323943814,14.402548724628737,1,1,2.1367974437191566,Right Foot,Open Play,0
3938639,Mert Müldür,19.45379140424818,21.009434469386314,2,1,0.9553188425181671,Right Foot,Open Play,1
3938639,Orkun Kökçü,10.095543571299176,38.02977696672774,0,1,2.5070846236847713,Right Foot,Open Play,0
3938639,Georges Mikautadze,13.096946208945047,24.35368503964998,0,1,3.0742887580883647,Right Foot,Open Play,1
3938639,Georges Mikautadze,13.039171752837683,33.82377972083981,0,0,1.0432355249142016,Right Foot,Open Play,0
3938639,Giorgi Kochorashvili,21.755918734909812,20.699251449116613,0,1,2.1560763415570996,Right Foot,Open Play,0
3938639,Kaan Ayhan,13.984634424968002,29.88625124918671,3,1,1.9165379681246073,Left Foot,Open Play,0
3938639,Ferdi Erenay Kadıoğlu,46.806837107414125,9.767585397957701,3,0,2.979729498041816,Right Foot,Open Play,0
3938639,Mert Müldür,10.360019305001318,36.01841992868512,0,1,2.4590040666380406,Left Foot,Open Play,0
3938639,Barış Alper Yılmaz,15.50806241927082,23.32475857654364,0,1,1.4931134797402266,Left Foot,Open Play,0
3938639,Heorhii Tsitaishvili,18.85576834817399,10.021263703190193,1,1,3.70077692008767,Left Foot,Open Play,0
3938639,Georges Mikautadze,9.527329111561125,43.59899181663513,2,1,1.269704677553755,Right Foot,Open Play,0
3938639,Hakan Çalhanoğlu,28.11565400270817,15.473542956810322,2,1,9.895190253344923,Right Foot,Free Kick,0
3938639,Kenan Yildiz,24.239018131929353,14.743316107359945,1,1,1.4707881749561749,Right Foot,Open Play,0
3938639,Mert Müldür,26.073166282597906,15.748898051849187,1,1,3.306633074018388,Right Foot,Open Play,0
3938639,Hakan Çalhanoğlu,24.95696295625732,17.69395543010977,1,1,0.9226190490171056,Right Foot,Open Play,0
3938639,Khvicha Kvaratskhelia,14.301048912579802,24.219151456612913,1,1,4.1702041984669345,Right Foot,Open Play,0
3938639,Arda Güler,27.925078334715554,14.392042153556732,2,1,4.442262842667316,Left Foot,Open Play,1
3938639,Orkun Kökçü,11.638728452885214,36.625084856885096,0,1,2.5459222390700047,Left Foot,Open Play,0
3938639,Giorgi Kochorashvili,12.49039631076613,35.31836598883536,0,1,0.8968566899311217,Right Foot,Open Play,0
3938639,Orkun Kökçü,68.02653893885827,6.727699080654944,1,0,11.641231558967235,Right Foot,Open Play,0
3938639,Luka Lochoshvili,11.693160394008114,30.24728900869598,1,1,1.1446739088643525,Head,Open Play,0
3938639,Yusuf Yazıcı,8.544003745317534,49.01254394137412,0,0,0.8551675714743608,Head,Open Play,0
3938639,Budu Zivzivadze,9.126335518706291,31.725171063313127,1,1,0.0693770415533978,Left Foot,Open Play,0
3938639,Giorgi Kochorashvili,8.984430978086476,46.75025510583342,0,1,1.6394249738323945,Left Foot,Open Play,0
3938639,Zuriko Davitashvili,12.432618388738549,32.65302201427012,4,0,1.6939052036335491,Right Foot,Open Play,0
3938639,Muhammed Kerem Aktürkoğlu,27.159160517217764,14.840053301049785,0,0,3.6194268176723248,Right Foot,Open Play,1
3938638,Viktor Tsygankov,23.357439928211317,19.082603378768923,2,1,2.9367678396471804,Left Foot,Open Play,0
3938638,Florinel Teodor Coman,30.903236076501756,14.38300940898678,0,1,8.819496770382896,Right Foot,Open Play,0
3938638,Georgiy Sudakov,22.53974267821175,18.181658430559345,1,1,2.454192610597228,Right Foot,Open Play,0
3938638,Artem Dovbyk,26.70917445373406,17.02926355193912,1,1,1.8052991694220057,Left Foot,Open Play,0
3938638,Nicolae Claudiu Stanciu,23.928226010300058,18.590462383098203,1,1,0.4879489075871899,Right Foot,Open Play,1
3938638,Viktor Tsygankov,17.526266002774243,25.55112162945455,0,1,1.837168071966563,Left Foot,Open Play,0
3938638,Dennis Man,26.096934685897498,12.742996541346244,1,1,3.4865405218342462,Left Foot,Open Play,0
3938638,Florinel Teodor Coman,20.93442141545832,16.864047660650595,1,0,2.6728642905579107,Right Foot,Open Play,0
3938638,Georgiy Sudakov,31.95246469366644,11.86842826572665,1,1,2.5393213849959335,Right Foot,Open Play,0
3938638,Mykhailo Mudryk,16.979988221432894,18.81785547222392,1,1,1.4750937903134864,Right Foot,Open Play,0
3938638,Răzvan Gabriel Marin,28.50140347421509,15.068720383401741,3,1,4.0911207821547855,Right Foot,Open Play,1
3938638,Nicolae Claudiu Stanciu,21.949487465542337,20.440834320330723,1,1,5.828708448459081,Right Foot,Open Play,0
3938638,Andrei Florin Ratiu,19.262658175859322,12.20546863177068,1,1,2.1123242861153675,Right Foot,Open Play,0
3938638,Denis Mihai Drăguş,3.8897300677553486,91.68354667298463,0,0,1.6118270046986414,Left Foot,Open Play,1
3938638,Andriy Yarmolenko,17.66182323544203,24.038608983040362,2,0,2.7409560346820117,Left Foot,Open Play,0
3938638,Nicolae Claudiu Stanciu,35.50774563387544,3.236930109017523,0,0,16.113327640772297,Right Foot,Free Kick,0
3938638,Georgiy Sudakov,29.377712640707756,13.387468078050444,4,1,9.42324809393501,Right Foot,Free Kick,0
3938638,Georgiy Sudakov,26.701685340067957,17.038470794073643,1,1,2.802708744529931,Right Foot,Open Play,0
3938638,Roman Yaremchuk,21.62336699036485,20.762806579695706,2,1,0.32110195295535837,Right Foot,Open Play,0
3938638,Mykhailo Mudryk,15.681836627130123,18.470825950050802,0,1,1.1118610034547374,Left Foot,Open Play,0
3938638,Roman Yaremchuk,16.994116628998402,12.56438409670172,0,0,7.045871088578409,Right Foot,Open Play,0
3938638,Mykhailo Mudryk,38.51493216922497,11.524522405149556,1,1,4.703070819900326,Right Foot,Open Play,0
3938640,Lukáš Haraslín,17.866449003649265,16.323531046956763,0,1,4.093872153163171,Left Foot,Open Play,0
3938640,Ivan Schranz,7.9605276207045454,31.298753560133754,1,1,1.4462575906876938,Right Foot,Open Play,0
3938640,Ondrej Duda,25.690659781329085,14.019286108325401,2,1,2.6383324081543793,Right Foot,Open Play,0
3938640,Volodymyr Brazhko,27.789386463180506,16.22019369560277,2,1,5.801186169393023,Right Foot,Open Play,0
3938640,Dávid Hancko,22.99412968563933,17.574864160107676,5,1,8.985048148631563,Left Foot,Free Kick,0
3938640,Ivan Schranz,7.9906195003891884,43.11452733652743,0,1,1.7108821951252908,Head,Open Play,1
3938640,Mykhailo Mudryk,26.853863781586437,16.912282728714967,1,1,6.4635871935601905,Right Foot,Open Play,0
3938640,Artem Dovbyk,13.231024147812594,20.66728523336145,1,1,0.11754276555241125,Left Foot,Open Play,0
3938640,Mykhailo Mudryk,22.13255520720551,14.755168220049699,1,1,3.1336780308655787,Right Foot,Open Play,0
3938640,Andriy Yarmolenko,9.625487000666508,40.211217556384,0,0,3.9080767379492376,Left Foot,Open Play,0
3938640,Andriy Yarmolenko,12.30040649734797,32.80152595005263,1,1,1.59205958249853,Left Foot,Open Play,0
3938640,Oleksandr Zinchenko,28.588284313683467,7.676217806979119,5,1,10.624145751113813,Left Foot,Free Kick,0
3938640,Lukáš Haraslín,21.49534833400008,19.459517589309083,0,1,1.9713699659470652,Right Foot,Open Play,0
3938640,Juraj Kucka,17.21859460002471,26.131994667894567,1,0,1.9096979086456436,Right Foot,Open Play,0
3938640,Artem Dovbyk,6.140032573203507,61.032339353935924,0,0,2.3821998034808356,Head,Open Play,0
3938640,Mykola Shaparenko,11.520850663036999,37.5092425400987,1,1,4.030458316746899,Left Foot,Open Play,1
3938640,Ivan Schranz,29.730960293942747,11.817708371952447,1,1,2.9357589157539308,Left Foot,Open Play,0
3938640,Roman Yaremchuk,9.558765610684263,34.188870574827945,2,1,1.0942250637727637,Head,Open Play,0
3938640,Peter Pekarík,26.848649872945195,14.14234664203267,2,1,3.0631408918306766,Left Foot,Open Play,0
3938640,Mykhailo Mudryk,13.819551367537224,16.068142129125658,0,1,2.5047416171029853,Left Foot,Open Play,0
3938640,Georgiy Sudakov,24.95596121170251,16.313852426260564,1,1,0.9602645394662227,Left Foot,Open Play,0
3938640,Roman Yaremchuk,10.56787585089833,23.498565675952065,0,1,1.962650780908053,Right Foot,Open Play,1
3938640,László Bénes,16.8908259123111,25.28303760151486,0,1,3.338101822539754,Right Foot,Open Play,0
3938640,Juraj Kucka,12.664912159190054,34.05477157241999,2,1,0.5048733315841568,Head,Open Play,0
3938640,Juraj Kucka,33.366150512158285,11.49758283148726,1,1,10.465302067519898,Right Foot,Free Kick,0
3938640,Denis Vavro,11.182575731914362,19.398800017365723,1,1,0.8413657688909372,Head,Open Play,0
3938640,Milan Škriniar,34.232878932394804,13.316860734120874,2,1,3.1111148058552076,Right Foot,Open Play,0
3938637,Cody Mathès Gakpo,19.672569735548027,12.050137655179318,1,1,0.7683568331731876,Right Foot,Open Play,0
3938637,Cody Mathès Gakpo,9.700515450222222,38.26398878588065,0,1,1.1621729987162068,Head,Open Play,0
3938637,Bartosz Salamon,65.93390630017305,6.929430571524537,1,0,1.6439457258092698,Right Foot,Open Play,0
3938637,Tijjani Reijnders,14.179210133149171,31.002443750713365,2,1,1.4409468984185636,Right Foot,Open Play,0
3938637,Adam Buksa,19.663672088396915,14.636226723720702,0,1,1.094535643546346,Right Foot,Open Play,0
3938637,Xavi Simons,28.11689883326395,12.576419489867146,1,1,5.378850202173422,Right Foot,Open Play,0
3938637,Adam Buksa,8.373768566183331,38.597783077222516,2,0,0.721085673655457,Head,Open Play,1
3938637,Virgil van Dijk,13.046455457326331,33.995924618954334,3,1,1.1805770075312365,Right Foot,Open Play,0
3938637,Memphis Depay,15.22103807235236,29.41422641335083,0,1,2.983005565503751,Right Foot,Open Play,0
3938637,Memphis Depay,15.555384919699032,15.625410387773279,0,1,5.177599970077824,Right Foot,Open Play,0
3938637,Denzel Dumfries,10.374005976477946,40.84144965764154,0,0,2.2942636469803994,Head,Open Play,0
3938637,Tijjani Reijnders,6.476109943476868,24.825544936418314,1,1,1.3006143270873445,Head,Open Play,0
3938637,Cody Mathès Gakpo,27.809530740377483,11.289999965604606,1,1,2.4483337208311364,Right Foot,Open Play,0
3938637,Cody Mathès Gakpo,22.968238939892625,19.22626004548346,0,1,2.1547523405878266,Right Foot,Open Play,1
3938637,Jakub Piotr Kiwior,19.81136037731887,12.577461608037881,1,1,3.033243531609142,Left Foot,Open Play,0
3938637,Cody Mathès Gakpo,9.526804291051647,38.37455157118311,1,1,2.0160737428304425,Right Foot,Open Play,0
3938637,Tijjani Reijnders,29.553003231482247,14.491634829707035,2,1,3.126384603666744,Right Foot,Open Play,0
3938637,Memphis Depay,15.945218719101975,21.94638313561006,0,1,2.2381096180659252,Right Foot,Open Play,0
3938637,Xavi Simons,26.42820463065927,16.148110023152487,1,1,4.0153250078197855,Right Foot,Open Play,0
3938637,Tijjani Reijnders,25.210315349078833,15.584191035940638,1,1,4.146527834828546,Right Foot,Open Play,0
3938637,Memphis Depay,37.171225430432074,12.13285762175576,0,1,5.216586391554243,Right Foot,Open Play,0
3938637,Xavi Simons,17.22614292289484,21.04161372061245,1,1,3.7631327830902603,Right Foot,Open Play,0
3938637,Jakub Piotr Kiwior,16.337992532744035,20.616326528596314,2,1,3.714875103047955,Left Foot,Open Play,0
3938637,Piotr Zieliński,24.961169844380287,17.619654625158123,2,1,2.186680838231683,Left Foot,Open Play,0
3938637,Jakub Moder,13.452509059651286,28.292677798729112,1,1,2.6134762130300726,Right Foot,Open Play,0
3938637,Denzel Dumfries,19.123022773609822,12.886034394188956,1,1,1.8104942607859222,Right Foot,Open Play,0
3938637,Stefan de Vrij,9.296235797353674,45.95204164903156,1,1,1.0221371269938937,Head,Open Play,0
3938637,Jakub Moder,4.539823785126467,82.70267192572067,0,0,1.0909645611587726,Head,Open Play,0
3938637,Wout Weghorst,9.962429422585643,42.09160739365056,0,1,1.2336431921437898,Left Foot,Open Play,1
3938637,Karol Świderski,8.772684879784524,46.393604511725925,1,1,0.7800366487987281,Left Foot,Open Play,0
3938637,Jakub Piotrowski,8.06225774829855,9.272601777200324,0,1,2.0571292883802337,Left Foot,Open Play,0
3938637,Jakub Moder,31.636213427020618,14.177834153852897,2,1,5.840070555310765,Left Foot,Open Play,0
3938637,Nicola Zalewski,31.60268975894299,13.591880621663886,1,1,3.4425454282220973,Right Foot,Open Play,0
3938644,Khvicha Kvaratskhelia,13.805795884337849,21.506599052814273,0,1,0.6251151839527069,Left Foot,Open Play,1
3938644,Giorgi Chakvetadze,25.878562556679995,11.281275315218817,0,1,3.389880815986637,Right Foot,Open Play,0
3938644,Cristiano Ronaldo dos Santos Aveiro,32.94389169481955,13.82802916954868,2,1,11.871358444882883,Right Foot,Free Kick,0
3938644,Gonçalo Bernardo Inácio,10.454664030948097,40.893334932649296,2,1,0.48640067996815156,Head,Open Play,0
3938644,José Diogo Dalot Teixeira,15.340469353966975,26.71844897448691,2,1,0.21821877796566563,Head,Open Play,0
3938644,António João Pereira Albuquerque Tavares Silva,5.263078946776308,41.63353933657013,0,0,1.5428916929177983,Head,Open Play,0
3938644,João Maria Lobo Alves Palhinha Gonçalves,31.084562084739105,13.264042762890762,1,1,1.325804717662465,Right Foot,Open Play,0
3938644,João Neves,19.592345444075857,22.980556480325834,3,1,2.3183388052207787,Right Foot,Open Play,0
3938644,Francisco Fernandes Conceição,15.572411502397436,20.34784926268436,3,1,3.5332602362778163,Left Foot,Open Play,0
3938644,João Félix Sequeira,25.00499950009997,16.52869331337848,0,0,1.4301776807217748,Left Foot,Open Play,0
3938644,Khvicha Kvaratskhelia,19.366207682455546,11.216304478646222,0,1,1.7424047902220814,Right Foot,Open Play,0
3938644,Cristiano Ronaldo dos Santos Aveiro,13.591173606425608,19.334808537826415,1,1,0.8804351862251101,Left Foot,Open Play,0
3938644,João Maria Lobo Alves Palhinha Gonçalves,24.481829996958975,18.500925180764327,1,1,2.5104026130638433,Right Foot,Open Play,0
3938644,João Félix Sequeira,23.84156035162128,18.496535090331996,2,1,1.5620136299575174,Left Foot,Open Play,0
3938644,Francisco Fernandes Conceição,18.262803727796015,20.449386509733788,1,1,2.4315090024733594,Left Foot,Open Play,0
3938644,Cristiano Ronaldo dos Santos Aveiro,6.854195795277516,58.421683677183516,2,1,1.2701007442557237,Left Foot,Open Play,0
3938644,Danilo Luís Hélio Pereira,5.099019513592786,69.81419699053515,2,1,1.6948716838718298,Left Foot,Open Play,0
3938644,Khvicha Kvaratskhelia,13.761177275218856,32.1107193041763,0,1,3.4300101519337614,Right Foot,Open Play,0
3938644,Georges Mikautadze,11.900420160649796,37.156345075648375,0,1,9.838369959604353,Right Foot,Penalty,1
3938644,Francisco Fernandes Conceição,18.65743819499344,23.092313684990522,4,1,2.34788750684757,Left Foot,Open Play,0
3938644,Giorgi Chakvetadze,21.27087210247854,16.92359511826218,0,1,0.8188705617942914,Right Foot,Open Play,0
3938644,Nélson Cabral Semedo,27.12231553536681,16.765984374678478,5,1,5.720009442953026,Right Foot,Open Play,0
3938644,Matheus Luiz Nunes,7.623647421018362,55.287209159899575,0,1,1.6266486896472527,Head,Open Play,0
3938644,Zuriko Davitashvili,14.177799547179388,15.698861800409889,1,1,0.32085195079159834,Left Foot,Open Play,0
3938644,Nélson Cabral Semedo,7.161005515987261,43.602818972703645,0,1,4.133989059789855,Right Foot,Open Play,0
3938644,João Félix Sequeira,23.186634080866504,16.97234755328259,2,1,1.1148498691867788,Left Foot,Open Play,0
3938644,Diogo José Teixeira da Silva,6.96419413859206,57.9946167919165,0,1,3.407982129898688,Left Foot,Open Play,0
3938644,José Diogo Dalot Teixeira,29.17344683097971,14.244467087457327,2,1,2.6865230848927633,Right Foot,Open Play,0
3938644,Gonçalo Matias Ramos,8.052949770115296,31.894549579768324,1,1,0.7959276090500522,Left Foot,Open Play,0
3941019,Adrien Rabiot,14.70850094333206,30.41302336527094,0,1,1.2654606079328354,Left Foot,Open Play,0
3941019,Antoine Griezmann,24.763077353188557,18.169461608152208,1,1,1.7070140976702537,Left Foot,Open Play,0
3941019,Kylian Mbappé Lottin,19.168985366993216,16.723919417443582,2,1,2.5772569742774913,Right Foot,Open Play,0
3941019,Marcus Thuram,12.288612614937458,22.527896031640577,3,1,4.2285562138091635,Head,Open Play,0
3941019,Adrien Rabiot,33.163986491373436,13.609442791187604,1,1,7.152330881911928,Left Foot,Open Play,0
3941019,Yannick Ferreira Carrasco,14.080127840328723,30.65066795705286,0,1,4.479593314658451,Left Foot,Open Play,0
3941019,Marcus Thuram,9.590099061010793,44.708160556399825,1,1,0.6282074731489725,Head,Open Play,0
3941019,Aurélien Djani Tchouaméni,31.797012438277907,13.908139503941934,2,1,0.7560358683277956,Right Foot,Open Play,0
3941019,Marcus Thuram,9.72008230417829,30.592998950260718,0,1,1.4184610913467617,Right Foot,Open Play,0
3941019,Aurélien Djani Tchouaméni,18.306829326784037,22.71540708266335,4,1,2.4121150071962627,Right Foot,Open Play,0
3941019,Aurélien Djani Tchouaméni,26.8033579985792,16.555005300807657,2,1,3.2065853757040776,Right Foot,Open Play,0
3941019,Kylian Mbappé Lottin,17.67766952966369,12.916970717157218,1,1,2.0264847058510265,Right Foot,Open Play,0
3941019,Marcus Thuram,6.989277502002615,58.11181587062265,1,1,0.8208959582234701,Head,Open Play,0
3941019,Kylian Mbappé Lottin,22.38258251408894,16.27626294205996,2,1,3.160324768811237,Right Foot,Open Play,0
3941019,Kylian Mbappé Lottin,13.64184738222796,29.643209445591168,0,1,1.7530069982891794,Right Foot,Open Play,0
3941019,Yannick Ferreira Carrasco,14.603081866510234,20.053043355659447,0,1,0.6621635585976109,Right Foot,Open Play,0
3941019,Antoine Griezmann,22.91069619195366,19.638844956114127,1,1,2.356520273647376,Right Foot,Open Play,0
3941019,Aurélien Djani Tchouaméni,26.428204630659273,16.580939534615787,1,1,4.140439703963978,Right Foot,Open Play,0
3941019,William Saliba,19.516659550240668,16.94812957298821,0,1,2.3388223969690776,Left Foot,Open Play,0
3941019,Kylian Mbappé Lottin,18.784301956687138,21.868828324537713,0,1,3.022279324528463,Right Foot,Open Play,0
3941019,Kevin De Bruyne,21.16246677492962,19.5794074444307,1,1,0.5994404638487475,Right Foot,Open Play,0
3941019,Randal Kolo Muani,16.776471619503308,18.806469674191646,1,1,2.2641097915268014,Right Foot,Open Play,0
3942227,Breel-Donald Embolo,19.693907687404245,5.895889869936656,0,1,1.88694727658872,Right Foot,Open Play,0
3942227,Declan Rice,22.94275484766379,19.745867618228388,4,1,4.653008463991768,Right Foot,Open Play,0
3942227,Kobbie Mainoo,23.0,19.731613886168734,3,1,3.556787003327995,Right Foot,Open Play,0
3942227,Harry Kane,13.485177047410245,30.884945330728616,1,1,1.7312662883447787,Head,Open Play,0
3942227,Breel-Donald Embolo,17.12921480979207,25.446506592725743,1,1,1.5618397215116435,Left Foot,Open Play,0
3942227,Bukayo Saka,28.848743473503305,14.084955932287246,0,1,0.8059930846150627,Left Foot,Open Play,0
3942227,Kobbie Mainoo,11.764352935882194,23.962488974578214,1,1,0.9042453482570714,Right Foot,Open Play,0
3942227,Bukayo Saka,15.063200191194433,17.079817531899852,1,1,1.0995524635249585,Left Foot,Open Play,0
3942227,Breel-Donald Embolo,11.940268003692378,24.168803713203697,0,1,1.1310704177365314,Right Foot,Open Play,0
3942227,Breel-Donald Embolo,7.470609078247899,52.98453676349489,1,1,1.477220990129819,Head,Open Play,0
3942227,Michel Aebischer,16.846661390317074,26.238076925020255,3,1,3.8230012560358406,Right Foot,Open Play,0
3942227,Breel-Donald Embolo,3.4438350715445076,99.47730737298103,0,1,0.8040162574444033,Right Foot,Open Play,1
3942227,Bukayo Saka,25.76140524117425,13.676611993875204,2,1,2.0463729210346346,Left Foot,Open Play,1
3942227,Harry Kane,12.406449935416664,35.72586119515532,2,1,1.5132920146791262,Right Foot,Open Play,0
3942227,Eberechi Eze,22.27128195681605,11.676501250341818,1,1,5.638633663378057,Right Foot,Open Play,0
3942227,Dan Ndoye,25.03197954617253,13.127496185785015,1,1,1.0319366176788256,Right Foot,Open Play,0
3942227,Steven Zuber,15.060212481900775,19.051567765837632,4,1,2.082806686762403,Right Foot,Open Play,0
3942227,Declan Rice,31.311499485013496,14.153466017305629,4,1,4.964445231696003,Right Foot,Open Play,0
3942227,Phil Foden,29.904180309782777,15.040830925082918,1,1,3.5295474158396134,Left Foot,Open Play,0
3942227,Jude Bellingham,17.771043863543863,23.762878289788098,3,1,1.0426247395428254,Right Foot,Open Play,0
3942227,Jude Bellingham,16.896153408394472,25.68412171594747,2,1,1.3991205270955858,Left Foot,Open Play,0
3942227,Fabian Lukas Schär,23.24069706355642,11.894607945893203,0,1,7.957509346306041,Right Foot,Open Play,0
3942227,Xherdan Shaqiri,39.10626548265635,0.2120233269636147,0,0,34.834052798816785,Left Foot,Corner,0
3942227,Mohamed Zeki Amdouni,24.506733768497178,14.05976390154497,1,1,2.717316433112505,Left Foot,Open Play,0
3942227,Silvan Widmer,10.241581909060727,36.759387861330694,1,1,0.5384188984724537,Right Foot,Open Play,0
3942227,Manuel Obafemi Akanji,11.900420160649796,37.156345075648375,0,1,10.852812262940299,Right Foot,Penalty,0
3942227,Fabian Lukas Schär,11.900420160649796,37.156345075648375,0,1,11.988318982398548,Right Foot,Penalty,1
3942227,Bukayo Saka,11.900420160649796,37.156345075648375,0,1,11.926381275999049,Left Foot,Penalty,1
3942227,Xherdan Shaqiri,11.900420160649796,37.156345075648375,0,1,12.000583089568499,Left Foot,Penalty,1
3942227,Mohamed Zeki Amdouni,11.900420160649796,37.156345075648375,0,1,12.20132832829021,Right Foot,Penalty,1
3942227,Trent Alexander-Arnold,11.900420160649796,37.156345075648375,0,1,12.156846390433039,Right Foot,Penalty,1
3930174,Cristiano Ronaldo dos Santos Aveiro,21.07937380474097,15.947515886103574,1,1,1.445014527502412,Right Foot,Open Play,0
3930174,Bruno Miguel Borges Fernandes,27.459060435491967,16.542418315630815,1,1,5.672731784662888,Left Foot,Open Play,0
3930174,Muhammed Kerem Aktürkoğlu,12.969194269498782,32.670489608725944,1,1,1.584890528645421,Right Foot,Open Play,0
3930174,Muhammed Kerem Aktürkoğlu,5.099019513592782,71.79151552941923,0,1,1.0932220911863657,Right Foot,Open Play,0
3930174,Cristiano Ronaldo dos Santos Aveiro,9.078546139112808,39.72912240140273,0,0,2.269578428618083,Head,Open Play,0
3930174,Rafael Alexandre Conceição Leão,12.790621564255588,31.71134586523798,0,0,4.030780598058291,Head,Open Play,0
3930174,Bernardo Mota Veiga de Carvalho e Silva,11.892854997854807,35.537677791974374,1,1,4.290960861489976,Left Foot,Open Play,1
3930174,Bruno Miguel Borges Fernandes,19.706090429103384,19.84806708855175,2,1,3.056680536097769,Right Foot,Open Play,0
3930174,Muhammed Kerem Aktürkoğlu,15.54252231782216,17.886859793729336,0,1,1.8158497083392517,Right Foot,Open Play,0
3930174,Orkun Kökçü,16.051479682571326,20.676774320739028,5,1,5.154948921592806,Right Foot,Open Play,0
3930174,Hakan Çalhanoğlu,29.0,11.510126556306924,1,1,7.3550408483044745,Right Foot,Open Play,0
3930174,Bruno Miguel Borges Fernandes,21.01071155387175,16.050282641800624,0,1,1.7279433662676138,Right Foot,Open Play,0
3930174,Cristiano Ronaldo dos Santos Aveiro,20.57304061144098,19.77271697149598,2,1,2.110642052411478,Right Foot,Open Play,0
3930174,Orkun Kökçü,26.140007651108284,16.747283403404403,1,1,4.54614454936257,Right Foot,Open Play,0
3930174,Yusuf Yazıcı,34.167235767618074,12.00296968390258,1,1,4.563265795580027,Left Foot,Open Play,0
3930174,Bruno Miguel Borges Fernandes,9.270382947861433,44.194240362194726,0,0,5.011850141569438,Right Foot,Open Play,1
3930174,Yusuf Yazıcı,23.829603437741046,16.24525278289118,2,1,1.3923709578493988,Left Foot,Open Play,0
3930174,Kenan Yildiz,27.430275244699974,13.969954371095293,0,1,2.6013593121630474,Right Foot,Open Play,0
3930174,Cristiano Ronaldo dos Santos Aveiro,7.273238618387277,56.23813328915579,0,1,0.9609783842201411,Head,Open Play,0
3930174,Arda Güler,31.12378511685235,13.686330238131834,2,1,2.718758193572151,Left Foot,Open Play,0
3930174,Bernardo Mota Veiga de Carvalho e Silva,13.756816492197604,30.975913497626944,1,1,2.758839781247483,Left Foot,Open Play,0
3930174,Arda Güler,60.82902267832355,7.312958450180919,0,0,1.295892363651391,Left Foot,Open Play,0
3930174,Rúben Diogo Da Silva Neves,28.115476165272398,15.143384283294067,2,1,5.467739306663516,Right Foot,Open Play,0
3930162,Andreas Christensen,14.434680460612912,30.91642638996024,0,1,1.079027619057099,Head,Open Play,0
3930162,Victor Bernth Kristansen,18.53105501583761,24.20882333069191,1,1,2.09358817321541,Right Foot,Open Play,0
3930162,Benjamin Šeško,30.589540696126843,14.811616310557365,1,0,3.319353728009302,Right Foot,Open Play,0
3930162,Christian Dannemann Eriksen,12.126417442921875,32.160352926786295,0,1,1.599643048062496,Right Foot,Open Play,1
3930162,Erik Janža,25.904439773907487,17.106662632807346,4,1,7.4034783473623635,Left Foot,Open Play,0
3930162,Erik Janža,28.969811873741953,15.16939911765147,4,1,8.085301538389805,Left Foot,Open Play,0
3930162,Jannik Vestergaard,6.894925670375279,58.76157740554936,2,1,0.9890738713003633,Head,Open Play,0
3930162,Joachim Andersen,9.265527507918799,45.22468817962451,3,1,0.34267552109667315,Head,Open Play,0
3930162,Christian Dannemann Eriksen,17.172361514946047,14.783499643729789,1,1,3.037032834449029,Left Foot,Open Play,0
3930162,Christian Dannemann Eriksen,31.310701046127985,14.421983222730123,0,1,2.086896587514925,Right Foot,Open Play,0
3930162,Christian Dannemann Eriksen,17.617321022221287,22.044628232569632,1,1,5.944058489786484,Left Foot,Open Play,0
3930162,Andreas Christensen,13.827870407260832,31.83900423295292,0,1,1.2634241822361398,Head,Open Play,0
3930162,Pierre-Emile Højbjerg,9.677293009927936,42.51879923238964,3,1,0.43869409776629215,Right Foot,Open Play,0
3930162,Rasmus Winther Højlund,3.6674241641784477,95.5171359789881,1,1,0.5872891606849925,Right Foot,Open Play,0
3930162,Alexander Hartmann Bah,21.423818520515894,19.215922108140123,3,1,5.293915070072979,Right Foot,Open Play,0
3930162,Adam Gnezda Čerin,6.911584478250995,60.0777018645088,1,1,0.36861229310832494,Head,Open Play,0
3930162,Christian Dannemann Eriksen,13.250283015845362,15.14842277515555,1,1,1.6381495499655956,Left Foot,Open Play,0
3930162,Jonas Older Wind,6.573431371817919,58.266976605967045,1,1,0.8664285169574929,Head,Open Play,0
3930162,Andraž Šporar,6.067124524847005,66.5612584147481,1,1,1.0774087395747194,Right Foot,Open Play,0
3930162,Erik Janža,27.970877712363624,12.877112757511735,2,1,10.244573995309365,Left Foot,Open Play,1
3930162,Andraž Šporar,7.553806987208502,55.61486288461437,1,1,1.100000910810942,Left Foot,Open Play,0
3930162,Andraž Šporar,8.90898422941696,48.33001932255302,1,1,2.0012897930467552,Left Foot,Open Play,0
3930162,Jannik Vestergaard,14.534441853748636,17.93612306567086,0,0,2.1761231836219523,Head,Open Play,0
3930162,Andraž Šporar,15.472879499304584,10.944014823530612,0,1,1.7405496139702539,Right Foot,Open Play,0
3930162,Morten Hjulmand,24.71639132235934,18.37425110210967,0,1,2.01853388122619,Left Foot,Open Play,0
3930162,Žan Karničnik,34.30801655590133,11.603443265070085,0,1,10.950376606441742,Right Foot,Open Play,0
3930176,Kai Havertz,7.849203781276161,48.745501028889464,1,0,0.8277030379601378,Head,Open Play,0
3930176,Kai Havertz,12.831601614763455,32.63673980164568,0,1,1.5440711495740924,Left Foot,Open Play,0
3930176,Dan Ndoye,8.043009387039156,45.98865737005967,0,1,1.095513050487445,Right Foot,Open Play,1
3930176,Dan Ndoye,22.94013949390893,16.092112137331213,1,1,1.6650201580225183,Left Foot,Open Play,0
3930176,Robert Andrich,31.093407661432032,14.257220952260509,1,1,3.585070621846939,Right Foot,Open Play,0
3930176,Antonio Rüdiger,9.220086767487603,32.521126282148884,1,1,2.922088457682483,Head,Open Play,0
3930176,Kai Havertz,16.080111939908882,23.047045686394572,1,1,3.3898155747021557,Left Foot,Open Play,0
3930176,Robert Andrich,24.80020161208372,18.32440863227971,3,1,3.3792080968676634,Right Foot,Open Play,0
3930176,Jamal Musiala,21.198113123577766,19.32819943732908,1,1,1.310237588543759,Right Foot,Open Play,0
3930176,İlkay Gündoğan,17.00646935727696,26.32801523958547,0,1,3.059310517643891,Left Foot,Open Play,0
3930176,Toni Kroos,24.77296913977007,18.293918656335986,1,1,5.521166030625723,Right Foot,Open Play,0
3930176,David Raum,28.906746617355616,13.924337790860223,1,1,5.461526490904413,Left Foot,Open Play,0
3930176,İlkay Gündoğan,10.007996802557443,43.54837084739169,1,1,0.4833951842461626,Head,Open Play,0
3930176,Kai Havertz,9.732420048477147,44.29268063145575,0,1,0.9608060784001017,Head,Open Play,0
3930176,Kai Havertz,5.2924474489597015,72.9661114186558,1,1,0.71393581221134,Head,Open Play,0
3930176,Joshua Kimmich,9.80051019080129,30.09819887184436,1,1,1.4239359625128019,Left Foot,Open Play,0
3930176,Kwadwo Duah,28.836088500349703,14.51923956532835,1,1,1.1445825254814967,Right Foot,Open Play,0
3930176,Leroy Sané,20.282997806044357,17.30615712014865,2,1,4.296205213621654,Left Foot,Open Play,0
3930176,Kai Havertz,6.621178142898738,59.88626684901758,0,1,0.9989997589456904,Head,Open Play,0
3930176,Granit Xhaka,27.290474528670252,16.277743542108908,1,1,5.765820431694692,Left Foot,Open Play,0
3930176,Niclas Füllkrug,6.551335741663685,62.26544796867096,3,1,0.7436687060532244,Head,Open Play,1
3930169,Scott McTominay,17.72794404323299,23.48451646370637,2,1,4.680739804993686,Left Foot,Open Play,1
3930169,Ricardo Iván Rodríguez Araya,19.502820308868156,23.07169397725301,3,1,3.0278177816325176,Left Foot,Open Play,0
3930169,Xherdan Shaqiri,23.148650068632517,18.6245270831209,0,1,2.631878365061197,Left Foot,Open Play,1
3930169,Silvan Widmer,20.120636172845032,18.220730208545007,4,1,5.189553709512043,Right Foot,Open Play,0
3930169,Dan Ndoye,11.500000000000002,32.33864842907685,0,1,0.909953341345255,Right Foot,Open Play,0
3930169,Dan Ndoye,12.169634341261036,26.686366923366688,1,1,2.129249395125151,Right Foot,Open Play,0
3930169,Jack Hendry,12.349089035228467,35.787046449480606,1,1,0.7227410120163532,Head,Open Play,0
3930169,Che Adams,8.06225774829855,27.584771288652387,0,1,1.9077744011680895,Right Foot,Open Play,0
3930169,Granit Xhaka,22.010224896624752,15.464481155572708,2,1,4.909910558517829,Left Foot,Open Play,0
3930169,Ruben Vargas,23.055585006674633,13.943115410982324,1,1,2.3218377038051616,Right Foot,Open Play,0
3930169,Dan Ndoye,17.353097706173386,25.761347374241605,0,1,1.191667910519092,Right Foot,Open Play,0
3930169,Ruben Vargas,19.26655132606767,16.08165195681369,1,1,2.7582856188190106,Right Foot,Open Play,0
3930169,Billy Gilmour,30.929112499391245,14.587988755397593,1,1,1.2562026184621746,Right Foot,Open Play,0
3930169,Grant Campbell Hanley,6.212889826803629,61.48612786815189,1,1,0.5885775878657872,Head,Open Play,0
3930169,Scott McKenna,13.718600511714007,32.28565799551962,1,1,0.8402239281954921,Head,Open Play,0
3930169,Billy Gilmour,9.640020746865641,38.68523067261614,4,1,0.7985274175545871,Head,Open Play,0
3930169,Dan Ndoye,20.3088650593774,13.284010915383742,2,1,1.1777927703972817,Right Foot,Open Play,0
3930169,Scott McTominay,11.162884931772785,37.98183713456968,0,1,1.727034122953495,Head,Open Play,0
3930169,Scott McTominay,13.576818478568535,31.114186031891695,2,1,2.555494848233718,Right Foot,Open Play,0
3930169,Scott McTominay,12.592855117089211,34.61106550788542,2,1,2.6079685121432483,Right Foot,Open Play,0
3930169,Kenneth McLean,29.77599704459953,11.175589846513837,0,1,2.023302785204902,Left Foot,Open Play,0
3930169,Mohamed Zeki Amdouni,9.291393867445297,41.21417410888613,0,1,1.036996428192325,Head,Open Play,0
3930169,Callum McGregor,21.540659228538015,19.653824058053313,4,1,5.1862566572910485,Left Foot,Open Play,0
3942819,Xavi Simons,23.27230113246218,17.249688004299585,0,1,2.8367414093742926,Right Foot,Open Play,1
3942819,Harry Kane,31.981244503614924,14.18076726892697,1,1,3.4747263340599903,Right Foot,Open Play,0
3942819,Bukayo Saka,15.582361823549085,28.66600572661784,2,1,1.4277483374542472,Left Foot,Open Play,0
3942819,Harry Kane,11.900000000000006,37.158540760889345,0,1,9.908875571479749,Right Foot,Penalty,1
3942819,Phil Foden,8.1706792863262,25.30540432571261,0,1,1.638416524352031,Right Foot,Open Play,0
3942819,Donyell Malen,17.844326829555655,24.33966698238346,1,1,0.7853428289164832,Left Foot,Open Play,0
3942819,Denzel Dumfries,9.340770846134705,44.328834135486545,3,1,0.7271488162675624,Head,Open Play,0
3942819,Phil Foden,26.836542251191755,15.372090829693732,2,1,2.040582640312526,Left Foot,Open Play,0
3942819,Phil Foden,24.060756430336927,17.06495700894623,3,1,1.3683816940015208,Left Foot,Open Play,0
3942819,Kobbie Mainoo,24.81632527188504,15.787579294444132,1,1,1.4642150574272137,Right Foot,Open Play,0
3942819,Virgil van Dijk,12.455520864259352,31.119737059619677,1,1,0.5472326744797956,Left Foot,Open Play,0
3942819,Denzel Dumfries,10.01848291908511,40.16108185118594,2,1,0.2199068222616802,Head,Open Play,0
3942819,Wout Weghorst,9.662815324738434,44.78816601468703,0,1,1.3454214275475778,Head,Open Play,0
3942819,Xavi Simons,17.240939649566666,25.14223040704808,2,1,6.095560504970039,Right Foot,Open Play,0
3942819,Cole Palmer,18.417383093154143,20.618188123104463,2,1,2.6924428971284113,Left Foot,Open Play,0
3942819,Ollie Watkins,16.565325230734224,16.5520608711643,1,1,2.0854612734327107,Right Foot,Open Play,1
3943043,Nicholas Williams Arthuer,12.406449935416662,14.317409158409477,0,1,0.7354601555611979,Left Foot,Open Play,0
3943043,Robin Aime Robert Le Normand,8.052949770115289,49.303309256031696,4,1,1.835619176001575,Right Foot,Open Play,0
3943043,Declan Rice,23.813441582434066,19.06020392810296,1,1,2.9293966040405475,Right Foot,Open Play,0
3943043,Fabián Ruiz Peña,21.200943375236864,19.13470257490094,0,1,1.152324237410696,Right Foot,Open Play,0
3943043,Daniel Olmo Carvajal,26.503584663211125,16.243921087787015,2,1,6.30866469295916,Right Foot,Open Play,0
3943043,Álvaro Borja Morata Martín,11.543396380615194,22.597307555696776,0,1,0.8093056372323151,Right Foot,Open Play,0
3943043,Harry Kane,17.710166571774536,25.063769582260672,1,1,1.0872587525861164,Right Foot,Open Play,0
3943043,Phil Foden,11.548592987892507,20.8918005373297,1,1,1.9082516223666093,Left Foot,Open Play,0
3943043,Nicholas Williams Arthuer,15.684705926474997,19.355817991861105,0,1,4.57480668411152,Left Foot,Open Play,1
3943043,Daniel Olmo Carvajal,13.705838172107537,27.536857305076392,0,1,3.396185674701286,Left Foot,Open Play,0
3943043,Álvaro Borja Morata Martín,24.95696295625732,17.69395543010977,0,0,4.5936244842567415,Left Foot,Open Play,0
3943043,Álvaro Borja Morata Martín,14.27620397724829,21.18761564592682,0,1,2.2405639967670563,Right Foot,Open Play,0
3943043,Nicholas Williams Arthuer,23.052114870440843,19.488865455739035,1,1,2.925190120987351,Right Foot,Open Play,0
3943043,Jude Bellingham,21.18584433059018,21.212935012342253,1,1,1.7441424670185377,Left Foot,Open Play,0
3943043,Lamine Yamal Nasraoui Ebana,19.14001044931794,20.645247385274903,1,1,2.041655827385564,Left Foot,Open Play,0
3943043,Aymeric Laporte,8.947066558375427,45.333499024741506,2,1,1.6580393723001339,Head,Open Play,0
3943043,Fabián Ruiz Peña,27.012959852633703,16.661674685581783,2,1,2.183704203346199,Left Foot,Open Play,0
3943043,Ollie Watkins,29.00017241328058,15.706445618325944,1,1,1.1680789230917663,Right Foot,Open Play,0
3943043,Mikel Oyarzabal Ugarte,17.088300090997937,13.054790426431103,0,1,2.3621018716508986,Left Foot,Open Play,0
3943043,Cole Palmer,23.399999999999995,18.00835359957477,3,1,7.6163288327711625,Left Foot,Open Play,1
3943043,Lamine Yamal Nasraoui Ebana,16.367040050051813,22.12384647531135,0,1,6.5925526190938415,Left Foot,Open Play,0
3943043,Mikel Oyarzabal Ugarte,9.546203433826454,43.13843421510924,0,1,1.8553165862121064,Right Foot,Open Play,1
3943043,Declan Rice,11.272089424769483,37.101963046691914,2,1,0.9414664225295515,Head,Open Play,0
3943043,Marc Guehi,6.87677249878168,53.0508520853173,2,1,1.3452920603748233,Head,Open Play,0
3943043,Declan Rice,7.040596565632778,58.69403335679641,2,1,3.3987160746084064,Head,Open Play,0
3942752,Fabián Ruiz Peña,6.161980201201555,59.16233937387369,0,0,5.553473709926102,Head,Open Play,0
3942752,Randal Kolo Muani,6.300793600809342,59.848452018177916,0,0,2.806295217839854,Head,Open Play,1
3942752,Kylian Mbappé Lottin,31.811475916719118,14.155703076719568,1,1,10.016533557427612,Right Foot,Free Kick,0
3942752,Kylian Mbappé Lottin,19.709134937891104,20.168163788385787,2,1,2.2698166956700847,Right Foot,Open Play,0
3942752,Daniel Olmo Carvajal,13.682105101189658,21.431167276233204,1,1,3.523522348133346,Right Foot,Open Play,1
3942752,Fabián Ruiz Peña,20.306156701847836,22.281326491445984,2,1,1.601390248489658,Left Foot,Open Play,0
3942752,Lamine Yamal Nasraoui Ebana,24.39877046082445,17.116628120823652,0,1,1.0031727824198398,Left Foot,Open Play,0
3942752,Aurélien Djani Tchouaméni,8.507055894961542,48.979750730341344,3,1,0.4033981729775094,Head,Open Play,0
3942752,Kylian Mbappé Lottin,17.861970775925037,12.934537352720135,2,1,1.575310177150152,Right Foot,Open Play,0
3942752,Dayotchanculle Upamecano,7.881624198095207,38.58701323193986,2,1,1.1270184572031952,Head,Open Play,0
3942752,Theo Bernard François Hernández,17.77245059073172,24.269521828465813,1,1,4.9103068282601114,Right Foot,Open Play,0
3942752,Lamine Yamal Nasraoui Ebana,22.82651966463569,17.247703626068553,1,1,2.777293963094093,Left Foot,Open Play,0
3942752,Kylian Mbappé Lottin,18.999210509913304,20.24032849010201,1,1,1.8019046962395595,Right Foot,Open Play,0
3942752,Antoine Griezmann,12.314625451064277,31.028932354119853,1,1,2.3383099729074504,Head,Open Play,0
3942382,Memphis Depay,17.66154013669249,23.780436604431056,0,1,3.2829045759952025,Right Foot,Open Play,0
3942382,Memphis Depay,11.964113005150029,36.36036363238795,0,1,2.442221843141664,Left Foot,Open Play,0
3942382,Salih Özcan,27.5530397597071,15.578770918332696,1,1,5.696145493384387,Right Foot,Open Play,0
3942382,Xavi Simons,25.920069444351423,16.895003985537095,1,1,3.967239711894954,Right Foot,Open Play,0
3942382,Hakan Çalhanoğlu,27.540878707840818,12.807934809531424,1,1,2.332815498953481,Right Foot,Open Play,0
3942382,Abdülkerim Bardakcı,10.830050784737809,36.8816615779181,0,1,2.344045429288441,Right Foot,Open Play,0
3942382,Arda Güler,33.70534082308025,8.41028295584019,0,1,2.657299529402847,Left Foot,Open Play,0
3942382,Kenan Yildiz,22.8219192882632,13.371014983131952,0,1,2.171632772729767,Right Foot,Open Play,0
3942382,Samet Akaydin,5.331041174104732,53.52501244403586,1,0,0.9006288251365792,Head,Open Play,1
3942382,Steven Bergwijn,28.783502219153245,14.782259053601418,2,0,0.6818137578715294,Right Foot,Open Play,0
3942382,Arda Güler,30.378446306550963,14.729100606542232,3,1,10.184533101418983,Left Foot,Free Kick,0
3942382,Memphis Depay,26.341791890454225,16.437804790798403,1,0,1.7844854265320464,Right Foot,Open Play,0
3942382,Memphis Depay,23.236178687555324,14.879129585511384,0,1,5.329010721311006,Right Foot,Open Play,0
3942382,Kenan Yildiz,22.706827167175952,19.89465874316353,4,1,3.4501246047689125,Right Foot,Open Play,0
3942382,Cody Mathès Gakpo,9.962429422585638,42.39335777333041,0,1,1.406663096233597,Right Foot,Open Play,0
3942382,Wout Weghorst,9.780081799248922,30.650667957052885,0,1,4.167364159518606,Right Foot,Open Play,0
3942382,Stefan de Vrij,9.940824915468541,43.72005790269528,0,1,1.1450075844361554,Head,Open Play,1
3942382,Joey Veerman,27.64073081522991,14.912154807859551,1,1,5.266953628862524,Right Foot,Open Play,0
3942382,Cenk Tosun,13.471822445385774,29.70161190012046,1,1,1.1561710151909808,Head,Open Play,0
3942382,Mehmet Zeki Çelik,14.308738588708652,21.933183794827173,1,0,2.62128433872527,Right Foot,Open Play,0
3942382,Muhammed Kerem Aktürkoğlu,14.732277488562316,21.30439832335339,1,1,4.676301768400452,Right Foot,Open Play,0
3942382,Cenk Tosun,10.511898020814321,36.371940729814675,1,1,0.5965264859391581,Head,Open Play,0
3942382,Cody Mathès Gakpo,19.319679086361653,16.349156032906922,0,1,4.497939844003496,Left Foot,Open Play,0
3942382,Muhammed Kerem Aktürkoğlu,10.778218776773835,21.372131920214013,2,1,4.847403197077995,Head,Open Play,0
3942382,Semih Kılıçsoy,8.84590300647707,48.19066039750848,0,0,2.091564578594669,Other,Open Play,0
3942382,Hakan Çalhanoğlu,21.58240023723033,18.4884319993591,1,1,1.7008125630059474,Left Foot,Open Play,0
3942349,Bruno Miguel Borges Fernandes,28.401760508813535,15.549149132866841,3,1,1.2843675252296811,Right Foot,Open Play,0
3942349,Theo Bernard François Hernández,31.541242841714396,13.156317390801615,2,1,3.271373856344564,Left Foot,Open Play,0
3942349,Antoine Griezmann,29.134343994674055,11.932893336388496,2,1,5.427714707952353,Left Foot,Open Play,0
3942349,Eduardo Camavinga,28.937346111901824,13.73762864421805,2,1,0.9733419253430187,Left Foot,Open Play,0
3942349,Kylian Mbappé Lottin,23.603813251252433,16.860161929995883,1,1,1.035841742225903,Right Foot,Open Play,0
3942349,Aurélien Djani Tchouaméni,32.03576126768334,13.577770424497349,3,1,3.081882017044709,Right Foot,Open Play,0
3942349,Bernardo Mota Veiga de Carvalho e Silva,10.987720418721983,32.375157817789926,1,1,3.0143907485792503,Head,Open Play,0
3942349,Bruno Miguel Borges Fernandes,16.152399202595262,19.266073963278345,0,1,4.48865067148996,Right Foot,Open Play,0
3942349,João Pedro Cavaco Cancelo,19.191925385432278,17.98838544561589,1,1,0.73488163542568,Left Foot,Open Play,0
3942349,Aurélien Djani Tchouaméni,33.09924470437355,11.884806301644343,1,1,4.260489269322713,Right Foot,Open Play,0
3942349,Vitor Machado Ferreira,11.940268003692376,31.248490816065072,0,1,6.392540241720303,Right Foot,Open Play,0
3942349,Cristiano Ronaldo dos Santos Aveiro,5.263078946776308,41.63353933657013,0,0,0.9163469523181422,Right Foot,Open Play,0
3942349,Randal Kolo Muani,15.821820375671058,23.60487415432184,0,1,2.6812984640461606,Right Foot,Open Play,0
3942349,Kylian Mbappé Lottin,18.527007313648912,16.22019369560277,1,1,0.624255076965077,Right Foot,Open Play,0
3942349,Ousmane Dembélé,17.56843760839307,9.7715888995504,2,1,0.840332330580425,Right Foot,Open Play,0
3942349,Eduardo Camavinga,11.271202242884298,20.537948006188742,0,1,4.2239591369468545,Right Foot,Open Play,0
3942349,Ousmane Dembélé,26.94086115921316,13.25473637032392,1,1,2.6085233181496585,Left Foot,Open Play,0
3942349,Cristiano Ronaldo dos Santos Aveiro,29.418701534908028,10.927299560519023,2,1,9.552832067232488,Right Foot,Free Kick,0
3942349,Vitor Machado Ferreira,36.37705320665763,11.079736681657401,1,0,3.4857677256521864,Right Foot,Open Play,0
3942349,N'Golo Kanté,26.971281022598827,16.356179778441692,1,1,2.562968466900847,Right Foot,Open Play,0
3942349,N'Golo Kanté,24.588005205790886,17.785070869971605,1,1,2.9841919143725018,Right Foot,Open Play,0
3942349,Bernardo Mota Veiga de Carvalho e Silva,18.252123164169145,17.501009310346284,1,1,3.8424413973563567,Left Foot,Open Play,0
3942349,Kylian Mbappé Lottin,28.006606363499316,13.973589287017342,1,1,3.0758079478064606,Right Foot,Open Play,0
3942349,Kylian Mbappé Lottin,20.124860247961966,22.458096302381858,3,1,2.2534765638645364,Right Foot,Open Play,0
3942349,Cristiano Ronaldo dos Santos Aveiro,9.01387818865997,46.51698983230875,1,0,2.3838963892727945,Right Foot,Open Play,0
3942349,Kylian Mbappé Lottin,15.356106277308715,25.99821006996438,1,1,1.208333890425584,Right Foot,Open Play,0
3942349,Marcus Thuram,19.200260414900622,23.097529478119217,0,1,3.39640390595927,Left Foot,Open Play,0
3942349,Rafael Alexandre Conceição Leão,10.97724920005007,37.71140143046956,1,1,4.480427941868191,Right Foot,Open Play,0
3942349,Francisco Fernandes Conceição,23.621176939348302,14.086977615982946,0,1,3.2848114890634963,Left Foot,Open Play,0
3942349,João Félix Sequeira,10.031948963187562,20.71019326108922,1,1,0.7753382766028605,Head,Open Play,0
3942349,Ousmane Dembélé,20.89258241577618,20.354195056890934,2,1,3.3413756536921855,Left Foot,Open Play,0
3942349,Bradley Barcola,12.880993750483693,16.63751521040978,0,1,1.2073357984866775,Left Foot,Open Play,0
3942349,Dayotchanculle Upamecano,10.720074626605923,40.06664443573348,1,1,0.43332856809388937,Head,Open Play,0
3942349,Nuno Mendes,16.985287751463034,26.3881609173077,0,1,1.4726003247413648,Right Foot,Open Play,0
3942349,Ousmane Dembélé,11.900420160649796,37.156345075648375,0,1,10.586465536362063,Right Foot,Penalty,1
3942349,Cristiano Ronaldo dos Santos Aveiro,11.900420160649796,37.156345075648375,0,1,11.652390185814964,Right Foot,Penalty,1
3942349,Youssouf Fofana,11.900420160649796,37.156345075648375,0,1,11.1984652536714,Right Foot,Penalty,1
3942349,Bernardo Mota Veiga de Carvalho e Silva,11.900420160649796,37.156345075648375,0,1,11.017958065699256,Left Foot,Penalty,1
3942349,Jules Koundé,11.900420160649796,37.156345075648375,0,1,11.536955930092605,Right Foot,Penalty,1
3942349,João Félix Sequeira,11.900420160649796,37.156345075648375,0,1,11.725365699839113,Right Foot,Penalty,0
3942349,Bradley Barcola,11.900420160649796,37.156345075648375,0,1,11.750934003929347,Right Foot,Penalty,1
3942349,Nuno Mendes,11.900420160649796,37.156345075648375,0,1,11.782347692956163,Left Foot,Penalty,1
3942349,Theo Bernard François Hernández,11.900420160649796,37.156345075648375,0,1,10.669816770741424,Left Foot,Penalty,1
3930180,Tijjani Reijnders,13.544740676735012,32.819188981852655,1,1,4.752649980908103,Right Foot,Open Play,0
3930180,Donyell Malen,16.05521722057974,25.47714203122841,0,1,2.252007921669288,Left Foot,Open Play,0
3930180,Marcel Sabitzer,18.439631232755165,22.889284353018944,3,1,5.707689379174247,Right Foot,Open Play,0
3930180,Florian Grillitsch,29.85029313088902,12.973956429190881,2,1,3.3341741117212207,Right Foot,Open Play,0
3930180,Tijjani Reijnders,25.241434190631875,17.71440927153229,2,1,3.744666767455737,Right Foot,Open Play,0
3930180,Marcel Sabitzer,26.54241887997399,14.401814826464712,3,1,4.384837789402853,Right Foot,Open Play,0
3930180,Florian Grillitsch,20.602184350209086,20.313541957524023,2,1,2.503119043574646,Right Foot,Open Play,0
3930180,Marko Arnautović,7.414849964766647,56.27824734084703,0,1,3.3257603238344218,Right Foot,Open Play,0
3930180,Jerdy Schouten,16.070469812671938,22.429839373767557,2,1,5.083056270128482,Right Foot,Open Play,0
3930180,Memphis Depay,6.543699259593151,56.68096335121134,0,0,9.215915908920978,Head,Open Play,0
3930180,Florian Grillitsch,8.354639429682173,50.64406962176387,0,1,1.9024053280913473,Head,Open Play,0
3930180,Cody Mathès Gakpo,15.962455951387927,22.885121291416418,1,1,1.7115088266995102,Right Foot,Open Play,1
3930180,Virgil van Dijk,6.216912416947817,63.17973545731344,1,1,0.39849102476292186,Head,Open Play,0
3930180,Romano Schmid,9.824968193332738,44.232160672434325,1,1,1.242323876657869,Head,Open Play,1
3930180,Xavi Simons,46.65661796572915,9.66498099352885,0,0,5.591943373920832,Right Foot,Open Play,0
3930180,Memphis Depay,10.599056561788881,40.540507550820905,0,1,0.6135833111449228,Right Foot,Open Play,1
3930180,Marcel Sabitzer,12.034118164618457,17.574088399151133,0,1,2.8157167013192828,Left Foot,Open Play,1
3930180,Wout Weghorst,12.766362050325851,34.6541865508743,0,1,0.8966423997084616,Head,Open Play,0
3930180,Memphis Depay,17.304623659588785,13.948220623956798,1,1,6.028327630462388,Right Foot,Open Play,0
3930171,Pierre-Emile Højbjerg,26.13752092299498,15.354552235045611,1,1,3.962131519885224,Right Foot,Open Play,0
3930171,Phil Foden,19.240841977418764,19.293864881080655,0,1,2.358518868014624,Left Foot,Open Play,0
3930171,Harry Kane,22.749505489130968,19.90455056221912,1,1,2.4473475499601958,Left Foot,Open Play,0
3930171,Harry Kane,7.111258679024404,58.67418731414152,0,1,1.3556102395097844,Left Foot,Open Play,1
3930171,Christian Dannemann Eriksen,20.251419703319566,13.249594882592975,0,1,2.6008556808487686,Right Foot,Open Play,0
3930171,Jonas Older Wind,9.462557793746893,39.950867322737466,1,1,0.9041729300130183,Head,Open Play,0
3930171,Christian Dannemann Eriksen,19.96997746618659,19.983106521899973,2,1,0.7277313494586406,Right Foot,Open Play,0
3930171,Marc Guehi,14.200352108310554,11.449337988500059,0,1,2.3531683470317235,Right Foot,Open Play,0
3930171,Jonas Older Wind,15.728954192825405,22.193082068164774,2,1,0.9716574789356037,Right Foot,Open Play,0
3930171,Morten Hjulmand,31.407801578588725,14.512426558232177,1,0,0.8510456093416057,Right Foot,Open Play,1
3930171,Morten Hjulmand,24.62376900476448,17.170088494318264,1,1,3.792985334626263,Right Foot,Open Play,0
3930171,Joachim Andersen,12.022063050907693,8.146952034502123,2,1,1.3073941539812608,Head,Open Play,0
3930171,Phil Foden,27.19558787744806,15.920293699018284,2,1,0.7357345860909884,Left Foot,Open Play,0
3930171,Pierre-Emile Højbjerg,30.37136809562586,13.355745624581418,2,1,5.768922733850329,Right Foot,Open Play,0
3930171,Phil Foden,28.520343616443334,13.809304872758892,3,1,1.9530155836929797,Left Foot,Open Play,0
3930171,Jonas Older Wind,20.97474672075923,19.436924223683302,2,1,3.0752262718779817,Left Foot,Open Play,0
3930171,Declan Rice,29.60827587010091,13.73745488168435,1,1,1.9478951814229506,Right Foot,Open Play,0
3930171,Phil Foden,25.805619543037523,15.93771099076726,1,1,3.738596494525124,Left Foot,Open Play,0
3930171,Bukayo Saka,14.35862110371327,22.610237347056792,0,1,1.563050188372866,Right Foot,Open Play,0
3930171,Bukayo Saka,22.557703783851753,14.64595317877946,1,1,1.279235861508793,Left Foot,Open Play,0
3930171,Christian Dannemann Eriksen,27.28094573140748,16.346722682897056,1,1,5.244649785632474,Left Foot,Open Play,0
3930171,Mikkel Damsgaard,26.743410403312446,15.293732244351258,4,1,1.9738064904031227,Right Foot,Open Play,0
3930171,Ollie Watkins,12.174152947946729,16.833136769518507,0,1,3.1587976982260844,Right Foot,Open Play,0
3930171,Pierre-Emile Højbjerg,31.287857069476647,14.1295877058196,0,0,6.293121372404079,Right Foot,Open Play,0
3930171,Pierre-Emile Højbjerg,35.34119409414458,12.652737068331074,1,1,4.1706790515493335,Right Foot,Open Play,0
3930171,Andreas Christensen,6.506919393998976,63.136032323088585,0,1,2.8835165608021764,Right Foot,Open Play,0
3930171,Pierre-Emile Højbjerg,21.561307938063496,19.163560776628014,1,1,3.066720166009728,Right Foot,Open Play,0
3942226,Pedro González López,18.5024322725419,24.394992410252392,0,1,2.2954205649009287,Left Foot,Open Play,0
3942226,Nicholas Williams Arthuer,30.286960890785984,14.00482803061056,1,1,1.055633011375736,Right Foot,Open Play,0
3942226,Lamine Yamal Nasraoui Ebana,22.785302280198078,18.54521756906496,4,1,8.708372931814804,Left Foot,Free Kick,0
3942226,Álvaro Borja Morata Martín,26.82629307228265,12.686486702494388,0,1,1.3090348385273416,Right Foot,Open Play,0
3942226,Fabián Ruiz Peña,21.452505681155298,21.07682732330557,0,1,2.576881012387761,Left Foot,Open Play,0
3942226,Kai Havertz,9.599999999999994,45.239729896080874,0,1,1.3239198180642107,Head,Open Play,0
3942226,Aymeric Laporte,29.288222889072667,13.055247223796592,1,1,1.7378923242337327,Left Foot,Open Play,0
3942226,Jonathan Tah,12.92478239662084,29.76938499672622,1,1,1.6140583109384128,Head,Open Play,0
3942226,Kai Havertz,17.32887763243771,25.958061822625154,1,1,4.533138982276238,Right Foot,Open Play,0
3942226,Daniel Olmo Carvajal,28.43694779683643,15.726345277537828,0,0,6.0337570380128644,Right Foot,Open Play,0
3942226,Lamine Yamal Nasraoui Ebana,32.26918034285966,13.555320176939144,0,0,2.3535423069605512,Left Foot,Open Play,0
3942226,Álvaro Borja Morata Martín,8.67640478539354,46.46880071438585,1,1,1.0574323427426064,Right Foot,Open Play,0
3942226,Robert Andrich,28.37833680820636,13.286957761334934,1,1,6.748098296575609,Right Foot,Open Play,0
3942226,Daniel Olmo Carvajal,16.62077013859467,26.75407293409005,1,1,3.416326358244482,Right Foot,Open Play,1
3942226,Nicholas Williams Arthuer,17.4691156044031,19.217731196066367,0,1,1.55561962368913,Left Foot,Open Play,0
3942226,Florian Wirtz,26.900743484149288,16.914785931605266,2,1,4.333972173644405,Right Foot,Open Play,0
3942226,Niclas Füllkrug,10.781465577554846,33.20191377793206,2,1,0.2082714094239071,Head,Open Play,0
3942226,Robert Andrich,20.518284528683196,21.752609754081487,3,1,4.667354788552963,Right Foot,Open Play,0
3942226,Kai Havertz,13.154847015454038,29.705577046881746,1,1,2.032443161398542,Left Foot,Open Play,0
3942226,Niclas Füllkrug,9.326306878931229,46.34760923847709,0,1,1.1133171763327603,Head,Open Play,0
3942226,Niclas Füllkrug,11.10855526159905,38.81560876610579,1,1,1.2984979396506748,Right Foot,Open Play,0
3942226,Jamal Musiala,16.89644933114647,14.958408848917083,1,1,1.4800590179328939,Left Foot,Open Play,0
3942226,Kai Havertz,32.53459696999489,11.663560021879876,0,1,4.309458166369453,Left Foot,Open Play,0
3942226,Fabián Ruiz Peña,24.060756430336937,18.394633242378973,1,1,4.4392145350043615,Left Foot,Open Play,0
3942226,Maximilian Mittelstädt,22.8177562437677,19.87181286574077,3,1,5.511871282580587,Left Foot,Open Play,0
3942226,Florian Wirtz,9.873702446397706,38.8342996011849,1,1,2.7474675572102956,Right Foot,Open Play,1
3942226,Thomas Müller,7.694153624668536,51.54629078329405,1,0,1.1061635920306432,Right Foot,Open Play,0
3942226,Ferrán Torres García,13.776792079435625,31.666323686745606,0,1,1.1529051493979159,Head,Open Play,0
3942226,Mikel Oyarzabal Ugarte,22.00545386943882,20.428277689781623,0,0,2.200511027172462,Left Foot,Open Play,0
3942226,Daniel Olmo Carvajal,22.77586441828279,14.711582422204755,1,1,1.9768716699553988,Right Foot,Open Play,0
3942226,Robert Andrich,22.06762334280699,18.15054498996436,2,1,2.209298071079556,Right Foot,Open Play,0
3942226,Mikel Oyarzabal Ugarte,27.518720900506985,14.05661064442959,1,0,3.958726771247706,Left Foot,Open Play,0
3942226,Florian Wirtz,18.04882267628556,24.44395478041653,0,1,1.69069456968426,Left Foot,Open Play,0
3942226,Jamal Musiala,20.229928324143913,21.839080115506864,2,1,5.092895845519157,Right Foot,Open Play,0
3942226,Niclas Füllkrug,18.86716724895394,19.919752466504725,1,1,1.7518165253368403,Left Foot,Open Play,0
3942226,Mikel Oyarzabal Ugarte,22.90720410700529,19.484558901157946,1,1,1.8987061244342163,Left Foot,Open Play,0
3942226,Niclas Füllkrug,12.088010589009254,35.49600329209877,1,1,0.5465196184247748,Head,Open Play,0
3942226,Mikel Merino Zazón,7.443117626371364,56.35462496067586,0,0,3.204943874083869,Head,Open Play,1
3942226,Joshua Kimmich,21.852459815773603,20.1770375242501,4,1,5.309647733644923,Right Foot,Open Play,0
3942226,Ferrán Torres García,13.822445514452209,21.228074239349837,0,1,1.9561178515671644,Right Foot,Open Play,0
3942226,Niclas Füllkrug,10.186756107809792,42.06178162290094,1,1,3.264301378828434,Head,Open Play,0
3938645,Romelu Lukaku Menama,13.08166656049603,25.381570449799124,0,1,3.500942041304468,Left Foot,Open Play,0
3938645,Roman Yaremchuk,29.065787448476264,15.58648677999201,1,0,3.160959088664583,Right Foot,Open Play,0
3938645,Artem Dovbyk,25.80716954646518,17.166877121959153,1,1,1.4471009688060337,Left Foot,Open Play,0
3938645,Arthur Theate,32.67185332973934,11.021990051862256,1,0,1.8316349017323026,Left Foot,Open Play,0
3938645,Volodymyr Brazhko,30.28696089078598,14.00482803061056,2,0,2.9060359385327525,Right Foot,Open Play,0
3938645,Georgiy Sudakov,24.28600419995022,18.572334154853305,1,1,6.7663806012577155,Right Foot,Open Play,0
3938645,Roman Yaremchuk,9.202716990106783,45.37702224898027,0,1,0.6633482185864343,Head,Open Play,0
3938645,Kevin De Bruyne,43.449510929353394,7.763554227511469,0,1,11.067302477804358,Right Foot,Free Kick,0
3938645,Georgiy Sudakov,18.75233318816621,20.635508379355063,1,1,1.0294587080367288,Right Foot,Open Play,0
3938645,Georgiy Sudakov,37.60053191113126,9.806289307807088,2,1,9.645383265039161,Right Foot,Free Kick,0
3938645,Kevin De Bruyne,25.06671099286861,14.43315988595112,2,1,3.867292475115641,Right Foot,Open Play,0
3938645,Youri Tielemans,27.731750756127898,14.13198090783947,2,1,3.599873422323906,Right Foot,Open Play,0
3938645,Youri Tielemans,22.777181564012697,19.1294916386703,4,1,0.9035839694950221,Right Foot,Open Play,0
3938645,Jeremy Doku,20.50804720103794,21.282892059139723,2,1,1.49496852229931,Left Foot,Open Play,0
3938645,Romelu Lukaku Menama,20.438444167793207,16.316543853666342,1,1,2.238059993911277,Left Foot,Open Play,0
3938645,Jeremy Doku,18.117670931993434,24.878615956311787,3,1,2.781999283497463,Right Foot,Open Play,0
3938645,Artem Dovbyk,10.176934705499491,19.61029191076284,1,0,1.1797361565459832,Left Foot,Open Play,0
3938645,Artem Dovbyk,17.506855799943065,17.573320271947594,1,1,0.43779013446424003,Right Foot,Open Play,0
3938645,Ruslan Malinovskiy,39.31272058761642,0.2996829375499611,0,0,29.48740857689948,Left Foot,Corner,0
3938645,Taras Stepanenko,9.265527507918796,41.03750591442748,1,0,1.7747430398398238,Head,Open Play,0
3938645,Johan Bakayoko,18.782971010998228,21.754464982712356,1,1,2.4764484059759972,Left Foot,Open Play,0
3938645,Ruslan Malinovskiy,22.363586474445466,20.145239865945275,2,1,7.566275234421774,Left Foot,Open Play,0
3938645,Georgiy Sudakov,16.264070831129573,26.664561307748816,0,1,1.5900004559555225,Right Foot,Open Play,0
3938645,Yannick Ferreira Carrasco,24.37724348649781,8.885344129315728,0,1,3.4471117984014605,Right Foot,Open Play,0
3930184,Kenan Yildiz,19.925109786397666,8.83179750188458,0,1,2.0388374851109714,Right Foot,Open Play,0
3930184,Arda Güler,29.642199648474133,15.300181009692091,0,1,3.416633001976501,Left Foot,Open Play,0
3930184,David Jurásek,40.624746153053074,10.915884845954354,1,0,1.3565846320878232,Left Foot,Open Play,0
3930184,Robin Hranáč,7.117583859709697,56.31501819915449,0,1,2.9599665633666885,Head,Open Play,0
3930184,Robin Hranáč,8.595929269136644,46.02537270495881,3,1,1.3130663839313654,Right Foot,Open Play,0
3930184,Kenan Yildiz,16.620770138594658,14.313045017157965,1,1,1.7267637588535827,Left Foot,Open Play,0
3930184,Arda Güler,7.747257579298621,52.22431569404535,1,1,1.952424847018863,Left Foot,Open Play,0
3930184,Samet Akaydin,9.135097153287422,38.88698686878945,0,1,0.7740156956677573,Head,Open Play,0
3930184,Hakan Çalhanoğlu,15.875767697972908,9.995239651329838,1,1,0.5791686705723708,Right Foot,Open Play,0
3930184,Hakan Çalhanoğlu,28.419183661745112,12.202711176101891,2,1,2.9014703267815394,Right Foot,Open Play,0
3930184,David Jurásek,18.88200201249857,12.837350712062085,0,0,7.119611127841248,Left Foot,Open Play,0
3930184,Arda Güler,23.924046480476502,17.554347244354705,1,1,1.3195192956152693,Right Foot,Open Play,0
3930184,Barış Alper Yılmaz,11.859595271340417,17.457347355285187,0,1,0.8289452929552359,Head,Open Play,0
3930184,Kenan Yildiz,22.943626565998677,17.731310885862584,1,1,4.1141222603030325,Right Foot,Open Play,0
3930184,Adam Hložek,22.69273011340857,18.608396666989997,1,1,2.7394742244218295,Left Foot,Open Play,0
3930184,Kenan Yildiz,13.761177275218856,32.1107193041763,2,1,1.0354035014022813,Right Foot,Open Play,0
3930184,Kenan Yildiz,10.846658471621566,39.83605051557465,1,1,2.5394754858081634,Right Foot,Open Play,0
3930184,İsmail Yüksek,21.284971223847123,21.209056076450818,3,1,2.7058461652986914,Right Foot,Open Play,0
3930184,Hakan Çalhanoğlu,17.681628884240272,16.238841629692295,1,1,1.0181756097029235,Right Foot,Open Play,1
3930184,Ladislav Krejčí,11.094142598686929,21.230878712913913,1,0,1.8117325436298013,Head,Open Play,0
3930184,Tomáš Chorý,5.656854249492381,63.43494882292201,0,0,2.1279411546111477,Right Foot,Open Play,0
3930184,Tomáš Souček,9.05096679918781,37.83645253416763,3,0,4.381917223195041,Right Foot,Open Play,1
3930184,Kenan Yildiz,9.929753269845131,38.45621143434404,1,1,0.5948626207539446,Left Foot,Open Play,0
3930184,Ondřej Lingr,11.039021695784456,31.472018596152335,1,1,2.8965805827085567,Right Foot,Open Play,0
3930184,Ondřej Lingr,9.386160024205848,39.006992704046354,1,1,2.6116102351326607,Head,Open Play,0
3930184,Okay Yokuşlu,24.8766959220874,18.079238702383627,1,1,6.101981674793866,Right Foot,Open Play,0
3930184,Matěj Jurásek,24.288680491125902,16.682574106460386,1,1,2.845148039919928,Right Foot,Open Play,0
3930184,Barış Alper Yılmaz,21.611570974827355,20.33885626725396,0,1,1.99827865097096,Left Foot,Open Play,0
3930184,Cenk Tosun,15.695222202950811,27.046566935514125,1,1,2.1800377901305845,Right Foot,Open Play,1
3941022,Merih Demiral,4.317406628984584,85.50741852008466,2,1,2.1194706277020265,Left Foot,Open Play,1
3941022,Christoph Baumgartner,22.08098729676732,17.51265845745012,1,1,0.9523857145385728,Right Foot,Open Play,0
3941022,Philipp Lienhart,8.508818954473059,30.78414652632646,0,0,2.2943566334935497,Head,Open Play,0
3941022,Marcel Sabitzer,30.480321520613913,14.774292379806754,4,1,11.62808982296817,Right Foot,Free Kick,0
3941022,Philipp Lienhart,16.662832892398583,26.350050409835436,1,1,2.3251615723169032,Right Foot,Open Play,0
3941022,Arda Güler,61.04334525564601,7.492881619919198,1,0,0.49100125548229157,Left Foot,Open Play,0
3941022,Merih Demiral,7.161005515987261,43.602818972703645,2,1,0.42746583738719995,Other,Open Play,0
3941022,Marcel Sabitzer,31.479675983084704,12.087894095801783,4,1,6.033456259712374,Right Foot,Open Play,0
3941022,Christoph Baumgartner,10.262553288533995,37.60577373606981,1,1,0.9008789248208281,Left Foot,Open Play,0
3941022,Michael Gregoritsch,13.27742444904131,31.54523661417766,1,1,0.5647044913678994,Head,Open Play,0
3941022,Marko Arnautović,10.916501271011704,37.51218825324538,0,1,1.487554078496825,Right Foot,Open Play,0
3941022,Konrad Laimer,16.179307772584085,27.657559999380705,1,1,2.1560853912822595,Left Foot,Open Play,0
3941022,Stefan Posch,15.663013758533186,22.373726142159885,1,1,0.7047780353297313,Right Foot,Open Play,0
3941022,Ferdi Erenay Kadıoğlu,18.1463494951464,15.009247495954192,1,1,3.408010489134969,Right Foot,Open Play,0
3941022,Merih Demiral,5.714017850864655,56.123735145933004,2,0,0.2236360574600512,Head,Open Play,1
3941022,Stefan Posch,7.156814934033161,57.46035400275773,1,1,0.626566407221216,Head,Open Play,0
3941022,Michael Gregoritsch,5.166236541235794,70.62604455223082,0,0,6.2655430406507415,Left Foot,Open Play,1
3941022,Michael Gregoritsch,10.638138934982937,41.11111671976694,0,0,6.0396601885100685,Head,Open Play,0
3941022,Florian Grillitsch,24.824383174612812,17.46021834187882,4,1,3.1815925845034165,Right Foot,Open Play,0
3941022,Florian Grillitsch,27.902867236182015,15.032941766955357,0,1,1.905173428798136,Right Foot,Open Play,0
3941022,Marko Arnautović,23.348233337878046,19.405817506154442,1,1,0.5499457322710393,Right Foot,Open Play,0
3941022,Marcel Sabitzer,23.967686580060246,16.138982567732608,1,1,2.7521782282730918,Left Foot,Open Play,0
3941022,Christoph Baumgartner,6.407807737440322,62.03472809528006,1,1,0.3801527527479551,Head,Open Play,0
3941022,Christoph Baumgartner,10.159232254457027,41.07083800070133,3,1,0.5455677155856957,Head,Open Play,0
3941022,Michael Gregoritsch,7.810889834071409,52.75412490380005,2,1,0.563791227897942,Head,Open Play,0
3941022,Barış Alper Yılmaz,17.68191166135608,24.88405265295801,1,1,0.6399916349434206,Right Foot,Open Play,0
3941022,Christoph Baumgartner,6.670832032063163,59.714371256006885,0,1,1.5122035004881003,Head,Open Play,0
3941021,Xavi Simons,33.01060435678208,10.427831837951977,2,0,3.791493632185142,Right Foot,Open Play,0
3941021,Dennis Man,22.544178849538966,18.844615443895975,1,1,3.330744754335603,Left Foot,Open Play,0
3941021,Stefan de Vrij,8.200000000000003,52.006691689022865,2,1,0.36668796421992417,Head,Open Play,0
3941021,Nathan Aké,12.238463955905576,34.048321415909896,1,1,1.127349846435506,Head,Open Play,0
3941021,Cody Mathès Gakpo,19.602550854416883,15.192171672842068,2,1,1.6068419100365006,Right Foot,Open Play,1
3941021,Ianis Hagi,32.6833290838005,10.25692027374285,1,1,6.027559034724991,Right Foot,Open Play,0
3941021,Dennis Man,12.192620719107104,36.11766509330133,1,1,2.2198293654403405,Left Foot,Open Play,0
3941021,Tijjani Reijnders,18.83215335536539,23.946789135402675,1,1,2.767586598378479,Right Foot,Open Play,0
3941021,Stefan de Vrij,9.6260064408871,36.536004337197575,0,1,2.6874987031751028,Head,Open Play,0
3941021,Xavi Simons,9.932270636667132,43.77886618005777,3,1,1.6220612527143468,Right Foot,Open Play,0
3941021,Denis Mihai Drăguş,20.57036703610317,21.940061269181808,2,1,2.0728323086189584,Right Foot,Open Play,0
3941021,Tijjani Reijnders,18.826576959181928,23.959975698657793,0,1,1.173218848604135,Right Foot,Open Play,0
3941021,Donyell Malen,7.3375745311376575,55.95254386859383,0,0,1.5461424931757095,Head,Open Play,0
3941021,Donyell Malen,13.50740537631118,24.312849326489765,0,1,3.9149442129825385,Right Foot,Open Play,0
3941021,Memphis Depay,6.236184731067547,64.50469270693497,0,1,2.0288812986249507,Right Foot,Open Play,0
3941021,Tijjani Reijnders,23.641488954801467,19.17507848750217,1,0,1.1953323907742321,Right Foot,Open Play,0
3941021,Virgil van Dijk,10.40192289915668,42.06265578171584,1,1,0.4266010306210169,Head,Open Play,0
3941021,Cody Mathès Gakpo,14.235870187663275,17.819485074878976,0,1,2.0582707272536918,Right Foot,Open Play,0
3941021,Denis Mihai Drăguş,17.48971126119582,23.558523640411043,1,1,2.568526960401628,Right Foot,Open Play,0
3941021,Cody Mathès Gakpo,24.03539057306954,18.06387927348281,1,1,2.3581540724100805,Right Foot,Open Play,0
3941021,Nathan Aké,11.21605991424796,32.071003345719674,0,1,2.4279288641734635,Head,Open Play,0
3941021,Memphis Depay,26.610148440021902,16.544941717048985,3,1,10.233803377623488,Right Foot,Free Kick,0
3941021,Joey Veerman,13.058713566044702,16.713189778153005,0,1,2.5663523462359334,Right Foot,Open Play,0
3941021,Memphis Depay,18.476471524617466,16.048603785302088,0,1,3.182772729939086,Right Foot,Open Play,0
3941021,Cody Mathès Gakpo,18.168654325513497,19.495357110535366,2,1,1.8974989016927213,Right Foot,Open Play,0
3941021,Donyell Malen,5.946427498927406,61.18920625702691,0,0,1.787327535780304,Right Foot,Open Play,1
3941021,Memphis Depay,14.818906842274163,17.03942748450514,1,1,2.926638367901956,Right Foot,Open Play,0
3941021,Donyell Malen,17.201162751395614,24.304988066914813,0,1,1.6707361185163367,Right Foot,Open Play,1
3941020,Rúben Santos Gato Alves Dias,13.697079980784222,14.630931053647167,1,1,3.9250535839247434,Left Foot,Open Play,0
3941020,Cristiano Ronaldo dos Santos Aveiro,8.452810183601661,50.135068245692096,1,1,0.3131238077926199,Head,Open Play,0
3941020,Cristiano Ronaldo dos Santos Aveiro,23.515314159075142,18.99107095591133,6,1,10.35581707580734,Right Foot,Free Kick,0
3941020,Cristiano Ronaldo dos Santos Aveiro,33.094561486745825,6.344561800017221,1,1,12.844968429517937,Right Foot,Free Kick,0
3941020,Benjamin Šeško,31.42817207538485,13.96227353799056,0,0,3.1401388334242593,Right Foot,Open Play,0
3941020,Jaka Bijol,11.329607230614839,15.896892689481561,0,0,2.2206150831413862,Head,Open Play,0
3941020,João Maria Lobo Alves Palhinha Gonçalves,21.302112571292074,21.267808846671148,1,1,3.101740720812883,Right Foot,Open Play,0
3941020,Bernardo Mota Veiga de Carvalho e Silva,16.757386431063765,23.65581865250779,2,1,6.044664557994345,Left Foot,Open Play,0
3941020,Timi Elšnik,16.794344286098223,14.013438674525263,2,0,2.9567236434734796,Left Foot,Open Play,0
3941020,Vitor Machado Ferreira,33.15674893592554,11.7225577301483,1,0,5.174955059197928,Right Foot,Open Play,0
3941020,Cristiano Ronaldo dos Santos Aveiro,24.579056125083405,18.22045533629675,7,1,10.592436652888471,Right Foot,Free Kick,0
3941020,Vitor Machado Ferreira,13.76735268670052,31.895445996399587,2,1,1.7318310536246568,Right Foot,Open Play,0
3941020,Vitor Machado Ferreira,19.266551326067674,23.38522105721374,2,1,2.6179683174235615,Left Foot,Open Play,0
3941020,João Maria Lobo Alves Palhinha Gonçalves,13.656500283747663,30.392060568943737,2,1,0.41967576311242144,Head,Open Play,0
3941020,Adam Gnezda Čerin,24.305760634055453,15.998835214445215,4,1,4.069671811094472,Right Foot,Open Play,0
3941020,Benjamin Šeško,18.317205026968495,21.334914530506513,0,1,1.983623453554744,Left Foot,Open Play,0
3941020,Cristiano Ronaldo dos Santos Aveiro,31.170819687650173,14.59324163877387,4,0,10.993389720259303,Right Foot,Free Kick,0
3941020,Cristiano Ronaldo dos Santos Aveiro,16.79196236298783,18.4627337619205,0,1,1.7585916176521637,Left Foot,Open Play,0
3941020,Bruno Miguel Borges Fernandes,36.90596157804319,11.227642184246731,2,1,3.4560344474518763,Right Foot,Open Play,0
3941020,Benjamin Verbič,23.99708315608378,18.26715359781229,1,1,2.9509393999681337,Right Foot,Open Play,0
3941020,Jon Gorenc Stankovič,21.408409562599456,18.593352753657364,1,1,2.3204437335004857,Left Foot,Open Play,0
3941020,Diogo José Teixeira da Silva,9.693812459502192,36.07278833873746,1,1,0.4305169335436936,Head,Open Play,0
3941020,Cristiano Ronaldo dos Santos Aveiro,11.900420160649796,37.156345075648375,0,1,11.48606159676193,Right Foot,Penalty,0
3941020,João Maria Lobo Alves Palhinha Gonçalves,14.475496537252184,27.324903841970233,1,1,4.126724576438926,Head,Open Play,0
3941020,Kléper Laveran Lima Ferreira,10.135580891098451,38.74671141316951,1,1,0.621444428328104,Head,Open Play,0
3941020,Josip Iličić,27.46069918993324,14.987641821167347,5,1,9.720898570288478,Left Foot,Free Kick,0
3941020,Benjamin Šeško,22.57875107263465,19.12138362646339,0,1,3.934506971227666,Right Foot,Open Play,0
3941020,Žan Celar,27.267746514884575,16.129747361429448,1,1,6.129667158968504,Right Foot,Open Play,0
3941020,Cristiano Ronaldo dos Santos Aveiro,13.697079980784226,30.230066305910917,1,1,0.8618058094342259,Head,Open Play,0
3941020,Rúben Diogo Da Silva Neves,33.45399826627604,13.615459059453201,5,1,5.157411395297915,Right Foot,Open Play,0
3941020,Cristiano Ronaldo dos Santos Aveiro,11.900420160649796,37.156345075648375,0,1,9.254748973836755,Right Foot,Penalty,1
3941020,Jure Balkovec,11.900420160649796,37.156345075648375,0,1,11.612625434378144,Left Foot,Penalty,0
3941020,Bruno Miguel Borges Fernandes,11.800423721205943,37.44933147198404,0,1,11.220482728923011,Right Foot,Penalty,1
3941018,Fabián Ruiz Peña,24.901807163336567,18.249802777405947,2,1,1.216395345118856,Left Foot,Open Play,0
3941018,Pedro González López,12.619429464123963,30.386823952946788,0,1,2.2871532208718692,Left Foot,Open Play,0
3941018,Fabián Ruiz Peña,11.542096863222033,31.84253152012157,2,1,1.948691122688513,Head,Open Play,0
3941018,Daniel Carvajal Ramos,11.898319209031161,22.805906360236694,2,1,1.098354551943726,Head,Open Play,0
3941018,Nicholas Williams Arthuer,20.96783250600786,20.50044561660966,3,1,2.7835784515452815,Right Foot,Open Play,0
3941018,Fabián Ruiz Peña,18.291254740995768,22.383843756693384,0,1,3.1031549213452942,Left Foot,Open Play,0
3941018,Nicholas Williams Arthuer,19.143667360252582,13.106319218222671,1,1,2.7298684716252666,Right Foot,Open Play,0
3941018,Aymeric Laporte,9.818350166906864,39.21170718201508,1,1,0.11837070307037291,Head,Open Play,0
3941018,Fabián Ruiz Peña,22.01658465793457,15.546489352344398,1,1,1.5959902280382663,Left Foot,Open Play,0
3941018,Rodrigo Hernández Cascante,33.76403411916296,12.985569931246435,2,1,2.0912475660811642,Right Foot,Open Play,0
3941018,Pedro González López,19.902261178067185,20.643547350557938,1,1,3.2931380746800847,Left Foot,Open Play,0
3941018,Aymeric Laporte,35.32378801884078,12.310243938865431,2,1,7.787504247113878,Left Foot,Open Play,0
3941018,Giorgi Kochorashvili,20.681392603013954,21.62267606210181,1,1,2.8365764799690627,Right Foot,Open Play,0
3941018,Lamine Yamal Nasraoui Ebana,27.069170655932556,16.005769665751078,1,1,1.8250545988957851,Left Foot,Open Play,0
3941018,Nicholas Williams Arthuer,14.223923509355636,15.821850747025225,1,1,2.4793614113765545,Right Foot,Open Play,0
3941018,Rodrigo Hernández Cascante,18.29890707118871,24.18551605347677,3,1,2.0822024343965193,Left Foot,Open Play,1
3941018,Lamine Yamal Nasraoui Ebana,28.938728375656037,14.888864420083342,2,1,1.958487366780872,Left Foot,Open Play,0
3941018,Fabián Ruiz Peña,24.61970755309656,17.881816967352904,0,1,1.0787433157847388,Right Foot,Open Play,0
3941018,Khvicha Kvaratskhelia,63.72103263444497,7.058802090591769,1,0,2.67809802685845,Left Foot,Open Play,0
3941018,Lamine Yamal Nasraoui Ebana,20.619408332927506,21.745374512028324,4,1,9.481230461967579,Left Foot,Free Kick,0
3941018,Fabián Ruiz Peña,6.222539674441622,57.159595728526504,0,0,4.28456705522405,Head,Open Play,1
3941018,Lamine Yamal Nasraoui Ebana,20.500975586542218,20.60464147868086,1,1,3.434316327583278,Left Foot,Open Play,0
3941018,Álvaro Borja Morata Martín,25.344230112591706,17.842071752210206,0,1,0.7090909998567152,Right Foot,Open Play,0
3941018,Daniel Olmo Carvajal,25.056935167733506,17.694369995909003,3,1,4.424686015127516,Right Foot,Open Play,0
3941018,Daniel Olmo Carvajal,20.662042493422575,19.708569056401007,1,1,1.5577455313008777,Right Foot,Open Play,0
3941018,Lamine Yamal Nasraoui Ebana,15.174320413118995,29.41434683624397,1,1,0.7735113317592408,Left Foot,Open Play,0
3941018,Heorhii Tsitaishvili,20.251419703319566,13.249594882592975,0,1,5.216802128408598,Left Foot,Open Play,0
3941018,Fabián Ruiz Peña,28.339724769305718,15.182292486451715,1,1,6.0884083858329365,Left Foot,Open Play,0
3941018,Nicholas Williams Arthuer,13.699999999999998,22.29565754124905,0,1,5.107278514397692,Right Foot,Open Play,1
3941018,Daniel Olmo Carvajal,11.783462988442746,37.30394827798342,1,1,2.4941355551521336,Right Foot,Open Play,0
3941018,Lamine Yamal Nasraoui Ebana,8.96270048590267,32.8893603638505,0,1,1.1006585288653135,Left Foot,Open Play,0
3941018,Lamine Yamal Nasraoui Ebana,15.321879780235848,24.392627933683197,1,1,1.4749690369706652,Left Foot,Open Play,0
3941018,Daniel Olmo Carvajal,17.763445611704956,25.301264922449384,0,1,2.2147615268338074,Left Foot,Open Play,1
3941018,Nicholas Williams Arthuer,18.474035834110534,20.49676282442046,2,1,2.544726568872821,Right Foot,Open Play,0
3941018,Daniel Olmo Carvajal,20.54117815511077,21.998737344090603,2,1,0.5983397525080452,Right Foot,Open Play,0
3941018,Daniel Olmo Carvajal,11.985407794480759,18.6971240904703,1,1,1.5298754168993032,Right Foot,Open Play,0
3941018,Rodrigo Hernández Cascante,14.0089257261219,31.855132382449256,0,1,0.7685661321506604,Head,Open Play,0
3941017,David Strelec,13.376471881628582,31.946867797555644,0,1,1.2545447001838959,Right Foot,Open Play,0
3941017,Lukáš Haraslín,19.865548066942427,21.872338141306045,1,1,1.8131116790193205,Right Foot,Open Play,0
3941017,Kieran Trippier,19.946177578674067,19.816673951590698,0,1,2.902568475021067,Right Foot,Open Play,0
3941017,Lukáš Haraslín,15.126797413861274,25.869527320933496,1,1,0.9873516772445219,Right Foot,Open Play,0
3941017,Harry Kane,10.480935072788112,35.27986445657337,1,1,1.107429590623426,Head,Open Play,0
3941017,Kobbie Mainoo,23.69662423215594,18.411944672202292,5,1,6.628297306143272,Right Foot,Open Play,0
3941017,Ivan Schranz,8.184130986244053,46.43510755863397,0,1,2.3679945081233575,Right Foot,Open Play,1
3941017,Declan Rice,11.10405331399305,32.96940390346213,1,1,1.1441830415351035,Head,Open Play,0
3941017,Kobbie Mainoo,23.307724041613323,18.92742261549354,1,1,2.2760253904015437,Right Foot,Open Play,0
3941017,Bukayo Saka,28.537869577107543,15.618633494329703,3,1,1.9510272032031615,Left Foot,Open Play,0
3941017,Harry Kane,16.860011862392025,24.24248572336819,1,1,0.5772296078752202,Right Foot,Open Play,0
3941017,Jude Bellingham,8.302409288875126,51.440300138370716,1,1,0.5528213064886854,Head,Open Play,0
3941017,Phil Foden,25.43737407831241,14.839605613623355,5,1,9.567483008399675,Left Foot,Free Kick,0
3941017,Harry Kane,8.31504660239496,51.32967026455451,0,1,1.7058164915620082,Head,Open Play,0
3941017,Declan Rice,26.704681237565822,16.91449591979457,2,1,2.909128171622276,Right Foot,Open Play,0
3941017,Harry Kane,12.599999999999994,35.225155685847675,0,1,2.151541441999643,Right Foot,Open Play,0
3941017,Stanislav Lobotka,31.022088904520913,14.502955169906619,1,1,3.113918421379131,Right Foot,Open Play,0
3941017,Jude Bellingham,9.940824915468541,43.72005790269528,2,1,1.9484445149659295,Right Foot,Open Play,1
3941017,Eberechi Eze,23.622235287965445,19.129464614999627,4,1,6.083295069810848,Right Foot,Open Play,0
3941017,Harry Kane,4.34165866921848,84.64417495714483,1,0,1.2226150927107338,Head,Open Play,1
3941017,Peter Pekarík,5.594640292279739,69.44395478041662,1,0,0.4055802374860416,Other,Open Play,0
3941017,Matúš Bero,30.740201690945362,12.620724876025287,1,1,0.9993542741707284,Right Foot,Open Play,0
3941017,Ľubomír Tupta,32.0199937539032,13.89082301999714,2,1,9.994014497442203,Right Foot,Free Kick,0
3941017,Róbert Boženík,17.98054504179448,7.26954014990228,0,1,1.0891291317658307,Right Foot,Open Play,0
3941017,Dávid Hancko,8.994442728707547,44.23967909679209,1,0,0.44515002047892155,Head,Open Play,0
3941017,Milan Škriniar,8.90505474435727,45.67088010572804,1,1,1.0904229406352064,Head,Open Play,0
3941017,Ivan Toney,20.209403751719144,22.28210370130906,0,1,2.237232093525039,Right Foot,Open Play,0
3941017,Dávid Hancko,12.803515142334932,34.69172950875504,1,1,0.5707429365211985,Head,Open Play,0
3930182,Alexander Hartmann Bah,8.653900854527974,47.38109580216377,0,1,1.2278161356649113,Head,Open Play,0
3930182,Christian Dannemann Eriksen,25.532724100651702,17.720607111348606,0,1,5.00388356481264,Right Foot,Open Play,0
3930182,Christian Dannemann Eriksen,20.525106577067998,12.466521900709159,0,1,2.177762375867428,Right Foot,Open Play,0
3930182,Aleksandar Mitrović,9.600520819205586,45.235968732500496,1,1,0.5716171295056548,Head,Open Play,0
3930182,Rasmus Winther Højlund,21.927608168699116,15.30454558381076,0,1,1.986987237754173,Left Foot,Open Play,0
3930182,Jonas Older Wind,16.504847772699996,27.239432995565494,1,1,3.298954675615958,Right Foot,Open Play,0
3930182,Andreas Skov Olsen,21.43944961980134,14.749601766539534,1,1,2.5646129932218424,Left Foot,Open Play,0
3930182,Andreas Christensen,29.45980312222062,15.134171072073798,2,0,4.282550766204449,Right Foot,Open Play,0
3930182,Morten Hjulmand,29.541157729513582,14.753438626582785,0,1,6.303927530635811,Right Foot,Open Play,0
3930182,Jannik Vestergaard,10.316006979447044,41.21552009051208,0,1,2.132818768523806,Head,Open Play,0
3930182,Morten Hjulmand,32.79466420014085,13.17430969002971,1,0,3.6081033856695237,Right Foot,Open Play,0
3930182,Aleksandar Mitrović,20.52315765178448,13.969682415721282,2,1,6.398600857481196,Right Foot,Open Play,0
3930182,Aleksandar Mitrović,10.581587782558906,37.18287705686686,1,1,0.5361024618301192,Head,Open Play,0
3930182,Dušan Vlahović,14.57978051961002,28.064014250369034,1,0,3.161787743643609,Head,Open Play,0
3930182,Sergej Milinković-Savić,18.87988347421668,23.7215710632468,1,1,6.913849631209334,Right Foot,Open Play,0
3930179,Mikel Merino Zazón,14.453373308677808,27.77567633602119,1,1,1.1925426579171479,Head,Open Play,0
3930179,José Luis Sanmartín Mato,12.467958934805655,35.4267565084014,1,1,1.3854029299621693,Head,Open Play,0
3930179,Ferrán Torres García,18.398369492974098,17.22748822645097,0,1,2.3562275645533965,Left Foot,Open Play,1
3930179,Daniel Olmo Carvajal,29.70016834969122,12.347965022787582,0,1,2.809213759980269,Right Foot,Open Play,0
3930179,Daniel Vivian Moreno,10.317460927960907,42.33353778779839,0,1,1.6791880433722284,Head,Open Play,0
3930179,Daniel Olmo Carvajal,10.186265262597473,32.54210705217215,2,1,0.7137593546794553,Right Foot,Open Play,0
3930179,Ferrán Torres García,14.56708618770412,22.97971675824863,1,1,2.2940799244244356,Head,Open Play,0
3930179,Mikel Merino Zazón,14.629422408283935,27.526699975981263,2,1,4.059773457601258,Left Foot,Open Play,0
3930179,Kristjan Asllani,24.56013029281401,18.38810028102149,1,1,1.2342516212744115,Right Foot,Open Play,0
3930179,José Luis Sanmartín Mato,22.41628872048181,14.740954084871998,1,1,0.48678745543336466,Right Foot,Open Play,0
3930179,José Luis Sanmartín Mato,10.32472759931224,40.28734831021157,1,1,0.755410933362574,Left Foot,Open Play,0
3930179,Mikel Oyarzabal Ugarte,12.369316876852984,33.65144550317227,0,0,1.75238783611336,Left Foot,Open Play,0
3930179,Kristjan Asllani,24.368011818775866,17.951678169798374,2,1,1.9938550781588624,Right Foot,Open Play,0
3930179,Daniel Olmo Carvajal,59.122246236082745,7.72524606801337,0,0,6.174884240186351,Right Foot,Open Play,0
3930179,Armando Broja,16.43471934655411,24.238057733161956,0,1,4.33205893613102,Right Foot,Open Play,0
3930179,Kristjan Asllani,25.810462994684922,16.646355837156964,1,1,4.981329564379083,Left Foot,Open Play,0
3930179,Jasir Asani,32.117907777437814,10.444195475355883,0,1,2.0438118364540214,Left Foot,Open Play,0
3930179,Fermin Lopez Marin,31.6395322342161,11.074172659552072,1,1,1.765986135057414,Right Foot,Open Play,0
3930179,Fermin Lopez Marin,24.007707095847362,17.881982680253273,1,1,2.1180941056438147,Left Foot,Open Play,0
3930179,Kristjan Asllani,26.940118782217716,13.682985986342048,0,1,2.004225080129568,Left Foot,Open Play,0
3930179,Medon Berisha,26.48773300982928,16.631750843211677,1,1,3.217556409264761,Right Foot,Open Play,0
3930179,Daniel Olmo Carvajal,17.824140933015535,18.063830378938142,1,1,4.166128141077077,Right Foot,Open Play,0
3930179,Álvaro Borja Morata Martín,7.902531240052141,46.878365873206334,0,0,0.8794684306515628,Head,Open Play,0
3930179,Arbër Hoxha,16.141871019184855,16.404759953161772,2,1,0.5533933553863518,Right Foot,Open Play,0
3930179,Berat Djimsiti,11.587924749496779,36.14701023151734,2,1,0.7196164695928239,Head,Open Play,0
3930179,Armando Broja,11.228535078094563,39.14398641457103,1,1,1.3361939963301217,Right Foot,Open Play,0
3940983,Joshua Kimmich,30.389636391375266,14.245061981599115,1,1,4.240556921817741,Right Foot,Open Play,0
3940983,Nico Schlotterbeck,12.573384588089242,28.640398451405535,2,1,0.45385418416533857,Head,Open Play,0
3940983,Kai Havertz,17.5504985684168,19.46343116276485,0,1,3.4229951946211488,Left Foot,Open Play,0
3940983,Robert Andrich,9.774456506629921,43.696206445396314,1,1,1.2860212258166792,Head,Open Play,0
3940983,Jamal Musiala,29.88109770406703,15.209551422706134,2,0,0.7363099293727179,Right Foot,Open Play,0
3940983,Toni Kroos,27.95943490129942,16.14028714842852,5,1,10.048344610952235,Right Foot,Free Kick,0
3940983,Christian Dannemann Eriksen,19.001052602421794,23.7748653160852,1,1,1.7769328806613847,Right Foot,Open Play,0
3940983,Joakim Mæhle,14.663219291819926,16.777659218975074,0,1,1.1967335816649503,Left Foot,Open Play,0
3940983,Christian Dannemann Eriksen,19.303885619221848,23.300887690234816,6,1,8.283303381904503,Right Foot,Free Kick,0
3940983,Rasmus Winther Højlund,24.47059459841546,10.953879237333632,1,1,0.7631372267283574,Left Foot,Open Play,0
3940983,Kai Havertz,8.505292469985967,50.35725249123411,0,1,0.999754193566215,Head,Open Play,0
3940983,Nico Schlotterbeck,11.543396380615198,27.716229879264468,1,1,0.6232089136178619,Head,Open Play,0
3940983,Rasmus Winther Højlund,12.723600119463047,15.332518899637053,0,1,0.8480454656790258,Right Foot,Open Play,0
3940983,Rasmus Winther Højlund,12.08304597359457,35.985421513037664,0,1,1.788280985736582,Left Foot,Open Play,0
3940983,Kai Havertz,12.0,36.86989764584404,0,1,9.874326808158765,Left Foot,Penalty,1
3940983,Kai Havertz,14.29020643657746,25.258566382999977,0,1,4.9806323190036235,Left Foot,Open Play,0
3940983,Rasmus Winther Højlund,17.088007490635064,22.65523270867977,1,1,1.7256449807676595,Left Foot,Open Play,0
3940983,Jamal Musiala,14.807092894960848,21.093215893612623,0,1,2.237836983518168,Right Foot,Open Play,1
3940983,Joachim Andersen,8.937561188601727,35.99322683749405,2,0,1.445753034696473,Head,Open Play,0
3940983,Joshua Kimmich,72.33270353028428,6.292902830055992,1,0,1.9313511967644046,Right Foot,Open Play,0
3940983,Pierre-Emile Højbjerg,25.87450482617977,17.464536446110877,1,1,3.1375566460768063,Right Foot,Open Play,0
3940983,Benjamin Henrichs,28.408625450732387,12.708904199257951,0,1,3.1907023938914745,Right Foot,Open Play,0
3940983,Florian Wirtz,19.260321908005583,22.743536574764885,0,1,0.81291364572617,Left Foot,Open Play,0
3940983,Jannik Vestergaard,13.382077566656086,32.924467934456985,1,1,0.7415724721844096,Right Foot,Open Play,0
3940983,Kai Havertz,16.96231116328197,21.530413033190055,0,1,2.8638051978217605,Left Foot,Open Play,0
3940878,Dan Ndoye,16.618363336983574,19.63080182652364,0,1,1.571588016218641,Right Foot,Open Play,0
3940878,Breel-Donald Embolo,16.704789732289356,22.470455928137525,0,1,3.5044318476733065,Right Foot,Open Play,0
3940878,Dan Ndoye,15.814234094637651,22.298469285872937,1,1,1.6858283158752736,Left Foot,Open Play,0
3940878,Remo Freuler,25.72178065375723,17.60003583311358,2,1,5.447425272315284,Right Foot,Open Play,0
3940878,Breel-Donald Embolo,26.5452443951831,16.98923795472904,2,1,1.2150848105988257,Left Foot,Open Play,0
3940878,Federico Chiesa,16.671232707871365,18.255610642875627,1,1,0.9978688729622206,Right Foot,Open Play,0
3940878,Dan Ndoye,17.758941409892653,16.802078202578215,1,1,2.172525937825925,Right Foot,Open Play,0
3940878,Fabian Lukas Schär,19.147062437878038,15.191077298944634,1,1,1.577722940983374,Left Foot,Open Play,0
3940878,Ricardo Iván Rodríguez Araya,31.842110482818192,12.826102253879974,2,1,2.4541629969615855,Left Foot,Open Play,0
3940878,Remo Freuler,10.515227054134405,36.97541283315895,1,1,2.6606140974860364,Left Foot,Open Play,1
3940878,Fabian Rieder,33.120386471175124,8.41959235742087,2,0,11.125079899353022,Left Foot,Free Kick,0
3940878,Ruben Vargas,21.9,15.892823041537477,0,1,3.6861357452642216,Right Foot,Open Play,1
3940878,Federico Chiesa,24.709917037497316,18.38347534532813,4,1,2.148709926733576,Left Foot,Open Play,0
3940878,Ricardo Iván Rodríguez Araya,30.677679182102423,13.798173732006294,2,1,5.091238243136442,Left Foot,Open Play,0
3940878,Bryan Cristante,30.464569585011372,14.742171389935676,2,1,1.4017615587481238,Right Foot,Open Play,0
3940878,Dan Ndoye,28.08504940355277,14.56586815403183,1,1,3.2158432403205497,Left Foot,Open Play,0
3940878,Granit Xhaka,22.09275899474758,18.46079593907185,1,1,4.233583329142137,Left Foot,Open Play,0
3940878,Mateo Retegui,21.421951358361362,20.682116129075027,1,1,1.6731965338865624,Left Foot,Open Play,0
3940878,Mattia Zaccagni,10.720074626605912,40.60511042066487,0,1,3.539350473970213,Head,Open Play,0
3940878,Gianluca Scamacca,6.6648330811806495,41.10876110388028,0,1,2.652096613562689,Right Foot,Open Play,0
3940878,Nicolò Fagioli,30.900647242412248,13.696142752449253,3,1,3.6116647741032577,Right Foot,Open Play,0
3940878,Gianluca Scamacca,22.699118925632334,19.826302751629733,1,1,2.2626842996680496,Right Foot,Open Play,0
3940878,Remo Freuler,21.302112571292074,21.267808846671148,2,1,4.3032950857334376,Left Foot,Open Play,0
3940878,Steven Zuber,14.187318280774559,12.654479113204971,0,1,1.5982383814524346,Left Foot,Open Play,0
3940878,Federico Chiesa,28.445913590531767,9.504838825860588,1,1,1.5533928741279364,Left Foot,Open Play,0
3930177,Bendegúz Bolla,32.70137611783333,12.959097810530203,1,0,2.9605611942716634,Right Foot,Open Play,0
3930177,Dominik Szoboszlai,31.37722103692422,14.495625608674068,3,1,10.325821129284739,Right Foot,Free Kick,0
3930177,Roland Sallai,29.388603233226313,13.786444902671242,1,1,4.189242948304378,Right Foot,Open Play,0
3930177,Willi Orban,8.458132181516204,26.75455335188206,0,1,1.7378977286733857,Head,Open Play,0
3930177,Dominik Szoboszlai,25.150944316267726,18.039014020183927,0,1,3.231712963248949,Left Foot,Open Play,0
3930177,Roland Sallai,17.08830009099793,23.637326766488215,2,1,1.9577083217336582,Left Foot,Open Play,0
3930177,Che Adams,27.851391347650843,14.126710413030112,1,1,2.485523577469561,Right Foot,Open Play,0
3930177,Roland Sallai,19.740820651634525,18.79754644801873,1,1,2.289033958289755,Right Foot,Open Play,0
3930177,Márton Dárdai,9.962429422585638,42.39335777333041,1,1,0.4700228770566131,Head,Open Play,0
3930177,András Schäfer,23.43608329051593,19.037194822148265,6,1,7.26652199661703,Left Foot,Open Play,0
3930177,Dominik Szoboszlai,17.40718242565407,14.082736049537083,0,1,3.7998681220111954,Right Foot,Open Play,0
3930177,Kevin Csoboth,12.714165328483032,18.805885384259305,0,1,3.2562567111741436,Right Foot,Open Play,0
3930177,Callum McGregor,26.063384277564577,16.715884780226897,3,1,4.19608470681826,Left Foot,Open Play,0
3930177,Ádám Nagy,28.617826612096177,14.896237784480661,3,1,2.856719798285508,Left Foot,Open Play,0
3930177,Lewis Morgan,17.20377865470257,22.64529009018487,1,1,0.4343761496043919,Left Foot,Open Play,0
3930177,Callum McGregor,9.702061636580138,44.80500452128412,2,1,0.7947042918786783,Right Foot,Open Play,0
3930177,Kevin Csoboth,13.24386650491464,32.71705559546414,1,0,4.030865202180288,Right Foot,Open Play,1
3930173,Jeremie Frimpong,17.82273828568439,16.822016984772745,1,1,0.7653294329902824,Right Foot,Open Play,0
3930173,Antoine Griezmann,30.666268113352174,12.160518540721009,2,1,3.6557193480988177,Left Foot,Open Play,0
3930173,Antoine Griezmann,12.551493934986382,34.80740654931218,0,1,1.5975543747484908,Left Foot,Open Play,0
3930173,Cody Mathès Gakpo,22.720035211240322,17.904128368376544,2,1,4.775699416235407,Right Foot,Open Play,0
3930173,Tijjani Reijnders,28.713759767748982,15.064015040119616,1,1,0.9329892678238062,Right Foot,Open Play,0
3930173,Marcus Thuram,18.47159982243011,14.0859793751504,0,1,1.1226289770097533,Right Foot,Open Play,0
3930173,Jeremie Frimpong,17.461385970191476,21.327986479979934,0,1,2.4468075971950376,Right Foot,Open Play,0
3930173,Xavi Simons,26.594924327773526,16.25819959664322,1,1,3.7145244199371636,Right Foot,Open Play,0
3930173,Antoine Griezmann,25.681316165648525,14.430865642271522,4,1,9.028424140476965,Left Foot,Free Kick,0
3930173,Antoine Griezmann,13.260844618650811,31.822985157214475,0,1,3.4657854141296958,Head,Open Play,0
3930173,Ousmane Dembélé,22.119900542271886,19.971830485094753,2,1,1.992545874186052,Left Foot,Open Play,0
3930173,N'Golo Kanté,30.01216420053709,12.836591399579513,0,0,2.3863679104495756,Right Foot,Open Play,0
3930173,Memphis Depay,28.45241641759097,15.602655837123997,4,1,8.119009685076097,Right Foot,Free Kick,0
3930173,Adrien Rabiot,9.68813707582629,44.307390102050185,1,1,1.182214261367687,Right Foot,Open Play,0
3930173,Aurélien Djani Tchouaméni,29.541326984412873,15.003157802565973,2,1,1.4079513843383662,Right Foot,Open Play,0
3930173,Marcus Thuram,21.26805115660577,21.24093629061184,0,1,0.6790392974968907,Right Foot,Open Play,0
3930173,Aurélien Djani Tchouaméni,10.259142264341598,42.43622978853498,0,1,0.7038383384598299,Head,Open Play,0
3930173,Antoine Griezmann,7.271863585079138,53.36741201765159,0,1,2.886986651520405,Left Foot,Open Play,0
3930173,Aurélien Djani Tchouaméni,30.268795813510657,11.747445600316256,2,1,6.554350790920257,Right Foot,Open Play,0
3930173,Ousmane Dembélé,20.40833163195855,19.267739743308447,2,1,2.174725172393651,Left Foot,Open Play,0
3930173,Memphis Depay,12.080149005703534,30.847535437772834,1,1,0.44603410028187584,Left Foot,Open Play,0
3930173,Xavi Simons,16.542369842317026,26.560603437643305,2,1,4.252599719121211,Right Foot,Open Play,0
3930173,Virgil van Dijk,13.28495389529072,33.34431348551161,0,1,1.9866524602482307,Head,Open Play,0
3930173,N'Golo Kanté,16.773789077009404,21.401226551383527,0,1,1.3175913399414534,Right Foot,Open Play,0
3930172,Pedro González López,6.935416353759886,59.82106807091832,0,1,2.5187507859312976,Head,Open Play,0
3930172,Nicholas Williams Arthuer,8.062257748298556,50.385350492037695,0,1,1.4697268977500884,Head,Open Play,0
3930172,Álvaro Borja Morata Martín,21.476731594914536,18.756691134490232,1,1,0.4807347568287174,Right Foot,Open Play,0
3930172,Álvaro Borja Morata Martín,10.599056561788885,21.319926390402525,1,1,2.6234354806130162,Right Foot,Open Play,0
3930172,Fabián Ruiz Peña,31.484122982862335,14.443993986171082,2,1,4.685220480208525,Left Foot,Open Play,0
3930172,Rodrigo Hernández Cascante,36.760032644163964,12.400624360883189,1,0,4.750165183404996,Right Foot,Open Play,0
3930172,Rodrigo Hernández Cascante,20.335437049643165,22.22112586665189,2,1,6.343114791339453,Right Foot,Open Play,0
3930172,Fabián Ruiz Peña,27.72002886001383,15.792403528857285,2,1,4.461693264150194,Left Foot,Open Play,0
3930172,Fabián Ruiz Peña,25.951493213300854,17.04686437050325,1,1,3.9649540775379997,Left Foot,Open Play,0
3930172,Federico Chiesa,24.043294283437948,13.447608909384961,2,1,0.820027256183693,Right Foot,Open Play,0
3930172,Pedro González López,10.335376142163375,38.71515905030126,1,1,3.3754500380779664,Right Foot,Open Play,0
3930172,Álvaro Borja Morata Martín,14.13258645825314,15.107511425572119,0,1,3.332013933140951,Head,Open Play,0
3930172,Álvaro Borja Morata Martín,27.680498550423547,16.062135183199853,0,1,4.8038946914529435,Right Foot,Open Play,0
3930172,Robin Aime Robert Le Normand,8.11233628494283,48.348049423860054,1,1,1.187933120839027,Head,Open Play,0
3930172,Lamine Yamal Nasraoui Ebana,27.600362316462444,13.685381992917186,1,1,3.4301280304374875,Left Foot,Open Play,0
3930172,Nicholas Williams Arthuer,25.01379619330101,12.216191108555652,2,1,1.3668764534817845,Right Foot,Open Play,0
3930172,Lorenzo Pellegrini,29.235936790190255,13.670156662838869,1,1,10.170861705664525,Right Foot,Free Kick,0
3930172,Ayoze Pérez Gutiérrez,14.860013458944103,21.528873634704027,1,1,0.771701200370475,Left Foot,Open Play,0
3930172,Aymeric Laporte,8.845903006477066,39.873403475150994,1,0,0.8333790870234516,Head,Open Play,0
3930172,Bryan Cristante,9.638464608017195,27.01034619716313,0,1,2.7852895301897296,Right Foot,Open Play,0
3930172,Ayoze Pérez Gutiérrez,17.44276354251241,12.518284102049146,0,1,1.0879914328209834,Right Foot,Open Play,0
3930172,Ayoze Pérez Gutiérrez,17.21046193453273,20.93604442771881,0,1,1.3392405216848229,Right Foot,Open Play,0
3930172,Riccardo Calafiori,20.155644370746373,19.73516383803885,6,0,4.209132122717856,Left Foot,Open Play,0
3930167,Qazim Laçi,9.01387818865997,46.51698983230875,0,0,2.520946945023722,Head,Open Play,1
3930167,Nedim Bajrami,19.972481067709136,15.529513201104965,2,1,1.5978369648896245,Right Foot,Open Play,0
3930167,Elseid Hysaj,23.049511925418294,19.017381330174597,4,1,5.382192803766654,Left Foot,Open Play,0
3930167,Mateo Kovačić,26.4750826249891,16.46265508029479,1,1,3.7762576042156253,Right Foot,Open Play,0
3930167,Marcelo Brozović,23.163117234085743,15.708733457136002,1,1,1.1293167919961837,Right Foot,Open Play,0
3930167,Bruno Petković,8.109870529176154,52.47373526868697,0,0,2.240252499866723,Head,Open Play,0
3930167,Elseid Hysaj,17.778920102188437,24.632833862917515,1,1,1.6222755100418393,Left Foot,Open Play,0
3930167,Kristjan Asllani,14.596232390586271,28.90502646911133,0,1,1.6960240851197472,Right Foot,Open Play,0
3930167,Marcelo Brozović,34.027048064738146,12.71314303546285,1,0,7.684594673910517,Right Foot,Open Play,0
3930167,Lovro Majer,11.305308487608825,37.950471184112935,1,1,0.39064725443067594,Head,Open Play,0
3930167,Jasir Asani,31.393311389530094,12.694641629612583,2,0,0.9640236630632115,Left Foot,Open Play,0
3930167,Rey Manaj,10.929318368498565,40.128185159927845,1,1,1.2902312636396447,Head,Open Play,0
3930167,Bruno Petković,9.315041599477693,42.478535396467706,1,1,0.952253159193812,Head,Open Play,0
3930167,Luka Sučić,17.8331152634642,19.13661501813022,1,1,0.4328322746862587,Left Foot,Open Play,0
3930167,Mario Pašalić,7.779460135510695,44.13788507545369,0,1,1.089516491974522,Head,Open Play,0
3930167,Mateo Kovačić,24.848541204666322,17.149576142913173,1,1,1.7054049229932382,Right Foot,Open Play,0
3930167,Mario Pašalić,11.244554237496477,32.515481727669844,1,1,0.4268746950570874,Head,Open Play,0
3930167,Bruno Petković,7.54254598925323,55.725569929464406,1,1,0.5544212449371309,Head,Open Play,0
3930167,Josip Šutalo,4.482186966202992,79.65239213565593,1,1,0.4667547847241923,Head,Open Play,0
3930167,Luka Modrić,26.615972648017205,15.805188102834125,3,1,1.2906352725579133,Right Foot,Open Play,0
3930167,Ivan Perišić,28.693727537564722,14.553886051768144,2,1,4.883074897911257,Left Foot,Open Play,0
3930167,Kristjan Asllani,23.09328906847181,18.869124992754042,2,1,0.3681808733335988,Right Foot,Open Play,0
3930167,Nedim Bajrami,20.40833163195855,19.267739743308447,1,1,3.1704375732958954,Right Foot,Open Play,0
3930167,Mario Pašalić,7.111258679024416,55.97296288716454,0,1,0.8896389078977142,Head,Open Play,0
3930167,Taulant Sulejmanov,28.162386262531086,15.861226857475863,0,1,1.8616700372868806,Right Foot,Open Play,0
3930167,Andrej Kramarić,14.26674454807403,28.446668454961653,1,1,2.302645367622467,Right Foot,Open Play,1
3930167,Luka Sučić,8.386298349093,50.709183496959845,2,0,1.8612849773202458,Left Foot,Open Play,0
3930167,Ante Budimir,14.74109900923265,29.264424806014105,1,1,0.6122903649502022,Left Foot,Open Play,0
3930167,Luka Modrić,25.672748197261626,17.08043823035787,0,1,1.778858219309728,Right Foot,Open Play,0
3930167,Martin Baturina,18.655294154743313,10.777319493793776,0,1,2.2894134305097604,Right Foot,Open Play,0
3930167,Arbër Hoxha,24.49755089799795,17.982667371401693,0,1,2.1946798696805168,Right Foot,Open Play,0
3930167,Mirlind Daku,10.440306508910549,40.13124885774056,2,1,0.4369099140613038,Right Foot,Open Play,0
3930167,Klaus Gjasula,12.001666550941998,36.861304997511155,1,1,2.945926386577117,Left Foot,Open Play,1
3930167,Klaus Gjasula,20.70386437358978,21.866016614969656,2,1,3.5315916434197194,Right Foot,Open Play,0
3930167,Mateo Kovačić,19.349418595916518,20.556045219583478,1,1,1.3184550655271134,Left Foot,Open Play,0
3930168,Roland Sallai,7.907591289387689,49.03884937314621,0,1,3.217490550711055,Right Foot,Open Play,0
3930168,Kai Havertz,21.718655575334314,18.355701598887688,0,1,1.8803589703047332,Left Foot,Open Play,0
3930168,Bendegúz Bolla,18.18185909086307,15.222133226268413,0,1,5.709274028405709,Right Foot,Open Play,0
3930168,Kai Havertz,10.084641788382966,25.458154521548522,1,1,0.43828666876033195,Left Foot,Open Play,0
3930168,Robert Andrich,13.931259813814394,25.881511400502486,2,1,3.9689016279851907,Right Foot,Open Play,0
3930168,Roland Sallai,18.777113729218346,23.96375251992205,1,1,2.5273215694802342,Right Foot,Open Play,0
3930168,Jamal Musiala,9.424436322666736,44.35553917242447,2,0,0.9176296518001887,Right Foot,Open Play,1
3930168,Dominik Szoboszlai,30.540792393125624,11.972543893486682,3,1,9.480420330910038,Right Foot,Free Kick,0
3930168,Barnabás Varga,5.799999999999997,0.0,0,0,99.0,Left Foot,Open Play,0
3930168,İlkay Gündoğan,16.83448840921517,26.410569221995384,1,1,0.8244684471066251,Left Foot,Open Play,0
3930168,Dominik Szoboszlai,15.179262169156976,25.702481120507958,1,1,2.0309308609448657,Left Foot,Open Play,0
3930168,Bendegúz Bolla,23.58346878641902,17.04367916215198,3,1,8.958829800628882,Right Foot,Open Play,0
3930168,Maximilian Mittelstädt,21.850629281556166,20.529506796291162,3,1,4.022558612046943,Right Foot,Open Play,0
3930168,Florian Wirtz,28.757086083259544,12.298647380402755,1,1,0.9006485212270339,Right Foot,Open Play,0
3930168,Jamal Musiala,19.412367192076296,20.873472037363666,1,1,0.565662878079388,Right Foot,Open Play,0
3930168,Antonio Rüdiger,34.258575568753585,11.63649677000927,1,0,7.153309151244144,Right Foot,Open Play,0
3930168,Toni Kroos,20.925821369781403,21.242444005519662,1,1,6.777587490003971,Right Foot,Open Play,0
3930168,Dominik Szoboszlai,26.10785322465254,13.45105771030948,2,1,3.3075950979613933,Right Foot,Open Play,0
3930168,Roland Sallai,12.314625451064273,35.9569901170928,1,1,1.3559917713226899,Right Foot,Open Play,0
3930168,Barnabás Varga,6.8622153857191055,59.12544621163866,1,1,1.1014686192888141,Head,Open Play,0
3930168,Jamal Musiala,23.67551477793038,18.89677052673142,3,1,1.268750240429413,Right Foot,Open Play,0
3930168,İlkay Gündoğan,12.980754985747165,32.40550568012723,0,1,4.459124391951288,Left Foot,Open Play,1
3930168,Joshua Kimmich,18.33712082089225,11.301330795731237,0,1,3.212879038411025,Right Foot,Open Play,0
3930168,Joshua Kimmich,15.226621424334423,25.20623677208433,0,1,2.741446461718749,Left Foot,Open Play,0
3930168,Leroy Sané,22.42164133153503,19.21077918663884,1,1,1.4510291978374517,Right Foot,Open Play,0
3930168,Leroy Sané,31.37036818400447,14.501792699686694,5,1,9.58649933074697,Left Foot,Free Kick,0
3930168,Chris Führich,17.901117283566407,12.733886161635965,1,1,2.6017253265158016,Right Foot,Open Play,0
3930168,Niclas Füllkrug,6.527633568147036,62.89977679814419,1,1,0.6479278387673928,Head,Open Play,0
3930168,Leroy Sané,17.55477143115227,20.42462324505339,0,1,3.1412117335795755,Left Foot,Open Play,0
3930168,Willi Orban,8.080841540334776,52.04351458379741,2,1,1.004238264261578,Right Foot,Open Play,0
3930165,Kylian Mbappé Lottin,17.720045146669346,15.884432157822005,0,1,3.624803442785957,Right Foot,Open Play,0
3930165,Theo Bernard François Hernández,13.94596715900335,11.40311632967645,0,1,1.0191663976671195,Left Foot,Open Play,0
3930165,Antoine Griezmann,20.64654934849889,17.53038038190126,2,1,1.3869996280592474,Left Foot,Open Play,0
3930165,Marcus Thuram,9.192388155425117,28.7626082479026,3,1,1.0809285613338702,Head,Open Play,0
3930165,Christoph Baumgartner,8.84590300647707,48.19066039750848,0,1,2.66148622881945,Right Foot,Open Play,0
3930165,Kevin Danso,11.676043850551437,36.6720686595056,2,1,1.297406849928024,Head,Open Play,0
3930165,Stefan Posch,28.52805636562014,13.964408275484523,1,1,5.022960453991343,Right Foot,Open Play,0
3930165,Kylian Mbappé Lottin,16.23637890664048,27.48127952421431,0,1,2.1894656768591294,Right Foot,Open Play,0
3930165,Ousmane Dembélé,26.02152954766495,12.552296804694553,1,1,3.2004053450283045,Left Foot,Open Play,0
3930165,Antoine Griezmann,6.001666435249469,67.01564768804724,0,0,1.0519111676539958,Right Foot,Open Play,0
3930165,Jules Koundé,15.932670836994022,24.580832756710176,4,1,8.138725424987689,Right Foot,Open Play,0
3930165,Marcus Thuram,15.339491516996251,16.84534552047033,0,1,3.2958090043011667,Right Foot,Open Play,0
3930165,Marcus Thuram,20.02498439450078,19.03110951433199,1,1,1.3388663632001432,Right Foot,Open Play,0
3930165,Christoph Baumgartner,12.403628501370068,19.49436935860542,0,1,3.716569250556183,Right Foot,Open Play,0
3930165,Marcus Thuram,13.705838172107537,28.985202773512018,0,1,1.3593567326796423,Left Foot,Open Play,0
3930165,Kylian Mbappé Lottin,8.102468759581855,52.540530430731785,1,1,0.7719543246817759,Head,Open Play,0
3930165,Patrick Wimmer,15.454772725601632,16.40276313270139,3,1,0.6099450589145471,Head,Open Play,0
3930165,Marcus Thuram,23.20344801963708,16.061214986172978,2,1,0.9226543095374803,Right Foot,Open Play,0
3930164,Kevin De Bruyne,12.688971589533955,34.804109214294726,1,1,2.007802356145072,Left Foot,Open Play,0
3930164,Romelu Lukaku Menama,5.913543776789002,67.05037881085006,0,1,2.378473577505781,Right Foot,Open Play,0
3930164,Juraj Kucka,16.459647626847904,24.61644429834258,0,1,2.7722053328840865,Right Foot,Open Play,0
3930164,Ivan Schranz,11.700427342623007,13.7571352922613,0,1,7.663135929717255,Right Foot,Open Play,1
3930164,Jeremy Doku,22.242302039132547,12.80426606528671,2,1,1.113750404024318,Left Foot,Open Play,0
3930164,Leandro Trossard,32.076471127603796,12.59946262826938,0,1,6.084155662999401,Right Foot,Open Play,0
3930164,Róbert Boženík,19.641283053812952,20.519698655924234,1,1,0.4739044853885948,Right Foot,Open Play,0
3930164,Róbert Boženík,20.255616505058544,22.28630150644137,0,1,3.4635640533679983,Right Foot,Open Play,0
3930164,Leandro Trossard,22.48021352211762,18.611795750877103,1,1,2.338568298806079,Right Foot,Open Play,0
3930164,Amadou Onana,7.518643494673753,55.239087130777996,1,1,0.6450235608283971,Head,Open Play,0
3930164,Lukáš Haraslín,16.322989922192566,27.3610775928476,1,1,5.407614063740516,Right Foot,Open Play,0
3930164,Juraj Kucka,10.155294185792947,21.54471884235164,0,1,0.6142346145065088,Head,Open Play,0
3930164,Lukáš Haraslín,25.181143738917022,14.513124115338709,3,1,1.430142364629391,Right Foot,Open Play,0
3930164,Denis Vavro,40.20111938740015,11.364114654362611,1,1,1.9314977242598403,Right Foot,Open Play,0
3930164,Romelu Lukaku Menama,16.147135968957468,16.9097175793503,1,1,2.078725609864444,Right Foot,Open Play,0
3930164,Leandro Trossard,21.453671014537342,19.89773369162547,0,1,1.287625390397943,Right Foot,Open Play,0
3930164,Yannick Ferreira Carrasco,10.223991392797632,42.66742863175535,1,1,2.525486230868869,Left Foot,Open Play,0
3930164,Johan Bakayoko,9.099999999999994,47.456782151905095,2,1,1.9077863040729428,Left Foot,Open Play,0
3930164,Kevin De Bruyne,23.43032223423314,16.946076510419093,2,1,5.250642376917036,Right Foot,Open Play,0
3930164,David Strelec,9.674709297958264,40.891887822864135,1,1,0.7382499864573374,Right Foot,Open Play,0
3930164,Juraj Kucka,24.462420158275428,17.174319891961666,1,1,4.023212663438475,Left Foot,Open Play,0
3930164,Yannick Ferreira Carrasco,21.953815158190622,20.173616133133326,1,1,2.6288499433965713,Right Foot,Open Play,0
3930164,Amadou Onana,12.055289295574783,34.95305157824362,1,1,1.8253806659336294,Head,Open Play,0
3930164,Johan Bakayoko,21.115160430363776,20.134932631491942,5,1,2.7053865204115444,Left Foot,Open Play,0
3930161,Nedim Bajrami,14.451643505151932,18.786288561191785,1,1,1.3719306329324286,Right Foot,Open Play,1
3930161,Lorenzo Pellegrini,14.337712509323092,30.75395135008481,1,1,5.35204483645653,Right Foot,Open Play,0
3930161,Federico Chiesa,19.3238194982255,11.389756025258006,0,1,2.866610975776166,Left Foot,Open Play,0
3930161,Jasir Asani,22.000000000000004,12.715336988894803,1,1,1.5413609199974205,Left Foot,Open Play,0
3930161,Berat Djimsiti,17.212204972053986,25.220023981305633,0,1,3.1954152710388626,Left Foot,Open Play,0
3930161,Federico Dimarco,22.09072203437452,14.081933872526017,1,1,1.1456118095631358,Left Foot,Open Play,0
3930161,Alessandro Bastoni,6.184658438426496,40.79161024535145,0,1,1.047599707733175,Head,Open Play,1
3930161,Gianluca Scamacca,18.70427758562196,20.013416279199763,2,1,1.3965052728426794,Right Foot,Open Play,0
3930161,Nicolò Barella,19.481529714065065,22.905204585833268,1,1,8.828417801188033,Right Foot,Open Play,1
3930161,Riccardo Calafiori,4.512205669071396,82.93909975751524,0,1,0.7761122787412577,Head,Open Play,0
3930161,Federico Chiesa,25.251732613822753,17.56658165162236,3,1,0.972623284748728,Right Foot,Open Play,0
3930161,Lorenzo Pellegrini,10.912378292562995,29.19599108756371,1,1,0.21683009008454734,Right Foot,Open Play,0
3930161,Davide Frattesi,12.564234954823158,21.261809217382115,0,1,0.7613405299489626,Right Foot,Open Play,0
3930161,Gianluca Scamacca,11.806777714516356,18.62973702661754,0,1,2.4829316459556834,Right Foot,Open Play,0
3930161,Riccardo Calafiori,7.202777242147645,58.0805335477825,1,1,0.5616924826724478,Head,Open Play,0
3930161,Jasir Asani,28.690416518412558,14.82285083468087,1,1,1.0189598327093092,Left Foot,Open Play,0
3930161,Lorenzo Pellegrini,11.428473213863697,37.51782213035523,0,1,2.5485694885281043,Other,Open Play,0
3930161,Gianluca Scamacca,22.769497139814042,19.54792569260475,2,1,1.8838562783698862,Right Foot,Open Play,0
3930161,Kristjan Asllani,32.404474999604616,11.968500087664541,3,1,10.232315972158373,Right Foot,Free Kick,0
3930161,Federico Chiesa,22.357325421436265,16.92115155250129,2,1,3.918914243579266,Left Foot,Open Play,0
3930161,Giovanni Di Lorenzo,9.67729300992793,21.380359116050755,0,0,1.4498173107817667,Head,Open Play,0
3930161,Kristjan Asllani,23.015864094141676,19.468148984131336,4,1,6.224718207252905,Left Foot,Open Play,0
3930161,Federico Dimarco,30.271108337819417,12.378594954678679,0,1,2.899298688158182,Left Foot,Open Play,0
3930161,Rey Manaj,12.976902558006667,15.826154076172516,0,1,1.985669409781357,Right Foot,Open Play,0
3930161,Mario Mitaj,24.321389762922678,15.01738664188126,2,1,5.481878812096703,Left Foot,Open Play,0
3930183,Juraj Kucka,20.926777104943795,21.523195969461742,0,1,2.496216527179927,Right Foot,Open Play,0
3930183,Peter Pekarík,28.044607324760314,14.718303861099159,2,1,5.1045604514705065,Right Foot,Open Play,0
3930183,David Strelec,14.242541907960112,31.29852669790144,0,1,1.5780236907251652,Left Foot,Open Play,0
3930183,Juraj Kucka,12.87982919141399,31.540913276098845,3,1,1.493498332864983,Head,Open Play,0
3930183,Dávid Hancko,15.289538907370614,29.01773178854386,0,1,0.915004008243176,Right Foot,Open Play,0
3930183,Andrei Florin Ratiu,18.270194306574844,18.89882844775552,0,1,3.1078769634047525,Right Foot,Open Play,0
3930183,Ianis Hagi,17.020575783445164,16.447324426353468,2,1,4.860987522715865,Right Foot,Open Play,0
3930183,Răzvan Gabriel Marin,37.06818042472546,11.520319947710995,1,1,10.316967026670042,Right Foot,Free Kick,0
3930183,Milan Škriniar,8.26377637645163,49.67328366598084,0,1,2.9639540642636604,Other,Open Play,0
3930183,Nicolae Claudiu Stanciu,29.14463930125058,12.450022048056605,1,1,3.9447884094796843,Right Foot,Open Play,0
3930183,Ondrej Duda,9.794386147176347,41.37265296007119,0,1,1.3275659449692045,Head,Open Play,1
3930183,David Strelec,11.607756027760063,35.787939695173776,1,1,1.6457513831981276,Left Foot,Open Play,0
3930183,Andrei Florin Ratiu,26.221365334398588,17.20914416230094,0,1,5.043696547720881,Right Foot,Open Play,0
3930183,Răzvan Gabriel Marin,11.900420160649796,37.156345075648375,0,1,9.305656055338236,Right Foot,Penalty,1
3930183,Denis Mihai Drăguş,19.736767719158067,20.33013046769675,1,1,1.7870675674907002,Right Foot,Open Play,0
3930183,David Strelec,32.434703636691374,14.046523095048734,0,0,3.380169550566333,Left Foot,Open Play,0
3930183,Lukáš Haraslín,13.585654198455074,9.695311202141632,1,1,3.946165626109471,Right Foot,Open Play,0
3930183,Răzvan Gabriel Marin,20.571825392998072,19.874574788384926,1,1,2.00442738869468,Right Foot,Open Play,0
3930183,Denis Mihai Drăguş,20.83698634639856,16.717594568576406,0,1,1.7230466555194892,Right Foot,Open Play,0
3930183,David Strelec,16.399085340347487,27.273715544891793,1,1,1.7062384730972033,Left Foot,Open Play,0
3930183,Lukáš Haraslín,22.157842855296185,14.088173677624942,1,1,1.1258246718489453,Right Foot,Open Play,0
3930183,Denis Vavro,37.80542289143186,11.362549242564647,0,1,3.4641361881740513,Right Foot,Open Play,0
3930175,Youri Tielemans,20.02423531623617,22.161287109770644,3,1,1.0408060024098513,Right Foot,Open Play,1
3930175,Răzvan Gabriel Marin,30.463092423455638,13.038656583022993,1,1,6.77640377699447,Right Foot,Open Play,0
3930175,Radu Drăgușin,7.736924453553879,53.83319627759533,1,1,1.5085965594683226,Head,Open Play,0
3930175,Youri Tielemans,22.477099457002893,19.869430170221612,3,1,3.7422188762414095,Right Foot,Open Play,0
3930175,Romelu Lukaku Menama,10.656922632730327,40.994545231849635,1,1,2.36993720217721,Right Foot,Open Play,0
3930175,Amadou Onana,24.82901528454159,18.283676214662794,2,1,6.973496083413672,Right Foot,Open Play,0
3930175,Dodi Lukebakio,16.236070953281775,24.950098813458485,1,1,1.6170619778063304,Left Foot,Open Play,0
3930175,Jan Vertonghen,11.807201192492656,34.24147301252781,2,1,1.7270837836655675,Left Foot,Open Play,0
3930175,Valentin Mihai Mihăilă,23.477648945326706,19.125842555237114,4,1,4.217250958471932,Right Foot,Open Play,0
3930175,Valentin Mihai Mihăilă,23.73562722996803,16.524887207977,1,1,1.739680572694431,Right Foot,Open Play,0
3930175,Jeremy Doku,12.744018204632322,12.328933253235245,2,1,0.5977943366372028,Left Foot,Open Play,0
3930175,Dodi Lukebakio,15.276452467768815,10.630635991030463,2,1,2.9015617912965808,Left Foot,Open Play,0
3930175,Dodi Lukebakio,21.639085008382402,16.271150157652798,1,1,2.0919963114249414,Left Foot,Open Play,0
3930175,Dennis Man,22.76686188300882,15.403738674017603,1,1,1.384498947422598,Left Foot,Open Play,0
3930175,Kevin De Bruyne,20.961154548354443,17.710488211238317,0,1,1.8822611064883459,Right Foot,Open Play,0
3930175,Andrei Burcă Andonie,8.104936767180853,52.17401200262837,0,1,0.8713713458561421,Head,Open Play,0
3930175,Dennis Man,28.738301967931232,13.443974308485076,1,1,3.0545750668248814,Left Foot,Open Play,0
3930175,Valentin Mihai Mihăilă,17.951323071016244,19.691148363696236,1,1,0.7742000988260718,Left Foot,Open Play,0
3930175,Kevin De Bruyne,25.285766747322498,14.326318314688187,1,1,1.6807336060955866,Right Foot,Open Play,0
3930175,Kevin De Bruyne,19.016834647227704,23.73816089559321,0,1,1.2385596538234664,Right Foot,Open Play,0
3930175,Valentin Mihai Mihăilă,24.298148077579903,17.61718046809073,0,1,2.0230749054826993,Right Foot,Open Play,0
3930175,Romelu Lukaku Menama,17.62328005792338,21.223656502766218,2,1,6.344361643467188,Right Foot,Open Play,0
3930175,Romelu Lukaku Menama,10.444615837837214,37.719981696836534,0,1,1.2127873738107318,Right Foot,Open Play,0
3930175,Jeremy Doku,15.880806024884258,17.660136063595758,0,1,0.8926493506244653,Left Foot,Open Play,0
3930175,Romelu Lukaku Menama,11.543396380615196,36.889439179708766,0,1,2.124034277648798,Right Foot,Open Play,0
3930175,Kevin De Bruyne,27.365123789232165,15.671386610113043,2,1,3.8653012290802713,Right Foot,Open Play,0
3930175,Răzvan Gabriel Marin,37.609573249373625,11.699556652324544,1,0,3.017637580733865,Right Foot,Open Play,0
3930175,Kevin De Bruyne,14.356879883874486,29.781217543262564,0,0,1.7463581772567587,Right Foot,Open Play,1
3930175,Denis Alibec,15.15684663774098,27.991167991158246,0,0,2.402282433657802,Left Foot,Open Play,0
3930175,Radu Drăgușin,12.758134659894445,21.156440876276918,0,1,0.6732242990541414,Head,Open Play,0
3930175,Leandro Trossard,17.940178371465542,15.635645120678124,0,1,2.0352562702889503,Right Foot,Open Play,0
3930175,Radu Drăgușin,30.37103883636514,14.641458065171296,2,1,0.33070141694035665,Right Foot,Open Play,0
3930158,Florian Wirtz,19.005525512334568,23.653143025821077,2,1,3.7655212303079053,Right Foot,Open Play,1
3930158,Jamal Musiala,14.356879883874486,29.781217543262564,2,1,2.5113926387413046,Right Foot,Open Play,1
3930158,Kai Havertz,18.867962264113206,23.862343514816676,5,1,4.135413409173924,Left Foot,Open Play,0
3930158,İlkay Gündoğan,9.620810776644554,43.24187703032657,0,1,1.4011630454387298,Head,Open Play,0
3930158,Kai Havertz,11.900420160649796,37.156345075648375,0,1,9.563611564607848,Left Foot,Penalty,1
3930158,Antonio Rüdiger,38.2027485922152,11.862649380521958,0,1,5.0169715933544285,Right Foot,Open Play,0
3930158,Antonio Rüdiger,13.509256086106289,32.18751896263884,0,1,1.1312546046827594,Head,Open Play,0
3930158,Pascal Groß,24.33043361717995,16.91884370734936,2,1,5.114818371879334,Right Foot,Open Play,0
3930158,Joshua Kimmich,30.016662039607265,12.537033361167822,1,1,5.999859250413475,Right Foot,Open Play,0
3930158,Florian Wirtz,12.520782723136765,22.80890304623698,1,1,1.9401456579152017,Right Foot,Open Play,0
3930158,İlkay Gündoğan,10.235721762533414,41.73912922765427,3,1,1.7521767492764968,Left Foot,Open Play,0
3930158,Maximilian Mittelstädt,20.607280266934787,18.508104139391282,0,1,3.3571800786634927,Left Foot,Open Play,0
3930158,Florian Wirtz,31.22579062249665,14.54326632317917,1,0,5.217212360166019,Right Foot,Open Play,0
3930158,Leroy Sané,18.84303584882224,16.43253031701325,0,1,3.0227577186235974,Left Foot,Open Play,0
3930158,Maximilian Mittelstädt,23.623716896373438,17.064693439322735,3,1,9.740273731250563,Left Foot,Open Play,0
3930158,Niclas Füllkrug,15.915401345866217,28.192658808167778,1,1,2.5634637826421214,Right Foot,Open Play,1
3930158,Maximilian Mittelstädt,22.432119828495924,15.771282932822654,0,1,7.301028483005398,Left Foot,Open Play,0
3930158,Leroy Sané,26.12221276997796,14.214743861783536,2,1,0.5644068143436158,Left Foot,Open Play,0
3930158,Leroy Sané,27.598007174432002,16.381843789841163,1,1,2.116934974037457,Left Foot,Open Play,0
3930158,Scott McKenna,15.01465950329877,23.161601635950735,0,1,1.1683047376411182,Head,Open Play,0
3930158,Emre Can,21.508370463612533,21.06286720805938,1,1,4.041206756732944,Right Foot,Open Play,1
3788758,Oleksandr Karavaev,28.13254343282882,13.348537419486624,2,1,4.31035315364288,Right Foot,Open Play,0
3788758,Andriy Yarmolenko,25.550146770615623,14.10375630463718,0,1,2.9420136456467927,Right Foot,Open Play,0
3788758,Illia Zabarnyi,10.377379245262262,37.51721843163473,0,1,1.1424154008530942,Right Foot,Open Play,0
3788758,Ruslan Malinovskiy,25.603515383634335,13.02981324670959,1,1,1.5883655164778974,Left Foot,Open Play,0
3788758,Andriy Yarmolenko,6.760177512462231,57.820366716667884,2,1,2.490947817654146,Left Foot,Open Play,0
3788758,Enis Bardhi,27.158792314828727,16.547606735089527,2,1,5.227389569860888,Right Foot,Open Play,0
3788758,Boban Nikolov,20.240800379431636,18.326165305525837,0,1,8.919429150759756,Right Foot,Open Play,0
3788758,Eljif Elmas,13.403357788255894,20.87192693023356,1,1,3.3584611543208487,Right Foot,Open Play,0
3788758,Andriy Yarmolenko,16.36001222493431,21.198297546618967,1,1,0.8165520215747764,Left Foot,Open Play,0
3788758,Andriy Yarmolenko,9.000000000000005,33.60862368671428,0,1,1.9834794629101657,Left Foot,Open Play,0
3788758,Andriy Yarmolenko,5.608029957123981,47.39702853005951,0,1,2.7114019712923585,Right Foot,Open Play,1
3788758,Roman Yaremchuk,18.95098942008042,17.47089181081307,0,1,5.283724121166663,Right Foot,Open Play,1
3788758,Oleksandr Karavaev,20.44015655517345,13.653112220291394,0,1,4.43446461046196,Right Foot,Open Play,0
3788758,Arijan Ademi,11.970797801316333,32.91457296353614,1,1,2.3745085387619915,Right Foot,Open Play,0
3788758,Illia Zabarnyi,6.700746227100381,55.72151002112286,0,1,2.1209746629402075,Head,Open Play,0
3788758,Eljif Elmas,29.006378608850852,15.390658279863779,2,1,1.7236274711211523,Left Foot,Open Play,0
3788758,Ezgjan Alioski,12.0,36.86989764584404,0,1,8.93848184391886,Left Foot,Penalty,0
3788758,Ezgjan Alioski,10.060318086422516,43.19374060695958,0,0,3.395675336487169,Left Foot,Open Play,1
3788758,Ruslan Malinovskiy,14.177799547179381,28.583113022820374,1,1,3.5319138304059687,Right Foot,Open Play,0
3788758,Aleksandar Trajkovski,33.74685170501095,11.046215322724473,0,0,3.2643725421785827,Right Foot,Open Play,0
3788758,Viktor Tsygankov,12.4310096130604,34.04555362520188,0,1,2.2922788459111145,Left Foot,Open Play,0
3788758,Ruslan Malinovskiy,35.403530897355424,8.421531917773054,1,1,9.038660808963096,Left Foot,Free Kick,0
3788758,Ruslan Malinovskiy,11.700427342623007,37.746805387274655,0,1,8.697723080295054,Left Foot,Penalty,0
3788758,Daniel Avramovski,14.764823060233395,30.037266321772478,1,1,1.2707065532792288,Head,Open Play,0
3788758,Aleksandar Trajkovski,25.9268200904006,13.30668915950664,1,1,1.9256940049055424,Right Foot,Open Play,0
3788758,Aleksandar Trajkovski,29.83035366870464,14.966507505630524,1,1,4.0822117585087065,Right Foot,Open Play,0
3788773,Renato Júnior Luz Sanches,28.822560607968196,15.633951227288714,0,0,5.008493021771929,Right Foot,Open Play,0
3788773,Cristiano Ronaldo dos Santos Aveiro,10.611785900591846,41.27523486034319,0,1,2.7114143578904084,Head,Open Play,0
3788773,Kylian Mbappé Lottin,20.538743875904387,20.532524785964963,0,1,1.6249588252559675,Right Foot,Open Play,0
3788773,Cristiano Ronaldo dos Santos Aveiro,22.267914136712495,15.735120882674785,1,1,3.7888871669584785,Left Foot,Open Play,0
3788773,Danilo Luís Hélio Pereira,7.125307010929418,58.527203684271974,0,1,1.003544917202815,Head,Open Play,0
3788773,Cristiano Ronaldo dos Santos Aveiro,11.900420160649796,37.156345075648375,0,1,10.277718128224976,Right Foot,Penalty,1
3788773,João Filipe Iria Santos Moutinho,26.38560213449751,15.512814853043187,0,0,3.4731453100636758,Left Foot,Open Play,0
3788773,Antoine Griezmann,16.92483382488584,9.73522257503882,0,1,4.654188696635355,Left Foot,Open Play,0
3788773,João Filipe Iria Santos Moutinho,26.531867631209078,17.127540390912976,1,0,3.972040278809006,Right Foot,Open Play,0
3788773,Karim Benzema,12.0,36.86989764584404,0,1,8.451905763633905,Right Foot,Penalty,1
3788773,Karim Benzema,11.742657280190032,3.7551051471156134,0,0,5.0491318680199235,Left Foot,Open Play,0
3788773,Karim Benzema,13.45362404707371,23.574706201912633,0,1,2.213430094229812,Right Foot,Open Play,1
3788773,Cristiano Ronaldo dos Santos Aveiro,9.667471230885562,37.7611246333521,0,0,2.997546292136586,Head,Open Play,0
3788773,Cristiano Ronaldo dos Santos Aveiro,12.099999999999994,36.58555192913009,0,1,10.370959949573987,Right Foot,Penalty,1
3788773,Paul Pogba,26.36854186336438,17.209353196574195,1,0,1.9503186572634115,Right Foot,Open Play,0
3788773,Antoine Griezmann,13.556548233234004,15.204828329491292,0,1,7.594820315448932,Right Foot,Open Play,0
3788773,Paul Pogba,28.401584462842916,14.304480176348388,3,1,4.442811694041556,Right Foot,Open Play,0
3788773,Karim Benzema,26.517352809056945,12.40921589484395,2,1,2.822680088346812,Right Foot,Open Play,0
3788773,João Maria Lobo Alves Palhinha Gonçalves,32.64980857524283,11.833535783556716,0,1,3.385921412297743,Right Foot,Open Play,0
3788773,Antoine Griezmann,28.139118678451894,14.953295005116471,2,1,5.667227585338219,Left Foot,Open Play,0
3788773,Antoine Griezmann,22.70154179786034,19.415063908200025,3,1,6.457609603540297,Left Foot,Open Play,0
3788765,Burak Yılmaz,35.78058132562968,12.003267938648815,1,0,4.943855062163566,Right Foot,Open Play,0
3788765,Ozan Tufan,29.09467305195231,14.83690876156067,1,0,3.777242915397367,Right Foot,Open Play,0
3788765,Cengiz Ünder,23.452291998864418,13.072717477567853,1,1,1.7400457171033503,Left Foot,Open Play,0
3788765,Kaan Ayhan,23.025420734483884,19.611104909847132,2,1,4.143337046175993,Right Foot,Open Play,0
3788765,İrfan Can Kahveci,26.58589851782332,16.695972233095343,0,1,5.755971176364988,Left Foot,Open Play,0
3788765,Haris Seferović,23.49553149005147,16.77648546937449,1,1,2.208199661312786,Left Foot,Open Play,1
3788765,Mert Müldür,22.041097976280586,12.853541660943153,1,1,8.02315237572514,Right Foot,Open Play,0
3788765,Cengiz Ünder,21.374049686477292,5.905475989738194,0,1,4.071177861120442,Left Foot,Open Play,0
3788765,Haris Seferović,24.98039231077046,14.106730487414227,0,1,0.9376105785714182,Left Foot,Open Play,0
3788765,Steven Zuber,27.639464538952268,15.711610467072228,1,1,1.6133155270016526,Right Foot,Open Play,0
3788765,Ozan Tufan,27.164867016055865,16.248287847593712,2,0,4.870130284143923,Right Foot,Open Play,0
3788765,Haris Seferović,20.707728026029322,19.625243620505476,1,1,1.50006113369761,Left Foot,Open Play,0
3788765,Xherdan Shaqiri,21.600231480241128,20.982528861795274,1,1,2.368544450021889,Right Foot,Open Play,1
3788765,Xherdan Shaqiri,18.209887424144064,24.7659297692146,0,1,0.9591787023864149,Right Foot,Open Play,0
3788765,Mert Müldür,28.6698447850699,15.848451998927532,1,1,4.136127763925365,Right Foot,Open Play,0
3788765,Mehmet Zeki Çelik,24.16153968603822,14.760946535431259,1,1,3.710280894690721,Right Foot,Open Play,0
3788765,Breel-Donald Embolo,21.58448516875026,13.306092181235735,0,1,0.9738772297777396,Right Foot,Open Play,0
3788765,Haris Seferović,18.651005334833826,23.57301851124975,0,1,3.9414180137216572,Left Foot,Open Play,0
3788765,Mert Müldür,15.48709139896837,25.25533607590889,0,1,2.4547434961066883,Right Foot,Open Play,0
3788765,Merih Demiral,9.581753492967762,43.83966947832866,1,1,0.8310929868606498,Head,Open Play,0
3788765,Xherdan Shaqiri,26.288590681130096,16.31484390427741,4,1,3.4436598863438506,Left Foot,Open Play,0
3788765,Xherdan Shaqiri,25.4096438385114,15.210836211495204,1,1,2.80162410324979,Left Foot,Open Play,0
3788765,Steven Zuber,19.026297590440446,13.770987124550508,0,1,1.4167454529227423,Right Foot,Open Play,0
3788765,Burak Yılmaz,13.054501139453773,32.08202813077276,1,1,0.5622073697430968,Head,Open Play,0
3788765,Steven Zuber,15.634896865665603,21.762481321457567,0,1,2.0076167075001097,Left Foot,Open Play,0
3788765,Breel-Donald Embolo,21.66887168266959,17.338917721926304,0,1,2.775205225043435,Right Foot,Open Play,0
3788765,Cengiz Ünder,25.67664308277077,15.764309894967557,0,1,2.2256160075447817,Left Foot,Open Play,0
3788765,Xherdan Shaqiri,15.575621977950032,28.219271172701912,1,1,4.416541580114616,Right Foot,Open Play,0
3788765,Haris Seferović,17.679932126566552,18.910023483797445,1,1,2.2609753853990213,Right Foot,Open Play,0
3788765,Nico Elvedi,9.073588044428732,42.882547909370594,0,1,1.0150703239657295,Left Foot,Open Play,0
3788765,İrfan Can Kahveci,24.180984264500065,17.6358184071355,2,1,0.6448343536245276,Left Foot,Open Play,1
3788765,Xherdan Shaqiri,25.80484450641003,15.808135087119012,1,0,4.746340222527167,Right Foot,Open Play,0
3788765,Breel-Donald Embolo,6.735725647619569,50.15922413212639,0,0,1.0894412033601328,Right Foot,Open Play,0
3788765,Steven Zuber,27.690431560378393,13.540291333024568,0,0,2.1827913925105262,Right Foot,Open Play,0
3788765,Xherdan Shaqiri,15.536087023443198,27.874722332055207,0,1,1.8734999363605709,Left Foot,Open Play,1
3788765,Granit Xhaka,18.80106379968963,24.020431550048254,6,1,6.542200565673239,Left Foot,Free Kick,0
3788765,Cengiz Ünder,23.879907872519105,17.991888948310635,1,1,3.281872204217016,Left Foot,Open Play,0
3788765,Breel-Donald Embolo,23.170886905770356,17.075208084896897,1,1,3.4326825865658823,Right Foot,Open Play,0
3788765,Ruben Vargas,16.12978611141511,27.072452340861233,1,1,0.8293326779657275,Right Foot,Open Play,0
3788765,Yusuf Yazıcı,25.628499761008246,16.08653043259436,1,1,2.9493902889205303,Left Foot,Open Play,0
3788765,Burak Yılmaz,6.691038783328036,61.41463603899381,0,1,0.6903952724864887,Head,Open Play,0
3788765,Mert Müldür,11.95700631429121,36.16237139562997,2,1,5.201301798156318,Right Foot,Open Play,0
3788765,Kenan Karaman,7.51065909225016,56.039733538471346,0,1,2.6823823400540583,Right Foot,Open Play,0
3788761,Juraj Kucka,7.209022125087418,55.73535222808237,1,1,1.2689041021925183,Head,Open Play,0
3788761,Marcus Berg,15.844872987815338,20.353298265233494,2,1,2.6362470901174846,Right Foot,Open Play,0
3788761,Juraj Kucka,16.05147968257133,27.76147215620152,4,1,5.090231099792563,Left Foot,Open Play,0
3788761,Marek Hamšík,23.082894099310863,19.51816691624884,1,1,5.169967237058486,Right Foot,Open Play,0
3788761,Alexander Isak,19.948934808655824,20.65658477903857,0,1,1.025592807784571,Right Foot,Open Play,0
3788761,Emil Peter Forsberg,27.10295186875407,15.908108710005427,2,1,5.284549552954366,Right Foot,Open Play,0
3788761,Ondrej Duda,21.300938946440837,18.020468073579014,1,1,1.834971826306016,Right Foot,Open Play,0
3788761,Ludwig Augustinsson,7.184010022264729,57.1735860538271,2,1,0.2644125891126006,Head,Open Play,0
3788761,Marcus Andreas Danielsson,3.785498646149542,93.22914262022589,1,1,0.9531430875022829,Head,Open Play,0
3788761,Alexander Isak,26.86931335185178,16.65545242851158,0,1,3.5390884849517215,Right Foot,Open Play,0
3788761,Alexander Isak,5.188448708429133,73.4723166252079,1,1,1.2398735432336139,Head,Open Play,0
3788761,Alexander Isak,22.784643951574054,14.870728978024239,0,1,3.1007670108706997,Right Foot,Open Play,0
3788761,Viktor Claesson,17.646529403823287,24.46441025241897,1,1,5.152217402326013,Right Foot,Open Play,0
3788761,Albin Ekdal,24.352823244954582,16.158658216892754,3,1,7.385038756215833,Right Foot,Open Play,0
3788761,Alexander Isak,11.629703349613012,37.40803162928293,1,1,0.7100119171029762,Right Foot,Open Play,0
3788761,Dávid Hancko,10.016985574512923,38.87785658575206,3,1,0.574335563786838,Head,Open Play,0
3788761,Dávid Hancko,10.0209779961838,37.50950596179409,4,1,1.2136983534296089,Right Foot,Open Play,0
3788761,Dávid Hancko,22.699118925632334,14.552177127999919,2,1,4.562674522932758,Left Foot,Open Play,0
3788761,Martin Koscelník,7.443117626371364,56.35462496067586,3,0,1.2482113431598154,Head,Open Play,0
3788761,Vladimír Weiss,23.315445524372898,18.36944114293896,1,1,4.746373922462005,Right Foot,Open Play,0
3788761,Juraj Kucka,34.83116420678471,12.763613336399242,1,1,4.098289251195935,Right Foot,Open Play,0
3788760,Vladimír Coufal,19.958206332233367,22.401914472307777,3,1,2.4820094328689737,Left Foot,Open Play,0
3788760,Tomáš Souček,7.072481884034773,54.21734274554768,3,1,1.1394505149696676,Head,Open Play,0
3788760,Dejan Lovren,27.343737857140166,16.562360379546046,3,1,11.076020666944688,Right Foot,Free Kick,0
3788760,Jakub Jankto,15.041608956491327,24.360746266245993,1,1,6.126641882640737,Left Foot,Open Play,0
3788760,Patrik Schick,8.127115109311548,50.90614111377048,1,1,1.7611098743372915,Right Foot,Open Play,0
3788760,Ivan Perišić,15.474172029546526,28.55473760341164,2,1,6.013586673825829,Left Foot,Open Play,0
3788760,Patrik Schick,12.0,36.86989764584404,0,1,8.766133064891457,Left Foot,Penalty,1
3788760,Ante Rebić,14.751271131668616,20.854458039578343,0,0,3.501907870279593,Left Foot,Open Play,0
3788760,Andrej Kramarić,26.690822392725178,14.553869248375003,1,1,2.7308093561896833,Right Foot,Open Play,0
3788760,Patrik Schick,27.963190089830594,15.360011185512255,2,1,10.208962617620228,Left Foot,Free Kick,0
3788760,Mateo Kovačić,31.828446396266344,13.837986625415462,3,1,4.896532094765105,Right Foot,Open Play,0
3788760,Ivan Perišić,19.997249810911498,12.910983246878216,0,1,3.102726041716626,Right Foot,Open Play,1
3788760,Tomáš Souček,27.73193105429191,15.157346408615233,2,0,4.709027710574653,Right Foot,Open Play,0
3788760,Jan Bořil,7.111961754677814,55.545548747618525,1,1,1.2062443186807974,Head,Open Play,0
3788760,Luka Ivanušec,27.423530042647688,14.2695311832833,1,0,1.7179106718437678,Right Foot,Open Play,0
3788760,Andrej Kramarić,20.161349161204463,22.080159889655683,3,1,2.2440754296786696,Right Foot,Open Play,0
3788760,Tomáš Souček,9.126883367283714,30.219369658849374,2,1,0.7789909315898741,Left Foot,Open Play,0
3788760,Patrik Schick,6.9771054170049664,56.62027266018315,1,1,3.541246758486647,Head,Open Play,0
3788760,Nikola Vlašić,13.060245020672474,32.69155314534979,0,1,2.354850767924005,Right Foot,Open Play,0
3788760,Adam Hložek,12.482387592123551,32.18736382694905,2,1,0.6197170090862981,Right Foot,Open Play,0
3788760,Bruno Petković,14.649232061783993,29.76973038115376,1,1,1.7261416291317957,Right Foot,Open Play,0
3788760,Bruno Petković,10.822661410207747,40.508784965678416,2,1,0.7397472677214789,Head,Open Play,0
3795108,Xherdan Shaqiri,28.117787964205146,16.183286569088068,2,1,4.257983129761393,Left Foot,Open Play,0
3795108,Jordi Alba Ramos,25.65813711086602,16.31369211316669,1,1,3.961972266060314,Left Foot,Open Play,0
3795108,Jorge Resurrección Merodio,26.299239532731743,14.727491206578604,4,1,8.758834554762647,Right Foot,Free Kick,0
3795108,César Azpilicueta Tanco,8.030566605165541,52.85038323278706,0,1,1.5562451470897973,Head,Open Play,0
3795108,Haris Seferović,27.53270782178898,12.344728802429687,2,1,1.5738692980910258,Left Foot,Open Play,0
3795108,Manuel Obafemi Akanji,6.800735254367718,60.923044423741565,0,1,0.8435902127302615,Head,Open Play,0
3795108,Silvan Widmer,9.104943712072027,40.33220261517937,0,0,3.299927611494465,Head,Open Play,0
3795108,Daniel Olmo Carvajal,18.001388835309342,21.412337299642473,1,1,6.5717750871565626,Right Foot,Open Play,0
3795108,Manuel Obafemi Akanji,8.188406438373704,51.76865465835007,1,1,1.4251490085405418,Head,Open Play,0
3795108,Jorge Resurrección Merodio,12.601983970788092,35.000904934749514,1,1,2.3265191904199054,Head,Open Play,0
3795108,Denis Lemi Zakaria Lako Lado,10.822661410207754,36.046233642310696,0,1,1.8501039556805952,Head,Open Play,0
3795108,Ferrán Torres García,9.625487000666519,41.24144431452798,1,1,0.9807591426353928,Right Foot,Open Play,0
3795108,Steven Zuber,11.75967686630887,23.03610674697558,0,1,0.7547804909182337,Right Foot,Open Play,0
3795108,Xherdan Shaqiri,11.859595271340414,34.727408611057776,1,0,1.9724155051616756,Right Foot,Open Play,1
3795108,Daniel Olmo Carvajal,11.069326989478627,17.89598072183652,0,0,3.1271190556541733,Left Foot,Open Play,0
3795108,Pau Francisco Torres,7.7155686763841365,46.330426867388596,1,1,1.544120261084079,Left Foot,Open Play,0
3795108,Gerard Moreno Balaguero,19.632880583347923,20.862196485922137,1,1,2.995012717866715,Left Foot,Open Play,0
3795108,Aymeric Laporte,31.085044635644323,14.536212725051985,3,1,4.730283470659541,Left Foot,Open Play,0
3795108,Gerard Moreno Balaguero,6.888396039717805,57.1995469954346,0,1,1.6498072566791464,Left Foot,Open Play,0
3795108,Mikel Oyarzabal Ugarte,21.73499482401595,18.870322703270197,1,1,1.4774214508161854,Left Foot,Open Play,0
3795108,Jordi Alba Ramos,26.100766272276374,14.172951059937462,2,1,4.4543044066913335,Left Foot,Open Play,0
3795108,Marcos Llorente Moreno,11.681181447096865,22.381331280940596,1,1,5.070792606293071,Head,Open Play,0
3795108,Daniel Olmo Carvajal,19.91230775173988,22.704280526302338,1,1,1.1359289833255959,Right Foot,Open Play,0
3795108,Marcos Llorente Moreno,15.13472827638475,22.258028278817076,0,1,4.189536312385584,Right Foot,Open Play,0
3795108,Gerard Moreno Balaguero,5.092150822589605,75.50128000522955,0,1,2.896214887428235,Head,Open Play,0
3795108,Gerard Moreno Balaguero,8.228000972289689,50.715530300737136,0,1,1.5854504565850445,Left Foot,Open Play,0
3795108,Mikel Oyarzabal Ugarte,21.803669415949237,16.674068331857242,1,1,2.454144455008546,Left Foot,Open Play,0
3795108,Daniel Olmo Carvajal,20.61188977265307,16.769287939336465,2,1,1.1239647502189483,Right Foot,Open Play,0
3795108,Mikel Oyarzabal Ugarte,20.681634364817498,13.335730959150041,0,1,1.507128112036517,Left Foot,Open Play,0
3795108,Marcos Llorente Moreno,11.20178557195236,39.29738566477619,1,1,2.351220209447485,Left Foot,Open Play,0
3795108,Daniel Olmo Carvajal,18.780042598460742,21.052904012938484,0,1,1.5538863871099902,Left Foot,Open Play,0
3795108,Daniel Olmo Carvajal,17.270205557549104,25.063326387992475,0,1,4.646237412459288,Right Foot,Open Play,0
3795108,Sergio Busquets i Burgos,9.666436778875658,22.45154645600387,2,1,0.693915162873303,Head,Open Play,0
3795108,Gerard Moreno Balaguero,18.027756377319946,23.755708111702944,1,1,1.4200363401013074,Left Foot,Open Play,0
3795108,Rodrigo Hernández Cascante,6.888396039717806,59.96671956400489,0,1,2.1243549675519646,Head,Open Play,0
3794687,Diogo José Teixeira da Silva,16.29846618550347,24.468159100988007,1,1,3.025654763175204,Left Foot,Open Play,0
3794687,Eden Hazard,23.434163095788165,17.48976507498217,0,1,2.432635363398611,Right Foot,Open Play,0
3794687,Thorgan Hazard,21.902054698132776,16.981091284907997,2,1,3.08138149592236,Right Foot,Open Play,0
3794687,Renato Júnior Luz Sanches,38.85614494516922,11.385148903697946,1,1,3.7862810703256673,Right Foot,Open Play,0
3794687,Cristiano Ronaldo dos Santos Aveiro,30.863732761932738,11.773052652246793,1,1,10.606787261589487,Right Foot,Free Kick,0
3794687,João Maria Lobo Alves Palhinha Gonçalves,13.800362314084362,26.97738517225419,0,1,2.2306846444425803,Head,Open Play,0
3794687,João Maria Lobo Alves Palhinha Gonçalves,28.55678553338943,13.666534119113061,1,1,2.3567898315604965,Right Foot,Open Play,0
3794687,João Maria Lobo Alves Palhinha Gonçalves,11.415778554264275,38.58148857008896,0,1,2.4755250175968,Head,Open Play,0
3794687,Thomas Meunier,26.076809620810597,14.845452082083801,1,1,1.98449566883715,Right Foot,Open Play,0
3794687,Raphaël Adelino José Guerreiro,30.22085372718646,15.021992637981413,2,1,2.7645383444793006,Left Foot,Open Play,0
3794687,Thorgan Hazard,27.790825824361537,13.78767757358332,2,1,1.24959283066147,Right Foot,Open Play,1
3794687,João Maria Lobo Alves Palhinha Gonçalves,20.43624231604235,21.720690462010598,1,1,1.3768335260111566,Left Foot,Open Play,0
3794687,João Filipe Iria Santos Moutinho,25.366513359151277,16.947059777701654,3,0,5.3443584906953765,Left Foot,Open Play,0
3794687,Cristiano Ronaldo dos Santos Aveiro,27.65085893783411,16.038962383414205,1,1,5.756781889130442,Right Foot,Open Play,0
3794687,Diogo José Teixeira da Silva,12.714165328483025,34.685947418167714,2,1,1.3358859305463433,Right Foot,Open Play,0
3794687,João Félix Sequeira,8.81192374002408,45.34640315240588,1,1,1.356148287912731,Head,Open Play,0
3794687,Bruno Miguel Borges Fernandes,27.973201461398727,15.903922307360624,1,1,5.0962792846335025,Right Foot,Open Play,0
3794687,Romelu Lukaku Menama,22.800219297190978,16.620445235398723,1,1,3.6278537993389057,Left Foot,Open Play,0
3794687,Cristiano Ronaldo dos Santos Aveiro,30.802597293085526,14.796762245057382,2,1,11.16718418283379,Right Foot,Free Kick,0
3794687,André Miguel Valente Silva,9.861541461658009,43.977290141075336,0,0,0.8237880115194619,Head,Open Play,0
3794687,Rúben Santos Gato Alves Dias,7.823042886243176,54.0819695728288,1,0,0.9961761913555344,Head,Open Play,0
3794687,João Félix Sequeira,30.492622058458668,12.918577922892235,1,0,4.0252485998357725,Right Foot,Open Play,0
3794687,Raphaël Adelino José Guerreiro,19.44273643292013,21.80031798224158,0,1,1.560058830987545,Right Foot,Open Play,0
3794687,Romelu Lukaku Menama,28.488769717206107,14.435266149296952,1,1,9.892389050072989,Left Foot,Free Kick,0
3794687,André Miguel Valente Silva,7.209022125087428,32.82128488966573,0,1,3.244876235694376,Right Foot,Open Play,0
3794687,Bruno Miguel Borges Fernandes,30.173166887153222,15.068166537924965,3,1,7.348228433044675,Right Foot,Open Play,0
3794687,João Félix Sequeira,20.53411795037712,20.143980879228096,1,1,2.918260825070035,Right Foot,Open Play,0
3794690,Tomáš Holeš,36.3005509600061,12.576055724018545,2,0,5.928358473716139,Right Foot,Open Play,0
3794690,Matthijs de Ligt,3.0594117081556695,144.13715101413902,0,0,1.1066549051237775,Head,Open Play,0
3794690,Memphis Depay,21.408643114405915,7.011319208957328,1,0,2.845888086185137,Right Foot,Open Play,0
3794690,Tomáš Souček,7.902531240052141,46.878365873206334,1,1,1.8642601090981372,Head,Open Play,0
3794690,Patrik Schick,25.868127106537877,16.767786751345533,2,1,1.7245732716472002,Left Foot,Open Play,0
3794690,Donyell Malen,14.708500943332055,22.747681019876847,2,1,1.3375201632082325,Right Foot,Open Play,0
3794690,Antonín Barák,15.289538907370616,19.425996096926056,0,1,2.4453102980358783,Left Foot,Open Play,0
3794690,Tomáš Souček,8.417244204607584,50.44144701688728,1,0,1.3664868613225616,Head,Open Play,0
3794690,Patrick van Aanholt,13.096946208945043,24.353685039650014,0,1,1.62641462046278,Left Foot,Open Play,0
3794690,Vladimír Coufal,26.94086115921316,13.25473637032392,5,1,9.752567863840795,Right Foot,Free Kick,0
3794690,Patrik Schick,10.08959860450355,12.613627454018737,1,1,0.6365239957064368,Head,Open Play,0
3794690,Pavel Kadeřábek,14.494136745594753,24.781131031407526,1,1,3.251643081710841,Right Foot,Open Play,0
3794690,Tomáš Holeš,7.1281133548786935,42.59158354051094,2,0,5.647884516835526,Head,Open Play,1
3794690,Tomáš Souček,31.48031130722821,12.670469033766917,1,1,2.182496452472288,Right Foot,Open Play,0
3794690,Patrik Schick,12.131364309095654,32.882235408476376,0,1,3.203978219810395,Left Foot,Open Play,1
3794690,Quincy Anton Promes,22.34636435754147,14.47717709604001,0,1,4.497224862692631,Right Foot,Open Play,0
3794685,Domenico Berardi,20.90023923308057,21.668890470469417,2,1,1.3354155462885178,Left Foot,Open Play,0
3794685,Leonardo Spinazzola,17.104677722775136,13.656874666580984,0,0,2.4669404182284493,Left Foot,Open Play,0
3794685,Lorenzo Insigne,24.460989350392186,11.26565064379732,0,1,5.247033433677954,Right Foot,Open Play,0
3794685,Lorenzo Insigne,24.318922673506734,17.732820253972886,0,0,4.56962675437372,Right Foot,Open Play,0
3794685,Nicolò Barella,17.779201331893397,24.758188080513218,0,1,8.596374670276568,Right Foot,Open Play,0
3794685,Nicolò Barella,27.800179855533315,16.15215062961448,1,0,5.480399639284057,Right Foot,Open Play,0
3794685,Marko Arnautović,24.809070921741505,17.96661548387358,0,0,2.2763556856614633,Right Foot,Open Play,0
3794685,Domenico Berardi,24.020824298928627,15.767182542475652,1,1,1.185992693407991,Left Foot,Open Play,0
3794685,Ciro Immobile,29.58141308321832,14.364383990821992,1,0,4.060382921382819,Right Foot,Open Play,0
3794685,Ciro Immobile,23.18124241709232,18.574291820730025,1,1,0.8993082235187531,Right Foot,Open Play,0
3794685,Leonardo Spinazzola,21.692625475031836,16.56373793722897,0,1,1.4254281456843307,Right Foot,Open Play,0
3794685,Giovanni Di Lorenzo,9.860020283954798,30.16248383009977,1,1,0.8498176438618852,Head,Open Play,0
3794685,Francesco Acerbi,9.70978887515069,39.96359234806498,0,1,0.952003300384045,Head,Open Play,0
3794685,Ciro Immobile,18.526197667087544,17.7589020238273,0,1,3.91623897064993,Right Foot,Open Play,0
3794685,Marko Arnautović,14.620875486782595,19.799594468877658,0,1,1.0218550200365415,Right Foot,Open Play,0
3794685,David Olatukunbo Alaba,19.039432764659775,23.574706201912633,7,1,9.277421871330109,Left Foot,Free Kick,0
3794685,Leonardo Spinazzola,25.825762331439517,13.076162981506602,0,1,2.3797681071015466,Right Foot,Open Play,0
3794685,Leonardo Bonucci,9.651942809610917,44.866027260112794,0,0,1.5605367237774612,Head,Open Play,0
3794685,Marcel Sabitzer,28.532963393240458,14.714406875646622,0,1,4.413717144800581,Right Foot,Open Play,0
3794685,Xaver Schlager,22.32890503361058,19.448232128972094,5,1,6.75981647172594,Left Foot,Open Play,0
3794685,Xaver Schlager,23.082460874005612,19.440034828176188,4,0,4.676220041606369,Left Foot,Open Play,0
3794685,Marko Arnautović,20.554804791094465,14.878767728666881,0,1,7.408526768322098,Right Foot,Open Play,0
3794685,Marcel Sabitzer,27.872925931807018,16.237359041159095,0,0,5.477627572132501,Right Foot,Open Play,0
3794685,Manuel Locatelli,20.95709903588758,21.0882987108147,1,1,2.081051672545304,Right Foot,Open Play,0
3794685,Lorenzo Insigne,16.41036257978476,19.640926704071322,1,1,3.3326413826833763,Right Foot,Open Play,0
3794685,Domenico Berardi,10.998636279102964,28.41812967416917,1,0,7.208015478102349,Left Foot,Open Play,0
3794685,Marcel Sabitzer,31.99531215662694,13.008319445740367,2,0,4.100318706827601,Right Foot,Open Play,0
3794685,Federico Chiesa,20.997618912629118,12.628713064767048,0,1,5.233314553981197,Right Foot,Open Play,0
3794685,Federico Chiesa,11.346365056704283,16.96835456255339,0,1,2.5928226898014857,Left Foot,Open Play,1
3794685,Stefan Lainer,24.440335513245312,12.56783148409279,2,0,0.3688752846701141,Right Foot,Open Play,0
3794685,Lorenzo Insigne,29.031879029783795,14.484544096596982,4,1,11.014192685052294,Right Foot,Free Kick,0
3794685,Giovanni Di Lorenzo,9.241753080449618,40.84107838877881,1,0,0.4670535971593164,Head,Open Play,0
3794685,Matteo Pessina,11.851160280748886,18.813929209695523,0,1,3.996465692972683,Left Foot,Open Play,1
3794685,Louis Schaub,25.495097567963924,16.18382889622498,1,1,1.9322262630230247,Left Foot,Open Play,0
3794685,Andrea Belotti,17.96218249545417,20.328005152591224,0,1,3.2721775258447505,Left Foot,Open Play,0
3794685,Giovanni Di Lorenzo,24.46752950340512,13.510757779801231,0,0,2.57428482496051,Right Foot,Open Play,0
3794685,Marcel Sabitzer,11.80677771451635,34.49669804710025,0,1,2.5242487646502325,Right Foot,Open Play,0
3794685,Marcel Sabitzer,11.092339699089637,19.73516383803885,0,1,3.125236159705282,Left Foot,Open Play,0
3794685,Andrea Belotti,27.215620514697065,16.1896531638202,2,1,10.792042861548284,Right Foot,Free Kick,0
3794685,Louis Schaub,16.240997506310993,22.92704591724904,1,1,3.491119536332184,Left Foot,Open Play,0
3794685,Sasa Kalajdzic,9.304837451562495,20.50799024679171,2,1,1.3713261613196186,Head,Open Play,1
3794685,Michael Gregoritsch,24.20764342103543,17.158936382369657,2,1,1.6202091546843502,Left Foot,Open Play,0
3794692,Emil Peter Forsberg,12.872451204024816,26.427100128607385,2,1,1.5439417703336595,Right Foot,Open Play,0
3794692,Dejan Kulusevski,15.255490814785341,25.289670013375037,1,1,2.9611855619261136,Right Foot,Open Play,0
3794692,Mykola Shaparenko,26.062233212063774,17.412048945479743,1,1,2.0262983669114103,Right Foot,Open Play,0
3794692,Roman Yaremchuk,13.81050324933889,25.24784918065965,0,1,1.4987793172425077,Right Foot,Open Play,0
3794692,Emil Peter Forsberg,8.376156636548771,45.95692113164119,0,1,4.30276295736417,Head,Open Play,0
3794692,Alexander Isak,16.702694393420487,25.529274339531,1,1,1.8679076694119447,Right Foot,Open Play,0
3794692,Oleksandr Zinchenko,16.29294325774198,15.247733373012148,1,1,7.1457161165128635,Left Foot,Open Play,1
3794692,Sebastian Larsson,40.83258502715693,10.081793871655186,3,1,10.684472734998762,Right Foot,Free Kick,0
3794692,Roman Yaremchuk,12.571793825862722,31.073365200491352,1,1,3.6551934361288656,Right Foot,Open Play,0
3794692,Andriy Yarmolenko,19.365949499056327,14.969550802798526,1,1,1.7665859438409697,Right Foot,Open Play,0
3794692,Emil Peter Forsberg,27.024803422041757,15.819466188208667,1,1,2.0527116996354287,Left Foot,Open Play,1
3794692,Taras Stepanenko,26.10076627227637,17.425350197630284,3,1,1.6294928454543363,Right Foot,Open Play,0
3794692,Sebastian Larsson,29.751134432152334,15.044111083211572,1,1,3.533711733235739,Right Foot,Open Play,0
3794692,Serhii Sydorchuk,20.220039564748635,18.257563075389733,1,1,6.057205148133073,Right Foot,Open Play,0
3794692,Emil Peter Forsberg,17.17352613763405,23.692816133611178,1,1,1.1088035219163852,Right Foot,Open Play,0
3794692,Alexander Isak,12.56702033100926,32.264099698288994,0,1,2.151820235265039,Right Foot,Open Play,0
3794692,Dejan Kulusevski,20.60728026693479,12.68725588941338,1,1,3.2021874250761204,Left Foot,Open Play,0
3794692,Andriy Yarmolenko,20.513897728125684,16.40716287295923,0,1,3.750779005161489,Left Foot,Open Play,0
3794692,Emil Peter Forsberg,21.84902743830947,17.965009496006736,1,1,3.20780875723074,Right Foot,Open Play,0
3794692,Taras Stepanenko,24.329611587528476,18.651648696986207,1,1,3.7388843895453046,Left Foot,Open Play,0
3794692,Dejan Kulusevski,13.823530663329107,16.540899281819325,1,1,1.106036429521086,Right Foot,Open Play,0
3794692,Emil Peter Forsberg,16.671532623007398,26.465220641914193,1,1,4.8552339665606175,Right Foot,Open Play,0
3794692,Artem Dovbyk,9.093404203047394,47.19260263646929,0,1,1.9133171863884133,Right Foot,Open Play,0
3794692,Oleksandr Karavaev,19.961963831246663,18.28741872379282,2,1,0.7836789763816782,Left Foot,Open Play,0
3794692,Ruslan Malinovskiy,38.840185375458745,11.098941697532103,1,0,13.981068705973433,Left Foot,Free Kick,0
3794692,Ruslan Malinovskiy,21.115160430363776,18.424951304350785,1,1,0.806411411719045,Left Foot,Open Play,0
3794692,Artem Dovbyk,9.234717104492153,45.45940648511453,0,1,0.9797265022923453,Head,Open Play,1
3794692,Ruslan Malinovskiy,18.176083186429356,18.436589110146038,1,1,0.5577405018623887,Left Foot,Open Play,0
3794689,Chris Mepham,14.312581877495058,31.20629809341262,1,1,2.239887624823712,Head,Open Play,0
3794689,Kasper Dolberg,27.898745491509114,16.097354270013973,1,1,2.5288885092244997,Right Foot,Open Play,0
3794689,Gareth Frank Bale,26.348624252510795,14.546914030339556,0,1,2.4355081685041706,Left Foot,Open Play,0
3794689,Aaron Ramsey,12.690941651429972,31.011362701279086,1,1,1.4337038096249641,Right Foot,Open Play,0
3794689,Aaron Ramsey,12.986531484580482,31.949680871050532,3,1,1.488178185530962,Right Foot,Open Play,0
3794689,Gareth Frank Bale,30.3295235702772,14.964868574738215,2,1,1.210620540238178,Left Foot,Open Play,0
3794689,Aaron Ramsey,21.213203435596423,18.924644416051237,1,1,0.9082543635526377,Right Foot,Open Play,0
3794689,Daniel James,28.668100739323492,12.26565925304143,0,1,2.118015074719066,Right Foot,Open Play,0
3794689,Jannik Vestergaard,5.830951894845301,65.77225468204583,4,1,0.40916052551707294,Head,Open Play,0
3794689,Kasper Dolberg,22.68501708176566,18.289693880534735,1,1,1.429466648126096,Right Foot,Open Play,1
3794689,Kasper Dolberg,5.68242905807015,52.97761893634344,0,1,2.875360816245825,Right Foot,Open Play,0
3794689,Joakim Mæhle,13.281566172707196,11.83103816765027,0,1,4.828903480854865,Right Foot,Open Play,0
3794689,Kasper Dolberg,11.186599125739688,28.7999102054168,1,1,4.277535764915287,Right Foot,Open Play,1
3794689,Mikkel Damsgaard,33.36540124140574,13.567797072879573,1,0,3.3880977848600518,Right Foot,Open Play,0
3794689,Gareth Frank Bale,7.025667228100119,59.21713882407519,0,1,3.7681482003797506,Head,Open Play,0
3794689,Daniel James,17.44133022449835,23.414185288240702,4,1,3.022925281187435,Right Foot,Open Play,0
3794689,Pierre-Emile Højbjerg,28.031767693101337,15.286981943453618,2,1,4.081849378121211,Right Foot,Open Play,0
3794689,Jannik Vestergaard,29.621951319924896,15.023112195003634,1,1,1.648451493955516,Left Foot,Open Play,0
3794689,Joe Allen,21.64486082191337,14.757896908383588,0,1,1.2003088789711418,Left Foot,Open Play,0
3794689,Andreas Evald Cornelius,26.649202614712504,16.861605799709196,1,1,1.4052269115572815,Left Foot,Open Play,0
3794689,Martin Braithwaite Christensen,26.639069052802878,16.692272100655195,4,1,10.46676161145721,Right Foot,Free Kick,0
3794689,Andreas Evald Cornelius,10.640018796975877,34.97342409647623,0,1,1.23863600482194,Head,Open Play,0
3794689,Martin Braithwaite Christensen,6.847627326307995,40.51870729345949,0,0,4.2152931066967145,Right Foot,Open Play,0
3794689,Joachim Andersen,8.906739021662188,28.510211347246145,1,1,0.9789006920343257,Right Foot,Open Play,0
3794689,Joakim Mæhle,12.740486646906383,25.1830173770404,2,1,3.82054168872928,Left Foot,Open Play,1
3794689,Martin Braithwaite Christensen,14.7648230602334,27.241741517357337,1,1,1.921250629449508,Left Foot,Open Play,1
3795107,Toby Alderweireld,9.94032192637643,21.127866032928758,1,0,1.1060076709992763,Head,Open Play,0
3795107,Giovanni Di Lorenzo,7.74661216274572,54.10115015832645,0,1,2.8682820946234115,Other,Open Play,0
3795107,Youri Tielemans,30.731905245200796,14.816896098415578,1,1,2.6853049137915432,Right Foot,Open Play,0
3795107,Kevin De Bruyne,26.07220742476555,16.768275260246355,3,1,2.2889165373168474,Right Foot,Open Play,0
3795107,Kevin De Bruyne,20.53606583550024,21.227945270408668,1,1,1.1522292502353921,Left Foot,Open Play,0
3795107,Romelu Lukaku Menama,19.314502323383845,17.53248003827555,1,1,2.9504824360332362,Left Foot,Open Play,0
3795107,Federico Chiesa,17.69632730257892,15.06765840318272,0,1,1.5143970389145487,Right Foot,Open Play,0
3795107,Federico Chiesa,14.57154761856132,20.549968433273744,1,1,0.2925385253145527,Left Foot,Open Play,0
3795107,Lorenzo Insigne,25.504901489713692,14.22094465181234,2,1,2.79604351515055,Right Foot,Open Play,0
3795107,Federico Chiesa,22.275098204048394,16.95571246714577,1,1,3.0968983706703375,Left Foot,Open Play,0
3795107,Nicolò Barella,15.289865924853622,20.72481245906893,1,1,0.4870818660783985,Right Foot,Open Play,1
3795107,Federico Chiesa,21.42825237857722,21.121932321706623,4,1,3.0944321008434557,Right Foot,Open Play,0
3795107,Ciro Immobile,14.641379716406504,30.48952179642593,2,1,1.142461789520879,Right Foot,Open Play,0
3795107,Lorenzo Insigne,24.392006887503133,17.558620995715298,1,1,4.035940508693709,Right Foot,Open Play,1
3795107,Federico Chiesa,21.10213259365033,21.464664287296767,1,1,4.558071118270767,Right Foot,Open Play,0
3795107,Ciro Immobile,13.462912017836265,32.972042119172734,1,1,2.7547495798412567,Right Foot,Open Play,0
3795107,Ciro Immobile,19.165072397463053,19.904495362455688,0,1,1.0085811618297682,Right Foot,Open Play,0
3795107,Romelu Lukaku Menama,6.670832032063166,50.358646800031586,0,0,3.019414341454301,Right Foot,Open Play,0
3795107,Leonardo Spinazzola,13.845215780189196,27.22775292252189,0,1,4.232804279699169,Left Foot,Open Play,0
3795107,Lorenzo Insigne,28.32101693089427,13.063587290793144,1,0,2.4980564905199163,Right Foot,Open Play,0
3795107,Nacer Chadli,14.269547995644427,14.579593719913454,0,1,1.1355276165269657,Left Foot,Open Play,0
3795107,Romelu Lukaku Menama,17.47340836814616,25.693517609681717,1,1,1.3940574155933543,Left Foot,Open Play,0
3795107,Jeremy Doku,21.37592103278827,21.12931869459619,1,1,4.287544022145032,Right Foot,Open Play,0
3795187,Harry Kane,10.825894882179485,37.7650713560551,0,1,1.989757617647457,Right Foot,Open Play,1
3795187,Roman Yaremchuk,26.875453484546078,14.17568843366398,1,1,2.7234557385332128,Right Foot,Open Play,0
3795187,Oleksandr Karavaev,15.749285698088023,27.34584519937363,2,1,0.500019308155068,Right Foot,Open Play,0
3795187,Roman Yaremchuk,17.041713528867927,17.628232048741403,0,1,1.2824096207711533,Left Foot,Open Play,0
3795187,Raheem Sterling,17.28612160086814,15.794904684809719,1,1,2.2726399773324553,Right Foot,Open Play,0
3795187,Harry Kane,8.395236744726146,50.290782079749064,0,1,1.4302021468329136,Head,Open Play,0
3795187,Declan Rice,23.51361307838504,18.149862446385345,3,1,1.5725955138933065,Right Foot,Open Play,0
3795187,Mason Mount,15.634896865665606,28.337385589395335,1,1,2.9880176154051674,Left Foot,Open Play,0
3795187,Oleksandr Zinchenko,15.34828980701107,22.019729405420453,2,1,1.9901408961659242,Left Foot,Open Play,0
3795187,Harry Maguire,9.055385138137416,43.39399701071776,1,1,0.42235440962176085,Head,Open Play,1
3795187,Harry Kane,7.000714249274855,59.48216895354406,1,1,0.9986758627602302,Head,Open Play,1
3795187,Harry Kane,21.511159894343216,18.974601504430165,1,1,5.841128164691615,Left Foot,Open Play,0
3795187,Jordan Brian Henderson,6.041522986797286,65.01876039378396,0,1,1.4271750212610173,Head,Open Play,1
3795187,Harry Maguire,12.041594578792301,21.648089596721327,0,1,0.7417632870617243,Head,Open Play,0
3795187,Roman Yaremchuk,38.97717280665698,11.40357760979483,1,1,7.4584814947244045,Right Foot,Open Play,0
3795187,Evgeny Makarenko,27.461427493850348,14.464096213083291,1,1,4.779679734227748,Left Foot,Open Play,0
3795220,Ferrán Torres García,23.613978910806196,18.83957062451774,1,0,1.5459257484859181,Right Foot,Open Play,0
3795220,Daniel Olmo Carvajal,15.395129099815948,28.660204556161656,1,1,2.194880829161931,Right Foot,Open Play,0
3795220,Daniel Olmo Carvajal,12.070211265756702,36.50983296978464,1,1,0.25666906929146116,Right Foot,Open Play,0
3795220,Daniel Olmo Carvajal,29.704208456042053,12.848565119606361,1,1,4.466624325779996,Right Foot,Open Play,0
3795220,Mikel Oyarzabal Ugarte,21.83323155192561,16.447093704509687,0,1,7.67536417152767,Left Foot,Open Play,0
3795220,Emerson Palmieri dos Santos,14.824641648282771,13.041634220232647,1,1,0.8201892717225986,Left Foot,Open Play,0
3795220,Ciro Immobile,24.226019070412704,15.432451913200712,0,1,1.0491778618101717,Left Foot,Open Play,0
3795220,Sergio Busquets i Burgos,19.35355264544472,22.319670704620183,0,1,2.6406739186968484,Right Foot,Open Play,0
3795220,Federico Chiesa,19.97523466695698,14.744667341941723,1,1,1.1517014537087187,Right Foot,Open Play,0
3795220,Ferrán Torres García,22.242751628339512,18.04847751901375,1,1,1.2616892471011822,Right Foot,Open Play,0
3795220,Mikel Oyarzabal Ugarte,26.595676340337725,16.31839537633191,0,1,2.9588583898116845,Left Foot,Open Play,0
3795220,Federico Chiesa,18.742731924668824,19.449509149424895,1,1,1.9058596305736852,Right Foot,Open Play,1
3795220,Daniel Olmo Carvajal,20.124114887368336,21.64988885368671,1,1,1.5637847884907043,Right Foot,Open Play,0
3795220,Domenico Berardi,13.261975720080326,14.584688782638855,0,1,2.5069886568315685,Right Foot,Open Play,0
3795220,Domenico Berardi,18.313383084509532,24.626159166573444,1,1,1.8485022251613774,Left Foot,Open Play,0
3795220,Álvaro Borja Morata Martín,12.587692401707315,34.41709726581464,0,1,1.5808833515871217,Left Foot,Open Play,1
3795220,Sergio Busquets i Burgos,9.265527507918803,37.501140915517524,2,1,0.7513103651200084,Head,Open Play,0
3795220,Gerard Moreno Balaguero,20.229928324143913,21.839080115506864,2,1,1.8273663695196511,Left Foot,Open Play,0
3795220,Daniel Olmo Carvajal,37.803835784216396,6.843748672187732,0,0,12.44452081686787,Right Foot,Free Kick,0
3795220,Álvaro Borja Morata Martín,14.340153416194683,24.893050282315084,1,1,6.797516613883948,Right Foot,Open Play,0
3795220,Marcos Llorente Moreno,20.002499843769534,19.391643793219185,2,0,2.790753523941338,Left Foot,Open Play,0
3795220,Thiago Alcântara do Nascimento,40.08216561015635,9.620083894471657,1,1,10.711409606385518,Right Foot,Free Kick,0
3795220,Domenico Berardi,17.095028517086483,23.480360936148116,2,1,1.3014127445043937,Left Foot,Open Play,0
3794686,César Azpilicueta Tanco,15.74579308894919,28.437437107658127,1,1,2.366440545604977,Head,Open Play,0
3794686,Pablo Sarabia García,22.055384830013736,10.783402414633848,1,1,5.099524084727224,Left Foot,Open Play,0
3794686,Jorge Resurrección Merodio,13.30037593453658,33.07765582309414,1,1,1.2264660370659703,Right Foot,Open Play,0
3794686,Álvaro Borja Morata Martín,7.44110206891426,44.87603070742547,1,1,1.6248074166017832,Head,Open Play,0
3794686,Nikola Vlašić,12.68108828137396,12.762360937615005,0,1,2.866664576246608,Right Foot,Open Play,0
3794686,Mateo Kovačić,24.31151990312412,16.43241569109514,2,1,2.4837435250912936,Right Foot,Open Play,0
3794686,Pablo Sarabia García,13.179529581893279,23.813993442155365,1,0,1.1371414615432054,Head,Open Play,0
3794686,José Luis Gayà Peña,29.29795214686514,15.448835725299858,2,1,5.233041794628794,Left Foot,Open Play,0
3794686,José Luis Gayà Peña,19.719026345131752,17.840972581936057,4,0,5.336191013911534,Right Foot,Open Play,0
3794686,José Luis Gayà Peña,20.435508312738396,16.00529737362317,3,1,1.2229204790904822,Left Foot,Open Play,0
3794686,Pablo Sarabia García,11.484337159801605,37.210883676273795,2,1,1.8182907320158213,Left Foot,Open Play,1
3794686,Jorge Resurrección Merodio,29.881432361919998,12.997002744139005,2,1,7.737914161497305,Right Foot,Open Play,0
3794686,Álvaro Borja Morata Martín,21.052315787105233,20.90798047100965,1,1,1.8084657634488903,Right Foot,Open Play,0
3794686,César Azpilicueta Tanco,5.277309920783507,72.50725543017305,1,1,0.7701126611219846,Head,Open Play,1
3794686,Ante Rebić,23.859798825639754,14.3552313514425,0,1,6.083296015258083,Right Foot,Open Play,0
3794686,Joško Gvardiol,12.803515142334934,25.449812508499026,2,1,1.2492014377711282,Right Foot,Open Play,0
3794686,Ferrán Torres García,13.70583817210754,20.191633739769514,0,1,5.598159200535609,Left Foot,Open Play,1
3794686,Daniel Olmo Carvajal,17.445343218177165,15.062929641390328,1,0,0.5662079282613054,Right Foot,Open Play,0
3794686,Ante Budimir,4.049691346263314,89.24615166692928,2,0,1.754811091962016,Right Foot,Open Play,0
3794686,Mislav Oršić,1.34536240470737,150.58668275051397,1,0,1.7696396117409787,Right Foot,Open Play,1
3794686,Mario Pašalić,6.440496875241843,61.22714168334588,0,1,3.6317258380917643,Head,Open Play,1
3794686,Daniel Olmo Carvajal,19.404123273160277,23.29136035832739,1,0,0.7691210305356423,Right Foot,Open Play,0
3794686,Mikel Oyarzabal Ugarte,26.27717640843475,16.077921228767188,1,1,1.934156045128907,Left Foot,Open Play,0
3794686,Mislav Oršić,19.474342094150447,20.525789454698725,1,1,4.4446878586582885,Right Foot,Open Play,0
3794686,Andrej Kramarić,7.915806970865326,53.56187662201678,1,1,3.1356521991213313,Left Foot,Open Play,0
3794686,Daniel Olmo Carvajal,16.901183390520327,21.680412595608207,1,1,3.7760105568564515,Left Foot,Open Play,0
3794686,Álvaro Borja Morata Martín,13.124404748406688,23.51867533742985,0,1,2.5143395412673764,Left Foot,Open Play,1
3794686,Andrej Kramarić,23.94765124182328,17.894009747453346,0,1,1.5292335391212015,Right Foot,Open Play,0
3794686,Mikel Oyarzabal Ugarte,9.425497334358543,44.66771668590186,0,1,1.3747925863491566,Left Foot,Open Play,1
3794686,Ante Budimir,17.039366185395508,24.044598422378666,1,1,1.69466973170397,Left Foot,Open Play,0
3794686,Álvaro Borja Morata Martín,13.566502865514016,20.37087081300171,0,1,1.1075624647202464,Left Foot,Open Play,0
3794686,Daniel Olmo Carvajal,15.477725931156682,26.61014013433513,1,1,2.9766566442013076,Left Foot,Open Play,0
3794686,Mikel Oyarzabal Ugarte,7.409453421137078,52.33812819802902,1,1,2.779334874044125,Left Foot,Open Play,0
3794686,Fabián Ruiz Peña,17.2072659071684,20.082249120390717,0,1,0.8630094127523902,Right Foot,Open Play,0
3794686,Álvaro Borja Morata Martín,14.560219778561038,11.982913812323341,1,1,2.283677635564938,Left Foot,Open Play,0
3788763,Karim Benzema,23.22154172315008,18.43363478995404,2,1,1.567983327639302,Right Foot,Open Play,0
3788763,László Kleinheisler,33.92889623904675,13.436502200566075,0,0,3.8114716989741817,Right Foot,Open Play,0
3788763,Kylian Mbappé Lottin,9.330058949438635,44.73671265786167,0,1,2.228166203892296,Head,Open Play,0
3788763,Kylian Mbappé Lottin,8.657944328765339,49.40419240530565,0,1,1.242147265596365,Head,Open Play,0
3788763,Kylian Mbappé Lottin,29.276953393411684,15.166204432006937,3,1,9.360210329481689,Right Foot,Free Kick,0
3788763,Karim Benzema,14.106027080648895,30.177329538788396,0,1,2.8748409064719125,Right Foot,Open Play,0
3788763,Kylian Mbappé Lottin,14.566399692442875,22.78349808116643,2,1,1.152165457460993,Right Foot,Open Play,0
3788763,Paul Pogba,20.208166665979377,7.664073637514668,0,1,1.7388068906577911,Right Foot,Open Play,0
3788763,Roland Sallai,27.93510336476312,11.880044536054195,1,0,2.438710513636861,Right Foot,Open Play,0
3788763,Attila Fiola,13.12440474840669,28.715690670004765,0,1,0.7009699908899113,Right Foot,Open Play,1
3788763,Lucas Digne,22.42431715794262,12.148193373281607,2,1,2.81147149048443,Left Foot,Open Play,0
3788763,Antoine Griezmann,38.1241393345476,8.73268333441143,2,1,7.421692284138558,Left Foot,Open Play,0
3788763,Paul Pogba,28.10160137785745,16.201322836321083,1,0,2.084196952696054,Right Foot,Open Play,0
3788763,Roland Sallai,27.122868579853424,12.656036898440432,1,1,4.16573974814921,Right Foot,Open Play,0
3788763,Ousmane Dembélé,21.875328568960974,15.652767916627596,1,1,2.3907879583639686,Right Foot,Open Play,0
3788763,Antoine Griezmann,9.213576938409972,46.89321986849258,2,1,4.1657236887074065,Left Foot,Open Play,1
3788763,Kylian Mbappé Lottin,11.844407963254223,26.36370956059709,1,1,0.333009642934022,Right Foot,Open Play,0
3788763,N'Golo Kanté,26.75761573832765,16.909955168751125,2,0,7.115335268248666,Right Foot,Open Play,0
3788763,Roland Sallai,20.593688353473738,20.52680640038899,2,0,1.2727218718856714,Left Foot,Open Play,0
3788763,Kylian Mbappé Lottin,13.85929291125633,24.001122390789458,1,1,0.49457674740762964,Left Foot,Open Play,0
3788763,Corentin Tolisso,27.76256472302225,16.30648467706004,2,1,5.423113167387805,Right Foot,Open Play,0
3788763,Raphaël Varane,6.879680225126745,55.97216774701977,0,1,1.7637829340162767,Head,Open Play,0
3795506,Luke Shaw,11.500000000000002,25.400177603160117,0,1,5.128394462276205,Left Foot,Open Play,1
3795506,Lorenzo Insigne,29.001551682625536,13.625563855167957,4,1,11.377210633908422,Right Foot,Free Kick,0
3795506,Lorenzo Insigne,31.903918254659573,14.290821598533837,1,0,2.642364365308188,Right Foot,Open Play,0
3795506,Federico Chiesa,25.04096643502402,17.511655912603185,0,1,2.534530128071519,Left Foot,Open Play,0
3795506,Ciro Immobile,13.693794214898945,32.38811485340092,0,1,3.0105518145280126,Right Foot,Open Play,0
3795506,Marco Verratti,19.309324172533845,23.39691866130558,1,1,2.379186833390805,Left Foot,Open Play,0
3795506,Leonardo Bonucci,34.05950674921761,12.689380570291888,0,1,3.430232059020479,Right Foot,Open Play,0
3795506,Lorenzo Insigne,22.429444932944733,20.032959468614003,5,1,7.8495551532841255,Right Foot,Free Kick,0
3795506,Lorenzo Insigne,21.542516101885592,14.226234652923912,2,1,2.815847815755267,Right Foot,Open Play,0
3795506,Harry Maguire,9.353608929178082,46.14270074436528,0,1,0.8564956513579846,Head,Open Play,0
3795506,Federico Chiesa,22.687661845152757,11.514586984098464,1,1,1.2326561315813105,Left Foot,Open Play,0
3795506,Lorenzo Insigne,10.413932974625867,10.299392584672846,0,1,1.1723811302088674,Left Foot,Open Play,0
3795506,Federico Chiesa,17.07922714879101,25.313113298944206,2,1,1.5990625909651177,Right Foot,Open Play,0
3795506,John Stones,7.256031973468697,57.53202603075195,1,0,1.5311859384130044,Head,Open Play,0
3795506,Leonardo Bonucci,2.343074902771994,131.2129562562385,1,0,1.0316686357055855,Left Foot,Open Play,1
3795506,Domenico Berardi,13.91294361377204,32.05611153808523,0,0,2.076281581794226,Left Foot,Open Play,0
3795506,Luke Shaw,27.320688131890094,14.080162694606132,3,0,3.412677962091409,Left Foot,Open Play,0
3795506,Kalvin Phillips,26.84771871127974,15.480496698253004,1,1,7.498344877535676,Right Foot,Open Play,0
3795506,Andrea Belotti,29.05236651290218,13.578821390093818,0,1,4.097907773285249,Right Foot,Open Play,0
3795506,Andrea Belotti,12.912397143830418,34.1906374080624,2,1,0.7686388553650499,Right Foot,Open Play,0
3795506,Manuel Locatelli,19.6596032513375,22.83365417791753,1,1,1.5968536794912385,Left Foot,Open Play,0
3795506,Federico Bernardeschi,30.76507760432273,14.785836220636726,3,0,10.408587074550876,Left Foot,Free Kick,0
3795506,Bryan Cristante,9.323089616645335,31.347142643213196,0,0,0.7595286384474466,Head,Open Play,0
3788769,Aleksandr Golovin,15.966527487215247,25.428894208678365,1,1,2.9347427328571536,Right Foot,Open Play,0
3788769,Mário Figueira Fernandes,28.714108030722453,15.11651031397808,5,1,0.6411517187599702,Right Foot,Open Play,0
3788769,Artem Dzyuba,19.10314110297048,18.625378017827895,0,1,1.5555699961526614,Right Foot,Open Play,0
3788769,Pierre-Emile Højbjerg,31.42292157008957,14.498832293771304,1,1,5.276317246496694,Right Foot,Open Play,0
3788769,Aleksandr Golovin,21.16837263466419,21.338117575746768,2,1,4.711504935066921,Right Foot,Open Play,0
3788769,Mikkel Damsgaard,24.9339126492414,18.204778055924848,0,1,1.444397920458817,Right Foot,Open Play,1
3788769,Jannik Vestergaard,9.827003612495515,43.62766867275935,1,1,1.8341312827734493,Head,Open Play,0
3788769,Yussuf Yurary Poulsen,26.520369529853838,13.923799673615617,0,1,4.728309740305131,Right Foot,Open Play,0
3788769,Yussuf Yurary Poulsen,11.629703349613012,37.40803162928293,0,0,3.8111454599141465,Left Foot,Open Play,1
3788769,Joakim Mæhle,16.32176461048253,17.051261855553538,0,0,5.555655532862323,Left Foot,Open Play,0
3788769,Artem Dzyuba,11.900420160649796,37.156345075648375,0,1,9.535404588792424,Right Foot,Penalty,1
3788769,Simon Thorup Kjær,5.1,74.461114645988,2,0,0.7975643957998946,Right Foot,Open Play,0
3788769,Jannik Vestergaard,7.3999999999999995,55.31123134814748,2,0,1.3312802438493625,Left Foot,Open Play,0
3788769,Andreas Christensen,10.084145972763386,43.03316483747885,4,1,1.7152137993976984,Right Foot,Open Play,0
3788769,Pierre-Emile Højbjerg,32.82986445296416,12.572223115336952,1,1,10.734900779102535,Right Foot,Free Kick,0
3788769,Roman Zobnin,19.0,23.777316079255947,2,1,1.5441781599197129,Left Foot,Open Play,0
3788769,Andreas Christensen,11.552056094046632,37.585091214112694,3,1,0.5765726941519456,Head,Open Play,0
3788769,Martin Braithwaite Christensen,11.067520047418029,34.94035030987054,0,1,2.455726690634621,Head,Open Play,0
3788769,Simon Thorup Kjær,7.653757247260986,51.53626615221563,0,1,2.14875320687806,Left Foot,Open Play,0
3788769,Andreas Christensen,28.104092228712883,15.595878035162531,4,1,7.834408935950761,Right Foot,Open Play,1
3788769,Joakim Mæhle,18.976301009416986,22.59503189069639,1,1,5.753091777273202,Right Foot,Open Play,1
3788769,Pierre-Emile Højbjerg,22.553491969094278,11.830971488264094,0,1,2.490044986427802,Right Foot,Open Play,0
3788766,Andrea Belotti,5.685068161420763,65.12584608587231,0,0,2.302394742386742,Right Foot,Open Play,0
3788766,Emerson Palmieri dos Santos,31.935560117211033,12.926070230821958,1,0,3.496309518528338,Left Foot,Open Play,0
3788766,Rafael Tolói,25.583783926542218,15.875923656787414,2,1,4.511797628720133,Right Foot,Open Play,0
3788766,Andrea Belotti,13.759360450253496,18.858357677720825,0,1,3.483439033193062,Right Foot,Open Play,0
3788766,Chris Gunter,10.855873986004074,36.14760567415691,3,1,1.2352868929653906,Head,Open Play,0
3788766,Federico Chiesa,11.645600027478185,15.333715910375592,0,1,2.719368612679132,Right Foot,Open Play,0
3788766,Joe Rodon,15.663013758533188,22.3737261421599,0,1,1.501981784497801,Head,Open Play,0
3788766,Federico Bernardeschi,26.064727123068067,16.078318487434736,1,1,2.9008743240479222,Left Foot,Open Play,0
3788766,Matteo Pessina,11.763077828527697,34.7211969549479,0,1,1.6561901322596408,Right Foot,Open Play,1
3788766,Matteo Pessina,10.978615577567142,38.24837482079826,1,1,3.5835342966310586,Left Foot,Open Play,0
3788766,Federico Bernardeschi,29.986663702386092,15.00891367665869,3,1,11.13473698275548,Left Foot,Free Kick,0
3788766,Andrea Belotti,20.550669088864232,9.280898457225836,0,1,4.080764440257577,Right Foot,Open Play,0
3788766,Federico Chiesa,23.193102422918763,14.110610604650274,1,1,4.090044095946323,Left Foot,Open Play,0
3788766,Andrea Belotti,11.1198021565134,28.807728923445662,1,0,2.0202841942927794,Right Foot,Open Play,0
3788766,Rafael Tolói,12.111564721372709,13.094794767824522,2,1,0.71014579189728,Head,Open Play,0
3788766,Federico Bernardeschi,27.223886570436633,13.343706423749364,1,1,2.1627812016620487,Left Foot,Open Play,0
3788766,Emerson Palmieri dos Santos,12.8809937504837,29.02863846163009,1,1,1.6818366719907256,Left Foot,Open Play,0
3788766,Gareth Frank Bale,11.423659658795868,34.671728192257646,0,1,6.172497138932895,Left Foot,Open Play,0
3788766,Federico Chiesa,15.861904047118683,11.888658039627998,1,0,1.2417006801147874,Right Foot,Open Play,0
3788766,Federico Chiesa,18.317205026968495,13.515264082638248,1,1,2.3596845269018307,Left Foot,Open Play,0
3788766,Marco Verratti,25.30019762768662,17.167218535508052,0,1,1.8013360074383926,Right Foot,Open Play,0
3788766,Giacomo Raspadori,19.96246477767713,21.152854670812648,0,1,1.762234117694695,Right Foot,Open Play,0
3788766,Andrea Belotti,18.233211456021667,24.587706598041905,1,1,0.8155434456920587,Right Foot,Open Play,0
3788766,Bryan Cristante,29.47168132292421,13.86249191282992,1,1,4.720554599223147,Right Foot,Open Play,0
3788764,Kai Havertz,24.501836665850174,18.542542540031718,0,1,2.4242470699866785,Left Foot,Open Play,0
3788764,Toni Kroos,15.953056133543823,26.55544101622997,3,1,2.055153801639048,Right Foot,Open Play,0
3788764,Thomas Müller,25.403149411047437,16.02905265089393,1,1,4.213249643860452,Right Foot,Open Play,0
3788764,Cristiano Ronaldo dos Santos Aveiro,5.08035431835221,73.34884554531322,0,0,2.0183729215345316,Left Foot,Open Play,1
3788764,Robin Gosens,20.8585713796511,12.694306657443073,0,1,3.781828490863946,Left Foot,Open Play,0
3788764,Diogo José Teixeira da Silva,27.954606060540364,15.48047776006263,1,0,2.28494794649975,Right Foot,Open Play,0
3788764,Diogo José Teixeira da Silva,10.183319694480769,42.6550734551583,1,1,0.8999282491539364,Head,Open Play,0
3788764,Robin Gosens,18.83454273402994,14.1818133170173,1,1,4.535235054621937,Left Foot,Open Play,0
3788764,Kai Havertz,5.303772242470448,67.71631419756797,0,0,6.950254984187075,Left Foot,Open Play,0
3788764,Kai Havertz,16.120794025109305,17.821018235895117,2,1,4.160133043948999,Right Foot,Open Play,0
3788764,Robin Gosens,19.553260597659918,11.480371922926212,0,1,8.4429353702109,Left Foot,Open Play,0
3788764,Serge Gnabry,17.494284781036352,23.01356968081743,0,1,1.0307035667501068,Left Foot,Open Play,0
3788764,Kai Havertz,4.517742799230607,83.01606253991471,0,0,3.600991206462116,Right Foot,Open Play,1
3788764,Cristiano Ronaldo dos Santos Aveiro,33.71913403395764,11.575271559643836,1,1,8.776731012054967,Right Foot,Free Kick,0
3788764,Robin Gosens,3.605551275463989,100.61965527615513,0,1,2.79693677982731,Head,Open Play,1
3788764,Diogo José Teixeira da Silva,3.080584360149871,114.32693292684691,0,0,3.0335844334599593,Right Foot,Open Play,1
3788764,Renato Júnior Luz Sanches,29.160589843142745,13.635799792387646,2,1,4.542570230058447,Right Foot,Open Play,0
3788764,Leon Goretzka,19.03943276465977,22.0006983505406,0,1,3.3080817531408964,Right Foot,Open Play,0
3788764,Marcel Halstenberg,20.330518930907786,2.651422474383996,1,1,1.857645130951287,Left Foot,Open Play,0
3788764,André Miguel Valente Silva,13.93018305694509,23.98040090193937,1,1,3.0201981460349816,Right Foot,Open Play,0
3788755,Ben Davies,15.384407690905748,28.214602356263512,1,1,2.508244494220923,Head,Open Play,0
3788755,Aaron Ramsey,12.056948204251352,20.667109730609145,0,1,1.8946403371216198,Right Foot,Open Play,0
3788755,Burak Yılmaz,17.504570831642802,23.7857825311061,0,1,3.3030982819329657,Right Foot,Open Play,0
3788755,Kieffer Roberto Francisco Moore,9.34772699644143,25.730705601531206,0,0,3.9425058515267315,Head,Open Play,0
3788755,Cengiz Ünder,23.527430798963152,18.36009089404679,1,0,0.9788194790294468,Left Foot,Open Play,0
3788755,Gareth Frank Bale,11.920151005754917,20.84085168826812,0,0,1.0980031119548543,Head,Open Play,0
3788755,Aaron Ramsey,14.644111444536337,26.188491819442273,0,1,2.7499543576624434,Right Foot,Open Play,0
3788755,Kenan Karaman,13.641847382227965,16.50436138175504,1,1,2.581216490069511,Left Foot,Open Play,0
3788755,Kaan Ayhan,9.91816515288993,43.87600222209637,1,0,1.5036991246208895,Head,Open Play,0
3788755,Caglar Söyüncü,11.618089343777658,37.22726308941736,2,1,2.042666101885735,Head,Open Play,0
3788755,Burak Yılmaz,13.346160496562291,31.871764561527957,0,1,2.3835727899133174,Head,Open Play,0
3788755,Aaron Ramsey,8.160882305241262,50.96149265265582,0,1,3.1101716798853123,Right Foot,Open Play,1
3788755,Cengiz Ünder,20.48047851003487,21.33714807325396,2,1,2.361400727465043,Left Foot,Open Play,0
3788755,Cengiz Ünder,8.5,27.112446427955703,0,1,1.0161335515854995,Head,Open Play,0
3788755,Kieffer Roberto Francisco Moore,10.282509421342633,34.81550801145601,0,0,4.1878098341371075,Head,Open Play,0
3788755,Hakan Çalhanoğlu,29.90819285747637,14.7445259256346,2,1,4.803415847758403,Right Foot,Open Play,0
3788755,Gareth Frank Bale,23.6027540765903,19.159620635183238,0,1,2.7363099719720765,Left Foot,Open Play,0
3788755,Burak Yılmaz,5.141984052872977,75.37212905062239,1,1,1.9151954439513716,Right Foot,Open Play,0
3788755,Aaron Ramsey,13.870832707519765,28.95522820805109,2,1,1.2228631432823889,Right Foot,Open Play,0
3788755,Burak Yılmaz,30.563049586060618,10.32132102992017,0,0,2.1147801469764875,Right Foot,Open Play,0
3788755,Gareth Frank Bale,12.0,36.86989764584404,0,1,8.159362512372137,Left Foot,Penalty,0
3788755,Cengiz Umut Meraş,24.70728637467094,14.632251890470853,1,1,5.246857414983269,Left Foot,Open Play,0
3788755,Kaan Ayhan,8.927485648266265,48.182182453053066,3,1,1.360113535509454,Head,Open Play,0
3788755,Cengiz Ünder,18.883061192507952,17.104147588157296,2,1,1.6178196616966558,Left Foot,Open Play,0
3788755,Burak Yılmaz,10.564563407921787,33.79779998349865,1,1,1.4420460785266842,Head,Open Play,0
3788755,Daniel James,22.99412968563933,14.688269040279227,0,1,2.673114307592682,Right Foot,Open Play,0
3788755,Gareth Frank Bale,7.3239333694402236,51.897640261438916,0,0,2.933944419725958,Head,Open Play,0
3788755,Merih Demiral,8.54458893101359,44.48794622924023,0,0,1.6951743049906658,Head,Open Play,0
3788755,İbrahim Halil Dervişoğlu,22.121934815924217,20.139219605962754,1,1,2.0592587865405267,Right Foot,Open Play,0
3788755,Harry Wilson,10.089598604503546,36.02737338510361,1,1,1.0904408673953165,Left Foot,Open Play,0
3788755,Gareth Frank Bale,13.823530663329105,12.120007744569886,0,1,3.6024238875559917,Left Foot,Open Play,0
3788755,Kieffer Roberto Francisco Moore,14.705441169852746,29.043670949297454,2,1,3.2097563262110245,Right Foot,Open Play,0
3788755,Connor Roberts,11.693160394008114,30.24728900869598,1,1,3.366249359780851,Right Foot,Open Play,1
3788754,Ciro Immobile,6.7601775124622305,61.008967036128524,0,1,2.009531807161744,Head,Open Play,0
3788754,Domenico Berardi,24.29897117163605,15.564228610450657,2,1,2.5332490004574653,Left Foot,Open Play,0
3788754,Lorenzo Insigne,25.976335384345504,16.824356525997405,2,1,4.0364150043372,Right Foot,Open Play,0
3788754,Manuel Locatelli,4.58802789878179,81.83571842171393,0,1,3.17945239842064,Right Foot,Open Play,1
3788754,Ricardo Iván Rodríguez Araya,38.538941345086265,10.27704723023374,0,0,0.8751402192937243,Left Foot,Open Play,0
3788754,Lorenzo Insigne,20.2711617821969,11.896847036526704,0,1,3.5734438257417676,Right Foot,Open Play,0
3788754,Domenico Berardi,21.18962010041709,20.28002813302492,0,1,3.3081671889230515,Left Foot,Open Play,0
3788754,Leonardo Spinazzola,12.520782723136758,27.346000201434773,0,1,2.3496720553315376,Right Foot,Open Play,0
3788754,Xherdan Shaqiri,35.74143253984093,11.332204290606875,0,0,4.131968559319476,Left Foot,Open Play,0
3788754,Nico Elvedi,8.92020179143948,48.24033996317731,1,1,2.4097459747476675,Head,Open Play,0
3788754,Manuel Locatelli,22.897379762758884,19.660607530545178,2,1,5.195941600119095,Left Foot,Open Play,1
3788754,Xherdan Shaqiri,22.689645215384047,17.70064958559276,1,1,0.7723757376022227,Left Foot,Open Play,0
3788754,Steven Zuber,13.148764200486674,17.011325696005454,0,1,2.1604233761463583,Right Foot,Open Play,0
3788754,Domenico Berardi,18.55505322007997,20.692294231660096,0,1,0.7567348958694842,Left Foot,Open Play,0
3788754,Giovanni Di Lorenzo,17.831432920547922,23.48468770010771,0,1,0.8760100798866607,Left Foot,Open Play,0
3788754,Ciro Immobile,16.22898641320523,16.73875855842764,0,1,2.5964175001984318,Right Foot,Open Play,0
3788754,Ciro Immobile,17.67993212656655,18.35493169546685,0,0,2.8911788813785537,Left Foot,Open Play,0
3788754,Ciro Immobile,25.904439773907487,17.106662632807346,2,1,4.5991555791671415,Right Foot,Open Play,1
3788754,Djibril Sow,26.509243670840558,16.666937753151164,3,0,4.712883409231904,Right Foot,Open Play,0
3788762,Mateusz Andrzej Klich,28.873517277948658,15.215742122994016,1,0,3.32768682228813,Right Foot,Open Play,0
3788762,Daniel Olmo Carvajal,26.601691675530713,10.612902945162716,0,1,2.313132012140427,Right Foot,Open Play,0
3788762,Pau Francisco Torres,33.79304662204933,13.0410255899404,2,1,7.374364842764677,Left Foot,Open Play,0
3788762,Gerard Moreno Balaguero,23.36921051298054,14.712702245081994,2,1,4.461890359462227,Left Foot,Open Play,0
3788762,Álvaro Borja Morata Martín,5.842088667591409,68.65778416338792,0,1,1.2131187502949887,Right Foot,Open Play,1
3788762,Gerard Moreno Balaguero,22.042232191862972,20.44932986747306,6,1,9.262028682967333,Left Foot,Free Kick,0
3788762,Karol Świderski,6.87677249878168,49.00391874357666,0,0,5.2544779633121825,Left Foot,Open Play,0
3788762,Karol Świderski,22.474207438750764,19.957141626280666,1,1,2.8738219444349107,Left Foot,Open Play,0
3788762,Robert Lewandowski,10.679419459877026,31.122470196791987,1,1,0.5026533335114255,Left Foot,Open Play,0
3788762,Gerard Moreno Balaguero,8.527602242131133,42.950113062448374,0,0,1.561000609629064,Left Foot,Open Play,0
3788762,Robert Lewandowski,7.049113419430845,54.93594290107311,0,1,1.6997816742644885,Head,Open Play,1
3788762,Gerard Moreno Balaguero,11.9104995697074,37.103715178383474,0,1,10.021745006375676,Left Foot,Penalty,0
3788762,Álvaro Borja Morata Martín,12.814054783713075,34.64285067843046,0,1,2.790665556127396,Right Foot,Open Play,0
3788762,Álvaro Borja Morata Martín,18.710692130437078,13.076378950815137,1,1,1.4369438909198453,Right Foot,Open Play,0
3788762,Rodrigo Hernández Cascante,19.159592897553956,21.740044799633825,1,1,4.613905475934858,Left Foot,Open Play,0
3788762,Álvaro Borja Morata Martín,7.294518489934749,52.67447951689396,0,1,3.1494511840315833,Right Foot,Open Play,0
3788762,Ferrán Torres García,18.83454273402994,20.105782002892497,4,1,0.6361966679310596,Right Foot,Open Play,0
3788747,Sasa Kalajdzic,28.616254122438875,14.79114861131703,1,1,3.618478781058416,Right Foot,Open Play,0
3788747,Stefan Lainer,6.3953107821277975,42.97583577395568,0,1,2.7365959670174647,Right Foot,Open Play,1
3788747,Sasa Kalajdzic,10.42353107157071,38.463189179359816,0,1,4.6683058847685945,Right Foot,Open Play,0
3788747,Goran Pandev,14.807092894960848,29.71451385337628,1,0,2.2533932436303785,Left Foot,Open Play,1
3788747,Stefan Ristovski,30.244668951734283,14.617655914847582,1,1,2.4392503350037313,Right Foot,Open Play,0
3788747,Boban Nikolov,23.300214591286498,17.605678269905635,1,1,6.403815151079959,Left Foot,Open Play,0
3788747,Boban Nikolov,12.1433109158911,20.365710380818143,0,1,0.938881226676995,Right Foot,Open Play,0
3788747,Goran Pandev,19.743353311937664,15.091572678594904,2,1,4.679490449533037,Left Foot,Open Play,0
3788747,Michael Gregoritsch,7.462573282722252,51.77956794514997,2,1,0.5558155562762956,Head,Open Play,0
3788747,Marcel Sabitzer,10.857716150277643,28.79373757277249,3,1,0.7668278932584867,Head,Open Play,0
3788747,Xaver Schlager,24.329817097545142,18.077867912283637,2,1,3.562560940068107,Left Foot,Open Play,0
3788747,Ezgjan Alioski,24.96898075613019,13.407586271758252,1,1,4.68533573324757,Left Foot,Open Play,0
3788747,Eljif Elmas,14.003213916812097,31.877946186216448,1,1,0.7029641265408596,Left Foot,Open Play,0
3788747,Michael Gregoritsch,6.3285069329186925,64.4903383969133,0,1,1.437571495733164,Right Foot,Open Play,1
3788747,Marcel Sabitzer,24.308229059312403,17.385514434907417,2,1,2.588887935804994,Left Foot,Open Play,0
3788747,Marko Arnautović,13.829316685939327,32.209172352613834,1,1,1.4291993373818777,Right Foot,Open Play,1
3788741,Ciro Immobile,11.452947218947623,20.560951800370116,1,1,1.6243814281916598,Right Foot,Open Play,0
3788741,Domenico Berardi,28.193970986719837,12.227816005024703,0,0,4.547446082852648,Left Foot,Open Play,0
3788741,Lorenzo Insigne,17.335801106380977,18.354564708369193,0,1,4.623034972095939,Right Foot,Open Play,0
3788741,Leonardo Bonucci,35.69257625893653,11.852293240250175,1,0,1.2052179981636524,Right Foot,Open Play,0
3788741,Ciro Immobile,23.3002145912865,19.17225955538555,1,0,2.800469554814196,Right Foot,Open Play,0
3788741,Giorgio Chiellini,11.61034021896,37.51261180285633,1,1,4.169681378199609,Head,Open Play,0
3788741,Leonardo Bonucci,10.673799698326738,40.07783834867532,1,1,0.7239562176389135,Head,Open Play,0
3788741,Nicolò Barella,26.45694615786184,16.85351620117332,1,0,4.2001040359500434,Right Foot,Open Play,0
3788741,Ciro Immobile,12.061509026651683,29.61509328458675,1,1,2.895114790428097,Head,Open Play,0
3788741,Lorenzo Insigne,22.496444163467256,18.08034066981446,1,1,2.343115675285979,Right Foot,Open Play,0
3788741,Domenico Berardi,25.72333570904054,16.36431520751126,1,1,3.4602048497888362,Left Foot,Open Play,0
3788741,Ciro Immobile,18.515128949051366,21.993999616524853,2,1,2.4966235099037113,Right Foot,Open Play,0
3788741,Lorenzo Insigne,21.305398376937237,13.95247776808494,1,1,0.8144741619735864,Right Foot,Open Play,0
3788741,Domenico Berardi,14.650938536489733,23.505947861585536,0,1,2.9208149488760657,Left Foot,Open Play,0
3788741,Cengiz Ünder,23.507658326596466,12.605435763154277,1,1,2.3392334744830383,Left Foot,Open Play,0
3788741,Leonardo Spinazzola,15.533190271158078,17.35402463626131,1,1,1.2442796896838058,Left Foot,Open Play,0
3788741,Ciro Immobile,12.31665539016173,26.073181198571525,1,1,0.6928780238075533,Right Foot,Open Play,0
3788741,Giorgio Chiellini,33.22905355257655,11.995079374718495,1,0,5.841723441927122,Left Foot,Open Play,0
3788741,Manuel Locatelli,24.66110297614443,16.26767241067442,1,1,4.8716418138525714,Right Foot,Open Play,0
3788741,Nicolò Barella,27.901612856607418,16.31587815142952,2,1,3.7829923676174175,Right Foot,Open Play,0
3788741,Domenico Berardi,18.638937737972086,14.222806490065091,2,1,3.050350959049844,Left Foot,Open Play,0
3788741,Leonardo Spinazzola,16.92010638264429,21.780208458822447,3,1,0.8448984305129059,Right Foot,Open Play,0
3788741,Ciro Immobile,7.494664769020697,51.88332208598656,1,1,2.7081801928751545,Right Foot,Open Play,1
3788741,Lorenzo Insigne,16.0206117236515,21.9113332466052,0,1,8.26575501358373,Right Foot,Open Play,1
3788741,Burak Yılmaz,11.476933388322855,27.71771245548215,0,1,0.8059217779188309,Left Foot,Open Play,0
3788741,Merih Demiral,14.0089257261219,27.039867209320587,3,1,2.119002419218169,Head,Open Play,0
3795109,Vladimír Coufal,26.630809225406573,15.849284123036796,3,1,1.9033004338943624,Left Foot,Open Play,0
3795109,Thomas Delaney,11.100450441310924,39.63167978900459,1,1,1.9149643095027293,Head,Open Play,1
3795109,Kasper Dolberg,24.35282324495457,18.47485377626533,1,0,3.5361698408522413,Right Foot,Open Play,0
3795109,Patrik Schick,16.760966559241147,17.119140480601754,2,1,1.8594172514106149,Left Foot,Open Play,0
3795109,Mikkel Damsgaard,12.660568707605519,22.578969213804537,0,1,2.267455437614092,Right Foot,Open Play,0
3795109,Petr Ševčík,15.206906325745543,29.301484533066862,2,1,1.6283669800815896,Right Foot,Open Play,0
3795109,Thomas Delaney,13.597793938724035,31.425448947255926,1,1,2.722100829652954,Other,Open Play,0
3795109,Tomáš Souček,4.539823785126467,82.70267192572067,0,1,1.1071754136033547,Head,Open Play,0
3795109,Tomáš Holeš,10.604244433244641,17.49428950764512,0,1,3.553673622704509,Left Foot,Open Play,0
3795109,Tomáš Souček,6.911584478250995,56.055770353702684,1,1,1.138939154861832,Head,Open Play,0
3795109,Martin Braithwaite Christensen,15.415576538034511,12.219690391881633,1,1,2.2970730065346436,Right Foot,Open Play,0
3795109,Tomáš Holeš,14.492066795319436,29.81860872830604,2,1,1.2659793800194856,Right Foot,Open Play,0
3795109,Mikkel Damsgaard,20.93083849252103,15.568207278078441,0,1,3.582733899013087,Right Foot,Open Play,0
3795109,Kasper Dolberg,7.969943538068504,51.98956558584025,0,1,0.9852289267857719,Right Foot,Open Play,1
3795109,Michael Krmenčík,24.977589955798376,16.7023571951473,0,1,0.9089614382651443,Right Foot,Open Play,0
3795109,Antonín Barák,21.53346233191495,21.01649676135887,3,1,2.2736617127610717,Left Foot,Open Play,0
3795109,Patrik Schick,9.436630754670867,45.21488258427672,0,1,2.167341015598287,Left Foot,Open Play,0
3795109,Patrik Schick,12.576565508913797,34.905647438200276,1,0,1.468604835633997,Right Foot,Open Play,1
3795109,Michael Krmenčík,13.11030129325791,32.05161503784513,1,1,1.1965024143235456,Left Foot,Open Play,0
3795109,Yussuf Yurary Poulsen,13.700364958642531,26.924309368691937,0,1,1.2407361085831117,Left Foot,Open Play,0
3795109,Yussuf Yurary Poulsen,22.55349196909427,19.741447527404716,0,1,2.118586824614009,Right Foot,Open Play,0
3795109,Jakub Jankto,16.4730082255792,14.070026352875447,1,1,6.4588795917611055,Left Foot,Open Play,0
3795109,Yussuf Yurary Poulsen,18.6271307506014,23.977264496012754,1,1,3.6224775846934754,Right Foot,Open Play,0
3795109,Tomáš Souček,26.342740935597416,17.241831555441514,3,1,4.9561718330691935,Right Foot,Open Play,0
3795109,Joakim Mæhle,13.036103712382776,18.664657034783843,0,1,4.46714326630587,Right Foot,Open Play,0
3795109,Michael Krmenčík,16.543578814754685,27.12349431757042,1,0,1.4206652883298316,Right Foot,Open Play,0
3795109,Antonín Barák,24.69534369066363,18.26516945357151,4,0,2.7538724343923096,Left Foot,Open Play,0
3788770,Ryan Gravenberch,28.12774431055572,12.848185578781884,1,1,6.9784531559590475,Right Foot,Open Play,0
3788770,Denzel Dumfries,7.74661216274572,54.10115015832645,2,1,0.481350641540476,Other,Open Play,0
3788770,Stefan Ristovski,37.02971779530598,11.08861381750907,1,1,6.521510160850217,Right Foot,Open Play,0
3788770,Aleksandar Trajkovski,23.820999139414788,18.452402604382712,1,1,5.7915454159155,Right Foot,Open Play,0
3788770,Memphis Depay,11.788129622633106,36.56449870334927,2,1,1.798341416778059,Left Foot,Open Play,1
3788770,Aleksandar Trajkovski,26.856098003991573,16.55192683306458,1,1,6.444376317440654,Right Foot,Open Play,0
3788770,Denzel Dumfries,9.340770846134705,44.328834135486545,0,1,3.1991094193601035,Right Foot,Open Play,0
3788770,Memphis Depay,26.99036865253974,16.747629947723784,2,1,5.192085721228716,Right Foot,Open Play,0
3788770,Donyell Malen,26.015572259706296,14.654541201242921,1,1,2.33388192678449,Right Foot,Open Play,0
3788770,Enis Bardhi,27.637836384203453,14.800680833731546,3,1,2.194113755784201,Right Foot,Open Play,0
3788770,Enis Bardhi,27.821035207195287,16.240262202477506,1,1,3.5585722131970563,Right Foot,Open Play,0
3788770,Visar Musliu,6.592419889539799,60.63332830571349,1,1,1.3262507613065775,Head,Open Play,0
3788770,Matthijs de Ligt,6.8066144300966505,60.858726327842334,0,1,2.3349752398105723,Head,Open Play,0
3788770,Georginio Wijnaldum,4.535416188179433,82.60269209884548,0,0,1.5643483180319702,Left Foot,Open Play,1
3788770,Ryan Gravenberch,22.659655778497612,16.90633651112082,1,1,0.9960429134473362,Right Foot,Open Play,0
3788770,Enis Bardhi,23.120986138138658,17.710027837421084,2,1,11.161671547636479,Right Foot,Free Kick,0
3788770,Memphis Depay,14.838463532320324,28.226070381092814,0,1,5.102701827136582,Right Foot,Open Play,0
3788770,Georginio Wijnaldum,10.846197490364997,40.366500102209464,0,1,5.200378450511083,Right Foot,Open Play,1
3788770,Eljif Elmas,9.141662868428256,28.573612364004983,2,1,0.44876511033076455,Head,Open Play,0
3788770,Georginio Wijnaldum,12.107848694132253,34.452628319350424,2,1,1.855502617133573,Right Foot,Open Play,0
3788770,Wout Weghorst,17.833956375409247,21.536009037567304,0,1,4.805511083977995,Right Foot,Open Play,0
3788770,Jurriën David Norman Timber,28.00071427660373,16.259402605899748,2,1,3.6008489040938114,Right Foot,Open Play,0
3788770,Steven Berghuis,16.256075787224912,26.541044051116508,3,1,1.9630263422417906,Left Foot,Open Play,0
3788770,Vlatko Stojanovski,10.600471687618436,22.13480017472161,2,0,0.5831785709208729,Right Foot,Open Play,0
3788770,Darko Velkovski,7.580237463298889,51.43437502961894,1,1,1.8399186533189635,Head,Open Play,0
3788770,Eljif Elmas,26.97869529832753,16.76162092281319,1,1,2.832335982770628,Right Foot,Open Play,0
3788770,Wout Weghorst,20.67365473253339,21.445150933049284,1,1,1.8196145915704725,Right Foot,Open Play,0
3788770,Boban Nikolov,15.033296378372906,20.472279519741907,1,1,3.008648900550445,Left Foot,Open Play,0
3788770,Matthijs de Ligt,34.6636697422532,13.141676063222846,2,1,4.503926972912835,Right Foot,Open Play,0
3788770,Eljif Elmas,11.072488428533129,13.503864378380205,2,1,0.6596324626927401,Left Foot,Open Play,0
3794688,Leon Goretzka,30.688760157425722,14.25446217022063,2,1,4.553277546245931,Right Foot,Open Play,0
3794688,Kai Havertz,19.720294115453758,22.38763092897216,6,1,4.433606111008289,Left Foot,Open Play,0
3794688,Raheem Sterling,28.79044980544764,15.40607880690801,0,1,2.121084320493449,Right Foot,Open Play,0
3794688,Harry Maguire,10.817116066678771,39.746938509873786,1,1,1.129326580646914,Head,Open Play,0
3794688,Harry Maguire,6.067124524847005,66.5612584147481,2,1,0.9196686307653835,Head,Open Play,0
3794688,Timo Werner,11.82285921425101,25.258164061073966,1,1,0.48311181454478475,Left Foot,Open Play,0
3794688,Kai Havertz,18.42281194606296,23.048747600171595,1,1,4.401129810568847,Left Foot,Open Play,0
3794688,Robin Gosens,4.123105625617661,88.21008939175394,0,0,2.1693010990189254,Head,Open Play,0
3794688,Raheem Sterling,6.001666435249469,67.01564768804724,0,1,1.5861109574496124,Right Foot,Open Play,1
3794688,Thomas Müller,24.001041644062038,16.622719705491907,3,1,10.126958632956224,Right Foot,Free Kick,0
3794688,Thomas Müller,19.964217991196154,22.593806136171487,1,1,1.072734652636528,Right Foot,Open Play,0
3794688,Harry Kane,7.710382610480488,54.448953044502304,0,1,4.188251405726403,Head,Open Play,1
3794688,Leon Goretzka,13.47145129523913,26.248411058367235,1,1,1.6717114661178991,Right Foot,Open Play,0
3788774,Joshua Kimmich,10.938464243210747,11.771600061207485,0,0,2.57221240593869,Right Foot,Open Play,0
3788774,Antonio Rüdiger,10.84066418629412,27.478696291659123,1,1,0.8518024376822346,Head,Open Play,0
3788774,Ádám Szalai,10.090094152187083,41.53059475225109,0,1,2.8008456430259785,Head,Open Play,1
3788774,Serge Gnabry,18.660385848100784,19.860596618430325,3,1,2.167918455293703,Right Foot,Open Play,0
3788774,Mats Hummels,7.021395872616786,58.1486114609532,0,1,1.4611717485136257,Head,Open Play,0
3788774,Matthias Ginter,8.994442728707547,44.23967909679209,1,1,2.4506740570324697,Right Foot,Open Play,0
3788774,Mats Hummels,13.051053597315429,19.152508807084747,0,0,9.149667494495938,Head,Open Play,0
3788774,Roland Sallai,24.13565826738521,12.962186992210379,1,1,2.3730427289195535,Right Foot,Open Play,0
3788774,András Schäfer,28.944256770558134,15.713624909423249,4,1,8.297028644972324,Right Foot,Open Play,0
3788774,Roland Sallai,32.707491496597534,12.706230859983302,1,1,1.2995122332432416,Right Foot,Open Play,0
3788774,Kai Havertz,20.188362984650336,17.14508187293309,2,1,5.084787286134608,Left Foot,Open Play,0
3788774,Kai Havertz,19.799494943053478,16.474473727725844,1,1,2.564936289000382,Left Foot,Open Play,0
3788774,Serge Gnabry,17.307223925286227,12.257223130438556,2,1,1.0765486357088898,Right Foot,Open Play,0
3788774,Kai Havertz,25.740240869113872,12.825713223521825,0,0,1.4699198830153073,Left Foot,Open Play,0
3788774,Mats Hummels,10.22007827758672,41.55302538357609,0,1,2.0611829108932724,Head,Open Play,0
3788774,Loïc Négo,25.810462994684926,16.646355837156943,3,1,5.489725934055983,Right Foot,Open Play,0
3788774,Attila Fiola,16.900887550658396,21.091599618992667,0,1,2.6812193531040864,Right Foot,Open Play,0
3788774,Roland Sallai,25.225384040684094,8.508361862793919,3,0,10.329552041815738,Right Foot,Free Kick,0
3788774,Mats Hummels,9.84123975929862,35.84153390569566,0,0,2.2366911134282734,Head,Open Play,0
3788774,Kai Havertz,0.7615773105863923,160.04076423164562,0,0,1.2679050772608356,Head,Open Play,1
3788774,András Schäfer,16.118622769951532,26.205790357734156,0,1,1.4100452931312903,Head,Open Play,1
3788774,Robin Gosens,11.18659912573969,28.79991020541679,1,1,4.222450644478998,Head,Open Play,0
3788774,Ádám Szalai,45.30011037514147,10.092236115879693,0,0,2.2923785222862167,Right Foot,Open Play,0
3788774,Thomas Müller,10.335376142163375,38.71515905030126,0,0,6.6845755640242634,Head,Open Play,0
3788774,Toni Kroos,14.49413674559475,15.658013526543701,0,1,1.7376945581168595,Right Foot,Open Play,0
3788774,Timo Werner,15.415576538034511,27.13708455849211,2,1,1.8788486261728683,Right Foot,Open Play,0
3788774,Leon Goretzka,15.826875876179736,28.174860675292983,1,1,3.1828572482165636,Right Foot,Open Play,1
3788771,Che Adams,28.400000000000006,16.03418614731069,0,0,2.2198515906793044,Right Foot,Open Play,0
3788771,Nikola Vlašić,12.050311199301037,35.45159582635711,3,1,0.8682169421311134,Left Foot,Open Play,1
3788771,Luka Modrić,28.058510295452255,14.090765591841542,0,1,3.6113462289378315,Right Foot,Open Play,0
3788771,John McGinn,14.996666296213975,29.7094241639224,2,1,4.251854365855149,Left Foot,Open Play,0
3788771,Ivan Perišić,30.805843601498733,14.148893826956334,1,0,2.8978321896496158,Right Foot,Open Play,0
3788771,Josip Juranović,28.040149785619906,12.587865354801945,2,1,3.000145283151926,Right Foot,Open Play,0
3788771,Ivan Perišić,19.230184606498188,11.004407761201602,0,1,2.0155464086986985,Right Foot,Open Play,0
3788771,Callum McGregor,19.23746345025768,23.451213020149485,3,1,1.8039535876087014,Right Foot,Open Play,1
3788771,Ivan Perišić,25.73033229478392,16.159519122200944,1,1,3.07092420021,Right Foot,Open Play,0
3788771,Joško Gvardiol,12.001666550941998,36.861304997511155,0,1,2.3865360909223217,Left Foot,Open Play,0
3788771,Joško Gvardiol,25.36473930479082,15.941294720709562,0,1,3.5811672775300507,Right Foot,Open Play,0
3788771,John McGinn,4.580392996239519,77.01700742774806,0,1,1.1664074387890315,Left Foot,Open Play,0
3788771,Luka Modrić,20.45702813216035,21.679077797183407,2,1,5.300320052148754,Right Foot,Open Play,1
3788771,Callum McGregor,24.256339377573028,17.893611682300712,5,1,5.651270396945124,Right Foot,Open Play,0
3788771,Ryan Fraser,26.382759522081844,17.129958972608183,0,0,2.8657266272492037,Right Foot,Open Play,0
3788771,Mateo Kovačić,23.743841306747317,14.650590676077261,1,1,3.7317732791806035,Right Foot,Open Play,0
3788771,Ivan Perišić,10.376897416858275,22.726283435461482,0,1,0.7951215108381857,Head,Open Play,1
3788771,Ryan Fraser,19.635936443164617,20.63908104647532,1,1,1.4464742592065238,Right Foot,Open Play,0
3788771,Che Adams,13.541787178950942,12.66067014716697,0,1,2.145717170732804,Right Foot,Open Play,0
3788771,Scott McTominay,5.920304046246277,67.32662511700275,0,1,1.0703425409264702,Head,Open Play,0
3788771,Scott McTominay,18.317477992343818,18.28796648429059,1,1,2.8822232580086755,Right Foot,Open Play,0
3788771,Scott McKenna,6.003332407921453,67.3394636980007,0,0,1.8446974662485787,Head,Open Play,0
3788772,Raheem Sterling,18.325119372053212,17.363715107622774,0,1,3.1966659957356,Right Foot,Open Play,0
3788772,John Stones,14.006427096158392,16.566704554484602,0,1,2.3723769990485866,Head,Open Play,0
3788772,Harry Kane,31.181084009379784,11.858941285489799,0,0,5.9487701816467755,Right Foot,Open Play,0
3788772,Raheem Sterling,4.601086828130931,78.22433056345372,0,0,3.1926543529682747,Head,Open Play,1
3788772,Harry Kane,14.880860190190617,18.915517250933192,0,1,2.13613354973943,Right Foot,Open Play,0
3788772,Tomáš Holeš,29.024816967553818,15.680606470787732,0,1,0.9958275224754942,Right Foot,Open Play,0
3788772,Tomáš Holeš,14.199295757184585,30.924702586801093,1,0,1.6186179629086972,Head,Open Play,0
3788772,Tomáš Kalas,14.969635934116766,28.29041051464261,2,1,1.0551442500203805,Right Foot,Open Play,0
3788772,Tomáš Souček,11.078808600206072,35.45126501733282,1,1,2.7986626382533872,Right Foot,Open Play,0
3788772,Tomáš Souček,15.047258886587954,29.53094952323024,2,1,1.7134543360982877,Right Foot,Open Play,0
3788772,Tomáš Pekhart,19.649173010587496,20.39520739832664,1,1,2.343877363267395,Right Foot,Open Play,0
3788772,Alex Král,32.82072515956952,13.807346418797032,1,0,2.1795298461599875,Right Foot,Open Play,0
3788768,Axel Witsel,28.76960201323612,14.637711431445423,1,1,2.9225144665336056,Right Foot,Open Play,0
3788768,Axel Witsel,22.55038802326914,19.993567205432104,3,1,8.677993400117048,Right Foot,Open Play,0
3788768,Leandro Trossard,24.298148077579903,17.61718046809073,1,1,4.157225529852405,Left Foot,Open Play,0
3788768,Jeremy Doku,18.201648277010516,22.468733406516762,1,1,2.3153357148458893,Left Foot,Open Play,0
3788768,Romelu Lukaku Menama,11.377170122662315,38.303261765356964,0,1,2.363688427523427,Head,Open Play,0
3788768,Romelu Lukaku Menama,7.615773105863913,54.64584425661195,1,1,0.8227806646744649,Left Foot,Open Play,0
3788768,Jeremy Doku,19.041270965983337,14.990258552274163,1,1,1.4623603138545591,Right Foot,Open Play,0
3788768,Joel Pohjanpalo,15.91540134586621,22.522073108869463,0,1,3.3469286254541903,Right Foot,Open Play,0
3788768,Teemu Pukki,18.504323819042945,18.93846538723996,2,1,2.5586037750483683,Left Foot,Open Play,0
3788768,Jason Denayer,27.254724361108483,14.738518367294851,1,1,5.308542930214708,Right Foot,Open Play,0
3788768,Eden Hazard,26.806902096288564,12.456085640434662,2,1,1.1975000746366569,Left Foot,Open Play,0
3788768,Nacer Chadli,21.004047229046115,15.860995800712368,2,1,4.088801969591475,Right Foot,Open Play,0
3788768,Eden Hazard,15.368799562750496,24.596680507208955,1,1,3.1418337531032594,Right Foot,Open Play,0
3788768,Glen Kamara,19.453534383242545,22.5367508137449,1,1,4.837698175710594,Left Foot,Open Play,0
3788768,Eden Hazard,11.947384651043928,33.535389572465256,1,1,1.507827781651699,Left Foot,Open Play,0
3788768,Joel Pohjanpalo,21.677868898948528,16.493015095760846,1,1,2.1047683005885864,Left Foot,Open Play,0
3788768,Romelu Lukaku Menama,19.221342304844367,20.021622412810917,2,1,0.608394911925562,Left Foot,Open Play,0
3788768,Thomas Vermaelen,8.06225774829855,52.56142842766696,1,0,1.03414513102965,Head,Open Play,0
3788768,Kevin De Bruyne,12.593649193144937,34.82448915695679,2,1,0.5546174605019728,Right Foot,Open Play,0
3788768,Teemu Pukki,18.725650856512306,19.362083263320116,1,1,1.280086114894762,Right Foot,Open Play,0
3788768,Robin Lod,25.00079998720041,18.179438338463957,1,1,7.500320823245833,Left Foot,Open Play,0
3788768,Romelu Lukaku Menama,13.011533345459334,33.94803867566687,1,1,0.8362626695740012,Right Foot,Open Play,1
3788768,Nikolai Alho,31.71576894858455,12.530155987898786,2,1,3.965189329095091,Right Foot,Open Play,0
3788768,Eden Hazard,18.891532494744833,21.167483728979693,0,1,2.8367895826065888,Right Foot,Open Play,0
3788767,Marcel Sabitzer,10.965856099730654,19.051008731321225,1,0,1.632140218954373,Head,Open Play,0
3788767,Marcel Sabitzer,18.66038584810078,14.965333021443895,1,1,1.6910255904234088,Right Foot,Open Play,0
3788767,Marcel Sabitzer,22.726636354727027,19.94265314685113,0,0,2.2478144353389355,Right Foot,Open Play,0
3788767,Aleksandar Dragović,7.805767098754609,54.24490333086379,1,1,1.2857669160525393,Head,Open Play,0
3788767,Marko Arnautović,28.117787964205146,16.183286569088068,1,1,3.045677765849868,Right Foot,Open Play,0
3788767,Christoph Baumgartner,7.397972695272675,56.083278091238455,2,1,2.467390601358559,Right Foot,Open Play,1
3788767,Martin Hinteregger,10.151354589413184,37.66706830836843,2,1,0.6081584691843703,Head,Open Play,0
3788767,Mykola Shaparenko,17.601136326953444,15.811370930138446,1,1,1.3720115581872119,Right Foot,Open Play,0
3788767,Konrad Laimer,16.95936319559199,25.093754046243376,1,1,3.3959815916381273,Right Foot,Open Play,0
3788767,Konrad Laimer,20.3,15.788994105469484,0,1,2.5962911989442734,Right Foot,Open Play,0
3788767,Marko Arnautović,14.190489773083938,31.321043898788997,0,1,2.2443892918404273,Left Foot,Open Play,0
3788767,Marko Arnautović,16.2692962355475,27.525404376856077,0,1,3.268228496126806,Left Foot,Open Play,0
3788767,Florian Grillitsch,32.160379350996465,13.475003899058043,3,1,5.981550081679463,Right Foot,Open Play,0
3788767,Stefan Lainer,17.585505395068974,16.56022497353037,1,1,5.472905119666112,Right Foot,Open Play,0
3788767,Serhii Sydorchuk,18.978935691971767,23.6031753942915,1,1,2.8334335995287696,Right Foot,Open Play,0
3788767,Xaver Schlager,25.93260495977988,16.623148947352902,1,1,2.463725830617936,Left Foot,Open Play,0
3788767,Roman Yaremchuk,13.881282361511126,31.998095597272616,0,1,2.449614142474732,Right Foot,Open Play,0
3788767,Marko Arnautović,18.739530410338457,17.363271040042125,1,1,6.30201144782163,Left Foot,Open Play,0
3788767,Alessandro Schöpf,25.01459573928789,17.34198509996521,1,0,1.2649770808379779,Right Foot,Open Play,0
3788767,Xaver Schlager,28.524024961425056,15.739878300696349,2,0,7.121852930482609,Left Foot,Open Play,0
3788767,Oleksandr Karavaev,12.287391912037313,31.40242945194422,0,1,0.7690673698887157,Head,Open Play,0
3788767,Marcel Sabitzer,21.439449619801348,17.888884088428163,1,1,2.2384378272591454,Left Foot,Open Play,0
3788767,Roman Yaremchuk,19.142622599842475,11.358973072184105,1,1,1.431231916418913,Right Foot,Open Play,0
3788753,Magomed Ozdoev,21.708293346092407,19.453858408537368,2,1,1.854487483968803,Right Foot,Open Play,0
3788753,Magomed Ozdoev,13.75354499756336,25.663376064071688,1,1,4.554961101008356,Right Foot,Open Play,0
3788753,Joel Pohjanpalo,13.853880322855394,30.20153132506231,0,1,1.1529707892338592,Right Foot,Open Play,0
3788753,Joona Toivio,13.819189556555038,22.59079425660597,0,1,0.8702516371146852,Head,Open Play,0
3788753,Artem Dzyuba,5.608029957123985,69.62529384369732,1,1,2.4406859940344003,Head,Open Play,0
3788753,Igor Diveev,9.604686356149267,45.20589704725462,1,0,2.491875304005756,Head,Open Play,0
3788753,Magomed Ozdoev,11.9104995697074,37.103715178383474,0,1,0.961324097303412,Head,Open Play,0
3788753,Aleksey Miranchuk,15.425303886795875,22.161917498752462,1,1,0.8974627353933534,Left Foot,Open Play,1
3788753,Artem Dzyuba,10.800462953040483,40.64346005835138,1,1,0.35138155425941897,Head,Open Play,0
3788753,Joel Pohjanpalo,13.21892582625381,32.209325695023594,1,1,1.5822177738307952,Left Foot,Open Play,0
3788753,Teemu Pukki,19.840614909825753,22.23691213345439,0,1,2.001148019312376,Right Foot,Open Play,0
3788753,Joel Pohjanpalo,11.920570456148486,37.051212798543,1,1,0.5856887619673444,Head,Open Play,0
3788753,Aleksandr Golovin,27.627884464793905,16.06481464494001,3,1,0.8175235751119759,Right Foot,Open Play,0
3788753,Teemu Pukki,19.327959023135367,20.37478570240705,2,1,1.6201969218468608,Right Foot,Open Play,0
3788753,Robin Lod,15.77846633865281,25.03412529096787,1,1,1.1874277550663532,Left Foot,Open Play,0
3788753,Joel Pohjanpalo,14.741099009232663,25.31068352726448,0,1,1.155135030607144,Right Foot,Open Play,0
3788753,Artem Dzyuba,19.235384061671343,23.237646935351403,1,1,1.2524637239006513,Right Foot,Open Play,0
3788753,Aleksandr Golovin,21.198113123577766,19.32819943732908,2,1,0.8726381787299773,Right Foot,Open Play,0
3788753,Rifat Zhemaletdinov,16.66883319251831,23.009504946140044,0,1,2.255668562396882,Left Foot,Open Play,0
3788753,Joni Ensio Kauko,24.73701679669559,18.275582571817644,3,1,2.7596360761447665,Left Foot,Open Play,0
3788753,Joni Ensio Kauko,30.212083675244905,15.030469149419574,2,1,1.7866364840589606,Right Foot,Open Play,0
3788753,Roman Zobnin,18.944656238633634,19.168638101009545,1,1,3.5408886213017525,Right Foot,Open Play,0
3788753,Paulus Arajuuri,5.953990258641683,67.60460316705962,1,1,0.4784544600777286,Head,Open Play,0
3788753,Rifat Zhemaletdinov,14.672763884149433,26.277986713250503,0,1,1.2210386159438373,Right Foot,Open Play,0
3788759,Che Adams,15.285614151874965,25.368238235624514,1,1,4.970696396133124,Right Foot,Open Play,0
3788759,Mason Mount,22.36179778103719,18.801690663547653,1,1,5.193646431387325,Right Foot,Open Play,0
3788759,John Stones,6.964194138592061,58.769753391868065,0,0,1.424835312818156,Head,Open Play,0
3788759,Mason Mount,8.373768566183333,43.411879714861854,0,1,1.9315866840969622,Right Foot,Open Play,0
3788759,Kieran Tierney,31.805659873676568,14.333754754846124,3,0,2.832999273170034,Right Foot,Open Play,0
3788759,Harry Kane,11.289375536317317,33.72564391353004,0,1,2.465784413530023,Head,Open Play,0
3788759,Stephen O''Donnell,17.602556632489495,16.3847898341275,1,1,2.642504571646119,Right Foot,Open Play,0
3788759,Che Adams,9.20054346220917,33.12788708827286,1,0,2.4248340374868858,Head,Open Play,0
3788759,Che Adams,27.811148843584295,15.073316617044986,1,1,5.139966052479384,Right Foot,Open Play,0
3788759,Mason Mount,26.90576146478668,14.326858510381856,1,1,1.6188206065246487,Right Foot,Open Play,0
3788759,Philip Foden,12.828094168659657,19.56582118923694,0,0,1.4349903088688711,Head,Open Play,0
3788759,Reece James,19.416487838947596,21.30716121163473,1,1,3.228467607426003,Right Foot,Open Play,0
3788759,Lyndon Dykes,23.671924298628532,18.675850256001628,1,1,0.764249615078696,Left Foot,Open Play,0
3788759,Che Adams,13.613228860193303,32.72359497313766,2,1,1.4780575603561918,Right Foot,Open Play,0
3788759,Harry Kane,19.32588937151406,21.386272115345086,0,1,1.2491474403098417,Left Foot,Open Play,0
3788759,Grant Campbell Hanley,3.757658845611193,93.95386127381519,3,0,1.6149042065448114,Head,Open Play,0
3788759,Lyndon Dykes,9.77445650662992,36.286926007416035,2,1,1.6784339318478787,Left Foot,Open Play,0
3788759,Luke Shaw,16.94992625352689,12.792399049338322,0,1,1.4538168869981836,Left Foot,Open Play,0
3788759,Che Adams,12.794530081249565,14.282420509193715,0,1,4.081173039922156,Right Foot,Open Play,0
3788757,Yussuf Yurary Poulsen,17.48971126119582,23.558523640411043,0,1,2.784638403845187,Right Foot,Open Play,1
3788757,Dries Mertens,9.859513172565874,36.45792534696472,0,1,2.2889516366106473,Head,Open Play,0
3788757,Joakim Mæhle,9.546203433826454,35.90748036009587,0,1,1.2271391109289116,Right Foot,Open Play,0
3788757,Martin Braithwaite Christensen,7.683749084919417,41.73912922765429,0,1,0.7878057385715485,Right Foot,Open Play,0
3788757,Daniel Wass,10.29028668210949,27.302169930429717,0,1,1.3828146412165059,Head,Open Play,0
3788757,Mikkel Damsgaard,12.391125856838027,35.58100073114955,0,1,1.679929796624485,Right Foot,Open Play,0
3788757,Martin Braithwaite Christensen,8.848163651289456,32.70685880408887,1,1,0.8842104233865672,Head,Open Play,0
3788757,Daniel Wass,32.715286946624815,13.935308558997779,0,1,1.827985867864309,Right Foot,Open Play,0
3788757,Mikkel Damsgaard,16.41249523990791,23.99856718998771,1,1,1.8555530324596838,Left Foot,Open Play,0
3788757,Martin Braithwaite Christensen,22.138202275704323,15.91666101070611,0,1,2.3749942240821245,Left Foot,Open Play,0
3788757,Thomas Delaney,27.267746514884575,16.129747361429448,1,1,6.177743958554994,Left Foot,Open Play,0
3788757,Thomas Meunier,11.300442469213316,38.983615320136344,0,1,2.340825924054616,Head,Open Play,0
3788757,Mikkel Damsgaard,26.29315500277591,13.200223440141466,5,1,9.58566060467674,Right Foot,Free Kick,0
3788757,Thorgan Hazard,7.28354309385206,57.249693907339655,0,1,2.398597930938632,Left Foot,Open Play,1
3788757,Thomas Delaney,22.071927872299696,17.79160626189239,1,1,3.200419749805462,Right Foot,Open Play,0
3788757,Joakim Mæhle,21.382469455140114,16.65598730503699,1,1,2.1890874266863145,Right Foot,Open Play,0
3788757,Joakim Mæhle,24.972184525988116,16.084538271182208,2,1,1.8983146070114625,Right Foot,Open Play,0
3788757,Kevin De Bruyne,21.85497654997598,18.22469276151092,0,1,5.60363824634574,Left Foot,Open Play,1
3788757,Martin Braithwaite Christensen,17.00382309952677,26.065308058651436,0,1,3.2499644906802887,Left Foot,Open Play,0
3788757,Kevin De Bruyne,27.521809533531762,16.298921274292454,0,1,7.071544620170142,Left Foot,Open Play,0
3788757,Martin Braithwaite Christensen,15.768956845650887,28.056123653364992,0,1,1.8121002898146594,Left Foot,Open Play,0
3788757,Martin Braithwaite Christensen,8.809086218218093,48.81407483429037,0,1,1.4190616609499376,Head,Open Play,0
3788757,Pierre-Emile Højbjerg,18.38967101391431,22.5225642179956,1,1,1.8019239568840644,Right Foot,Open Play,0
3788757,Andreas Evald Cornelius,16.702694393420483,26.93163630998954,0,1,2.274986438838555,Left Foot,Open Play,0
3788757,Mathias Jensen,26.53243298304926,14.911303119554711,1,1,2.2196959360358233,Right Foot,Open Play,0
3788757,Thomas Meunier,48.34014894474364,8.836784585334161,0,0,1.3749307340076902,Right Foot,Open Play,0
3788745,Philip Foden,19.419577750301375,19.966798619109696,0,1,3.1629241704465483,Left Foot,Open Play,0
3788745,Ante Rebić,34.92678055590008,12.658955110481498,0,0,1.4629736013848158,Right Foot,Open Play,0
3788745,Kalvin Phillips,22.6503863101714,17.676384688554833,3,1,5.723480231771459,Right Foot,Open Play,0
3788745,Raheem Sterling,26.644323973409417,13.983387597760647,1,1,4.089363886152292,Right Foot,Open Play,0
3788745,Ivan Perišić,17.309246084101982,23.75145782476868,1,1,5.250651323613426,Right Foot,Open Play,0
3788745,Kieran Trippier,24.103319273494268,17.598245529296875,4,1,9.07528796211243,Right Foot,Free Kick,0
3788745,Luka Modrić,33.51477286212753,11.833985216622324,2,0,4.62157624793352,Right Foot,Open Play,0
3788745,Raheem Sterling,10.64800450788785,40.23688581214641,0,1,0.7567053634667017,Right Foot,Open Play,1
3788745,Harry Kane,6.506919393998978,53.808309659738434,0,1,0.658150303690099,Right Foot,Open Play,0
3788745,Mateo Kovačić,24.05202694161139,18.62724654579327,1,0,9.917147465728604,Right Foot,Open Play,0
3788745,Ante Rebić,15.163442880823599,28.962425473438312,1,1,2.936572091624847,Left Foot,Open Play,0
3788745,Mason Mount,26.392802049043603,16.19015799835191,4,1,10.551432847877262,Right Foot,Free Kick,0
3788745,Marcelo Brozović,21.54553317975678,20.905047463926685,3,1,3.058317712533468,Right Foot,Open Play,0
3788745,Ante Rebić,11.107204868912795,37.7717667883042,0,1,2.1197208455543315,Head,Open Play,0
3788745,Raheem Sterling,15.788920165736476,25.64515754773947,5,1,4.931186457847222,Left Foot,Open Play,0
3788745,Mario Pašalić,16.67213243709395,26.603532889123223,2,1,3.5682025688877137,Left Foot,Open Play,0
3795221,Raheem Sterling,16.876018487783195,23.19859051364817,1,1,2.0436903538359177,Right Foot,Open Play,0
3795221,Harry Kane,23.84156035162128,18.496535090331996,0,0,1.786525496508319,Right Foot,Open Play,0
3795221,Pierre-Emile Højbjerg,26.794402400501493,15.115372165068692,0,0,2.138804034516687,Right Foot,Open Play,0
3795221,Martin Braithwaite Christensen,20.599271831790556,20.712885311296183,0,1,3.1735169614536645,Right Foot,Open Play,0
3795221,Mikkel Damsgaard,20.00249984376953,19.391643793219185,1,1,1.9624128252129878,Right Foot,Open Play,0
3795221,Mikkel Damsgaard,28.142672225643388,15.882770871258085,1,1,11.145542116655637,Right Foot,Free Kick,1
3795221,Raheem Sterling,26.82629307228265,16.88619201295736,1,1,10.46907661537376,Right Foot,Free Kick,0
3795221,Raheem Sterling,8.92020179143948,48.24033996317731,0,1,2.2213159997920098,Right Foot,Open Play,0
3795221,Harry Maguire,8.637708029332776,47.87143587763602,0,1,3.2695293156263796,Head,Open Play,0
3795221,Kasper Dolberg,20.649697334343664,20.909705188311662,1,1,1.588309920932551,Left Foot,Open Play,0
3795221,Harry Maguire,11.690166808048549,37.324544584131175,2,1,1.7615854008063554,Head,Open Play,0
3795221,Mason Mount,13.70583817210754,20.191633739769514,2,1,3.036218145715626,Left Foot,Open Play,0
3795221,Mason Mount,20.39240054530118,19.39880001736574,1,1,3.7818961659211467,Right Foot,Open Play,0
3795221,Kalvin Phillips,28.40158446284292,16.03245476638528,3,0,3.7403904348797647,Right Foot,Open Play,0
3795221,John Stones,11.751595636338076,37.47322403781539,0,0,1.751673476720682,Head,Open Play,0
3795221,Kalvin Phillips,21.37592103278827,21.12931869459619,1,1,2.1605678531289363,Left Foot,Open Play,0
3795221,Harry Maguire,11.22942563090384,35.72920321223027,0,0,4.181350320726056,Head,Open Play,0
3795221,Harry Kane,8.276472678623424,48.81407483429035,0,1,1.1099996000444798,Right Foot,Open Play,0
3795221,Harry Kane,15.728000508646995,15.277955972769297,0,1,1.249022994694139,Right Foot,Open Play,0
3795221,John Stones,7.335529974037321,53.978523399428894,3,1,1.0349328715573236,Head,Open Play,0
3795221,Jack Grealish,26.521123656436576,12.532867527808246,2,1,6.327838329906757,Right Foot,Open Play,0
3795221,Raheem Sterling,18.266088798645427,24.146318813723973,3,1,2.992751626815507,Right Foot,Open Play,0
3795221,Harry Kane,11.900420160649796,37.156345075648375,0,1,8.88110715021451,Right Foot,Penalty,0
3795221,Harry Kane,6.45135644651572,62.30052719194504,0,1,3.32509554121937,Right Foot,Open Play,1
3795221,Martin Braithwaite Christensen,25.1230969428532,17.74007543131869,0,1,1.0683438934811573,Right Foot,Open Play,0
3795221,Raheem Sterling,9.10933587041339,17.87369779290576,0,1,3.1436037838745006,Right Foot,Open Play,0
3788746,Memphis Depay,20.903827400741715,20.7153255743932,0,1,1.7944451840874198,Left Foot,Open Play,0
3788746,Andriy Yarmolenko,5.805170109479994,62.772599375549845,1,0,0.6616221339714787,Head,Open Play,0
3788746,Georginio Wijnaldum,19.5,23.18435082058212,2,1,0.9897804873858825,Right Foot,Open Play,0
3788746,Memphis Depay,14.23587018766327,27.410800835174932,1,1,1.8628595163219328,Right Foot,Open Play,0
3788746,Denzel Dumfries,10.61508360777248,32.839339378988704,0,1,2.8050017498918915,Right Foot,Open Play,0
3788746,Patrick van Aanholt,20.71834935510066,20.97198236103483,3,1,2.450298528734987,Left Foot,Open Play,0
3788746,Georginio Wijnaldum,17.389939620366714,22.048626303144836,2,1,1.7901791263125033,Right Foot,Open Play,0
3788746,Georginio Wijnaldum,21.37849386650051,19.01599679004512,1,1,4.311740285013966,Right Foot,Open Play,0
3788746,Ruslan Malinovskiy,28.139651739138493,16.104450809284078,1,1,3.518634908538326,Left Foot,Open Play,0
3788746,Roman Yaremchuk,21.306337085477644,18.200717649203987,0,1,1.7243983934263871,Left Foot,Open Play,0
3788746,Andriy Yarmolenko,20.554804791094465,18.802035104177204,0,1,1.4058695284773828,Right Foot,Open Play,0
3788746,Patrick van Aanholt,26.306843216167156,17.28716478639767,5,1,6.303132992155372,Left Foot,Open Play,0
3788746,Georginio Wijnaldum,18.15929514050587,24.652733690424782,3,1,1.674356933384639,Right Foot,Open Play,0
3788746,Denzel Dumfries,9.143850392476901,35.373005193109684,0,1,3.0914713942650898,Head,Open Play,0
3788746,Georginio Wijnaldum,15.99062225180747,27.953252865637353,1,1,4.858467362397999,Left Foot,Open Play,1
3788746,Wout Weghorst,18.527007313648905,24.335033849127246,0,1,1.1022759105214837,Left Foot,Open Play,0
3788746,Wout Weghorst,12.515989773086263,26.58948781741311,1,1,3.1329483330846815,Right Foot,Open Play,1
3788746,Roman Yaremchuk,23.287979732042025,19.036005416156097,1,1,0.6637645911273712,Right Foot,Open Play,0
3788746,Andriy Yarmolenko,25.983263844251745,16.432592583595923,0,1,3.180478777342454,Left Foot,Open Play,1
3788746,Nathan Aké,30.80584360149873,13.593243691282506,1,1,6.421169023591352,Left Foot,Open Play,0
3788746,Roman Yaremchuk,10.071742649611338,43.11667808348586,0,1,2.4165686577141696,Head,Open Play,1
3788746,Denzel Dumfries,12.935609765295176,31.956009093757654,1,1,0.4211717794232727,Head,Open Play,1
3794691,Raphaël Varane,7.343023900274333,53.47542682878508,0,0,1.1338159767232638,Head,Open Play,0
3794691,Nico Elvedi,8.099999999999994,52.562822042640384,1,1,1.6696092651142664,Head,Open Play,0
3794691,Paul Pogba,17.901117283566407,24.44608159884365,0,1,3.1228890534432248,Right Foot,Open Play,0
3794691,Haris Seferović,27.06676929372991,16.715160339110973,1,0,1.1955151494403908,Right Foot,Open Play,0
3794691,Haris Seferović,8.905054744357281,48.36146626146255,0,1,2.3920949805862395,Head,Open Play,1
3794691,Kylian Mbappé Lottin,28.244999557443794,14.184793876006049,3,1,7.939261218781385,Right Foot,Free Kick,0
3794691,Kylian Mbappé Lottin,24.59776412603389,16.706829060466806,4,1,4.413025640572014,Right Foot,Open Play,0
3794691,Adrien Rabiot,29.86787571957537,13.35579971927357,1,1,4.893070294580953,Left Foot,Open Play,0
3794691,Breel-Donald Embolo,8.030566605165541,52.85038323278706,1,1,0.7504344322148186,Head,Open Play,0
3794691,Manuel Obafemi Akanji,5.1623637996561165,75.37055136618952,1,1,0.8485864300510227,Head,Open Play,0
3794691,Kylian Mbappé Lottin,22.837250272307305,19.759295309598468,1,1,1.8251318090689759,Left Foot,Open Play,0
3794691,Karim Benzema,20.197277044195832,15.18842422498738,1,1,1.5157586480469585,Right Foot,Open Play,0
3794691,Antoine Griezmann,31.52935140468322,12.943695591539287,2,0,4.47300851896579,Left Foot,Open Play,0
3794691,Ricardo Iván Rodríguez Araya,12.0,36.86989764584404,0,1,9.522114586473384,Left Foot,Penalty,0
3794691,Kylian Mbappé Lottin,18.062391868188442,17.193525306334827,0,1,6.6869801205431205,Right Foot,Open Play,0
3794691,Karim Benzema,8.395236744726146,50.290782079749064,0,1,1.9434740156000943,Left Foot,Open Play,1
3794691,Antoine Griezmann,9.021086409075131,29.90318255776563,0,1,1.4462071689460165,Left Foot,Open Play,0
3794691,Karim Benzema,3.289376840679705,120.48261416806521,0,0,2.8551500350879713,Head,Open Play,1
3794691,Paul Pogba,22.256909039666766,18.800979042299726,2,1,5.405377996085171,Left Foot,Open Play,0
3794691,Karim Benzema,21.523243250030884,18.309954033186322,1,1,3.29421875762033,Right Foot,Open Play,0
3794691,Paul Pogba,26.2030532572065,17.356943521915298,1,0,3.0261093269306047,Right Foot,Open Play,1
3794691,Kingsley Coman,22.45105788153423,18.910836866306553,3,1,3.459279366161665,Right Foot,Open Play,0
3794691,Haris Seferović,6.3953107821277895,63.70843495358889,1,1,0.5446536392690426,Head,Open Play,1
3794691,Adrien Rabiot,27.408940147331496,16.600891380159382,1,1,2.6356190715056487,Left Foot,Open Play,0
3794691,Ricardo Iván Rodríguez Araya,31.846035860056425,11.374273146860578,1,1,2.4944807144407353,Right Foot,Open Play,0
3794691,Mario Gavranović,17.393389548906214,25.781517061553252,0,1,3.5213212142316976,Right Foot,Open Play,1
3794691,Kingsley Coman,16.273291000900837,20.937145541677392,1,1,1.5021900659799725,Right Foot,Open Play,0
3794691,Admir Mehmedi,11.406138698087096,20.385260228764093,1,1,1.854315869634265,Right Foot,Open Play,0
3794691,Benjamin Pavard,12.389108119634765,32.621135094250185,1,1,1.5842715671373397,Right Foot,Open Play,0
3794691,Kingsley Coman,16.23360711610331,10.438005576298526,0,0,2.731546491074358,Left Foot,Open Play,0
3794691,Moussa Sissoko,24.084019598065435,15.082038909939422,0,1,11.703345359482784,Right Foot,Open Play,0
3794691,Admir Mehmedi,21.423818520515894,21.04011114792583,3,1,2.5621904870481402,Right Foot,Open Play,0
3794691,Kylian Mbappé Lottin,20.109947787102776,21.983788094513365,2,1,4.725739592452953,Left Foot,Open Play,0
3794691,Kylian Mbappé Lottin,10.74243920159663,19.500314426675384,0,1,3.8901625250214042,Left Foot,Open Play,0
3794691,Olivier Giroud,15.546703830716009,28.156747310524153,1,1,2.2820679662943792,Left Foot,Open Play,0
3794691,Manuel Obafemi Akanji,40.40111384603153,11.308228145376043,3,0,7.442154596191808,Right Foot,Open Play,0
3794691,Olivier Giroud,11.047624178980751,39.42887667321997,0,0,3.0310058864093543,Head,Open Play,0
3794691,Granit Xhaka,32.157269784607024,13.05103658730361,5,1,10.520535997004787,Left Foot,Free Kick,0
3788756,Memphis Depay,11.900000000000006,37.158540760889345,0,1,9.72577265202761,Right Foot,Penalty,1
3788756,Memphis Depay,22.651490017215206,19.660760363244098,1,1,5.11780021034839,Right Foot,Open Play,0
3788756,Memphis Depay,23.617789905069436,13.772186527515855,0,1,0.9033122248794092,Right Foot,Open Play,0
3788756,Christoph Baumgartner,19.849433241279208,15.383296966881339,2,1,4.392450730141725,Right Foot,Open Play,0
3788756,Martin Hinteregger,33.480292710787346,10.941195677111592,0,0,3.877416480010074,Left Foot,Open Play,0
3788756,Memphis Depay,8.266196223173026,46.111097123340336,0,0,5.008182020972832,Left Foot,Open Play,0
3788756,Georginio Wijnaldum,14.046351839534708,31.153922348807985,1,1,2.799071493776237,Right Foot,Open Play,0
3788756,Memphis Depay,17.39482681718907,22.311119298418397,1,1,3.387159377625889,Right Foot,Open Play,0
3788756,Georginio Wijnaldum,22.04109797628059,19.59006197701451,2,1,2.2623948575284585,Left Foot,Open Play,0
3788756,Marcel Sabitzer,32.21335126931067,14.10879310852499,1,1,1.1931317665101846,Right Foot,Open Play,0
3788756,Stefan de Vrij,5.107837115648857,74.97851904248216,2,1,1.6709776379198154,Head,Open Play,0
3788756,Matthijs de Ligt,6.762396025078685,54.96265875956301,1,1,3.995325476713344,Right Foot,Open Play,0
3788756,Wout Weghorst,16.385664466233887,24.37467416695102,1,1,0.8762124513421222,Right Foot,Open Play,0
3788756,Denzel Dumfries,9.12688336728371,42.46801148283507,0,0,4.727452373301375,Right Foot,Open Play,1
3788756,Sasa Kalajdzic,8.400000000000006,50.9266901237432,0,1,1.3504396876968474,Head,Open Play,0
3788756,Memphis Depay,24.876695922087407,16.204897804750363,1,1,3.520447497360664,Right Foot,Open Play,0
3788756,David Olatukunbo Alaba,32.34439673266453,10.815372765360186,1,0,3.857035692889286,Left Foot,Open Play,0
3788756,Sasa Kalajdzic,11.314592347937248,29.431037899270393,2,1,0.4324176089204671,Head,Open Play,0
3788756,Karim Onisiwo,10.435037134576955,34.56633566105169,1,1,1.1044197753603902,Head,Open Play,0
3788756,Sasa Kalajdzic,11.315917991926238,38.89598846667089,0,1,1.3924896788075352,Head,Open Play,0
3788756,Donyell Malen,23.189868477419182,13.03543117043262,0,1,3.4256280619113753,Right Foot,Open Play,0
3788749,Robert Lewandowski,29.58800432607783,14.807696632524282,1,1,2.5441182341096975,Right Foot,Open Play,0
3788749,Robert Lewandowski,17.718069872308327,25.420779456635536,1,1,1.4821182749389181,Right Foot,Open Play,0
3788749,Ondrej Duda,24.434606606205058,15.61535999840852,1,1,2.9862519320821854,Right Foot,Open Play,0
3788749,Róbert Mak,17.090640713560155,11.78444805577373,0,1,4.889697509734064,Right Foot,Open Play,0
3788749,Maciej Rybus,15.074813431681335,29.598625636273756,2,1,1.4373529070575706,Right Foot,Open Play,0
3788749,Peter Pekarík,29.035323314886643,13.489706738440454,2,1,4.148349481460223,Right Foot,Open Play,0
3788749,Juraj Kucka,29.00706810417075,15.441555803101298,1,1,3.021652571754909,Right Foot,Open Play,0
3788749,Marek Hamšík,25.534486483969083,12.482823717643779,1,1,3.5052857251141796,Right Foot,Open Play,0
3788749,Juraj Kucka,11.535163631262455,38.164575414505975,1,1,1.016416226187267,Head,Open Play,0
3788749,Grzegorz Krychowiak,27.06676929372991,16.715160339110973,0,1,3.4267733671896536,Right Foot,Open Play,0
3788749,Piotr Zieliński,25.211505310076195,15.101180250048026,0,1,2.8797138884117093,Left Foot,Open Play,0
3788749,Marek Hamšík,28.4622557082182,15.27038048403858,0,1,1.2450244344985273,Left Foot,Open Play,0
3788749,Karol Linetty,21.684326136636106,20.386791160440083,2,0,1.6222357185573204,Left Foot,Open Play,0
3788749,Robert Lewandowski,16.487874332369223,20.723970500214282,0,1,3.4850177021885718,Right Foot,Open Play,0
3788749,Marek Hamšík,28.878019322661313,13.050776971739552,0,1,4.310668208366525,Left Foot,Open Play,0
3788749,Karol Linetty,10.171037311896953,38.835158217764544,0,1,2.1052164056393323,Left Foot,Open Play,1
3788749,Piotr Zieliński,25.45584412271571,12.835609486401424,2,0,0.47143548431176735,Left Foot,Open Play,0
3788749,Karol Linetty,14.545446022724771,24.420773930175045,0,1,4.221760635395083,Left Foot,Open Play,0
3788749,Kamil Glik,7.71751255262989,50.47736872882891,2,1,1.4465992505767997,Head,Open Play,0
3788749,Lukáš Haraslín,25.489213404889522,14.915659108595023,2,1,2.484884567911272,Left Foot,Open Play,0
3788749,Robert Lewandowski,28.528056365620138,11.94582950646168,4,1,10.984048350756451,Right Foot,Free Kick,0
3788749,Lukáš Haraslín,19.443507913954203,13.1822893788363,1,1,2.658342020743212,Right Foot,Open Play,0
3788749,Milan Škriniar,15.700318468107584,28.586071813217043,2,1,2.1701561264728566,Right Foot,Open Play,1
3788749,Piotr Zieliński,29.090376415577715,15.304449450101977,1,1,4.109900540449678,Left Foot,Open Play,0
3788749,Jan Bednarek,19.79898987322333,16.58733855692741,1,1,1.4528178716491542,Head,Open Play,0
3788749,Tymoteusz Puchacz,23.413884769512304,17.831816693837748,1,1,4.831851813414868,Left Foot,Open Play,0
3788749,Robert Lewandowski,4.76759897642409,79.85212420119245,1,1,1.546099253389577,Head,Open Play,0
3788749,Jan Bednarek,14.512063946937394,30.624835048943112,1,1,1.5188328416620733,Left Foot,Open Play,0
3788749,Karol Świderski,19.646119209655627,22.44094146552409,3,1,3.0360673877419764,Left Foot,Open Play,0
3788750,Álvaro Borja Morata Martín,12.431009613060393,35.38676670768225,1,0,1.7664273621345672,Head,Open Play,0
3788750,Daniel Olmo Carvajal,20.028230076569425,21.74341704732513,3,1,2.602672961043338,Right Foot,Open Play,0
3788750,Daniel Olmo Carvajal,7.900632886041477,53.702953376404984,0,1,2.491247958720266,Head,Open Play,0
3788750,Emil Peter Forsberg,23.964139876073162,18.83181444478747,2,1,2.873309476646857,Right Foot,Open Play,0
3788750,Jorge Resurrección Merodio,16.837161280928566,17.745293387302276,1,1,1.559979685450253,Right Foot,Open Play,0
3788750,Jorge Resurrección Merodio,12.080562900792332,35.29922216496655,0,1,0.9206429272219475,Right Foot,Open Play,0
3788750,Albin Ekdal,20.44015655517344,21.31791227546159,2,1,1.8379927297436085,Right Foot,Open Play,0
3788750,Álvaro Borja Morata Martín,16.032778923193572,26.006155597449126,0,1,4.000192153147394,Right Foot,Open Play,0
3788750,Ferrán Torres García,25.34028413416077,16.91400282039435,1,1,2.6819114848000583,Left Foot,Open Play,0
3788750,Alexander Isak,11.646887996370532,21.19618029369471,0,1,1.0988558719310537,Right Foot,Open Play,0
3788750,Rodrigo Hernández Cascante,30.136522692573536,14.383094112030555,3,0,2.4539773439298123,Right Foot,Open Play,0
3788750,Daniel Olmo Carvajal,29.789259809535384,14.514829331364947,2,1,3.221873436930999,Right Foot,Open Play,0
3788750,Álvaro Borja Morata Martín,18.753666308218236,22.171224965348607,0,1,2.9207653729444485,Right Foot,Open Play,0
3788750,Marcus Berg,5.7706152185013995,67.0221032493166,0,0,3.8771732556133496,Right Foot,Open Play,0
3788750,Daniel Olmo Carvajal,20.66034849657672,21.083754582380628,1,1,0.9241538815821198,Right Foot,Open Play,0
3788750,Ferrán Torres García,24.9098374141623,17.96450387799806,0,1,1.9456188956660023,Left Foot,Open Play,0
3788750,Daniel Olmo Carvajal,16.224980739587956,27.66199222561043,4,1,0.9228628257274121,Right Foot,Open Play,0
3788750,Gerard Moreno Balaguero,7.5584389922787585,52.90830684349627,1,1,0.9854707995326114,Head,Open Play,0
3788750,Gerard Moreno Balaguero,19.87988933570808,16.00883464176026,1,1,1.0671825238082526,Left Foot,Open Play,0
3788750,Pablo Sarabia García,8.58836422143355,46.46880071438584,2,0,3.4664179328055496,Other,Open Play,0
3788750,Gerard Moreno Balaguero,8.823831367382308,46.329696422125096,0,1,1.5536320324980233,Head,Open Play,0
3788748,John McGinn,14.310835055998654,15.172915345525315,0,1,1.4218801976707753,Right Foot,Open Play,0
3788748,Patrik Schick,15.967780058605522,25.737269092021144,0,1,0.9148025433062072,Head,Open Play,0
3788748,Patrik Schick,18.601075237738275,19.983106521899995,1,1,0.5315628161631728,Left Foot,Open Play,0
3788748,Jakub Jankto,25.091233528864226,15.590312627451224,4,1,4.944790997689359,Left Foot,Open Play,0
3788748,Lyndon Dykes,13.42385935563987,28.620237936970728,0,1,4.22926742193708,Right Foot,Open Play,0
3788748,Andrew Robertson,19.557607215607945,19.807179689500806,0,1,5.897682228126714,Left Foot,Open Play,0
3788748,John McGinn,15.655350523063992,28.425442120869334,4,1,4.177307707437348,Left Foot,Open Play,0
3788748,John McGinn,18.34393632784414,23.355907299814763,4,1,2.850504801670995,Right Foot,Open Play,0
3788748,Patrik Schick,9.272000862812735,45.49919972764486,1,1,1.463752260742137,Head,Open Play,1
3788748,Stuart Armstrong,22.697356674291385,19.9104503560447,4,1,1.3747987203292555,Left Foot,Open Play,0
3788748,Patrik Schick,17.047287174210446,23.60452725770063,1,1,2.994363519932056,Right Foot,Open Play,0
3788748,Vladimír Darida,29.45674795356745,11.623953156886083,1,0,4.426057884021412,Right Foot,Open Play,0
3788748,Jack Hendry,20.113676938839404,21.36483980409458,3,1,4.67376416201715,Right Foot,Open Play,0
3788748,Jack Hendry,33.47416914577567,13.285385128188583,2,0,4.623322434012473,Right Foot,Open Play,0
3788748,Patrik Schick,58.47777355542873,7.577772323627071,0,0,3.9081456598734707,Left Foot,Open Play,1
3788748,Vladimír Darida,21.927608168699116,15.30454558381076,1,1,5.0456528778218965,Right Foot,Open Play,0
3788748,John McGinn,14.04314779527724,31.718861083104038,2,1,5.903271236577836,Left Foot,Open Play,0
3788748,Lyndon Dykes,10.818964830333819,40.268115195232056,2,1,1.0190268692225688,Right Foot,Open Play,0
3788748,Stuart Armstrong,23.124878378058554,19.52918662237982,1,1,0.892161102198932,Right Foot,Open Play,0
3788748,Lyndon Dykes,5.724508712544679,67.65589602573529,0,1,2.310610911172108,Right Foot,Open Play,0
3788748,Grant Campbell Hanley,8.657944328765339,49.40419240530565,1,1,0.6499038110580213,Head,Open Play,0
3788748,Lyndon Dykes,13.743725841270265,29.041940555989896,0,1,1.7637865145381948,Left Foot,Open Play,0
3788748,Scott McTominay,11.098198051936182,23.769736869066513,1,1,3.0384717757262494,Right Foot,Open Play,0
3788748,Patrik Schick,14.270599146496963,31.010880297336954,0,1,3.1872754092835542,Left Foot,Open Play,0
3788748,Kevin Nisbet,25.241434190631875,14.997307682953092,0,1,2.1684660223098526,Right Foot,Open Play,0
3788748,James Forrest,12.800390619039725,25.714031730765143,0,1,1.7298139703097584,Left Foot,Open Play,0
3788748,Ryan Fraser,25.98557292037257,11.922818583806892,1,1,2.855468474391256,Right Foot,Open Play,0
3788748,Michael Krmenčík,10.907795377618704,35.84699629113625,0,1,1.6284886312930933,Left Foot,Open Play,0
3788748,Kevin Nisbet,9.374433316206371,30.05978413697031,1,0,0.7732966650687166,Head,Open Play,0
3788751,Mats Hummels,9.297311439335566,44.98372741324268,1,1,0.5706849734386418,Head,Open Play,0
3788751,Paul Pogba,5.000999900019995,77.30598350139725,1,0,0.592125889149364,Head,Open Play,0
3788751,Kylian Mbappé Lottin,19.803535037967336,16.915027075245348,1,1,1.8105329680491722,Right Foot,Open Play,0
3788751,Thomas Müller,8.981091247727084,34.234602832965656,0,1,3.552040919394096,Head,Open Play,0
3788751,Toni Kroos,26.321094202179363,16.58733855692741,3,1,6.819891088775704,Right Foot,Free Kick,0
3788751,Toni Kroos,30.27358584641073,14.685763675462013,2,1,10.708278914963383,Right Foot,Free Kick,0
3788751,İlkay Gündoğan,12.252754792290586,35.13768469553719,0,1,2.7500248340768367,Right Foot,Open Play,0
3788751,Kai Havertz,15.370100845472683,25.27724952929997,1,0,1.4047518265572283,Left Foot,Open Play,0
3788751,Adrien Rabiot,14.566056432679371,18.909410050120016,1,1,1.0820289153002036,Left Foot,Open Play,0
3788751,Serge Gnabry,12.445079348883233,26.881017346366384,1,1,6.1377012492008705,Right Foot,Open Play,0
3788751,Thomas Müller,18.042172818150263,21.704319741087524,1,1,2.3324126272843424,Right Foot,Open Play,0
3788751,Karim Benzema,21.06015194627047,17.45126555901837,0,1,1.3234065144074574,Right Foot,Open Play,0
3788751,Antonio Rüdiger,10.636728820459794,40.85099848332849,1,0,0.578197872046237,Head,Open Play,0
3788751,Leroy Sané,29.331893904076495,11.774250287450451,2,1,9.237020930802249,Left Foot,Free Kick,0
3788752,Diogo José Teixeira da Silva,19.888187448835048,21.30308432437158,0,1,3.648312261421647,Left Foot,Open Play,0
3788752,Diogo José Teixeira da Silva,14.207744367069667,29.417141634963844,0,1,4.977421785632428,Right Foot,Open Play,0
3788752,Cristiano Ronaldo dos Santos Aveiro,5.433231082882456,72.62181267481233,1,1,2.231627297195888,Head,Open Play,0
3788752,Ádám Szalai,13.960659010233009,28.019267452612077,1,1,0.9196284512547412,Head,Open Play,0
3788752,Diogo José Teixeira da Silva,10.155294185792947,40.18827481057821,0,1,1.9014103874727295,Left Foot,Open Play,0
3788752,Cristiano Ronaldo dos Santos Aveiro,6.789698078707185,60.68286375090132,0,0,1.995636955136638,Right Foot,Open Play,0
3788752,Kléper Laveran Lima Ferreira,11.352973178863762,37.4285210497857,0,0,3.218141773695367,Head,Open Play,0
3788752,Ádám Szalai,34.1755760741498,12.11136584839105,2,1,4.985951967901478,Right Foot,Open Play,0
3788752,Roland Sallai,22.68766184515275,16.781524224871706,1,1,2.7103530668882363,Left Foot,Open Play,0
3788752,Bruno Miguel Borges Fernandes,28.69233347080714,15.82439522857902,1,1,1.5033837219670163,Right Foot,Open Play,0
3788752,Roland Sallai,16.080111939908882,27.67182970338773,0,0,4.1340218425165824,Right Foot,Open Play,0
3788752,Bruno Miguel Borges Fernandes,21.22286502807762,10.842227398434432,0,1,1.7076511391243723,Left Foot,Open Play,0
3788752,Ádám Szalai,34.087241014784404,11.25280693605504,1,1,4.536122162832162,Right Foot,Open Play,0
3788752,Raphaël Adelino José Guerreiro,15.685024705112841,27.39390474161283,1,1,0.783806306333737,Left Foot,Open Play,1
3788752,Cristiano Ronaldo dos Santos Aveiro,12.0,36.86989764584404,0,1,9.707555239129155,Right Foot,Penalty,1
3788752,Cristiano Ronaldo dos Santos Aveiro,7.267048919609667,52.516303379142634,0,0,1.5883557091808103,Left Foot,Open Play,1
3788742,Jonas Older Wind,23.284758963751372,18.729098532498774,1,1,3.946571114252287,Right Foot,Open Play,0
3788742,Yussuf Yurary Poulsen,12.87866452703851,33.71476474151917,1,1,0.6569532901621573,Head,Open Play,0
3788742,Joakim Mæhle,20.28003944769339,18.152705886651166,2,1,0.8359467574789833,Right Foot,Open Play,0
3788742,Christian Dannemann Eriksen,20.79326814139615,15.46589571955491,1,1,2.0013876592924396,Right Foot,Open Play,0
3788742,Jonas Older Wind,7.280109889280518,56.54669054592732,0,1,2.3471238504662635,Head,Open Play,0
3788742,Pierre-Emile Højbjerg,10.700467279516346,39.914107334399155,1,1,0.7925066813605925,Head,Open Play,0
3788742,Christian Dannemann Eriksen,26.706740722147284,13.547003267896015,1,1,2.013890711901461,Right Foot,Open Play,0
3788742,Thomas Delaney,16.850519279832298,18.64382741401165,3,1,3.6796203705421555,Left Foot,Open Play,0
3788742,Martin Braithwaite Christensen,18.52700731364891,16.22019369560279,1,1,1.4821599249277975,Left Foot,Open Play,0
3788742,Jonas Older Wind,13.37348122217996,25.707309107959137,1,1,1.234232792829358,Right Foot,Open Play,0
3788742,Martin Braithwaite Christensen,22.193016919743023,16.990120714062602,1,1,2.2993102050204666,Right Foot,Open Play,0
3788742,Daniel Wass,14.075865870347021,23.077364771353988,0,1,4.038544201089606,Head,Open Play,0
3788742,Thomas Delaney,22.53219918250325,18.61304813076846,1,1,2.9164589553408953,Left Foot,Open Play,0
3788742,Mathias Jensen,25.638252670570193,17.710433061069995,2,1,4.814250017439663,Right Foot,Open Play,0
3788742,Jonas Older Wind,16.037767924496226,15.743782618012641,1,1,1.1286845160148358,Left Foot,Open Play,0
3788742,Joakim Mæhle,23.78949347926517,18.873274090993217,1,1,6.818731160378117,Right Foot,Open Play,0
3788742,Thomas Delaney,23.81008189822119,18.76751695108662,2,1,6.1369930022069275,Left Foot,Open Play,0
3788742,Joel Pohjanpalo,6.040695324215583,66.8835756169639,0,1,2.733351926418053,Head,Open Play,1
3788742,Pierre-Emile Højbjerg,11.900420160649796,37.156345075648375,0,1,9.800894301100541,Right Foot,Penalty,0
3788742,Andreas Evald Cornelius,10.159724405711014,24.20097159115853,1,1,0.9942166532864832,Head,Open Play,0
3788742,Jannik Vestergaard,12.248265183282074,35.8398381718158,1,1,2.583502613032004,Head,Open Play,0
3788742,Jannik Vestergaard,6.549045732013176,62.65581977441866,1,1,0.7757948797992096,Head,Open Play,0
3788775,Álvaro Borja Morata Martín,11.964113005150026,8.939762652160768,0,1,1.4195712196230381,Left Foot,Open Play,0
3788775,César Azpilicueta Tanco,15.216109883935514,20.92252349264864,2,0,2.663028677818228,Right Foot,Open Play,0
3788775,Gerard Moreno Balaguero,13.92623423614582,6.412983700256316,0,0,3.3974699202943475,Left Foot,Open Play,0
3788775,César Azpilicueta Tanco,12.625371281669297,35.104490737381965,1,0,0.6882564060375448,Head,Open Play,0
3788775,Eric García Martret,16.471186963907613,26.484201118539993,2,1,0.8351215883893164,Right Foot,Open Play,0
3788775,Pablo Sarabia García,7.910120100226044,53.61472045751265,0,1,2.569863874214046,Left Foot,Open Play,0
3788775,Álvaro Borja Morata Martín,8.207923001588156,49.805489029016066,0,1,0.98356250726853,Head,Open Play,0
3788775,Álvaro Borja Morata Martín,21.393690658696546,21.096162547437338,0,1,1.4690119179032333,Right Foot,Open Play,0
3788775,Pablo Sarabia García,18.335757415498275,23.975769562974065,1,1,1.9068938263254527,Left Foot,Open Play,0
3788775,Jorge Resurrección Merodio,36.76098475285993,11.150017723063952,1,0,1.1263948809585675,Right Foot,Open Play,0
3788775,Gerard Moreno Balaguero,20.223748416156685,22.152451445300493,1,1,2.0259427533836463,Left Foot,Open Play,0
3788775,Aymeric Laporte,4.802082881417183,77.85276335278157,2,1,1.6083322741425523,Head,Open Play,1
3788775,Michal Ďuriš,24.972985404232304,17.94561689245346,1,1,1.6652109780100612,Right Foot,Open Play,0
3788775,Michal Ďuriš,24.424782496472723,12.734078606223152,0,1,2.5737311021870934,Left Foot,Open Play,0
3788775,Pablo Sarabia García,9.472592042308163,45.25915014173364,2,1,1.7326500198961503,Left Foot,Open Play,1
3788775,Lukáš Haraslín,28.60996329952207,15.754175034300044,0,1,3.313031072861953,Right Foot,Open Play,0
3788775,Ferrán Torres García,3.679673898594822,96.49735746437145,0,0,1.947765926237724,Right Foot,Open Play,1
3788775,Thiago Alcântara do Nascimento,19.32588937151406,22.160287264474377,3,1,2.294172881495921,Right Foot,Open Play,0
3788775,Pau Francisco Torres,5.186520991955977,64.83456724246237,0,1,0.914273857233223,Head,Open Play,0
3788775,Pablo Sarabia García,24.068444071023787,18.456611665139977,0,1,4.174205722853509,Left Foot,Open Play,0
3788775,Mikel Oyarzabal Ugarte,15.402921800749366,19.69564578749673,1,1,1.3646414244894303,Left Foot,Open Play,0
3788776,Emil Peter Forsberg,14.596232390586284,26.721850506582015,0,0,2.8218050481868957,Left Foot,Open Play,1
3788776,Robert Lewandowski,29.10755915565577,13.371839992267075,1,1,2.9391132601042216,Right Foot,Open Play,0
3788776,Robert Lewandowski,8.655634003352958,41.86448215244006,0,1,4.242445346489314,Head,Open Play,0
3788776,Robert Lewandowski,3.1400636936215105,103.90570461003544,0,0,1.2369245540980247,Head,Open Play,0
3788776,Bartosz Bereszyński,26.732938484199597,16.337800696571993,2,1,3.3819537946594243,Right Foot,Open Play,0
3788776,Piotr Zieliński,21.613421755936745,17.978829318137826,2,1,2.862737925815622,Right Foot,Open Play,0
3788776,Piotr Zieliński,23.722773868163063,18.899886229436383,1,1,5.55324699335593,Left Foot,Open Play,0
3788776,Piotr Zieliński,27.892830620071532,15.267651603926273,1,1,3.210313747512829,Left Foot,Open Play,0
3788776,Piotr Zieliński,21.08672568228648,18.952661659296105,1,1,2.9826403687315035,Left Foot,Open Play,0
3788776,Karol Świderski,13.075167302944923,33.867179108725864,2,1,1.3064112523496283,Head,Open Play,0
3788776,Robin Quaison,17.5285481429581,21.852268229256303,1,1,1.3840455336940358,Left Foot,Open Play,0
3788776,Emil Peter Forsberg,20.453361581901397,21.390701147646546,1,1,7.992814548878331,Left Foot,Open Play,0
3788776,Mikael Lustig,13.072872675888796,27.547754914152307,1,1,0.7243946194702864,Head,Open Play,0
3788776,Grzegorz Krychowiak,27.014810752622346,16.71838897017701,2,1,2.7908781036196726,Left Foot,Open Play,0
3788776,Kristoffer Olsson,25.844341740504824,16.604134537409198,0,1,6.511642679673124,Right Foot,Open Play,0
3788776,Emil Peter Forsberg,25.885324027332558,14.995735943139639,1,1,6.977502593075835,Right Foot,Open Play,0
3788776,Grzegorz Krychowiak,30.56599417653546,14.553595273329233,1,1,3.1242794909147573,Right Foot,Open Play,0
3788776,Emil Peter Forsberg,17.504570831642802,25.7376496022354,1,1,4.065526076018069,Right Foot,Open Play,1
3788776,Robert Lewandowski,20.48926548219824,14.867460275697503,1,1,2.608198975644471,Right Foot,Open Play,1
3788776,Grzegorz Krychowiak,24.968980756130197,16.64427949628732,1,1,2.5899444688019475,Left Foot,Open Play,0
3788776,Emil Peter Forsberg,28.842503358758577,12.869052188655019,2,1,1.1726308633999691,Right Foot,Open Play,0
3788776,Emil Krafth,24.283739415501895,18.431952651847347,3,1,2.5580941775554535,Right Foot,Open Play,0
3788776,Przemysław Płacheta,20.76078033215515,17.644026632663536,3,1,6.1774998050727,Right Foot,Open Play,0
3788776,Robert Lewandowski,9.025519375637067,47.40512644418167,0,1,2.68473282206221,Left Foot,Open Play,1
3788776,Bartosz Bereszyński,20.81273648514293,21.079374998275163,2,1,3.16077469098544,Right Foot,Open Play,0
3788776,Jakub Świerczok,6.300793600809342,59.848452018177916,1,0,0.9237013630007792,Head,Open Play,0
3788776,Karol Świderski,11.72731853408954,35.15906005245942,0,1,2.522149655193536,Head,Open Play,0
3788776,Sebastian Larsson,21.784857125994655,17.15960396013638,1,1,5.347035673923127,Right Foot,Open Play,0
3788776,Viktor Claesson,12.872451204024822,25.436597027628473,0,1,3.388203028403767,Right Foot,Open Play,1
3788743,Romelu Lukaku Menama,12.611502686040238,34.73990853165144,0,1,2.124703093488439,Left Foot,Open Play,1
3788743,Mário Figueira Fernandes,8.190848551890088,50.69109814692395,1,1,1.5587374683285014,Head,Open Play,0
3788743,Magomed Ozdoev,21.52812114421507,21.026355605991807,2,1,1.8162305982199125,Right Foot,Open Play,0
3788743,Leander Dendoncker,16.637307474468344,26.705481728015304,2,1,5.249084783792634,Right Foot,Open Play,0
3788743,Thorgan Hazard,9.775479527879948,26.691658760209865,1,0,2.117696582951801,Left Foot,Open Play,0
3788743,Toby Alderweireld,34.67059272640144,11.95827043941036,1,1,7.95544961237162,Right Foot,Open Play,0
3788743,Thomas Meunier,12.211879462228572,32.98315604939066,0,1,7.149201840334197,Left Foot,Open Play,1
3788743,Youri Tielemans,24.506529742091193,14.501829898410149,2,1,2.003675988121242,Left Foot,Open Play,0
3788743,Yannick Ferreira Carrasco,15.768639763784323,21.063086181967485,1,1,1.6659327646773199,Right Foot,Open Play,0
3788743,Roman Zobnin,27.605253123273485,16.09033914080626,1,1,1.802398899729414,Right Foot,Open Play,0
3788743,Aleksandr Golovin,24.056599926007827,14.047742486941202,1,1,3.5249269579003104,Right Foot,Open Play,0
3788743,Romelu Lukaku Menama,21.561539833694628,19.526780832317232,1,1,3.8734453802892914,Left Foot,Open Play,0
3788743,Romelu Lukaku Menama,19.77093826807418,20.47778791245831,1,1,0.8466430078549889,Right Foot,Open Play,1
3788744,Kevin Mbabu,12.54950198215053,24.87418421412471,0,0,4.445459707025927,Head,Open Play,0
3788744,Granit Xhaka,29.418361613115028,15.175641517188973,2,1,6.801972248112586,Left Foot,Open Play,0
3788744,Kieffer Roberto Francisco Moore,9.330058949438643,45.06041731979975,1,1,0.4013269748635397,Head,Open Play,0
3788744,Kieffer Roberto Francisco Moore,6.71192967781993,57.0391121160223,0,1,1.3380194589233103,Head,Open Play,0
3788744,Fabian Lukas Schär,10.280077820717121,28.945998990857916,1,1,4.955718383243919,Right Foot,Open Play,0
3788744,Haris Seferović,11.006361796706484,38.62257298426267,0,1,0.9002427546942963,Head,Open Play,0
3788744,Granit Xhaka,24.70182179516321,18.395018230677522,2,1,6.337822949027105,Left Foot,Open Play,0
3788744,Haris Seferović,19.188017094009474,21.453876900669968,1,1,2.263060734875144,Left Foot,Open Play,0
3788744,Manuel Obafemi Akanji,9.123595782365637,25.450113086052482,1,1,3.1001577842636086,Left Foot,Open Play,0
3788744,Breel-Donald Embolo,25.322124713380585,15.109002835914227,0,1,1.0727540656936312,Right Foot,Open Play,0
3788744,Haris Seferović,19.250974001333017,21.656399548979856,2,1,2.766031299551216,Right Foot,Open Play,0
3788744,Fabian Lukas Schär,9.904039579888606,43.389440233352815,4,1,0.8428802705734174,Head,Open Play,0
3788744,Haris Seferović,13.418271125595869,22.752413539908886,0,1,1.6884978828009094,Right Foot,Open Play,0
3788744,Breel-Donald Embolo,23.444615586526474,16.847372583415037,1,1,3.179099916181899,Right Foot,Open Play,0
3788744,Breel-Donald Embolo,19.436563482261977,23.11175734838977,0,1,2.9896325551341025,Right Foot,Open Play,0
3788744,Breel-Donald Embolo,6.711929677819936,61.54329876582094,1,1,0.4621304624984329,Head,Open Play,1
3788744,Kevin Mbabu,17.04142012861604,19.430641665696744,1,1,6.4300908492456905,Right Foot,Open Play,0
3788744,Daniel James,14.090067423543436,27.346886896939054,0,1,6.7384848724893365,Head,Open Play,0
3788744,Connor Roberts,20.122872558360047,18.535212690769843,1,1,2.9649610436738687,Right Foot,Open Play,0
3788744,Breel-Donald Embolo,18.943336559328714,13.892630532024246,0,1,2.7519931302640686,Right Foot,Open Play,0
3788744,Kieffer Roberto Francisco Moore,10.840664186294127,36.52885536698517,0,1,2.916921291928678,Head,Open Play,1
3788744,Denis Lemi Zakaria Lako Lado,22.400892839349055,18.738696257057764,2,1,1.650983547637317,Right Foot,Open Play,0
3788744,Joseff Morrell,25.112745767836692,18.091696639467653,4,1,2.1534135805933086,Right Foot,Open Play,0
3788744,Gareth Frank Bale,17.262966141425405,23.73512671294123,1,1,1.7792259268913138,Right Foot,Open Play,0
3788744,Breel-Donald Embolo,6.020797289396148,60.64224645720873,1,1,1.7606110648904503,Head,Open Play,0
