match_id,tiratore,squadra,minuto,periodo,differenza_reti,possesso_passaggi_precedenti,distanza,angolo,difensori_cono,portiere_cono,distanza_min_difensore,angolo_libero,n_giocatori_visibili,compagni_vicini_5m,avversari_vicini_5m,gk_distanza_da_porta,gk_distanza_da_tiratore,gk_offset_laterale,body_part,shot_type,shot_technique,play_pattern,position_tiratore,primo_tocco,porta_sguarnita,tiro_deviato,sotto_pressione,assist_altezza,assist_tecnica,assist_lunghezza,assist_cross,assist_cutback,assist_through_ball,distanza_x_angolo,angolo_libero_su_angolo_tot,pressione_relativa,xg_statsbomb_benchmark,goal
3998853,Alexandra Jóhannsdóttir,Iceland Women's,0,1,0,4,33.11087434665536,13.049645234809846,2,1,3.293363517000599,3.8983812596088923,19,0,2,4.468759905870043,29.425711830837024,1.017254290311513,Right Foot,Open Play,Half Volley,From Throw In,Right Defensive Midfield,1,0,0,1,,,,0,0,0,432.08516363821866,0.2987346544264656,0.09946471006837888,0.013147669,0
3998853,Katla Tryggvadóttir,Iceland Women's,5,1,0,2,15.3,26.34499974114725,0,1,4.5434966547692905,18.35224013241423,10,0,1,6.698899157321999,8.609131255055763,3.367311547336058,Right Foot,Open Play,Normal,Regular Play,Left Wing,1,0,0,1,Ground Pass,,16.20864,1,1,1,403.078496039553,0.6966118926830189,0.29696056567119544,0.24875748,0
3998853,Sveindís Jane Jónsdóttir,Iceland Women's,5,1,0,2,7.3375745311376575,24.943905263424607,1,0,2.1108420579256455,0.0,10,0,1,2.434126758875443,6.817874632096337,0.18590594940352645,Right Foot,Open Play,Half Volley,From Counter,Right Wing,1,0,0,1,,,,0,0,0,183.02776396801497,0.0,0.28767572294742594,0.13006437,0
3998853,Alexandra Jóhannsdóttir,Iceland Women's,5,1,0,1,12.394353553130559,32.359525784153504,2,1,0.6256999125978979,0.0,19,2,6,3.555823466535409,9.073654121443784,0.6567136010998169,Head,Open Play,Normal,From Corner,Right Defensive Midfield,1,0,0,1,High Pass,Outswinging,35.79972,1,1,1,401.07540338044294,0.0,0.050482658084241835,0.034556407,0
3998853,Sveindís Jane Jónsdóttir,Iceland Women's,5,1,0,1,5.235456045083371,60.29524179139618,0,0,3.2977665742225235,60.29524179139619,17,0,3,2.3011133031579063,4.23658026827515,0.36960050364000097,Left Foot,Open Play,Half Volley,From Corner,Right Wing,1,0,0,1,,,,0,0,0,315.6730881265286,1.0000000000000002,0.6298909867306524,0.47674507,1
3998853,Signe Gaupset,Norway Women's,13,1,-1,16,21.08008538882137,17.516478103838605,1,1,1.3470529030789178,9.789497648277083,14,0,1,3.2524027958567614,17.849891088477836,2.212698672917952,Right Foot,Open Play,Normal,Regular Play,Left Wing,1,0,0,1,Ground Pass,,13.22006,1,1,1,369.24885414033764,0.5588736268925993,0.06390168152702318,0.046329156,0
3998853,Signe Gaupset,Norway Women's,14,1,-1,1,12.404031602668551,34.62723732823926,2,0,2.9969231331328263,23.49929487271049,16,0,1,4.4245870163466625,10.987705141924243,3.123913123265254,Right Foot,Open Play,Volley,From Corner,Left Wing,1,0,0,1,High Pass,Straight,45.098335,1,1,1,429.5173461325839,0.6786361455854957,0.24160879536037952,0.057025556,1
3998853,Elisabeth Terland,Norway Women's,22,1,0,2,25.701750913118744,17.690986992661827,1,1,2.9279238378907975,6.258527149479586,13,0,2,1.6073611160250658,24.186042056122158,0.501173260744082,Right Foot,Open Play,Normal,From Throw In,Center Forward,1,0,0,1,Low Pass,,5.8077536,1,1,1,454.68934109261795,0.35376924713559543,0.1139192363893123,0.036546215,0
3998853,Elisabeth Terland,Norway Women's,23,1,0,9,12.306502346320823,35.9971799727016,2,1,1.8688043680432194,8.05195120015373,14,0,3,1.5859234252566001,11.417828390153094,1.2937860812725717,Left Foot,Open Play,Normal,Regular Play,Center Forward,1,0,0,1,Ground Pass,,15.516766,1,1,1,442.9993797949852,0.22368283310692433,0.1518550369107857,0.10500978,0
3998853,Frida Maanum,Norway Women's,25,1,0,2,25.11135201457699,15.496700063608554,1,0,3.6051882383952867,2.586402725244144,11,0,3,,,,Right Foot,Open Play,Normal,Regular Play,Center Attacking Midfield,1,0,0,1,Ground Pass,,18.522419,1,1,1,389.14309036159204,0.16690022486257475,0.14356806580157438,0.032065924,0
3998853,Signe Gaupset,Norway Women's,25,1,0,1,26.764155133312173,16.78207277018461,2,0,0.6215157387410642,0.0,14,0,1,,,,Left Foot,Open Play,Normal,From Counter,Left Wing,1,0,0,1,Ground Pass,,15.789237,1,1,1,449.15799907975486,0.0,0.02322194500985726,0.030959195,1
3998853,Sveindís Jane Jónsdóttir,Iceland Women's,29,1,-1,7,25.20515820224107,12.315080668203212,1,1,2.7113331580183178,7.160429094443274,13,0,1,3.1820333868788606,22.348488510892242,1.2637197647994611,Right Foot,Open Play,Normal,From Throw In,Right Wing,1,0,0,1,Ground Pass,,12.234786,1,1,1,310.4035565154226,0.5814358255022288,0.10757056695550693,0.010127992,0
3998853,Elisabeth Terland,Norway Women's,31,1,1,2,26.432744844226825,15.583611880041728,1,1,3.0323507065524566,6.483871097436247,15,0,1,3.502254736500889,22.933091131475766,1.4095507163056382,Right Foot,Open Play,Normal,From Counter,Center Forward,1,0,0,1,Ground Pass,,14.940214,1,1,1,411.9176365766049,0.4160698525699477,0.11471947860211544,0.030938651,0
3998853,Frida Maanum,Norway Women's,48,2,1,12,10.911003620199196,38.64624471536895,0,1,1.9306584111038283,29.431685309055304,14,0,2,3.6877541510732303,7.469601596278918,2.194335131910421,Left Foot,Open Play,Normal,From Throw In,Center Attacking Midfield,1,0,0,1,Ground Pass,,9.662815,1,1,1,421.6693159964947,0.7615664995608441,0.17694599674860903,0.3819168,1
3998853,Sveindís Jane Jónsdóttir,Iceland Women's,53,2,-2,3,23.35487101227493,16.49699193644026,2,1,0.7713470072877745,0.0,15,0,1,2.982538877155137,20.66881064663077,0.4571604857942617,Right Foot,Open Play,Normal,Regular Play,Right Wing,1,0,0,1,,,,0,0,0,385.2851187661019,0.0,0.03302724330536304,0.03830135,0
3998853,Justine Kvaleng Kielland,Norway Women's,57,2,2,14,24.10518616397724,18.839779901358728,3,1,5.916101809847831,9.464602927793777,19,0,0,1.8634456236437391,22.242022261816224,0.06976452854216575,Right Foot,Open Play,Normal,From Throw In,Left Defensive Midfield,1,0,0,1,Ground Pass,,18.023596,1,1,1,454.1364018106089,0.502373327997913,0.24542858825495592,0.038265567,0
3998853,Frida Maanum,Norway Women's,67,2,2,7,15.274161188098025,21.865025997062823,1,1,2.007626033056529,13.124327350508025,10,1,1,4.611133042657009,10.690604448052888,3.517299805188209,Right Foot,Open Play,Normal,Regular Play,Center Attacking Midfield,1,0,0,1,Ground Pass,,6.3906183,1,1,1,333.9699314610913,0.6002429337276364,0.1314393640562676,0.07279213,0
3998853,Frida Maanum,Norway Women's,67,2,2,1,7.574298647399636,44.60255481931703,2,1,1.1590079721425635,6.898261540487093,17,1,4,3.0503024164727086,4.832473043334977,1.3998462957215239,Left Foot,Open Play,Backheel,From Corner,Center Attacking Midfield,1,0,0,1,Low Pass,Outswinging,34.677082,1,1,1,337.83307063852106,0.15466068184729875,0.15301852040656824,0.085155696,0
3998853,Sandra María Jessen,Iceland Women's,70,2,-2,4,15.321227104902528,11.373387385394492,0,1,3.5118669228830792,4.740113274251876,11,0,1,4.955159109778056,10.370949067772417,4.686732525528285,Right Foot,Open Play,Normal,Regular Play,Center Forward,1,0,0,1,Ground Pass,,36.14872,1,1,1,174.25425108366258,0.41677233999248525,0.2292157735694253,0.023828445,0
3998853,Frida Maanum,Norway Women's,75,2,2,3,17.636609651517496,25.002540162384594,1,1,2.232595752553577,4.191118057731132,10,0,1,3.6572419134019847,14.465695296858279,2.328886704562642,Left Foot,Open Play,Normal,Regular Play,Center Attacking Midfield,1,0,0,1,Ground Pass,,28.81753,1,1,1,440.96004114036595,0.16762769024711,0.12658871498930518,0.07051889,1
3998853,Synne Jensen,Norway Women's,76,2,3,9,23.193533581582603,14.027461159670157,1,1,3.243529686769418,7.298002438542002,15,0,1,4.648126919145297,18.5483101133338,3.4082854446502893,Right Foot,Open Play,Normal,From Throw In,Left Wing,1,0,0,1,Ground Pass,,6.529931,1,1,1,325.3463914711554,0.5202653819868861,0.13984629273329108,0.03071077,0
3998853,Frida Maanum,Norway Women's,79,2,3,18,16.079800993793423,27.82081182913686,1,1,1.0435053539834234,8.072342814228504,14,1,4,3.0817275755626774,13.064854019776503,0.2709021147475852,Right Foot,Open Play,Normal,From Throw In,Center Attacking Midfield,1,0,0,1,Ground Pass,,7.017834,1,1,1,447.35311769829474,0.2901548259556647,0.06489541471229661,0.15232103,0
3998853,Synne Jensen,Norway Women's,80,2,3,2,13.5351394525509,19.983106521899956,1,1,3.3049425064594145,8.1539966582166,10,0,1,5.704265876218321,7.852216195948017,4.9206874326035575,Left Foot,Open Play,Normal,From Counter,Left Wing,1,0,0,1,Ground Pass,,19.96497,1,1,1,270.4741334690953,0.40804449744990573,0.2441749874868521,0.102851585,0
3998853,Hlín Eiríksdóttir,Iceland Women's,83,2,-3,2,13.789851340750559,30.843623521448254,0,1,4.679458706693505,18.617651495101782,9,0,1,8.221179798324687,5.634361809396851,2.109577748298065,Right Foot,Open Play,Normal,From Counter,Center Forward,1,0,0,1,Ground Pass,,11.452948,1,1,1,425.3289831708487,0.6036142764534559,0.3393407652528624,0.4171032,1
3998853,Glódís Perla Viggósdóttir,Iceland Women's,94,2,-2,0,12.0,36.86989764584404,0,1,10.108632911532148,31.266618721152494,10,0,0,0.27791197823581965,12.275373545510012,0.03790388280008017,Right Foot,Penalty,Normal,Other,Right Center Back,1,0,0,1,,,,0,0,0,442.43877175012847,0.8480256447003415,0.8423860759610123,0.7835,1
3998838,Tessa Wullaert,Belgium Women's,1,1,0,2,25.74024086911387,12.555827645612604,1,1,2.7193195292202974,5.823813319338467,12,0,1,1.766147992144096,24.387450626609432,0.212256418331215,Right Foot,Open Play,Normal,Regular Play,Right Center Forward,1,0,1,1,Ground Pass,,16.894081,1,1,1,323.1900279091473,0.46383348702413,0.10564468075678549,0.017415643,0
3998838,Cecilia Salvai,Italy Women's,5,1,0,1,10.296115772464871,41.91362550304331,1,1,1.2814401285748926,23.624738219434647,20,2,3,3.308461356646843,7.601244800170789,2.166342246667213,Other,Open Play,Normal,From Free Kick,Center Back,1,0,1,1,High Pass,,34.71138,1,1,1,431.5475406230701,0.5636529394890756,0.1244585974840994,0.097843766,0
3998838,Tessa Wullaert,Belgium Women's,6,1,0,21,22.884929538890866,19.60090538427118,2,1,3.7276212484261326,0.6773950814088645,16,0,1,1.380579809220088,21.534102136796182,0.48585811285524017,Left Foot,Open Play,Normal,From Keeper,Right Center Forward,1,0,1,1,Ground Pass,,16.288954,1,1,1,448.5653386175125,0.03455937713736646,0.1628854151414964,0.041355614,0
3998838,Manuela Giugliano,Italy Women's,8,1,0,2,29.91889035375477,13.656239178320433,2,0,3.4874588921776204,1.804796075910426,15,0,1,,,,Right Foot,Open Play,Normal,Regular Play,Center Defensive Midfield,1,0,1,1,Ground Pass,,15.171684,1,1,1,408.57952262081915,0.1321590851144126,0.11656377796578109,0.021615006,0
3998838,Arianna Caruso,Italy Women's,17,1,0,2,25.36217656274792,12.094008484423956,1,0,1.4692682585335168,0.0,16,1,2,,,,Right Foot,Open Play,Normal,From Throw In,Right Center Midfield,1,0,1,1,,,,0,0,0,306.73037853333176,0.0,0.05793147346397646,0.009236298,0
3998838,Arianna Caruso,Italy Women's,21,1,0,5,20.883007446246815,21.13523698245867,2,1,1.4309622625414844,0.0,17,0,3,1.7989649957911635,19.08912785974202,0.5466454129472211,Right Foot,Open Play,Normal,Regular Play,Right Center Midfield,1,0,1,1,Ground Pass,,10.2,1,1,1,441.3673112828755,0.0,0.06852280574169231,0.080548346,0
3998838,Mariam Abdulai Toloba,Belgium Women's,25,1,0,8,23.6763595174596,19.1212040726483,0,1,2.9903499650651573,15.977943193775612,12,0,2,1.8577393271259763,21.876503677735613,0.29604544951596523,Left Foot,Open Play,Normal,Regular Play,Left Center Midfield,1,0,1,1,Ground Pass,,20.40833,1,1,1,452.7205020307338,0.835613862655808,0.12630108792105438,0.03744926,0
3998838,Amber Tysiak,Belgium Women's,28,1,0,1,12.854960132182441,33.822747596447826,3,1,2.178695558644183,8.329845543950663,20,2,6,0.9688922568175894,12.025229194101504,0.274518021476986,Right Foot,Open Play,Volley,From Corner,Right Center Back,1,0,1,1,,,,0,0,0,434.7900719132063,0.24627938697758223,0.16948287168855627,0.055492304,0
3998838,Emma Severini,Italy Women's,29,1,0,7,7.981227975693969,52.24756708070638,0,1,0.7855783793896268,41.13439435656445,12,1,1,2.3911074531958842,6.1965049820209614,0.8326950850759687,Head,Open Play,Normal,Regular Play,Left Center Midfield,1,0,1,1,High Pass,,27.018698,1,1,1,416.99974404648106,0.7872977949963582,0.09842825963398454,0.16095492,0
3998838,Lucia Di Guglielmo,Italy Women's,35,1,0,6,21.41891687270858,21.139329489187517,1,1,0.969365243079119,0.0,18,2,3,2.619400011247233,18.929920707195713,0.8716996032177846,Left Foot,Open Play,Normal,Regular Play,Right Wing Back,1,0,1,1,Ground Pass,,11.360018,1,1,1,452.78154107370455,0.0,0.045257435230735624,0.02690925,0
3998838,Sofia Cantore,Italy Women's,35,1,0,6,18.189282558693726,24.697773963750112,2,1,1.0067715102856585,0.0,15,0,3,2.6811054362113667,15.574994893373534,0.2879708652796822,Right Foot,Open Play,Normal,Regular Play,Right Center Forward,1,0,1,1,,,,0,0,0,449.23478919739995,0.0,0.055349709755565,0.06338528,0
3998838,Hannah Eurlings,Belgium Women's,36,1,0,18,13.977839604173454,30.674476787836227,0,1,2.9710137125648513,26.91995829726537,12,0,2,3.9912542231820862,11.252620503512604,1.540687620047656,Head,Open Play,Normal,From Keeper,Left Center Forward,1,0,1,1,High Pass,Through Ball,14.637281,1,1,1,428.76291648231654,0.8776012214800127,0.21255171018544072,0.056822307,0
3998838,Tessa Wullaert,Belgium Women's,39,1,0,8,13.743725841270264,29.041940555989896,1,1,1.481502757317181,15.57891733275543,15,0,2,3.527414676789948,10.312085603838966,1.067647409051247,Left Foot,Open Play,Normal,From Keeper,Right Center Forward,1,0,1,1,Ground Pass,Through Ball,21.779348,1,1,1,399.1444688999932,0.5364282494388027,0.10779484212850489,0.07903574,0
3998838,Tessa Wullaert,Belgium Women's,39,1,0,8,13.660527076214885,27.2845144354897,1,1,2.1391772313703354,4.307079264992068,11,0,3,4.022410040563996,9.700268217881316,1.8812744062930733,Right Foot,Open Play,Normal,From Keeper,Right Center Forward,1,0,1,1,,,,0,0,0,372.72084820738297,0.15785801411916403,0.15659551197661895,0.0768985,0
3998838,Jill Janssens,Belgium Women's,41,1,0,3,28.263050083103206,13.89148783634129,0,1,6.46564296045093,11.119042221817912,8,0,0,3.5174405362554872,24.801800695640026,1.2893315189472077,Right Foot,Open Play,Normal,Regular Play,Right Wing Back,1,0,1,1,Ground Pass,,26.484146,1,1,1,392.61581644733286,0.8004212617693528,0.22876663847106696,0.033051893,0
3998838,Arianna Caruso,Italy Women's,43,1,0,5,17.139719951037712,24.604598037456494,1,1,2.9280704244361435,18.052635797233286,13,0,2,3.759550424482214,13.399874268078014,1.7133608747900624,Right Foot,Open Play,Normal,From Throw In,Right Center Midfield,1,0,1,1,Low Pass,,35.314163,1,1,1,421.7159198698564,0.7337098443856342,0.1708353714530129,0.08256552,1
3998838,Justine Vanhaevermaet,Belgium Women's,45,1,-1,5,24.671643642043794,17.809469446046172,2,1,4.273083020346833,8.15069304753631,17,0,1,2.049825684487267,22.64174984329351,0.7987523479355119,Right Foot,Open Play,Normal,From Kick Off,Center Defensive Midfield,1,0,1,1,Ground Pass,,24.408606,1,1,1,439.38888362671827,0.4576606322961418,0.1731981493549512,0.034303434,0
3998838,Tessa Wullaert,Belgium Women's,57,2,-1,7,12.120231020900547,31.68558511364644,0,1,2.6206845524990676,25.26477669228023,14,0,2,1.5263233300225512,10.713748368870688,0.3211858240301453,Head,Open Play,Normal,From Throw In,Right Center Forward,1,0,1,1,High Pass,,37.732746,1,1,1,384.03661160980215,0.7973586917099132,0.21622397691759077,0.069237985,0
3998838,Cristiana Girelli,Italy Women's,63,2,1,4,5.315072906367325,69.05252941304884,1,1,0.35588797777848274,0.0,13,0,2,3.8294119031295955,2.3466924364604345,3.453906838894369,Right Foot,Open Play,Backheel,From Throw In,Left Center Forward,1,0,1,1,Low Pass,,3.7121422,1,1,1,367.0192281994287,0.0,0.06695824950061133,0.27325326,0
3998838,Arianna Caruso,Italy Women's,63,2,1,4,21.321350801485355,17.417970792202848,2,1,3.4730105345014444,5.531631574531344,16,1,2,3.0901460955957845,18.55990315433562,2.7017483679149166,Right Foot,Open Play,Half Volley,From Throw In,Center Defensive Midfield,1,0,1,1,,,,0,0,0,371.3746655105827,0.3175818607416415,0.16288886041214126,0.043495327,0
3998838,Michela Cambiaghi,Italy Women's,78,2,1,5,18.68689380287692,24.064518078997565,0,1,2.972988354420489,18.57008307922294,12,0,3,6.298416140720043,12.518354880556275,1.634094474989503,Left Foot,Open Play,Normal,Regular Play,Right Center Forward,1,0,1,1,Ground Pass,Through Ball,8.246211,1,1,1,449.6910937596392,0.7716789930412143,0.15909483864904214,0.19728729,0
3998838,Michela Cambiaghi,Italy Women's,80,2,1,1,22.737853900489377,18.947680420726666,2,1,1.4862234597090347,0.0,16,0,3,1.820008984747567,20.939548242642733,0.3315418998113202,Left Foot,Open Play,Normal,From Free Kick,Right Center Forward,1,0,1,1,Ground Pass,,31.378973,1,1,1,430.829589159646,0.0,0.0653634008826597,0.03672684,0
3998838,Lisa Boattin,Italy Women's,86,2,1,3,19.432961688841978,23.012473900879925,1,1,2.3410111136385194,8.680332031092481,14,0,4,1.845623245025172,17.680223088306217,0.8166736113170714,Right Foot,Open Play,Normal,Regular Play,Left Wing Back,1,0,1,1,Ground Pass,,6.9971423,1,1,1,447.2005236812755,0.3772011678744619,0.12046599746978773,0.062211376,0
3998838,Arianna Caruso,Italy Women's,87,2,1,6,24.236542657730702,16.383840055533852,1,1,5.018188730379931,8.525440293964813,13,0,0,1.1620256814383476,23.176548539528493,0.12811340770091562,Right Foot,Open Play,Normal,Regular Play,Center Defensive Midfield,1,0,1,1,Ground Pass,,10.978616,1,1,1,397.08763840338315,0.520356660286441,0.2070505187661032,0.03819632,0
3998838,Michela Cambiaghi,Italy Women's,88,2,1,1,23.100865784641055,16.037451318424562,1,1,1.815513640281241,9.229071177396282,15,0,3,4.024209635914238,19.093786963739063,2.6496767532947203,Left Foot,Open Play,Normal,From Throw In,Right Center Forward,1,0,1,1,Low Pass,,21.023796,1,1,1,370.47901043464054,0.5754699418350533,0.07859071851273694,0.03982579,0
3998838,Cecilia Salvai,Italy Women's,89,2,1,4,9.492101980067433,43.856602182510926,2,1,1.042235745326635,24.51731851521603,18,1,4,3.632887146374246,7.110320039941209,1.2290022642814193,Head,Open Play,Normal,From Corner,Center Back,1,0,1,1,High Pass,,33.029682,1,1,1,416.2913404156417,0.5590336983514197,0.10980031056506105,0.05896974,0
3998838,Michela Cambiaghi,Italy Women's,91,2,1,1,8.848163651289456,43.15391954698334,2,1,0.5567151708151284,0.0,19,3,8,3.9829878557023584,4.957889155256293,2.7482049662798147,Head,Open Play,Normal,From Corner,Right Center Forward,1,0,1,1,High Pass,Outswinging,35.655293,1,1,1,381.8329423462875,0.0,0.06291872446708166,0.07186699,0
3998841,Ingrid Filippa Angeldal,Sweden Women's,1,1,0,5,13.738267721950976,30.06675231084044,2,1,3.9675275505686884,10.665832332046708,18,0,2,2.372049155063748,11.433367736473532,0.4960019901599395,Left Foot,Open Play,Normal,From Throw In,Right Defensive Midfield,1,0,0,1,,,,0,0,0,413.06509277591414,0.35473842408317535,0.2887938734975576,0.09106817,0
3998841,Janni Thomsen,Denmark Women's,2,1,0,1,15.658863304850707,12.972706361048356,1,1,1.5885909627955586,0.0,11,0,1,4.991977732486717,10.811587648577017,4.854359001246621,Right Foot,Open Play,Normal,From Counter,Right Center Midfield,1,0,0,1,High Pass,,52.234566,1,1,0,203.13783560162344,0.0,0.1014499540527603,0.041428506,0
3998841,Pernille Mosegaard Harder,Denmark Women's,3,1,0,1,12.124768039018312,23.144202653719315,2,1,0.3992344291930142,0.0,19,1,4,3.503118249814055,8.63076879036545,2.7320049160540947,Left Foot,Open Play,Half Volley,From Corner,Left Center Forward,1,0,0,1,,,,0,0,0,280.61808862437874,0.0,0.032927180784675734,0.066260226,0
3998841,Emma Stina Blackstenius,Sweden Women's,16,1,0,13,7.961155694998058,48.52475794273018,1,1,0.42504205088355895,0.0,9,0,3,3.437542279028103,4.674783176088036,2.457482978903478,Right Foot,Open Play,Normal,Regular Play,Center Forward,1,0,0,1,Ground Pass,,12.185237,1,1,0,386.31315304416864,0.0,0.053389491069821694,0.09335751,0
3998841,Ingrid Filippa Angeldal,Sweden Women's,24,1,0,11,22.99239004540415,19.18767728422828,2,1,1.4847369152041954,9.026556674939908,16,0,1,1.6090002793336715,21.540284681598198,1.0067139486416181,Left Foot,Open Play,Normal,From Throw In,Right Defensive Midfield,1,0,0,1,Ground Pass,,25.500784,1,1,0,441.1705601843176,0.47043508921006705,0.06457514474450964,0.04317301,0
3998841,Gun Nathalie Björn,Sweden Women's,33,1,0,3,21.115160430363776,20.134932631491942,3,1,1.982452889913522,8.898301133738386,16,0,1,2.200096988624992,19.008905858559334,1.3242194079676608,Right Foot,Open Play,Half Volley,From Corner,Right Center Back,1,0,0,1,,,,0,0,0,425.15233276851905,0.4419334942209363,0.09388765462860223,0.03620591,0
3998841,Gun Nathalie Björn,Sweden Women's,33,1,0,3,17.760912138738814,24.552699891817895,3,1,2.3125578214955125,3.3810457321163514,17,1,2,2.4705548981945333,15.299930248619082,0.47130013710944496,Left Foot,Open Play,Normal,From Corner,Right Center Back,1,0,0,1,,,,0,0,0,436.0783455473996,0.13770565954105413,0.13020490183336525,0.052808322,0
3998841,Pernille Mosegaard Harder,Denmark Women's,35,1,0,6,22.36604569431083,16.73484245581152,1,1,2.1709268975096214,4.664229834052503,11,0,2,3.3818699056323127,18.985813496327637,2.0437608322014995,Left Foot,Open Play,Normal,From Throw In,Left Center Forward,1,0,0,1,Ground Pass,,15.443445,1,1,0,374.2922510537733,0.27871369846285904,0.09706350989266879,0.033985645,0
3998841,Ingrid Filippa Angeldal,Sweden Women's,43,1,0,0,26.439364591457185,16.936591780520622,6,1,11.629752507922404,5.942153293517914,19,1,0,1.4608634100583182,25.01728337639199,0.5784059672860593,Right Foot,Free Kick,Normal,From Free Kick,Right Defensive Midfield,1,0,0,1,,,,0,0,0,447.7927250218617,0.3508470517871368,0.43986505302325196,0.059390347,0
3998841,Ingrid Filippa Angeldal,Sweden Women's,50,2,0,13,17.74964788383138,25.212194847851805,1,1,5.403707637994707,15.00507566226194,12,0,0,2.458598908417187,15.81445742720592,1.677070856669502,Right Foot,Open Play,Normal,From Free Kick,Right Defensive Midfield,1,0,0,1,Ground Pass,,13.567977,1,1,0,447.5075809279172,0.5951515031838032,0.3044402724696914,0.10202185,0
3998841,Ingrid Filippa Angeldal,Sweden Women's,54,2,0,14,16.61715980545412,19.78975040087025,0,1,0.8087568018290822,14.237063535736167,15,0,3,4.525677959439175,12.387129104102945,4.03562242427126,Right Foot,Open Play,Normal,From Throw In,Right Defensive Midfield,1,0,0,1,Ground Pass,,9.352005,1,1,0,328.84944492131063,0.7194160233122544,0.04866997798045069,0.11920694,1
3998841,Emma Snerle,Denmark Women's,55,2,-1,6,17.489711261195822,23.558523640411074,3,1,1.0780224783779868,0.0,14,0,1,4.986446257481132,12.57040687120838,2.7420254329068996,Right Foot,Open Play,Normal,From Kick Off,Left Center Midfield,1,0,0,1,Ground Pass,,23.349947,1,1,0,412.0317762108456,0.0,0.061637522900093854,0.101631254,0
3998841,Emma Stina Blackstenius,Sweden Women's,61,2,1,2,7.7794601355106945,44.1378850754537,1,0,2.3655460866523565,39.286364036784335,18,0,1,3.797043614235116,6.894270414442823,1.066908888377398,Right Foot,Open Play,Volley,From Corner,Center Forward,1,0,0,1,High Pass,,33.340218,1,1,0,343.36891741024453,0.8900826120151499,0.30407586714846846,0.23515692,0
3998841,Madelen Fatimma Maria Janogy,Sweden Women's,64,2,1,8,7.930952023559339,51.23267268621034,0,1,1.1772552872783326,41.451185155708785,14,0,2,1.5588424300579455,7.037631096435922,1.4929886360932159,Head,Open Play,Normal,Regular Play,Left Wing,1,0,0,1,High Pass,,31.575306,1,1,0,406.3238691130532,0.8090771568680172,0.14843807953713875,0.16125217,0
3998841,Emma Stina Blackstenius,Sweden Women's,65,2,1,4,10.48045800525912,30.827081359958598,1,1,0.958669040841437,0.0,15,0,1,1.4597937627393378,10.488074831320533,0.9029922146714426,Head,Open Play,Normal,Regular Play,Center Forward,1,0,0,1,High Pass,,27.722193,1,1,0,323.0819316177523,0.0,0.0914720559311792,0.049302388,0
3998841,Jonna Ann-Charlotte Andersson,Sweden Women's,66,2,1,5,20.900956915892635,21.667488936667876,1,1,1.9063866419950677,14.927955833063839,16,1,1,0.31184631311701966,20.719030560186532,0.25391492750758715,Left Foot,Open Play,Normal,From Throw In,Left Back,1,0,0,1,,,,0,0,0,452.8712527408756,0.6889564303781076,0.09121049575225393,0.050823987,0
3998841,Ingrid Filippa Angeldal,Sweden Women's,71,2,1,7,27.865749586185547,11.476451620128366,1,1,3.4284157696452273,6.929674414581967,19,0,1,1.2029231922214336,27.06424149553294,0.02363227399063561,Right Foot,Open Play,Normal,From Throw In,Right Defensive Midfield,1,0,0,1,Ground Pass,,17.121332,1,1,0,319.79992698447046,0.6038168106270864,0.12303332300613458,0.010950809,0
3998841,Linda Brigitta Sembrant,Sweden Women's,76,2,1,1,13.31840831330831,33.39740072386503,2,1,0.5131153498129298,0.0,18,3,4,2.1260850622982175,11.290665586078916,0.6948439926231202,Head,Open Play,Normal,From Free Kick,Left Center Back,1,0,0,1,High Pass,,26.145746,1,1,0,444.80021944361306,0.0,0.03852677720506613,0.024528107,0
3998841,Rebecka Blomqvist,Sweden Women's,78,2,1,12,10.877959367454906,40.17531156836133,2,1,1.4404421300973078,17.041204641069022,11,0,2,2.8531589106604596,8.025908332938902,0.2730771946108348,Right Foot,Open Play,Normal,Regular Play,Left Wing,1,0,0,1,,,,0,0,0,437.0254068154756,0.4241710636661056,0.13241841428520845,0.15059072,0
3998841,Pernille Mosegaard Harder,Denmark Women's,80,2,-1,2,22.74313083108832,16.869501832353755,1,1,2.0183532486515436,4.314828034292174,11,0,3,4.034960703898833,18.72677847303058,1.9158518223061591,Left Foot,Open Play,Normal,Regular Play,Left Center Forward,1,0,0,1,Ground Pass,,36.019024,1,1,0,383.6652872285056,0.2557768496765466,0.08874562010137108,0.035404637,0
3998841,Janni Thomsen,Denmark Women's,80,2,-1,2,27.372431386341987,14.848706696950103,2,1,2.4006058449104684,10.379930435368259,14,1,1,2.5068604947221065,24.865778501479884,1.1265660118683485,Right Foot,Open Play,Normal,Regular Play,Left Wing Back,1,0,0,1,,,,0,0,0,406.44520523818346,0.6990460952064113,0.0877015932939117,0.02012733,0
3998841,Pernille Mosegaard Harder,Denmark Women's,85,2,-1,1,8.434453153583814,50.29302412896585,4,1,0.360953091291137,0.0,20,2,7,1.103920182040629,7.364110061516765,0.43953020911881424,Head,Open Play,Normal,From Corner,Center Attacking Midfield,1,0,0,1,High Pass,Inswinging,42.22381,1,1,0,424.19415596782284,0.0,0.04279507926815237,0.07513231,0
3998841,Nadia Nadim,Denmark Women's,85,2,-1,1,16.032778923193565,27.37218004461696,3,1,2.818168384216018,10.463744721927203,20,0,4,2.120177571419835,15.040701710591744,1.5084286364011703,Right Foot,Open Play,Overhead Kick,From Corner,Right Center Forward,1,0,0,1,,,,0,0,0,438.8521113011943,0.38227662922248723,0.17577541595980967,0.028353827,0
3998841,Janni Thomsen,Denmark Women's,93,2,-1,3,23.80756182392477,15.736348377128527,3,1,0.7554918121452096,0.0,17,0,1,2.58293540129194,21.281638087578457,1.8834534999489918,Right Foot,Open Play,Normal,Regular Play,Left Wing Back,1,0,0,1,High Pass,,69.98528,1,1,0,374.64408687130566,0.0,0.031733271039371964,0.033323374,0
3998841,Emma Stina Blackstenius,Sweden Women's,94,2,1,4,9.027181176868005,40.533500116087346,1,1,0.6447012740028699,0.0,12,0,2,1.5179839643303084,7.844978409131884,0.09096541262041313,Head,Open Play,Normal,From Keeper,Center Forward,1,0,0,1,High Pass,,25.75131,1,1,0,365.9032492805208,0.0,0.07141778384318968,0.09189379,0
3998841,Pernille Mosegaard Harder,Denmark Women's,96,2,-1,7,8.357032966310468,49.211701474393735,0,1,0.7388223007131526,36.50106808624573,16,2,3,3.7782094822689123,5.420353480628916,2.9343236775772397,Head,Open Play,Normal,Regular Play,Center Attacking Midfield,1,0,0,1,High Pass,,34.351273,1,1,0,411.2638115497379,0.7417152220440557,0.088407249760956,0.16018999,0
3998837,Vilde Bøe Risa,Norway Women's,6,1,0,2,20.261539921733487,21.874985890804826,2,1,2.578192002358574,8.477892382491223,15,1,1,3.2730876220808898,17.36062440782458,0.7423801903157283,Left Foot,Open Play,Normal,From Throw In,Right Defensive Midfield,1,0,0,1,,,,0,0,0,443.22089991389873,0.387561044601858,0.12724560977683058,0.05792796,0
3998837,Noemi Ivelj,Switzerland Women's,7,1,0,3,17.72794404323299,23.48451646370637,0,1,1.1128940123836721,19.04675886824482,16,0,1,2.258149597083911,15.497043931005571,0.6086531512042939,Head,Open Play,Normal,Regular Play,Right Center Midfield,1,0,0,1,High Pass,,24.603252,1,1,1,416.3321937509705,0.8110347469866034,0.0627762593152182,0.033980425,0
3998837,Riola Xhemaili,Switzerland Women's,8,1,0,3,18.13945974939717,20.9737061953089,1,1,1.8637573788669883,3.294301047340637,13,0,4,4.431528241928565,13.7259448152454,2.1971301433337516,Right Foot,Open Play,Normal,From Goal Kick,Left Center Forward,1,0,0,1,Ground Pass,,9.6166525,1,1,1,380.4516993254878,0.15706814125571472,0.10274602466751673,0.038103238,0
3998837,Lia Wälti,Switzerland Women's,14,1,0,4,30.680449801135573,13.28068744367496,1,1,3.2309223814060135,6.734966067708809,21,0,1,3.0169368421359564,27.865381979742384,0.37335188554837373,Left Foot,Open Play,Normal,From Corner,Center Defensive Midfield,1,0,0,1,Ground Pass,,17.585505,1,1,1,407.45746444024115,0.5071248078288594,0.1053088335519262,0.019465752,0
3998837,Géraldine Reuteler,Switzerland Women's,15,1,0,16,34.078732370791016,12.064416977729012,0,0,2.5992902416429766,12.064416977729095,16,0,2,,,,Right Foot,Open Play,Half Volley,Regular Play,Right Center Forward,1,0,0,1,Low Pass,,9.79898,1,1,1,411.1400373936544,1.0000000000000069,0.07627309059977935,0.006515347,0
3998837,Guro Reiten,Norway Women's,16,1,0,2,27.71028689855087,15.746720980920964,1,1,5.214482840260851,8.447924971077446,14,1,0,2.7921174024465434,24.969284736927165,1.2854681819820755,Left Foot,Open Play,Normal,Regular Play,Left Wing,1,0,0,1,Ground Pass,,9.600521,1,1,1,436.3461560927503,0.5364878809571286,0.18817859444586071,0.03175325,0
3998837,Géraldine Reuteler,Switzerland Women's,23,1,0,0,22.771253808255707,19.868409396709062,1,1,3.858904907431555,6.445627597764799,12,0,1,2.3919915502951707,20.57127004814458,1.064905966047057,Left Foot,Open Play,Normal,Regular Play,Right Center Forward,1,0,0,1,,,,0,0,0,452.4285931387947,0.3244158839827627,0.1694638749330751,0.050078258,0
3998837,Géraldine Reuteler,Switzerland Women's,23,1,0,2,27.64091170710546,15.596380516468058,2,1,3.1993896314276227,9.249119045735952,16,0,1,3.458158449054839,24.27802072012734,1.8242944441609978,Right Foot,Open Play,Normal,Regular Play,Right Center Forward,1,0,0,1,Ground Pass,,17.924564,1,1,1,431.09817680611343,0.5930298402228583,0.11574833946613916,0.02372027,0
3998837,Nadine Riesen,Switzerland Women's,27,1,0,7,16.12265486822812,20.33384577772487,2,1,0.3242612476519873,0.0,15,0,1,4.704410065307262,11.449373979191071,3.0207734888755695,Right Foot,Open Play,Normal,From Throw In,Left Wing Back,1,0,0,1,,,,0,0,0,327.8355776180357,0.0,0.020112149661591288,0.050353747,1
3998837,Géraldine Reuteler,Switzerland Women's,34,1,1,10,16.953170794869028,20.81863287074105,1,1,1.4299152645850244,12.257679593438867,15,0,1,4.831865385609987,12.323758431304054,3.9372895447592384,Right Foot,Open Play,Normal,From Throw In,Right Center Forward,1,0,0,1,Ground Pass,,12.571794,1,1,1,352.9418387733475,0.5887840796052497,0.08434500435858266,0.096806146,0
3998837,Nadine Riesen,Switzerland Women's,51,2,1,5,27.72002886001384,11.655118841008631,1,1,3.303090454605662,6.836134785986281,17,0,1,3.817595522022204,23.99384005931175,2.129829285244284,Right Foot,Open Play,Normal,From Throw In,Left Wing Back,1,0,0,1,Ground Pass,,36.019993,1,1,1,323.0802306396503,0.5865349705344303,0.11915898324948615,0.010939159,0
3998837,Ada Stolsmo Hegerberg,Norway Women's,53,2,-1,1,3.584689665786978,97.23872650378037,4,0,0.9373494088806095,55.489681659263645,18,2,9,4.682123760220137,2.8043285722045908,4.305379456994899,Head,Open Play,Normal,From Corner,Center Forward,1,0,0,1,High Pass,Inswinging,41.815067,1,1,1,348.5706580123878,0.5706541380620237,0.2614869057778883,0.22650062,1
3998837,Iman Beney,Switzerland Women's,55,2,0,13,9.055385138137412,29.142977981971764,0,1,0.8061880760086365,17.39734038027631,12,0,1,3.192983612515378,5.863919720509452,2.7897250377873206,Left Foot,Open Play,Volley,From Free Kick,Right Wing Back,1,0,0,1,High Pass,,33.459377,1,1,1,263.90088969901296,0.5969650867882664,0.08902857953697815,0.1289347,0
3998837,Ada Stolsmo Hegerberg,Norway Women's,62,2,0,2,11.088733020503286,32.7503850311685,0,1,3.207658546625843,28.798955908097316,8,0,1,8.349879618028778,3.207658546625843,6.3111318413718465,Right Foot,Open Play,Normal,Regular Play,Center Forward,1,0,0,1,,,,0,0,0,363.16027592931465,0.879347094108646,0.28927187088865963,0.42325512,0
3998837,Vilde Bøe Risa,Norway Women's,62,2,0,2,33.08927318633638,12.985695901060366,2,1,5.649247754521078,9.082020978724774,14,0,0,6.4408417770273845,27.429092386276945,4.608409968641595,Right Foot,Open Play,Half Volley,Regular Play,Right Defensive Midfield,1,0,0,1,,,,0,0,0,429.68723918487495,0.6993865440806425,0.17072746574723296,0.011762335,0
3998837,Géraldine Reuteler,Switzerland Women's,65,2,0,4,23.546761985462037,16.705589497744207,1,1,1.3406291426308221,7.01286443254067,18,0,2,4.879008235803765,18.809734050024122,3.3446708367197573,Left Foot,Open Play,Normal,Regular Play,Right Center Midfield,1,0,0,1,Ground Pass,,8.905055,1,1,1,393.3625397302171,0.41979149753964884,0.0569347557621102,0.04242853,0
3998837,Nadine Riesen,Switzerland Women's,65,2,0,4,16.81903683330291,12.179181052524061,1,1,0.590263122401257,0.0,16,1,1,5.744419489457232,11.222386869360859,5.555107932125935,Left Foot,Open Play,Normal,Regular Play,Left Wing Back,1,0,0,1,,,,0,0,0,204.84209472186708,0.0,0.035094942014306865,0.0117282355,0
3998837,Ada Stolsmo Hegerberg,Norway Women's,69,2,0,0,11.900420160649796,37.156345075648375,0,1,9.575749097116839,31.165225780470138,18,0,0,0.6599232585582092,11.481371846450665,0.5042212252848515,Right Foot,Penalty,Normal,Other,Center Forward,1,0,0,1,,,,0,0,0,442.1761180343067,0.8387591868096652,0.8046563875769892,0.7835,0
3998837,Géraldine Reuteler,Switzerland Women's,82,2,0,14,11.119802156513403,39.00859737250821,0,1,1.518460256403535,18.727806415710194,13,0,2,7.721407948058944,3.407913808616099,1.734966902728516,Right Foot,Open Play,Normal,From Throw In,Right Center Midfield,1,0,0,1,Ground Pass,Through Ball,17.710167,1,1,1,433.7678851853799,0.4800943298953078,0.1365546108672536,0.156412,0
3998837,Celin Bizet Ildhusøy,Norway Women's,87,2,0,3,22.910477952238363,16.79556820091666,0,1,2.628327152184124,15.634634054729892,7,0,2,17.779985939290267,5.350375092262221,10.793313773305613,Right Foot,Open Play,Lob,From Throw In,Right Wing,1,0,0,1,High Pass,Through Ball,52.08733,1,1,1,384.7944949624169,0.9308785429406665,0.11472162028498124,0.14764006,0
3998837,Alayah Pilgrim,Switzerland Women's,89,2,0,4,23.420076857260735,7.107800069518159,1,1,1.1993968139830575,0.0,16,0,2,4.796571462686591,18.923902979787062,3.728241340653611,Right Foot,Open Play,Normal,Regular Play,Left Wing,1,0,0,1,Ground Pass,,14.946571,1,1,1,166.46522391415849,0.0,0.05121233466880013,0.0062254625,0
3998837,Iman Beney,Switzerland Women's,89,2,0,4,12.564234954823158,21.261809217382133,0,0,1.6647105492103746,21.261809217382112,15,0,1,3.983315368370222,11.39410252734682,0.5058773374884353,Right Foot,Open Play,Half Volley,Regular Play,Right Wing,1,0,0,1,,,,0,0,0,267.13836657181383,0.999999999999999,0.1324959741039645,0.20493905,0
3998837,Alayah Pilgrim,Switzerland Women's,89,2,0,4,12.088010589009256,25.0448496903322,1,1,1.0043801896933893,23.804408830692704,15,0,2,3.0082158232646634,10.062373988426746,0.46504191700091013,Right Foot,Open Play,Half Volley,Regular Play,Left Wing,1,0,0,1,,,,0,0,0,302.7424082568808,0.9504712196329,0.08308895680539846,0.0418535,0
3998837,Alayah Pilgrim,Switzerland Women's,94,2,0,6,29.478297101427014,14.91519431157065,2,0,2.3274060643778647,3.712202852492921,18,0,3,,,,Right Foot,Open Play,Normal,From Throw In,Left Wing,1,0,0,1,Ground Pass,,13.223085,1,1,1,439.67452924199375,0.24888732757662654,0.07895320602712826,0.023059597,0
3998837,Synne Jensen,Norway Women's,96,2,0,1,17.57270610919104,25.17096003704136,1,1,1.6617394016721372,9.140804993887661,10,0,3,2.9497708186334073,14.943230892203987,1.7546518573471488,Left Foot,Open Play,Normal,From Free Kick,Left Wing,1,0,0,1,,,,0,0,0,442.3218832171202,0.36314884217511506,0.09456365976569761,0.12420881,0
4020846,Alessia Russo,England Women's,2,1,0,5,17.269916039170543,14.157976527345722,0,1,2.8655229735800645,8.606732381917485,7,0,2,4.883223257819395,12.390345890676356,4.265020517360547,Right Foot,Open Play,Normal,From Keeper,Center Forward,1,0,0,1,High Pass,,51.276215,1,1,1,244.50706591180796,0.6079069537439782,0.16592570381237898,0.064152695,0
4020846,Esther Gonzalez Rodríguez,Spain Women's,8,1,0,4,10.0184829190851,23.56557796272858,0,1,1.7864126307601165,17.19246995543153,10,0,3,8.502270676148347,1.7864126307601165,7.912544861262106,Left Foot,Open Play,Half Volley,Regular Play,Center Forward,1,0,0,1,High Pass,,30.453243,1,1,1,236.0913402979645,0.7295585952792338,0.17831169102030608,0.13043691,0
4020846,Esther Gonzalez Rodríguez,Spain Women's,10,1,0,12,13.285330255586423,31.925092089798884,1,1,2.855000446266025,17.35238372545492,14,1,2,3.3822423902075753,9.990721077705183,1.7471861283725403,Left Foot,Open Play,Normal,From Corner,Center Forward,1,0,0,1,Ground Pass,,16.992058,1,1,1,424.1353918529879,0.5435343358335865,0.21489871846170402,0.102304906,0
4020846,Athenea del Castillo Belvide,Spain Women's,12,1,0,10,16.807438829280326,26.35050965069576,1,1,1.6793101740951222,21.452720384776754,16,0,4,2.67101553990625,14.14762024118928,0.28670313920599,Left Foot,Open Play,Normal,From Free Kick,Right Wing,1,0,0,1,Ground Pass,,7.962412,1,1,1,442.88457907442984,0.8141292395917783,0.09991469795919097,0.06726146,0
4020846,Georgia Stanway,England Women's,13,1,0,14,22.622113075484343,20.03653813987592,1,1,2.9766065072544623,9.899576214738746,17,0,1,1.8848183427380614,20.737769057134713,0.042854713638455166,Right Foot,Open Play,Normal,Regular Play,Left Defensive Midfield,1,0,0,1,,,,0,0,0,453.26883144152777,0.4940761795091241,0.13157950794968928,0.059948444,0
4020846,Lauren Hemp,England Women's,18,1,0,0,10.444615837837214,24.487993146276057,1,1,4.314117032365811,21.15900654970465,11,0,1,6.315470135467717,4.314117032365811,4.885889074975644,Left Foot,Open Play,Normal,Regular Play,Right Wing,1,0,0,1,,,,0,0,0,255.76768105244406,0.8640563733954796,0.4130469803147057,0.33025032,0
4020846,María Francesca Caldentey Oliver,Spain Women's,20,1,0,18,20.11218536111876,22.484644643708283,3,1,2.2319948845199966,0.0,15,0,2,2.922806961499062,17.19010075191345,0.16174168457349936,Right Foot,Open Play,Normal,Regular Play,Left Wing,1,0,0,1,Ground Pass,,5.866856,1,1,1,452.2153408531471,0.0,0.11097724312122388,0.05230889,0
4020846,María Francesca Caldentey Oliver,Spain Women's,24,1,0,13,6.6287253676706195,61.75051972917409,1,1,0.5960534365835564,0.0,18,0,2,3.026539688916973,6.161310131569592,2.5245040127343827,Head,Open Play,Normal,Regular Play,Left Wing,1,0,0,1,High Pass,,18.179659,1,1,1,409.32723659562134,0.0,0.08991976639892289,0.39565173,1
4020846,Keira Walsh,England Women's,25,1,-1,4,21.914607000811124,19.719079401717682,2,1,6.454108523170445,8.952623402509326,17,1,0,1.8644114405908192,20.303845045555374,1.3710249496771993,Right Foot,Open Play,Half Volley,From Kick Off,Right Defensive Midfield,1,0,0,1,,,,0,0,0,432.13587550643274,0.4540081826400823,0.2945117164515686,0.05250558,0
4020846,Athenea del Castillo Belvide,Spain Women's,38,1,1,6,21.426385602802913,15.15364137491481,1,1,2.588429767577617,5.393675359423255,12,0,1,4.418899271507098,17.024493284686166,3.3874565009645465,Right Foot,Open Play,Normal,Regular Play,Right Wing,1,0,0,1,,,,0,0,0,324.6877633855132,0.35593262543165977,0.12080571196473797,0.028371284,0
4020846,Esther Gonzalez Rodríguez,Spain Women's,40,1,1,2,8.699999999999998,38.80466831161657,1,1,1.0819094257811204,0.0,17,0,3,4.77721274869718,3.956544719156006,3.711646385663528,Head,Open Play,Normal,Regular Play,Center Forward,1,0,0,1,High Pass,,18.876705,1,1,1,337.600614311064,0.0,0.12435740526219778,0.071709156,0
4020846,Ella Toone,England Women's,42,1,-1,8,12.093386622447825,28.118130932102776,1,1,2.5048379103243645,8.533924949658195,14,0,1,4.626858938862774,7.479703842544049,3.0107523657185453,Right Foot,Open Play,Half Volley,Regular Play,Center Attacking Midfield,1,0,0,1,Ground Pass,,16.61084,1,1,1,340.04342846252814,0.3035025681566522,0.20712460359738005,0.053554766,0
4020846,Chloe Kelly,England Women's,42,1,-1,13,22.790568224596772,15.541426432114596,2,1,1.3865353396191673,4.744586030000145,15,0,3,2.994684888625991,19.80688999879883,1.728694547720437,Right Foot,Open Play,Normal,Regular Play,Left Wing,1,0,0,1,High Pass,,60.590427,1,1,1,354.1979394086593,0.30528639380205125,0.06083812066268475,0.035818726,0
4020846,Aitana Bonmati Conca,Spain Women's,49,2,1,9,15.415576538034506,21.296897628972815,1,1,1.8585906286818417,0.0,16,1,3,3.405948519591269,12.060952062510676,2.036826155759286,Right Foot,Open Play,Normal,From Throw In,Right Center Midfield,1,0,0,1,Ground Pass,,6.5551505,1,1,1,328.303955422116,0.0,0.12056575529927037,0.06397601,0
4020846,María Francesca Caldentey Oliver,Spain Women's,51,2,1,6,19.662146373170966,22.722977933561776,1,1,1.6385771103197075,12.257144337375028,17,0,2,2.8924529120597233,16.788146380196913,0.7655716311478429,Right Foot,Open Play,Normal,From Throw In,Left Wing,1,0,0,1,High Pass,,29.842419,1,1,1,446.78251816402553,0.5394162848378803,0.08333663473055765,0.09936041,0
4020846,Alexia Putellas Segura,Spain Women's,54,2,1,4,20.84826131839296,19.857736634661617,1,1,2.5355537395536922,7.9750749840760164,16,0,3,4.063986758601728,16.85130840818003,2.291578827671806,Right Foot,Open Play,Normal,Regular Play,Left Center Midfield,1,0,0,1,Ground Pass,,17.229046,1,1,1,413.9992825512506,0.4016104720693872,0.12161943391014342,0.069629654,0
4020846,Alessia Russo,England Women's,56,2,-1,10,7.000714249274855,59.48216895354406,0,1,1.356598710772955,46.99064493133669,14,0,2,1.4856771988849888,5.515043104513793,0.024985828459321624,Head,Open Play,Normal,From Throw In,Center Forward,1,0,0,1,High Pass,,27.61467,1,1,1,416.4176677708503,0.7899954853367346,0.1937800433596434,0.21345341,1
4020846,Aitana Bonmati Conca,Spain Women's,60,2,0,4,20.529978080845577,18.338242881996617,2,1,3.8516753362370206,5.489299641777563,14,0,2,3.3972182454688893,17.170786863795914,1.555053344525838,Left Foot,Open Play,Half Volley,Regular Play,Right Center Midfield,1,0,0,1,,,,0,0,0,376.483724408613,0.2993361837936298,0.18761224785868744,0.04057705,0
4020846,Athenea del Castillo Belvide,Spain Women's,66,2,0,2,15.616977940690061,11.508511308528673,1,1,1.3298067588522673,0.6792374564188655,11,0,1,4.771615621399691,10.854599869787101,4.516256350155025,Right Foot,Open Play,Normal,From Counter,Right Wing,1,0,0,1,Ground Pass,,17.828068,1,1,1,179.7281672354744,0.05902044480031916,0.08515135027420725,0.019895604,0
4020846,Chloe Kelly,England Women's,68,2,0,2,18.77684744572421,18.528356617612474,1,1,1.0982501394758022,0.0,16,0,3,6.023852112485647,12.753142698801424,4.004088022881405,Left Foot,Open Play,Normal,From Goal Kick,Left Wing,1,0,0,1,Ground Pass,,27.273796,1,1,1,347.90412562888406,0.0,0.05848959164473008,0.07282392,0
4020846,Claudia Pina Medina,Spain Women's,73,2,0,6,14.717676447048293,15.384814151998444,0,1,1.9081963266184767,8.622386256161764,13,0,2,4.550093480803177,10.173100552815187,4.103002082389324,Left Foot,Open Play,Normal,From Throw In,Left Wing,1,0,0,1,Ground Pass,,9.542537,1,1,1,226.42871688708274,0.5604478657313998,0.12965336841612493,0.08416592,0
4020846,Salma Paralluelo Ayingono,Spain Women's,89,2,0,3,20.32953516438583,15.207882733384631,1,1,1.5927865139791904,1.5811288325311967,12,0,2,7.257946297415832,13.082429165170787,5.632632335185306,Left Foot,Open Play,Normal,From Counter,Center Forward,1,0,0,1,Ground Pass,,25.66028,1,1,1,309.16918680419894,0.10396771597010496,0.07834839808681428,0.028666293,0
4020846,Aitana Bonmati Conca,Spain Women's,90,2,0,2,19.15124016872014,23.538571226386004,3,1,1.7873421014008808,0.0,20,0,1,2.6301859444094347,16.798880296314227,1.2729950582470622,Right Foot,Open Play,Half Volley,From Corner,Right Center Midfield,1,0,0,1,Low Pass,,13.846299,1,1,1,450.79283078504375,0.0,0.09332774721921976,0.056714322,0
4020846,Salma Paralluelo Ayingono,Spain Women's,90,2,0,5,23.910248848558645,15.067378879715513,2,1,0.6700761345298374,0.0,15,1,4,4.53522976910785,19.387298642415633,3.054855574996978,Left Foot,Open Play,Normal,From Throw In,Center Forward,1,0,0,1,Ground Pass,,13.001538,1,1,1,360.26477850951466,0.0,0.02802464076279285,0.0127668,0
4020846,Victoria López,Spain Women's,92,2,0,17,18.816216410320113,21.093709497207726,2,1,2.9311353698598834,3.8467293210330786,16,0,2,3.3936384038110683,15.591309041837889,0.7929704608312136,Left Foot,Open Play,Normal,From Free Kick,Right Wing,1,0,0,1,Ground Pass,,6.203225,1,1,1,396.9038027958852,0.18236381427089854,0.1557770864206391,0.063361704,0
4020846,Aitana Bonmati Conca,Spain Women's,96,3,0,15,21.350644018389698,20.081359716615303,0,1,0.8603702108807809,16.025402597528483,12,0,3,4.401155571808845,16.955133280754186,1.295732020061017,Left Foot,Open Play,Normal,From Throw In,Right Center Midfield,1,0,0,1,Ground Pass,,17.70452,1,1,1,428.74996271468433,0.7980237804449605,0.04029715497760763,0.05549369,0
4020846,Claudia Pina Medina,Spain Women's,100,3,0,14,20.686710710018644,14.898862269518617,0,1,1.7475964052889856,10.82139395818753,17,0,2,3.823381886892322,16.865721818127554,2.7824192865320043,Right Foot,Open Play,Normal,Regular Play,Left Wing,1,0,0,1,High Pass,,55.184963,1,1,1,308.20845367794345,0.7263235113144764,0.08447918230144819,0.05386765,0
4020846,Salma Paralluelo Ayingono,Spain Women's,106,3,0,16,5.315072906367325,66.37062226934319,0,1,1.1913451941134703,65.6316826592929,16,0,3,5.20620566913587,1.1913451941134703,4.586676632072873,Right Foot,Open Play,Backheel,From Free Kick,Center Forward,1,0,0,1,Low Pass,,12.647924,1,1,1,352.7646962025258,0.9888664655417643,0.2241446571102098,0.4002116,0
4020846,Victoria López,Spain Women's,112,4,0,7,16.20030863903525,22.721312715581714,1,1,2.5194428988196242,15.701526500421918,15,1,2,3.478441346949228,13.047184309889891,2.9959495794664974,Left Foot,Open Play,Normal,Regular Play,Right Wing,1,0,0,1,Ground Pass,,24.137316,1,1,1,368.0922786764599,0.6910483869030243,0.15551820369328845,0.08461461,0
4020846,Victoria López,Spain Women's,116,4,0,10,8.221921916437791,39.936383146969895,1,1,1.5400091881634381,36.10715947735353,13,0,1,2.1480374086662684,7.640111634376797,0.6631352013661029,Head,Open Play,Normal,From Free Kick,Right Wing,1,0,0,1,High Pass,,32.867157,1,1,1,328.35382385932866,0.9041169137544469,0.18730525585320307,0.10162451,0
4020077,Klara Bühl,Germany Women's,7,1,0,1,17.472549899771355,18.35826678961675,0,1,2.7248153680487635,10.251659466012155,7,0,2,9.00022407126676,8.488423719585402,6.278668217173021,Left Foot,Open Play,Normal,From Free Kick,Left Midfield,1,0,1,1,High Pass,,80.827286,1,1,1,320.76573255489393,0.5584219677976567,0.15594835234005658,0.20976903,0
4020077,Patricia Guijarro Gutiérrez,Spain Women's,10,1,0,8,60.00749953130858,7.135835038258282,0,0,0.7130656821117051,7.135835038258321,18,0,1,,,,Right Foot,Open Play,Lob,From Throw In,Center Defensive Midfield,1,0,1,1,Ground Pass,,18.4762,1,1,1,428.20361771377924,1.0000000000000056,0.01188294276017395,0.005040969,0
4020077,Klara Bühl,Germany Women's,15,1,0,3,20.020239758804085,21.6569914840014,1,1,1.687250331344862,13.088164291577547,14,0,2,3.1484935743043105,16.915040557876278,0.4763906256245036,Right Foot,Open Play,Normal,Regular Play,Left Midfield,1,0,1,1,Ground Pass,,39.380325,1,1,1,433.5781619640863,0.6043389868461705,0.08427722902783309,0.043281805,0
4020077,Esther Gonzalez Rodríguez,Spain Women's,20,1,0,6,12.747548783981966,34.741902356533494,1,1,2.622303995744148,24.67596103323313,15,0,3,2.669248964979952,10.374423366377613,0.8868616942412046,Right Foot,Open Play,Half Volley,Regular Play,Center Forward,1,0,1,1,,,,0,0,0,442.8740951382487,0.7102651081106564,0.20571044992110366,0.08233168,0
4020077,Irene Paredes Hernandez,Spain Women's,21,1,0,1,12.310970717209914,27.974117640224147,2,1,2.684439307800474,8.933520392742256,16,0,1,1.0668238054587085,11.261895357819272,0.5813491117322442,Head,Open Play,Normal,From Corner,Right Center Back,1,0,1,1,High Pass,Outswinging,49.229668,1,1,1,344.38854310858477,0.3193494968326256,0.21805261091619746,0.04988868,0
4020077,Patricia Guijarro Gutiérrez,Spain Women's,25,1,0,31,19.338303958723994,20.69081279852837,2,1,2.721679105904042,9.447275899856123,18,1,2,2.59783608980531,16.866138995893472,1.8609847378861346,Left Foot,Open Play,Half Volley,Regular Play,Center Defensive Midfield,1,0,1,1,,,,0,0,0,400.12522705099826,0.4565927879125202,0.1407403209564417,0.03658376,0
4020077,Alexia Putellas Segura,Spain Women's,39,1,0,1,6.2201286160335965,52.52788434378002,2,1,0.5920930102074249,0.0,16,3,5,2.8831201653491605,3.36186387563974,2.141754345776299,Head,Open Play,Normal,From Free Kick,Left Center Midfield,1,0,1,1,High Pass,,25.503922,1,1,1,326.73019654644924,0.0,0.09518983396600345,0.17278403,0
4020077,Esther Gonzalez Rodríguez,Spain Women's,40,1,0,8,8.080841540334768,40.69686716606033,2,1,0.35969642142927866,0.0,16,1,4,3.948217472039143,4.3204485832582105,3.4803000729463207,Right Foot,Open Play,Normal,Regular Play,Center Forward,1,0,1,1,Ground Pass,,16.709278,1,1,1,328.86493475698643,0.0,0.044512247843728585,0.084796146,0
4020077,Irene Paredes Hernandez,Spain Women's,40,1,0,1,10.590561835898987,40.867166423508046,3,1,2.8417770623382417,6.541609502659583,16,2,3,4.390247053718978,8.363068278837131,3.782274585985604,Head,Open Play,Normal,From Corner,Right Center Back,1,0,1,1,High Pass,Outswinging,43.268463,1,1,1,432.8062530661368,0.16007005317835415,0.268331095778642,0.04396061,0
4020077,Esther Gonzalez Rodríguez,Spain Women's,40,1,0,1,4.801041553663119,79.59670727156175,0,1,0.976036824079976,53.44717045159179,15,2,6,2.4865993886901783,2.6522575822474717,0.9636311441397822,Right Foot,Open Play,Overhead Kick,From Corner,Center Forward,1,0,1,1,,,,0,0,0,382.1470991455273,0.6714746411462091,0.20329689155372452,0.3107112,0
4020077,María Francesca Caldentey Oliver,Spain Women's,44,1,0,5,16.011246047700347,26.530714916997642,1,1,2.1055804559525733,11.933164476582679,16,0,1,2.161336550365209,13.85206226361644,0.671247252863175,Left Foot,Open Play,Normal,From Throw In,Right Wing,1,0,1,1,Ground Pass,,7.7,1,1,1,424.78980435744313,0.449786766542705,0.13150634558232852,0.06915594,0
4020077,Olga  Carmona García,Spain Women's,44,1,0,6,26.850884529191962,16.6775438304677,1,1,4.561047795447431,5.42567897019279,16,0,1,1.8199860268147512,25.126150136448164,0.236730118391975,Left Foot,Open Play,Normal,Regular Play,Left Back,1,0,1,1,Ground Pass,,19.697716,1,1,1,447.80680362242606,0.32532841918129335,0.1698658303225994,0.030036984,0
4020077,Esther Gonzalez Rodríguez,Spain Women's,45,1,0,8,15.950548579907835,23.728391075952533,0,1,2.0185074818281055,16.373673744118324,7,0,2,6.637818409715158,9.35483432822084,4.242178040525317,Left Foot,Open Play,Half Volley,Regular Play,Center Forward,1,0,1,1,High Pass,Through Ball,60.435833,1,1,1,378.4808545800324,0.6900456795282751,0.1265478407664753,0.18889953,0
4020077,Giovanna Hoffmann,Germany Women's,45,2,0,1,13.209844813622901,33.47262728139758,0,1,1.6100192069525034,27.298823930427435,15,0,4,2.08907114804787,11.141950127810631,0.003651429575562304,Head,Open Play,Normal,From Free Kick,Center Forward,1,0,1,1,High Pass,,40.4219,1,1,1,442.1682118915022,0.8155566547236274,0.1218802514085662,0.054050487,0
4020077,Jule Brand,Germany Women's,48,2,0,14,15.940200751558931,23.272030598550277,1,1,0.9544370648039605,14.182654769793626,13,0,3,4.513331575079098,11.763790752348875,3.721822210895624,Left Foot,Open Play,Normal,Regular Play,Right Midfield,1,0,1,1,Ground Pass,,10.153324,1,1,1,370.9608396373136,0.6094291905355749,0.059876100663952915,0.06011534,0
4020077,Ona Batlle Pascual,Spain Women's,51,2,0,2,11.645600027478185,15.333715910375592,0,1,1.2906795855817064,15.12427239047003,12,0,2,8.235675066483067,3.7071760211792375,8.05281761751283,Right Foot,Open Play,Normal,From Free Kick,Right Back,1,0,1,1,High Pass,,30.010664,1,1,1,178.57032242721266,0.9863409808079304,0.11082980546612493,0.09381584,0
4020077,Aitana Bonmati Conca,Spain Women's,57,2,0,8,18.86080592127494,20.408229155646882,1,1,2.079517751852477,3.1201399734310806,17,0,2,3.057268205689448,16.02692790215878,0.6812547958320323,Left Foot,Open Play,Normal,From Goal Kick,Right Center Midfield,1,0,1,1,Low Pass,,18.201649,1,1,1,384.9156493015606,0.152886365085123,0.11025603892709515,0.078253016,0
4020077,Klara Bühl,Germany Women's,62,2,0,2,14.827339613025659,20.643780467801452,1,1,1.4296358852520645,0.0,11,0,3,4.532265285994415,10.569472377120864,2.4595985487161443,Right Foot,Open Play,Normal,From Counter,Left Midfield,1,0,1,1,Ground Pass,,38.929295,1,1,1,306.09234389283785,0.0,0.09641890740778236,0.08342617,0
4020077,Aitana Bonmati Conca,Spain Women's,68,2,0,4,22.04381999563596,19.498814683301546,1,1,0.8468141779270119,10.092106391328796,13,0,1,1.4776378784450852,20.590945019690245,0.7273374599253088,Right Foot,Open Play,Volley,From Throw In,Right Center Midfield,1,0,1,1,,,,0,0,0,429.82836100696267,0.5175753785675754,0.038415037779053564,0.044805977,0
4020077,Patricia Guijarro Gutiérrez,Spain Women's,74,2,0,14,27.203860020225072,15.264827185181227,1,1,4.845868311281261,10.635960047881131,17,1,1,3.680505667091123,23.554536464901886,1.1271440197680107,Right Foot,Open Play,Normal,Regular Play,Center Defensive Midfield,1,0,1,1,Ground Pass,,6.664083,1,1,1,415.2622219785964,0.6967625587144738,0.17813164410045249,0.028161207,0
4020077,Klara Bühl,Germany Women's,84,2,0,0,25.663203229526896,17.67735395356464,4,1,10.522127226304528,5.89192180417372,20,0,0,1.7287652017906885,24.34388119391927,0.9908603012254247,Right Foot,Free Kick,Normal,From Free Kick,Left Midfield,1,0,1,1,,,,0,0,0,453.6575270706101,0.3333033789814234,0.41000833497660394,0.06713743,0
4020077,Salma Paralluelo Ayingono,Spain Women's,90,2,0,8,11.963277142990547,30.607159443272003,1,1,1.5488154171634998,16.344624318577203,14,0,1,6.12149978644054,5.852662839195585,3.582727805130439,Left Foot,Open Play,Backheel,From Throw In,Center Forward,1,0,1,1,Ground Pass,,26.004807,1,1,1,366.16193097956324,0.5340131072558595,0.12946414252978938,0.051607855,0
4020077,Klara Bühl,Germany Women's,93,2,0,3,21.092415698539604,21.20517096508055,2,1,2.2838434834027805,0.0,15,1,2,2.0628860570130896,19.0479856668074,0.08153373630299399,Right Foot,Open Play,Normal,From Throw In,Left Midfield,1,0,1,1,Ground Pass,,8.34386,1,1,1,447.2682809540812,0.0,0.10827794767770053,0.040261835,0
4020077,Carlotta Wamser,Germany Women's,93,2,0,3,11.778370006074693,17.033155861429535,0,1,4.713473664503434,8.33176259013661,15,0,1,3.8773049117280345,7.909199238256532,3.632305247537545,Right Foot,Open Play,Half Volley,From Throw In,Right Back,1,0,1,1,,,,0,0,0,200.622812107057,0.4891496712598832,0.4001804716673411,0.09745167,0
4020077,Elisa Senß,Germany Women's,94,2,0,1,25.402558926218436,17.49880953376482,5,1,2.526881616219984,2.304874690337801,20,0,1,2.3171651897095966,24.548816342634268,2.2701126067763937,Right Foot,Open Play,Half Volley,From Corner,Right Center Midfield,1,0,1,1,,,,0,0,0,444.5145403201338,0.13171608536514617,0.09947350672659769,0.022884615,0
4020077,Jule Brand,Germany Women's,94,2,0,1,13.645878498652996,28.182793501733165,0,1,0.7773330520592788,21.993195403866533,19,2,5,2.709048909657811,11.113545415177933,2.1354980149510894,Head,Open Play,Normal,From Corner,Right Midfield,1,0,1,1,,,,0,0,0,384.57897587727797,0.7803767005039444,0.056964676340626255,0.051213812,0
4020077,Carlotta Wamser,Germany Women's,91,3,0,4,20.86552180032889,17.37230410132305,1,1,5.376263379944198,4.556997357593095,11,0,0,4.084412974366234,16.810250801386378,2.8542330714260515,Right Foot,Open Play,Normal,Regular Play,Right Back,1,0,1,1,Ground Pass,,25.28814,1,1,1,362.48218994809906,0.2623139297478704,0.25766254165086133,0.053367198,0
4020077,Athenea del Castillo Belvide,Spain Women's,99,3,0,5,10.811567878897119,40.57603010066718,1,1,0.5586034076687802,0.0,12,0,2,3.1729781849771497,7.775087057493792,0.6366645313211734,Right Foot,Open Play,Half Volley,Regular Play,Right Wing,1,0,1,1,Low Pass,,27.376085,1,1,1,438.69050368953594,0.0,0.05166719701765985,0.2696923,0
4020077,Cristina Martín-Prieto Gutierrez,Spain Women's,103,3,0,2,10.834205093129817,40.17600801460728,1,1,0.5034046124205068,0.0,14,0,1,5.743408136574044,5.740049859334029,1.029418467374711,Head,Open Play,Normal,From Throw In,Center Forward,1,0,1,1,High Pass,,31.083115,1,1,1,435.2751106534825,0.0,0.04646437907472562,0.056027897,0
4020077,Patricia Guijarro Gutiérrez,Spain Women's,104,3,0,1,10.804628637764468,40.354959757014306,1,1,0.6899685844602976,21.84581342470795,16,1,3,1.7665026813981854,10.048776736232476,1.3990635117030266,Head,Open Play,Normal,From Corner,Center Defensive Midfield,1,0,1,1,High Pass,Inswinging,43.098606,1,1,1,436.0203538664694,0.5413414746600215,0.06385861167395529,0.05297924,0
4020077,Elisa Senß,Germany Women's,107,4,0,1,28.595454184188082,15.663716370483279,3,1,4.3414852817466985,6.908111019216127,19,1,1,0.35081140904937796,28.27514266982522,0.08036737228172086,Right Foot,Open Play,Half Volley,From Free Kick,Left Center Midfield,1,0,1,1,,,,0,0,0,447.9110838262714,0.4410263091991233,0.15182431633302512,0.020334862,0
4020077,Aitana Bonmati Conca,Spain Women's,112,4,0,13,15.141994584598157,6.84446830331272,0,1,1.6360702433156684,6.122525648947551,16,0,1,3.969418932845436,11.330747241835159,3.5622648605311156,Right Foot,Open Play,Normal,From Goal Kick,Right Center Midfield,1,0,1,1,Ground Pass,,24.259638,1,1,1,103.63890198321494,0.8945217331175676,0.10804852915347195,0.013613528,1
4020077,Lea Schüller,Germany Women's,117,4,-1,2,27.94852411130147,16.09719757788903,1,1,4.125359906471746,9.437697788659284,16,0,1,2.2688221565852302,27.247257344516196,1.978792337591834,Right Foot,Open Play,Normal,From Free Kick,Left Center Midfield,1,0,1,1,High Pass,,34.34647,1,1,1,449.8929146300152,0.5862944616908239,0.14760564422089056,0.032885715,0
4020077,Selina Cerci,Germany Women's,117,4,-1,1,11.006361796706484,38.62257298426267,3,1,1.3431111658997787,11.778578228233153,19,2,3,2.8082276328196616,8.486359381260796,1.8124518252130741,Head,Open Play,Normal,From Corner,Center Forward,1,0,1,1,High Pass,Inswinging,44.55491,1,1,1,425.09401178449656,0.3049661718040511,0.12203043936841036,0.05454805,0
4020077,Salma Paralluelo Ayingono,Spain Women's,120,4,1,3,19.777006851391842,19.16810717151749,0,1,5.903720072068689,15.413802991822758,8,0,0,3.4513866797717974,17.092478656172517,0.07150935810253145,Left Foot,Open Play,Normal,From Counter,Left Wing,1,0,1,1,,,,0,0,0,379.0877868593145,0.8041379805475329,0.29851433619001877,0.101391226,0
4020005,Lauren James,England Women's,10,1,0,4,13.164345787011213,33.67325291765459,1,1,3.6104049636430204,17.388964247447834,16,1,2,1.5408897145873661,12.557509398073998,1.3070334691489336,Right Foot,Open Play,Half Volley,Regular Play,Right Wing,1,0,0,1,,,,0,0,0,443.2863451814892,0.5164028640170655,0.2742563149021258,0.13763943,0
4020005,Alessia Russo,England Women's,19,1,0,21,11.515641536623134,38.271837925960405,2,1,1.17000074283361,0.0,15,0,3,3.563417254383405,7.956553322664479,0.33126362359821115,Right Foot,Open Play,Normal,From Throw In,Center Forward,1,0,0,1,,,,0,0,0,440.72476650309824,0.0,0.10160100408758495,0.123430714,0
4020005,Sofia Cantore,Italy Women's,20,1,0,15,25.374790639530406,16.869541845043628,1,1,3.4525521109724595,6.422957449907633,11,1,1,9.166922231432359,16.798735613659233,5.5091995819387165,Right Foot,Open Play,Lob,From Goal Kick,Right Attacking Midfield,1,0,0,1,High Pass,,19.276152,1,1,1,428.06109250277956,0.3807428505709381,0.13606228953841543,0.045431316,0
4020005,Lauren Hemp,England Women's,22,1,0,13,12.473972903610145,28.31054489618842,0,1,0.804385657744678,20.844938928292944,17,0,1,3.3968468014161837,9.216076767003596,1.5437717834142788,Head,Open Play,Normal,From Throw In,Left Wing,1,0,0,1,High Pass,,37.12964,1,1,1,353.1449699214929,0.7362959280624582,0.06448512145732474,0.059988502,0
4020005,Cristiana Girelli,Italy Women's,32,1,0,4,6.5299310869258,60.1382320746625,1,1,0.6507191977338788,26.074667714390582,13,0,2,1.97261294335276,4.828965598442682,1.5765696202426511,Left Foot,Open Play,Volley,From Throw In,Center Forward,1,0,0,1,Low Pass,,15.970284,1,1,1,392.6985111370969,0.43357888675574136,0.09965177106336481,0.41662762,0
4020005,Barbara Bonansea,Italy Women's,32,1,0,4,8.86171540955813,36.57703417042191,1,1,2.904789063050476,5.815617937432175,14,0,2,4.312705853683301,4.733530979423856,3.7818077133510855,Left Foot,Open Play,Volley,From Throw In,Left Attacking Midfield,1,0,0,1,,,,0,0,0,324.1352673439621,0.158996432306012,0.3277908315490936,0.09690126,1
4020005,Lauren James,England Women's,37,1,-1,3,15.643848631331105,27.99650461255945,1,1,2.494029786026933,8.123480883669606,11,0,2,4.493974378708283,11.199727562236909,1.603077773701358,Right Foot,Open Play,Half Volley,Regular Play,Right Wing,1,0,0,1,High Pass,,26.85554,1,1,1,437.9730803652431,0.29016053954197374,0.159425589239719,0.091876104,0
4020005,Arianna Caruso,Italy Women's,43,1,1,1,34.24675167077894,12.478034609492722,2,1,2.7815453620403336,3.983129912503549,18,0,1,1.8216770455951259,32.80046464159904,1.5343049287688686,Right Foot,Open Play,Normal,From Free Kick,Right Defensive Midfield,1,0,0,1,Ground Pass,,15.493547,1,1,1,427.33215261068233,0.319211321106079,0.08122070638348129,0.008236191,0
4020005,Alex Greenwood,England Women's,48,2,-1,7,23.521266972678156,16.112871389273717,2,1,4.0374798412400175,0.0,15,0,1,3.1430327600899415,20.378292340405334,1.762511120781383,Left Foot,Open Play,Half Volley,Regular Play,Left Back,1,0,0,1,,,,0,0,0,378.99514964353466,0.0,0.17165231132871692,0.020626368,0
4020005,Lauren Hemp,England Women's,50,2,-1,13,8.237718130647588,34.7674778052554,0,1,3.2216179098972773,16.031571613139448,9,0,2,4.561514239872409,3.6860895825155717,3.926710578324986,Head,Open Play,Normal,From Throw In,Left Wing,1,0,0,1,High Pass,,36.357254,1,1,1,286.40468227324004,0.4611082720161006,0.3910813478688446,0.15246725,0
4020005,Keira Walsh,England Women's,51,2,-1,7,19.57396229688818,23.020931505600263,1,1,2.7355324355137296,13.40227139261087,12,0,3,2.44280526668544,17.20965440073358,0.7799126216981733,Left Foot,Open Play,Normal,Regular Play,Right Defensive Midfield,1,0,0,1,Ground Pass,,16.985289,1,1,1,450.6108453298648,0.5821776320975771,0.13975363771639726,0.05683132,0
4020005,Lauren Hemp,England Women's,51,2,-1,9,13.480726983364066,27.316477698532868,0,1,1.0044584395176417,18.472847877365933,17,0,2,5.703943281312354,7.782238196124404,3.3172691453182424,Right Foot,Open Play,Normal,Regular Play,Left Wing,1,0,0,1,,,,0,0,0,368.2459780010748,0.6762529225485789,0.0745107026317792,0.242595,0
4020005,Sofia Cantore,Italy Women's,52,2,1,5,21.146394491733098,13.661371540111904,0,1,2.806766452163544,9.48812034158598,7,0,2,4.683404810069738,16.47879143759276,3.8770314961490158,Right Foot,Open Play,Normal,From Keeper,Right Center Forward,1,0,0,1,Ground Pass,Through Ball,26.895538,1,1,1,288.88875188534166,0.6945217992005698,0.1327302606248461,0.045035295,0
4020005,Keira Walsh,England Women's,55,2,-1,21,29.02447243275923,14.075061740790009,0,0,1.647241969558568,14.07506174078998,18,0,1,,,,Right Foot,Open Play,Normal,From Throw In,Right Defensive Midfield,1,0,0,1,Ground Pass,,18.300274,1,1,1,408.52124148494374,0.999999999999998,0.0567535542075647,0.027188806,0
4020005,Georgia Stanway,England Women's,56,2,-1,7,16.244383644817063,27.602081683827453,2,1,4.41255300748877,8.276151896586779,17,2,2,2.603671732992862,13.667438709559857,0.5310346022190089,Right Foot,Open Play,Normal,From Throw In,Left Defensive Midfield,1,0,0,1,Ground Pass,,4.6389656,1,1,1,448.3788042676713,0.299837961186671,0.2716356067407113,0.12356619,0
4020005,Alex Greenwood,England Women's,59,2,-1,15,7.017834423809103,54.83725148520815,0,1,0.6405661084432176,41.21856126132242,14,0,4,2.1429859456417497,5.060475962013558,1.710395414764136,Head,Open Play,Normal,Regular Play,Left Back,1,0,0,1,High Pass,,33.16052,1,1,1,384.8387511799706,0.7516525745722459,0.0912768910976293,0.18203786,0
4020005,Ella Toone,England Women's,69,2,-1,1,23.20538730553748,19.556163182755753,1,1,1.9962851367742425,8.34224949703359,15,0,3,1.7429732538770717,21.507868971513485,0.4172646373954194,Right Foot,Open Play,Half Volley,From Counter,Center Attacking Midfield,1,0,0,1,Ground Pass,,9.982485,1,1,1,453.8083408661398,0.42657904922728523,0.08602679672999342,0.041064415,0
4020005,Georgia Stanway,England Women's,72,2,-1,1,26.596240335806865,16.744244094025248,2,1,2.6779283428103735,10.771073294631254,15,0,1,1.1754216307588448,25.46240223306456,0.535519222607725,Right Foot,Open Play,Normal,Regular Play,Left Defensive Midfield,1,0,0,1,Ground Pass,,9.912619,1,1,1,445.33394016611015,0.6432702028319471,0.10068822920076578,0.03349057,0
4020005,Arianna Caruso,Italy Women's,76,2,1,2,46.56618945114577,8.372898092047995,0,0,2.374018650897114,8.37289809204807,12,0,1,16.33926958135155,30.69856760031874,5.746757835119105,Right Foot,Open Play,Lob,From Goal Kick,Right Center Midfield,1,0,0,1,High Pass,,26.322994,1,1,1,389.89395880944386,1.0000000000000089,0.05098159585052113,0.012809928,0
4020005,Martina Piemonte,Italy Women's,77,2,1,6,9.364827814754522,46.058733723202785,1,1,0.5996220171471214,0.0,14,1,2,3.573330135517324,6.315389447629245,1.8878244434608789,Head,Open Play,Normal,From Throw In,Left Center Forward,1,0,0,1,High Pass,,17.801685,1,1,1,431.33211068342155,0.0,0.06402915558173977,0.12254368,0
4020005,Chloe Kelly,England Women's,78,2,-1,5,22.273975846265074,14.659826947147508,1,1,1.364534087386741,10.157304972109076,17,1,2,3.1211893992049635,19.159447888114467,2.076711125250725,Left Foot,Open Play,Normal,From Throw In,Right Wing,1,0,0,1,Ground Pass,,10.860019,1,1,1,326.53263133118946,0.6928666353790399,0.06126136154608194,0.03181569,0
4020005,Lucy Bronze,England Women's,79,2,-1,1,11.462111498323509,24.917314988200737,2,1,3.834419153134493,17.49181665310492,19,1,2,3.566914638632352,8.034221100927223,2.3337441880732968,Head,Open Play,Normal,From Corner,Right Back,1,0,0,1,High Pass,Inswinging,49.654102,1,1,1,285.60504263360434,0.7019944428758852,0.33452991219770717,0.045580313,0
4020005,Michela Cambiaghi,Italy Women's,85,2,1,1,10.625441167311598,35.68841173700885,2,1,1.0654889438676645,0.0,18,1,2,3.350812437235206,7.306687765396492,2.224910364890647,Right Foot,Open Play,Half Volley,From Corner,Right Center Forward,1,0,0,1,High Pass,Outswinging,34.998573,1,1,1,379.2051192663802,0.0,0.10027714869341747,0.0775313,0
4020005,Emma Severini,Italy Women's,85,2,1,1,3.9012818406262375,91.43209618416456,2,1,1.611000423547825,46.53004880285221,18,0,4,2.881439157612306,1.611000423547825,0.9839729786683407,Left Foot,Open Play,Half Volley,From Corner,Left Center Midfield,1,0,0,1,,,,0,0,0,356.7023764936727,0.5089027895535758,0.41294130733431594,0.32903278,0
4020005,Elisabetta Oliviero,Italy Women's,91,2,1,1,36.36371818172614,10.206624699178155,1,1,2.113552357081363,5.084689003455424,9,0,2,5.842699727963106,30.538590681585106,3.0942579990252312,Right Foot,Open Play,Normal,From Counter,Right Wing Back,1,0,0,1,Ground Pass,,16.521803,1,1,1,371.1508241475598,0.4981753668149322,0.05812255904412675,0.008095162,0
4020005,Michelle Agyemang,England Women's,95,2,-1,8,11.119802156513394,31.666856100150763,2,1,2.717076039703874,8.05535798882342,13,0,2,5.860255402675105,5.299295602261736,4.238081810577846,Right Foot,Open Play,Normal,From Free Kick,Left Center Forward,1,0,0,1,,,,0,0,0,352.1291747524558,0.25437820424443935,0.24434571779789752,0.09691288,1
4020005,Agnes Beever-Jones,England Women's,98,2,0,8,13.035720156554447,29.305240206030962,0,1,1.0740803657108624,22.833234685137246,14,0,2,2.423195984007397,10.62908583414452,1.1378619593749022,Head,Open Play,Normal,From Free Kick,Right Center Forward,1,0,0,1,High Pass,,34.171627,1,1,1,382.0149104464276,0.7791519374899445,0.08239516902875578,0.05472218,0
4020005,Giada Greggi,Italy Women's,96,3,0,16,28.00160709673643,14.762470867811892,2,1,1.6112630393595422,2.4624658317457775,16,0,1,3.141024057303553,24.86608577178545,1.1857491761403622,Right Foot,Open Play,Normal,From Free Kick,Left Center Midfield,1,0,0,1,Ground Pass,,14.785128,1,1,1,413.3729090174863,0.16680580465123496,0.05754180586111195,0.021866526,0
4020005,Chloe Kelly,England Women's,97,3,0,15,19.523319389898845,18.643692820920787,0,1,1.3779937491056529,14.002405902060847,18,0,5,4.808789580234692,14.81781642896751,3.5886433664180615,Left Foot,Open Play,Normal,From Keeper,Right Midfield,1,0,0,1,Ground Pass,,17.323395,1,1,1,363.9867695500007,0.7510532401793395,0.0705819395557608,0.082567,0
4020005,Lucy Bronze,England Women's,108,4,0,1,14.142135623730955,28.33045808554009,2,1,0.38594233193858996,0.0,20,0,5,4.058459620953753,10.169830837157788,2.539881867155813,Head,Open Play,Normal,From Corner,Right Back,1,0,0,1,High Pass,Straight,48.414875,1,1,1,400.6531805281332,0.0,0.027290244006072634,0.020905986,0
4020005,Alex Greenwood,England Women's,114,4,0,1,13.121737689803133,33.045267742451514,2,1,0.8800285872247754,0.0,20,1,4,3.0430351179404296,10.160982635702604,1.347671002345571,Head,Open Play,Normal,From Corner,Left Center Back,1,0,0,1,High Pass,Straight,45.12405,1,1,1,433.61133520576175,0.0,0.06706646695952802,0.037192676,0
4020005,Michelle Agyemang,England Women's,116,4,0,1,15.890248582070704,14.59917515251203,1,1,1.5233825904938276,8.50761480546098,6,0,1,3.59659972930871,12.301554656575217,3.039160560190737,Right Foot,Open Play,Lob,From Keeper,Center Forward,1,0,0,1,High Pass,,88.23361,1,1,1,231.98452226660615,0.5827462659078451,0.09586902197443857,0.045986976,0
4020005,Chloe Kelly,England Women's,118,4,0,0,11.900420160649796,37.156345075648375,0,1,9.907429184932484,30.969048933292072,14,0,0,0.7920736795257235,11.11767613826791,0.11057011354937174,Right Foot,Penalty,Normal,Other,Right Midfield,1,0,0,1,,,,0,0,0,442.1761180343067,0.833479419739501,0.8325276797950898,0.7835,0
4020005,Chloe Kelly,England Women's,118,4,0,0,6.226556030423245,62.20703275444849,0,1,1.4764786075512655,56.78440882047999,16,1,2,5.583254804318589,1.4764786075512655,3.7935480574536555,Left Foot,Open Play,Half Volley,Other,Right Midfield,1,0,0,1,,,,0,0,0,387.3355749319476,0.9128294070001157,0.237126045335033,0.5417955,1
4018357,Jule Brand,Germany Women's,8,1,0,2,19.752468200202223,22.10911974507585,2,1,0.415304195724674,0.0,13,0,1,3.9375913501630957,16.557529736377095,2.932900476728605,Right Foot,Open Play,Normal,From Throw In,Right Midfield,1,0,0,1,,,,0,0,0,436.7096846990738,0.0,0.02102543294920592,0.04497543,0
4018357,Onema Grace Geyoro,France Women's,14,1,0,0,11.900420160649796,37.156345075648375,0,1,9.3251219350701,30.77383504961559,17,0,0,1.1371842681397553,10.77796936484379,0.1830757170359263,Right Foot,Penalty,Normal,Other,Right Center Midfield,1,0,0,1,,,,0,0,0,442.1761180343067,0.8282255691985224,0.7835960251138665,0.7835,1
4018357,Marie-Antoinette Katoto,France Women's,20,1,1,6,8.022468448052631,52.9243938471426,1,1,0.5352131109965602,0.0,16,0,2,3.4435541152099636,5.547976363770866,2.1654647490883505,Head,Open Play,Normal,From Throw In,Center Forward,1,0,0,1,High Pass,,26.327362,1,1,1,424.58427977101235,0.0,0.06671426811612796,0.13044341,0
4018357,Kadidiatou Diani,France Women's,23,1,1,3,24.383601046605076,14.274602070016806,1,1,1.2606199325716894,1.7820050739364584,14,0,2,4.3217956142581695,20.080598563813272,2.550033099928953,Right Foot,Open Play,Normal,From Throw In,Left Wing,1,0,0,1,Ground Pass,,21.949488,1,1,1,348.0662019743328,0.12483746063082796,0.05169949796021639,0.029138802,0
4018357,Sjoeke Nüsken,Germany Women's,24,1,-1,1,8.969392398596462,29.725730038521778,4,1,2.227121331990728,11.274122002375218,18,0,2,2.101636667209044,6.938882644584109,1.5128042874479846,Head,Open Play,Normal,From Corner,Left Defensive Midfield,1,0,0,1,High Pass,Inswinging,32.526913,1,1,1,266.62173705024776,0.37927149266864113,0.2483023635290201,0.08840973,1
4018357,Delphine Cascarino,France Women's,27,1,0,0,28.85064990602465,8.032213363139794,2,1,11.218661714673134,5.85507747000485,19,0,0,1.8120664006335843,27.81263437583639,0.20496742571445736,Right Foot,Free Kick,Normal,From Free Kick,Right Wing,1,0,0,1,,,,0,0,0,231.73457571043903,0.7289494446044071,0.38885299815483293,0.008510993,0
4018357,Delphine Cascarino,France Women's,55,2,0,1,23.773935307390744,18.82216097122344,1,1,1.3480754360454557,14.457385145237824,12,0,2,2.6988361710785114,21.327585323413498,1.4992309376972628,Right Foot,Open Play,Normal,From Counter,Right Wing,1,0,0,1,Ground Pass,,37.55649,1,1,1,447.47683727516096,0.7681044258064325,0.05670392463911397,0.060398906,0
4018357,Marie-Antoinette Katoto,France Women's,56,2,0,4,6.612866246946178,60.79164125105399,1,1,1.7559435419898073,36.980333581628386,15,1,2,0.9977817697261048,6.275421584777067,0.7147751064267922,Head,Open Play,Normal,From Corner,Center Forward,1,0,0,1,High Pass,,24.19194,1,1,1,402.0069925255558,0.6083128012436616,0.26553441071043926,0.31555992,0
4018357,Kadidiatou Diani,France Women's,61,2,0,5,17.67766952966368,23.480191451884597,2,1,2.371093922970129,5.54829522440032,15,0,3,2.6102804647891413,15.19251097640145,1.707649988586617,Right Foot,Open Play,Normal,From Throw In,Left Wing,1,0,0,1,Ground Pass,,7.6609397,1,1,1,415.07506497965,0.23629684773950155,0.13412932734099137,0.068140954,0
4018357,Kadidiatou Diani,France Women's,61,2,0,8,13.37011593068661,20.483483778609234,2,1,3.429351994404526,8.056596643071837,12,0,1,3.035306941987158,10.3471402506852,2.6260613900918344,Left Foot,Open Play,Half Volley,From Throw In,Left Wing,1,0,0,1,High Pass,,27.164867,1,1,1,273.8665527843441,0.3933216014497147,0.25649381143611477,0.061028253,0
4018357,Sjoeke Nüsken,Germany Women's,68,2,0,0,11.900420160649796,37.156345075648375,0,1,9.346824651571099,30.737502766017307,13,0,0,1.3167124876838414,10.71702658938599,0.5376143719695747,Right Foot,Penalty,Normal,Other,Left Defensive Midfield,1,0,0,1,,,,0,0,0,442.1761180343067,0.8272477474153435,0.7854197184127604,0.7835,0
4018357,Klara Bühl,Germany Women's,69,2,0,3,16.890825912311097,15.443975556336113,2,1,2.6226048025885573,1.4360152284587522,18,1,4,4.759527921517267,12.140626211940564,3.8285058464062587,Left Foot,Open Play,Normal,From Throw In,Left Midfield,1,0,0,1,,,,0,0,0,260.8615025160612,0.09298222619043231,0.15526800265444912,0.046486195,0
4018357,Jule Brand,Germany Women's,70,2,0,5,20.497804760510327,21.204518230287192,1,1,1.8688119776352525,2.916881848577846,18,0,2,3.037424325906614,17.478758012300187,1.1790820492313614,Right Foot,Open Play,Normal,From Throw In,Right Midfield,1,0,0,1,Ground Pass,,14.060227,1,1,1,434.6460747251088,0.13755944921264734,0.09117132295237675,0.04338335,0
4018357,Klara Bühl,Germany Women's,70,2,0,6,20.884922791334425,19.597656148517782,0,1,3.3081006216200435,15.61767835629637,16,0,2,3.6455577134889983,17.27867946857373,2.0437037107255733,Right Foot,Open Play,Normal,From Throw In,Left Midfield,1,0,0,1,,,,0,0,0,409.29553555291426,0.7969156228653176,0.1583965933066624,0.09814468,0
4018357,Onema Grace Geyoro,France Women's,76,2,0,2,21.965882636488796,13.96397335046044,1,1,1.340835611155416,1.6324368363617903,18,1,4,5.198669930184759,16.770101822583875,3.803449593428894,Right Foot,Open Play,Normal,From Throw In,Left Center Midfield,1,0,0,1,Ground Pass,,6.428841,1,1,1,306.7309997552713,0.11690346260278155,0.0610417361025173,0.034541696,0
4018357,Sakina Karchaoui,France Women's,85,2,0,9,26.43047483493249,15.46153296089115,1,1,2.4168935024969436,5.733766541830163,16,0,1,2.284958709812828,24.21290761640495,0.5302751530485139,Left Foot,Open Play,Normal,From Free Kick,Right Center Midfield,1,0,0,1,Ground Pass,,12.466354,1,1,1,408.6556578323128,0.3708407540399337,0.09144343859091765,0.028069349,0
4018357,Elisa De Almeida,France Women's,88,2,0,1,19.654007224991037,19.94930575884628,4,1,5.323331985821677,3.292555298696739,15,0,0,1.1032242935642131,18.84151872705145,0.19546962068065454,Right Foot,Open Play,Volley,From Corner,Right Back,1,0,0,1,High Pass,Straight,52.841743,1,1,1,392.08379951792006,0.16504610929814914,0.27085224528933716,0.044335194,0
4018357,Selma Bacha,France Women's,92,2,0,8,33.83208536286228,12.972999144236883,1,0,4.930983127481491,5.297685407285013,14,0,1,,,,Left Foot,Open Play,Normal,From Throw In,Left Back,1,0,0,1,Low Pass,,21.637468,1,1,1,438.9036144601616,0.4083624263274891,0.1457487197314259,0.016613046,0
4018357,Jule Brand,Germany Women's,94,2,0,2,23.482972554597936,17.263501866469642,1,1,2.0370362056723414,7.221405951577113,15,1,3,3.015359562233764,20.483894568423363,1.1341723530471413,Left Foot,Open Play,Normal,From Free Kick,Right Midfield,1,0,0,1,,,,0,0,0,405.39834052655686,0.41830481483035736,0.0867452449188973,0.03926183,0
4018357,Sandy Baltimore,France Women's,95,2,0,10,25.31600284405103,17.94671486644325,1,1,1.4826030221785675,5.432065726955829,17,0,2,5.110070202353415,20.255372011651374,0.45354466485005673,Left Foot,Open Play,Normal,From Goal Kick,Left Wing,1,0,0,1,,,,0,0,0,454.33908460025026,0.3026774408230388,0.05856386694659272,0.03298015,0
4018357,Sandy Baltimore,France Women's,102,3,0,12,22.96867431960321,18.98555654541871,0,1,1.9557767778786006,15.501142156052092,15,0,2,4.077454484880291,19.735176136091127,1.233904399546617,Left Foot,Open Play,Normal,From Free Kick,Right Wing,1,0,0,1,,,,0,0,0,436.07306506813336,0.816470253003596,0.08514974572169332,0.03571369,0
4018357,Maëlle Lakrar,France Women's,104,3,0,1,5.557877292636101,23.258936042146356,0,1,1.1119150546020045,13.580916510749173,16,0,2,3.5101082629049594,2.102525885098672,3.398872044768723,Other,Open Play,Normal,From Free Kick,Left Center Back,1,0,0,1,High Pass,,42.007618,1,1,1,129.2703124795206,0.583901021359699,0.20006110175826197,0.12864618,0
4018357,Melvine Malard,France Women's,105,3,0,4,18.2258058806737,22.906202785800875,2,1,0.6667726704806602,0.0,14,0,2,4.779007055720664,13.478097391425939,2.335078872892069,Left Foot,Open Play,Normal,From Throw In,Left Wing,1,0,0,1,Ground Pass,,22.294842,1,1,1,417.4840054373539,0.0,0.036583988375937515,0.042539176,0
4018357,Melvine Malard,France Women's,122,4,0,3,34.727654686143154,12.287858947593955,2,1,4.335703581212101,4.887414764533269,17,0,1,2.3950110703442555,32.336060488216205,0.976057772257505,Right Foot,Open Play,Normal,Regular Play,Left Wing,1,0,0,1,Low Pass,,40.44762,1,1,1,426.7285223640773,0.39774339739554526,0.12484872993574515,0.00711156,0
4018357,Amel Majri,France Women's,121,5,-1,0,12.0,36.86989764584404,0,1,11.24317655086094,30.751732418577095,2,0,0,0.7597831149056172,11.24317655086094,0.06484998595241365,Left Foot,Penalty,Normal,Other,Right Center Midfield,1,0,0,1,,,,0,0,0,442.43877175012847,0.834060694010183,0.9369313792384116,0.7835,0
4018357,Linda Dallmann,Germany Women's,122,5,1,0,12.0,36.86989764584404,0,1,11.141966821912561,30.696103554095586,2,0,0,1.327185197522977,11.14196682191256,0.9747154942273113,Right Foot,Penalty,Normal,Other,Right Midfield,1,0,0,1,,,,0,0,0,442.43877175012847,0.8325519058650177,0.9284972351593801,0.7835,1
4018357,Sakina Karchaoui,France Women's,123,5,-2,0,12.0,36.86989764584404,0,1,11.143772044554481,30.697104639389426,2,0,0,0.9203398054613943,11.143772044554481,0.32519157586274616,Left Foot,Penalty,Normal,Other,Left Center Midfield,1,0,0,1,,,,0,0,0,442.43877175012847,0.8325790576977528,0.9286476703795401,0.7835,1
4018357,Melvine Malard,France Women's,124,5,-2,0,12.0,36.86989764584404,0,1,11.447337358659745,30.860949619609762,2,0,0,0.7198573915188046,11.447337358659745,0.45042361663027464,Right Foot,Penalty,Normal,Other,Left Wing,1,0,0,1,,,,0,0,0,442.43877175012847,0.8370229262919691,0.953944779888312,0.7835,1
4018357,Sara Däbritz,Germany Women's,125,5,1,0,12.0,36.86989764584404,0,1,11.4745473932333,30.87521189707073,2,0,0,0.642529444159139,11.4745473932333,0.3615570347422974,Left Foot,Penalty,Normal,Other,Right Defensive Midfield,1,0,0,1,,,,0,0,0,442.43877175012847,0.8374097534428868,0.9562122827694416,0.7835,0
4018357,Sandy Baltimore,France Women's,126,5,-1,0,12.0,36.86989764584404,0,1,11.149465234671341,30.700259668675876,2,0,0,0.8829277709698479,11.149465234671341,0.22840019179506754,Left Foot,Penalty,Normal,Other,Right Wing,1,0,0,1,,,,0,0,0,442.43877175012847,0.8326646296544953,0.9291221028892784,0.7835,1
4018357,Ann-Katrin Berger,Germany Women's,127,5,0,0,12.0,36.86989764584404,1,0,11.56242235615885,30.92081292843607,2,0,0,,,,Right Foot,Penalty,Normal,Other,Goalkeeper,1,0,0,1,,,,0,0,0,442.43877175012847,0.8386465627175792,0.9635351963465708,0.7835,1
4018357,Oriane Jean-François,France Women's,128,5,-1,0,12.0,36.86989764584404,0,1,11.01917198061394,30.627236602986475,2,0,0,1.6643679508499887,11.01917198061394,1.2863262918727116,Right Foot,Penalty,Normal,Other,Center Defensive Midfield,1,0,0,1,,,,0,0,0,442.43877175012847,0.8306840690792849,0.9182643317178284,0.7835,1
4018357,Klara Bühl,Germany Women's,128,5,0,0,12.0,36.86989764584404,0,1,11.726856660877207,31.004304608412646,2,0,0,0.8255258727907605,11.726856660877207,0.7696962757876733,Right Foot,Penalty,Normal,Other,Left Midfield,1,0,0,1,,,,0,0,0,442.43877175012847,0.8409110572051571,0.9772380550731006,0.7835,1
4018357,Melween Ndongala,France Women's,129,5,-1,0,12.0,36.86989764584404,0,1,11.704208770499061,30.99294461036262,2,0,0,0.5468875435716654,11.70420877049906,0.4542027950623577,Right Foot,Penalty,Normal,Other,Right Back,1,0,0,1,,,,0,0,0,442.43877175012847,0.8406029468285257,0.9753507308749217,0.7835,1
4018357,Sjoeke Nüsken,Germany Women's,130,5,0,0,12.0,36.86989764584404,0,1,11.370720508610555,30.820423304513223,2,0,0,0.786279883731551,11.370720508610555,0.45880627043074185,Right Foot,Penalty,Normal,Other,Left Defensive Midfield,1,0,0,1,,,,0,0,0,442.43877175012847,0.8359237554864025,0.9475600423842129,0.7835,1
4018357,Alice Sombath,France Women's,131,5,-1,0,12.0,36.86989764584404,0,1,11.121980665271694,30.684998493871408,2,0,0,1.2228510172566662,11.121980665271694,0.8188583472527,Right Foot,Penalty,Normal,Other,Right Center Back,1,0,0,1,,,,0,0,0,442.43877175012847,0.8322507100133002,0.9268317221059745,0.7835,0
4018356,Lia Wälti,Switzerland Women's,0,1,0,7,32.57514389837749,13.639044438711535,2,0,0.9768748944531037,0.0,16,0,2,,,,Left Foot,Open Play,Normal,From Kick Off,Right Defensive Midfield,1,0,1,1,,,,0,0,0,444.2938352273935,0.0,0.02998835239225943,0.018683188,0
4018356,Aitana Bonmati Conca,Spain Women's,6,1,0,11,11.05350623105628,36.16062063354873,0,1,5.431514213902806,25.3817962521671,16,1,0,4.677296670539233,6.388120501632546,2.4619008404199434,Right Foot,Open Play,Volley,Regular Play,Right Center Midfield,1,0,1,1,High Pass,,26.506792,1,1,1,399.7016454917932,0.701918158689418,0.49138382883815196,0.12509719,0
4018356,María Francesca Caldentey Oliver,Spain Women's,8,1,0,0,12.0,36.86989764584404,0,1,8.29380989684232,30.900370512164027,9,0,0,1.2067272468627341,11.522862925264453,1.08492508191339,Right Foot,Penalty,Normal,Other,Right Wing,1,0,1,1,,,,0,0,0,442.43877175012847,0.8380921153885303,0.6911508247368601,0.7835,0
4018356,Ana-Maria Crnogorčević,Switzerland Women's,13,1,0,6,27.877589565814333,12.10154260673473,3,1,5.187901536771626,3.574242216891749,16,0,0,2.5746092911695677,25.55203305502648,2.373684722205226,Right Foot,Open Play,Normal,From Free Kick,Right Back,1,0,1,1,,,,0,0,0,337.3618379037657,0.2953542645796758,0.186095771462732,0.009650117,0
4018356,Esther Gonzalez Rodríguez,Spain Women's,16,1,0,19,12.924782396620838,31.565155823174283,0,0,1.176590250232269,31.56515582317428,15,0,2,4.643356970483355,10.31473677171423,1.6335468910847197,Head,Open Play,Normal,Regular Play,Center Forward,1,0,1,1,High Pass,,30.495409,1,1,1,407.9727703299567,0.9999999999999999,0.09103366030672101,0.056352567,0
4018356,Claudia Pina Medina,Spain Women's,17,1,0,0,31.144341380096638,11.65635738659635,2,1,9.071845008958864,2.8778234458950434,20,0,0,2.0395131767146437,31.05816208200119,1.512689157100425,Right Foot,Free Kick,Normal,From Free Kick,Left Wing,1,0,1,1,,,,0,0,0,363.0295736965678,0.24688874495254012,0.29128389321972925,0.009983052,0
4018356,Irene Paredes Hernandez,Spain Women's,18,1,0,1,9.08019823572151,33.02841339675136,3,1,4.040334480193372,5.6659386526498,18,1,2,2.929008810156461,6.251836753354066,2.674662647474541,Head,Open Play,Normal,From Free Kick,Right Center Back,1,0,1,1,High Pass,,24.820152,1,1,1,299.9045410538624,0.17154740630705242,0.4449610432841314,0.07984554,0
4018356,Claudia Pina Medina,Spain Women's,23,1,0,7,23.086792761230388,16.22019369560277,0,1,2.84823986101462,12.779645553453046,15,0,1,3.143644041720864,19.986718312463132,2.1979123047017595,Right Foot,Open Play,Normal,From Throw In,Left Wing,1,0,1,1,,,,0,0,0,374.4722503973968,0.7878848917147985,0.12337096323737372,0.051490404,0
4018356,Claudia Pina Medina,Spain Women's,27,1,0,30,15.930473941474563,27.84388156067078,2,1,0.4724118213760408,0.0,16,3,5,3.0978795851877283,12.847983250812963,0.2500110751111535,Right Foot,Open Play,Normal,Regular Play,Left Wing,1,0,1,1,Ground Pass,,4.5177426,1,1,1,443.56622963176994,0.0,0.029654599298902795,0.08511865,0
4018356,Aitana Bonmati Conca,Spain Women's,28,1,0,1,26.574611944485657,16.831438684969957,1,1,1.2996825120120823,5.080977817696587,13,0,1,4.033561979563549,22.728017542269605,1.8310961096928935,Right Foot,Open Play,Normal,From Counter,Right Center Midfield,1,0,1,1,Low Pass,,13.329666,1,1,1,447.28895152048057,0.3018742433606564,0.04890692344735336,0.036224533,0
4018356,Aitana Bonmati Conca,Spain Women's,30,1,0,15,18.180484041961037,24.358117544947326,2,1,0.6009415755553694,0.0,18,0,1,3.267985370871014,14.97174918422114,1.205467852361302,Right Foot,Open Play,Normal,From Throw In,Right Center Midfield,1,0,1,1,Ground Pass,,8.547514,1,1,1,442.84236731812604,0.0,0.033054212097344625,0.09009882,0
4018356,Esther Gonzalez Rodríguez,Spain Women's,35,1,0,3,6.228964600958973,58.21908490701659,1,1,0.8474396761121419,30.35526171727227,13,0,3,3.3318453021511902,2.90180379289719,2.1560867606167804,Head,Open Play,Normal,From Throw In,Center Forward,1,0,1,1,High Pass,,21.630072,1,1,1,362.6446189860311,0.5213970945395922,0.13604824082347095,0.23181897,0
4018356,Irene Paredes Hernandez,Spain Women's,42,1,0,1,9.985990186255947,38.75316178372259,4,1,3.701013920788098,11.512406111842495,18,2,3,1.065340043720329,9.005912823299884,0.8682260341616939,Head,Open Play,Normal,From Corner,Right Center Back,1,0,1,1,High Pass,Inswinging,46.072227,1,1,1,386.9886932586428,0.2970701120102677,0.37062062467094425,0.057051633,0
4018356,Patricia Guijarro Gutiérrez,Spain Women's,45,2,0,13,17.917868176767016,25.14682730353593,2,1,3.6575873009322435,16.322484307935373,17,2,2,2.015934411023578,16.041586235309016,0.7811842381908818,Left Foot,Open Play,Half Volley,From Kick Off,Center Defensive Midfield,1,0,1,1,,,,0,0,0,450.5775366886823,0.649087223247453,0.2041307182779037,0.05318782,0
4018356,Claudia Pina Medina,Spain Women's,56,2,0,4,19.319679086361656,21.17655602670662,1,1,1.3273164362577132,15.358607050205478,20,0,1,2.105617622074402,17.39336433240499,0.14358885862755244,Left Foot,Open Play,Normal,Regular Play,Right Wing,1,0,1,1,Ground Pass,,9.861542,1,1,1,409.1242665903298,0.7252646289999238,0.06870282007917543,0.075712726,0
4018356,Esther Gonzalez Rodríguez,Spain Women's,58,2,0,5,11.417968295629485,37.32326330944233,0,1,0.9109762769603262,34.005005804382776,16,1,2,4.389540764310022,8.196212953364832,1.3072877290036473,Head,Open Play,Normal,Regular Play,Center Forward,1,0,1,1,High Pass,,27.706497,1,1,1,426.15583715664377,0.9110941217130905,0.07978444617936321,0.06692457,0
4018356,Patricia Guijarro Gutiérrez,Spain Women's,60,2,0,1,15.13472827638475,22.258028278817093,2,1,1.4171259506798994,12.80209677286455,18,0,2,4.047892192700129,11.089833666244006,2.7107588132073914,Head,Open Play,Normal,From Corner,Center Defensive Midfield,1,0,1,1,High Pass,Outswinging,51.662945,1,1,1,336.8692099679845,0.575167603010383,0.09363405307322833,0.03348607,0
4018356,Esther Gonzalez Rodríguez,Spain Women's,60,2,0,1,3.982461550347971,90.32344048085159,1,1,1.5339214667403793,40.96886338875576,19,2,4,1.8434268889985859,2.19670972632585,1.4012106417827894,Right Foot,Open Play,Half Volley,From Corner,Center Forward,1,0,1,1,,,,0,0,0,359.7096288101349,0.453579526761285,0.3851691842715598,0.39543322,0
4018356,Irene Paredes Hernandez,Spain Women's,60,2,0,1,7.088018058667737,57.813205959037454,2,1,0.7392743994811296,20.0697530208288,19,1,5,2.4509620126383385,5.89996940580377,2.277145934915886,Right Foot,Open Play,Half Volley,From Corner,Right Center Back,1,0,1,1,,,,0,0,0,409.7810478671347,0.3471482455937295,0.10429916986132559,0.20833245,0
4018356,Athenea del Castillo Belvide,Spain Women's,65,2,0,9,14.671059948074644,27.56381767433265,0,1,1.89124062253743,20.62101491883391,16,2,4,4.762307005324365,9.909113147191963,2.249858508569396,Right Foot,Open Play,Normal,Regular Play,Right Wing,1,0,1,1,Low Pass,,4.2426405,1,1,1,404.39042149793374,0.7481189711262726,0.12890961043245053,0.2751694,1
4018356,Claudia Pina Medina,Spain Women's,68,2,1,17,16.32482771731451,24.847620959660503,1,1,1.6201015366289666,15.061221117509055,15,1,4,2.486174542612835,14.16279469795646,0.00018342264534254582,Right Foot,Open Play,Normal,From Keeper,Left Wing,1,0,1,1,,,,0,0,0,405.63313135159075,0.6061433866027083,0.09924157024399391,0.06471921,0
4018356,Claudia Pina Medina,Spain Women's,70,2,1,21,22.2,19.4083515027449,1,1,3.112186385773047,10.427937884126534,15,0,1,2.644449296851862,19.555569694167893,0.8487560386228381,Right Foot,Open Play,Normal,From Free Kick,Left Wing,1,0,1,1,,,,0,0,0,430.86540336093674,0.537291272916802,0.14018857593572284,0.049007278,1
4018356,Leila Wandeler,Switzerland Women's,76,2,-2,16,32.931747600150224,12.045310498261234,2,0,3.333821231524027,1.4938388193585916,17,1,1,,,,Right Foot,Open Play,Normal,Regular Play,Left Midfield,1,0,1,1,Ground Pass,,7.28011,1,1,1,396.6731250941787,0.12401829073432606,0.10123426403003341,0.0070814053,0
4018356,Alexia Putellas Segura,Spain Women's,87,2,2,0,11.900420160649796,37.156345075648375,0,1,10.0339541139018,30.956405500122642,11,0,0,0.907360076936605,11.095026106593085,0.39660328271170897,Left Foot,Penalty,Normal,Other,Left Center Midfield,1,0,1,1,,,,0,0,0,442.1761180343067,0.8331391431825983,0.8431596513777139,0.7835,0
4018356,Athenea del Castillo Belvide,Spain Women's,93,2,2,14,26.755186413105026,14.608075467704584,1,1,5.892597535403344,5.818619777982101,17,0,0,3.2079205276321856,23.555983734589454,1.863545938300227,Right Foot,Open Play,Normal,Regular Play,Left Wing,1,0,1,1,Ground Pass,,12.976903,1,1,1,390.8417822751425,0.39831528737963184,0.22024131861466217,0.024438296,0
4018355,Kosovare Asllani,Sweden Women's,1,1,0,1,14.75669339655738,26.18211245842307,0,1,4.0597125216507495,19.41355586933648,11,0,2,4.662570909971256,10.163899863525398,3.0618692268752596,Right Foot,Open Play,Normal,Regular Play,Center Attacking Midfield,1,1,0,1,Low Pass,,13.37535,1,1,1,386.3614060231344,0.7414816470659124,0.27510990521750955,0.262062,1
4018355,Emma Stina Blackstenius,Sweden Women's,4,1,1,0,11.18257573191436,20.880671864470486,1,0,1.0094443130539137,4.646285900180759,9,0,1,6.910547176759982,6.970982962151071,3.0045219711289732,Left Foot,Open Play,Normal,Regular Play,Center Forward,1,1,0,1,,,,0,0,0,233.49969445769463,0.2225161110877207,0.0902693920661788,0.13563293,0
4018355,Lauren Hemp,England Women's,5,1,-1,6,22.85804016095868,14.86126730889396,1,1,3.703440228972318,7.307238143207182,18,0,1,3.2203802764640588,19.637814784533685,2.2051616389943405,Left Foot,Open Play,Normal,From Free Kick,Left Wing,1,1,0,1,,,,0,0,0,339.6994449894405,0.491696837915973,0.16201914962498665,0.03454295,0
4018355,Emma Stina Blackstenius,Sweden Women's,24,1,1,3,11.759676866308867,23.036106746975594,0,1,0.6700408257899939,3.8894202006899246,8,0,2,8.1580308428722,3.6077206012460277,6.893331469432937,Right Foot,Open Play,Normal,From Throw In,Center Forward,1,1,0,1,Ground Pass,Through Ball,38.441906,1,1,1,270.8971716022305,0.16884017092864728,0.05697782629637056,0.28601122,1
4018355,Lauren James,England Women's,38,1,-2,1,25.2768668944551,17.39905398932562,3,1,3.3660320467094347,5.193121703542132,19,0,1,1.61033459206459,23.801912465656358,0.9926191800115518,Right Foot,Open Play,Normal,From Free Kick,Right Wing,1,1,0,1,,,,0,0,0,439.7935717776217,0.2984714977451148,0.13316650599002164,0.028288899,0
4018355,Fridolina Rolfö,Sweden Women's,45,1,2,1,16.209873534361705,27.416792076902063,1,1,2.232910717721591,19.849731815042187,8,0,2,3.063333878014162,13.146602456026276,0.5087745037709581,Left Foot,Open Play,Normal,From Counter,Left Wing,1,1,0,1,Ground Pass,,10.878419,1,1,1,444.42273228447243,0.7239990644917599,0.13775003938113797,0.08270639,0
4018355,Lauren Hemp,England Women's,50,2,-2,3,9.700515450222225,31.14680951791698,0,1,1.3220927388870538,23.243966940428145,13,1,1,2.9752445536549064,6.940067365816845,1.6718651973633811,Head,Open Play,Normal,Regular Play,Left Wing,1,1,0,1,High Pass,,31.93196,1,1,1,302.14010695368233,0.7462712008129506,0.1362909781105257,0.07977866,0
4018355,Emma Stina Blackstenius,Sweden Women's,54,2,2,2,15.911316727411348,28.20573415069344,1,1,0.8414557976579194,0.0,9,0,2,8.133991762319699,7.803183535448788,0.7595766900865328,Left Foot,Open Play,Normal,From Counter,Center Forward,1,1,0,1,Ground Pass,Through Ball,24.659481,1,1,1,448.7903696008461,0.0,0.0528841083408449,0.39117333,0
4018355,Lauren James,England Women's,58,2,-2,2,23.02542073448388,19.611104909847114,2,1,0.3335964139787266,0.0,17,1,3,2.3703358807578296,20.655084925005195,0.24761388860962796,Left Foot,Open Play,Normal,Regular Play,Left Wing,1,1,0,1,Ground Pass,,16.702694,1,1,1,451.5539416173324,0.0,0.014488178862205022,0.0321295,0
4018355,Georgia Stanway,England Women's,58,2,-2,3,17.844326829555655,24.33966698238346,1,1,2.1273352018564218,1.7467255431808102,18,1,3,2.614115075293195,15.350314669865996,0.021744567838467788,Right Foot,Open Play,Half Volley,From Corner,Left Defensive Midfield,1,1,0,1,,,,0,0,0,434.32497255619506,0.07176456212178473,0.11921633257315736,0.04025518,0
4018355,Johanna Rytting-Kaneryd,Sweden Women's,64,2,2,5,18.18378398463862,18.683146248663544,2,1,1.4007318546107295,0.0,17,0,3,3.3685317301833493,14.929533338849646,1.6569768270461651,Left Foot,Open Play,Normal,Regular Play,Right Wing,1,1,0,1,Ground Pass,,10.327633,1,1,1,339.73029553910925,0.0,0.077031923377117,0.057559036,0
4018355,Ella Toone,England Women's,66,2,-2,7,19.00026315607234,22.086592976753646,3,1,0.5508855978978429,0.0,18,0,2,2.7443718767321195,16.29721428811242,0.6503830784672999,Left Foot,Open Play,Normal,From Throw In,Center Attacking Midfield,1,1,0,1,Ground Pass,,6.742403,1,1,1,419.6510787793784,0.0,0.028993577266417176,0.057787847,0
4018355,Michelle Agyemang,England Women's,72,2,-2,1,11.57670073898432,36.459131866641414,2,1,0.8073810852602463,21.4760226981666,19,2,4,4.092799120051298,8.587232108436028,1.1236276875134763,Head,Open Play,Normal,From Free Kick,Left Center Forward,1,1,0,1,High Pass,,37.833584,1,1,1,422.07645882327444,0.5890437209728591,0.06974189827170757,0.03268166,0
4018355,Lauren Hemp,England Women's,72,2,-2,1,6.499999999999994,59.63236301585152,1,1,0.5375613009089092,0.0,19,1,5,2.1464630708893506,4.501990661499714,0.4774753307422941,Head,Open Play,Normal,From Free Kick,Left Center Midfield,1,1,0,1,,,,0,0,0,387.6103596030345,0.0,0.08270173860137073,0.1185305,0
4018355,Michelle Agyemang,England Women's,75,2,-2,6,13.200757554019386,27.046686624610835,1,1,0.45724840227465335,0.0,16,0,2,3.119091129617161,11.561170382477144,0.6614450617862815,Head,Open Play,Normal,Regular Play,Left Center Forward,1,1,0,1,High Pass,,27.11494,1,1,1,357.03675277102656,0.0,0.03463804258229329,0.028825706,0
4018355,Lucy Bronze,England Women's,78,2,-2,10,5.442425929675115,48.13798749322709,0,0,1.3694097158455003,48.13798749322709,17,0,2,2.9699187573896038,3.7319999681943,1.4343487150194676,Head,Open Play,Normal,Regular Play,Right Back,1,1,0,1,High Pass,,42.943916,1,1,1,261.98743133551545,1.0,0.25161752011703487,0.3577363,1
4018355,Bethany Mead,England Women's,80,2,-1,6,6.397655820689324,61.75155163926381,1,1,0.34430934731581103,0.0,13,1,3,2.245156619648116,4.28862775370063,1.4795344894370501,Head,Open Play,Normal,From Throw In,Right Center Midfield,1,1,0,1,High Pass,,24.880514,1,1,1,395.0651737815335,0.0,0.053818047885969736,0.19102228,0
4018355,Michelle Agyemang,England Women's,80,2,-1,6,6.171709649683791,59.565764246556576,0,1,2.851038469225054,43.262456953741655,13,1,5,2.014029575776614,4.231499503307459,0.9326040339815904,Right Foot,Open Play,Half Volley,From Throw In,Left Center Forward,1,1,0,1,,,,0,0,0,367.62260199126297,0.7262973538737498,0.4619527863516923,0.4997025,1
4018355,Madelen Fatimma Maria Janogy,Sweden Women's,87,2,0,4,14.375326083258072,21.94117395113403,1,1,0.8697315572677978,8.000832251517977,8,0,2,3.980885487262988,10.414874271628914,3.1810338054679903,Left Foot,Open Play,Normal,From Throw In,Left Wing,1,1,0,1,,,,0,0,0,315.41153019703955,0.3646492329597731,0.06050169242983036,0.08567687,0
4018355,Alessia Russo,England Women's,92,2,0,2,14.712239802287073,28.844249367212868,1,1,1.5368844607205936,3.461595093026298,11,0,2,4.6178267824419095,10.164677666660856,2.2093421703702205,Right Foot,Open Play,Normal,From Counter,Right Center Forward,1,1,0,1,Ground Pass,,9.885848,1,1,1,424.36351360740287,0.12000988651003268,0.104462983296512,0.17311251,0
4018355,Lauren James,England Women's,94,3,0,7,27.99732130043873,14.543388792504254,3,1,1.3545481621182074,4.3814851334749205,17,0,2,3.400948235725338,24.615218902546008,1.2491443403465752,Right Foot,Open Play,Normal,From Free Kick,Left Defensive Midfield,1,1,0,1,,,,0,0,0,407.1759288209413,0.30126988943135197,0.04838134861483984,0.01853047,0
4018355,Ingrid Filippa Angeldal,Sweden Women's,95,3,0,2,35.31600203873592,12.847503085525485,2,0,0.5643381454260396,0.0,16,0,2,,,,Right Foot,Open Play,Normal,Regular Play,Right Defensive Midfield,1,1,0,1,Ground Pass,,11.406138,1,1,1,453.722445161084,0.0,0.01597967246708878,0.014418916,0
4018355,Gun Nathalie Björn,Sweden Women's,97,3,0,1,10.429285689825544,36.56133604783259,1,1,0.4604335038600248,0.0,17,1,4,3.9104273111409396,6.764243647111004,3.026227914487329,Head,Open Play,Normal,From Free Kick,Right Center Back,1,1,0,1,High Pass,,45.360004,1,1,1,381.3086188445633,0.0,0.04414813416312951,0.043490734,0
4018355,Lucy Bronze,England Women's,99,3,0,3,20.3,15.788994105469484,3,1,1.012060639755632,2.2669572386362247,18,0,2,3.2335115316766516,17.070338442518754,2.438923448036981,Right Foot,Open Play,Normal,From Corner,Right Back,1,1,0,1,Low Pass,,6.574192,1,1,1,320.51658034103053,0.1435783193972392,0.04985520392884887,0.020434776,0
4018355,Emma Stina Blackstenius,Sweden Women's,104,3,0,2,11.264102272262981,38.941012276021645,4,1,1.1619743185583769,7.6304661498086865,18,4,3,1.887654423835841,9.440761968886225,0.6399580623492795,Right Foot,Open Play,Half Volley,From Free Kick,Center Forward,1,1,0,1,High Pass,,18.5154,1,1,1,438.63554486255606,0.19594935272155803,0.10315729478235053,0.09388511,0
4018355,Madelen Fatimma Maria Janogy,Sweden Women's,109,4,0,3,18.964440408300998,21.706484718221727,2,1,2.3110519608530344,0.4590319425093928,15,0,4,3.4856508356638596,15.560050568143044,2.0893996978200207,Right Foot,Open Play,Normal,From Free Kick,Left Wing,1,1,0,1,,,,0,0,0,411.6513359124122,0.02114722620766198,0.12186238618680544,0.05967086,0
4018355,Lina Mona Andréa Hurtig,Sweden Women's,109,4,0,4,6.447480127925954,61.55394304430083,1,1,0.5595980692265851,0.0,15,1,2,3.2279514172587653,5.515543367891973,1.8518651721552573,Head,Open Play,Normal,From Free Kick,Center Attacking Midfield,1,1,0,1,High Pass,,22.607964,1,1,1,396.8678245736156,0.0,0.08679329879634672,0.15947537,0
4018355,Gun Nathalie Björn,Sweden Women's,110,4,0,5,10.551303237041388,40.562665277768716,1,1,0.7042980019108303,6.55748236831879,20,2,4,3.273700238244695,7.584277530130092,0.3480048302628944,Head,Open Play,Normal,From Corner,Right Center Back,1,1,0,1,High Pass,,27.115494,1,1,1,427.9889814483474,0.16166300521461952,0.06674985886466828,0.056428157,0
4018355,Alessia Russo,England Women's,121,4,0,1,17.72286658529032,14.878767728666881,1,0,3.113117427595366,10.967477829823157,20,0,1,3.5707809852272536,15.592649361663714,0.4631102993049723,Right Foot,Open Play,Half Volley,From Free Kick,Center Attacking Midfield,1,1,0,1,High Pass,,48.985916,1,1,1,263.6944154086862,0.7371227261443263,0.1756554117593596,0.03806189,0
4018355,Alessia Russo,England Women's,122,4,0,3,13.908630414242811,30.181095607552237,2,1,2.6355461036788417,7.815531677182951,17,0,2,7.715024154591391,6.231688332181121,3.352949651140186,Right Foot,Open Play,Half Volley,From Throw In,Center Attacking Midfield,1,1,0,1,,,,0,0,0,419.77770430237115,0.25895453825828857,0.18948998033479786,0.09635302,0
4018355,Ingrid Filippa Angeldal,Sweden Women's,120,5,-1,0,12.0,36.86989764584404,0,1,10.631582655560452,30.399413689570245,2,0,0,1.5224278434936356,10.631582655560452,0.6277784271018447,Right Foot,Penalty,Normal,Other,Right Defensive Midfield,1,1,0,1,,,,0,0,0,442.43877175012847,0.8245049655839458,0.8859652212967043,0.7835,0
4018355,Lauren James,England Women's,121,5,1,0,12.0,36.86989764584404,0,1,11.626451646406666,30.95360499960848,2,0,0,0.7290934416332144,11.626451646406666,0.6160911083616014,Right Foot,Penalty,Normal,Other,Right Wing,1,1,0,1,,,,0,0,0,442.43877175012847,0.8395359622892133,0.9688709705338888,0.7835,0
4018355,Julia Zigiotti-Olme,Sweden Women's,122,5,-1,0,12.0,36.86989764584404,0,1,11.324379895909328,30.795645023119647,2,0,0,0.8662728426589626,11.32437989590933,0.5265598734423662,Right Foot,Penalty,Normal,Other,Left Defensive Midfield,1,1,0,1,,,,0,0,0,442.43877175012847,0.8352517091023419,0.9436983246591106,0.7835,1
4018355,Bethany Mead,England Women's,123,5,0,0,12.0,36.86989764584404,0,1,11.798083223145806,31.039746635514007,2,0,0,0.40964523735064967,11.798083223145806,0.3533740381303474,Right Foot,Penalty,Normal,Other,Right Defensive Midfield,1,1,0,1,,,,0,0,0,442.43877175012847,0.8418723299334354,0.9831736019288172,0.7835,0
4018355,Magdalena Lilly Eriksson,Sweden Women's,123,5,0,0,12.0,36.86989764584404,0,1,11.134190010171741,30.691787210288336,2,0,0,0.8673889480417141,11.134190010171741,0.050390318658649846,Left Foot,Penalty,Normal,Other,Left Center Back,1,1,0,1,,,,0,0,0,442.43877175012847,0.8324348362748412,0.9278491675143118,0.7835,0
4018355,Alex Greenwood,England Women's,124,5,0,0,12.099999999999994,36.58555192913009,0,1,11.337673560057931,30.51842816367198,2,0,0,0.7624042086597992,11.33767356005793,0.010540671441262361,Left Foot,Penalty,Normal,Other,Left Center Back,1,1,0,1,,,,0,0,0,442.6851783424739,0.8341661271856513,0.9369978148808212,0.7835,0
4018355,Gun Nathalie Björn,Sweden Women's,125,5,0,0,12.0,36.86989764584404,0,1,11.408046482344279,30.840234890201163,2,0,0,0.5976294387915378,11.408046482344277,0.08011759119216322,Right Foot,Penalty,Normal,Other,Right Center Back,1,1,0,1,,,,0,0,0,442.43877175012847,0.8364610931779318,0.9506705401953566,0.7835,1
4018355,Chloe Kelly,England Women's,126,5,-1,0,12.0,36.86989764584404,0,1,11.190756338910244,30.72304599637639,2,0,0,0.8205644456469148,11.190756338910244,0.1311710930600256,Right Foot,Penalty,Normal,Other,Left Wing,1,1,0,1,,,,0,0,0,442.43877175012847,0.8332826494797573,0.9325630282425204,0.7835,1
4018355,Jennifer Miley Falk,Sweden Women's,127,5,0,0,12.0,36.86989764584404,0,1,10.798618060714364,30.499604606079114,2,0,0,1.6760886492456468,10.798618060714366,1.1072319266342703,Right Foot,Penalty,Normal,Other,Goalkeeper,1,1,0,1,,,,0,0,0,442.43877175012847,0.8272223833937606,0.8998848383928637,0.7835,0
4018355,Grace Clinton,England Women's,127,5,0,0,12.0,36.86989764584404,0,1,11.753202953452776,31.0174645347075,2,0,0,0.3579061747927009,11.753202953452776,0.2565119742094595,Right Foot,Penalty,Normal,Other,Left Defensive Midfield,1,1,0,1,,,,0,0,0,442.43877175012847,0.8412679859501528,0.979433579454398,0.7835,0
4018355,Eva Sofia Jakobsson,Sweden Women's,128,5,0,0,12.0,36.86989764584404,0,1,11.251176542788167,30.75608678840592,2,0,0,0.774430886405266,11.251176542788167,0.19123257150607742,Right Foot,Penalty,Normal,Other,Right Wing,1,1,0,1,,,,0,0,0,442.43877175012847,0.8341787949572117,0.9375980452323472,0.7835,0
4018355,Lucy Bronze,England Women's,129,5,0,0,12.0,36.86989764584404,0,1,11.537797293284203,30.908104370633644,2,0,0,0.6426758024041299,11.537797293284203,0.437780213188951,Right Foot,Penalty,Normal,Other,Right Back,1,1,0,1,,,,0,0,0,442.43877175012847,0.8383018761680124,0.9614831077736836,0.7835,1
4018355,Smilla Holmberg,Sweden Women's,130,5,-1,0,12.0,36.86989764584404,0,1,11.602415209661574,30.94133742641335,2,0,0,0.4125459688997706,11.602415209661574,0.10825284445928673,Right Foot,Penalty,Normal,Other,Right Back,1,1,0,1,,,,0,0,0,442.43877175012847,0.8392032362992211,0.9668679341384645,0.7835,0
4018354,Arianna Caruso,Italy Women's,7,1,0,10,12.71298548728818,33.61372893778698,1,1,0.44314230447390734,0.0,13,1,2,5.7192644312416006,7.022597707521001,2.1554883601861548,Right Foot,Open Play,Normal,Regular Play,Right Center Midfield,1,1,0,1,Ground Pass,,14.875819,1,1,1,427.3308481597246,0.0,0.03485745381499956,0.078373656,0
4018354,Emma Severini,Italy Women's,18,1,0,19,7.373601562330316,55.196500312810166,0,1,0.9887147687110556,45.64954490560918,15,2,4,4.869114623397687,3.4062537967393594,3.3121517074023146,Head,Open Play,Normal,Regular Play,Left Center Midfield,1,1,0,1,High Pass,,29.16196,1,1,1,406.9970009417028,0.8270369434095209,0.13408844515848603,0.17177658,0
4018354,Emma Severini,Italy Women's,21,1,0,6,13.962807740565646,21.02892893095421,0,1,3.7747189784706237,14.615723265324508,15,0,1,3.292682900265163,10.72643606430877,2.887241250163534,Left Foot,Open Play,Normal,From Free Kick,Left Center Midfield,1,1,0,1,Ground Pass,Through Ball,28.332314,1,1,1,293.62289165293225,0.6950293718388303,0.27034096928113305,0.1696566,0
4018354,Cristiana Girelli,Italy Women's,28,1,0,10,12.640015822774908,19.60205336365521,1,1,0.48940775054916646,0.0,12,0,1,4.247311760798744,8.47567269056538,3.2687988365547866,Head,Open Play,Normal,From Corner,Center Forward,1,1,0,1,High Pass,,46.312416,1,1,1,247.77026467547995,0.0,0.0387189191383247,0.04082099,0
4018354,Lucia Di Guglielmo,Italy Women's,31,1,0,16,17.02057578344516,16.447324426353514,1,1,2.267161947908202,10.625783266449021,16,0,2,4.982107987982632,12.039657522656041,3.9551264777254502,Right Foot,Open Play,Normal,From Throw In,Left Back,1,1,0,1,,,,0,0,0,279.9429318336587,0.6460493507031059,0.13320124869766906,0.07362808,0
4018354,Ada Stolsmo Hegerberg,Norway Women's,35,1,0,9,5.412023651093921,70.90958287967423,1,0,0.4554681800732006,0.0,11,0,3,6.02400465804878,1.398184750814405,3.884425680517367,Other,Open Play,Normal,Regular Play,Center Forward,1,1,0,1,,,,0,0,0,383.7643396340015,0.0,0.0841585716243383,0.59087294,0
4018354,Arianna Caruso,Italy Women's,42,1,0,1,24.49020212248156,18.488815099292225,4,1,3.566226041969973,8.422942938746708,20,0,1,1.68924057371354,23.420362411524472,1.1784935116425643,Right Foot,Open Play,Half Volley,From Corner,Right Center Midfield,1,1,0,1,,,,0,0,0,452.79481878685556,0.4555696454051914,0.1456184813883689,0.02715804,0
4018354,Signe Gaupset,Norway Women's,44,1,0,1,56.92846388231462,6.5942515358168325,0,0,4.7585992390332015,6.594251535816781,11,0,1,,,,Right Foot,Open Play,Lob,From Counter,Left Wing,1,1,0,1,Ground Pass,,14.588009,1,1,1,375.4006103876462,0.9999999999999922,0.0835891031395194,0.006376416,0
4018354,Sofia Cantore,Italy Women's,49,2,0,10,20.882768015758828,13.699111273626977,0,1,3.3315761499564864,9.506037355113088,13,0,1,4.4818599240428485,16.40092262246015,3.5350217817935885,Right Foot,Open Play,Normal,Regular Play,Right Midfield,1,1,0,1,Ground Pass,,28.73082,1,1,1,286.07536274921864,0.6939163545166437,0.15953709524725693,0.030121574,0
4018354,Cristiana Girelli,Italy Women's,49,2,0,10,4.609772228646445,81.11934084947974,1,0,0.7692144126973363,79.90183489391437,13,1,3,4.639427777520097,1.7242699635872591,3.327538248045741,Left Foot,Open Play,Normal,Regular Play,Center Forward,1,1,0,1,,,,0,0,0,373.94168465403686,0.9849911754358988,0.1668660347071418,0.70497894,1
4018354,Cristiana Girelli,Italy Women's,51,2,1,9,12.200000000000003,36.3054117733023,1,1,1.1641122725335717,8.845997005047385,16,2,2,1.6123706921260548,10.660056157360472,0.44654895445103193,Head,Open Play,Normal,Regular Play,Center Forward,1,1,0,1,High Pass,,25.95631,1,1,1,442.9260236342882,0.24365505231791404,0.09541903873225996,0.05042892,0
4018354,Barbara Bonansea,Italy Women's,52,2,1,2,22.382582514088945,17.143232762608264,1,1,1.9414547253074819,7.3383498082610155,15,0,1,2.665260713055947,19.76388882954144,1.0526783366034067,Right Foot,Open Play,Normal,Regular Play,Left Midfield,1,1,0,1,,,,0,0,0,383.7098218673124,0.4280610261716192,0.08673953169101078,0.03687308,0
4018354,Barbara Bonansea,Italy Women's,54,2,1,5,30.4529144746443,11.269063063466435,1,1,1.843657130404857,0.0,18,0,1,2.9571234415080183,27.61823534168482,1.299628917644462,Right Foot,Open Play,Normal,From Free Kick,Left Midfield,1,1,0,1,High Pass,,53.885807,1,1,1,343.17581368111644,0.0,0.06054123758630467,0.010475628,0
4018354,Ada Stolsmo Hegerberg,Norway Women's,59,2,-1,0,11.900420160649796,37.156345075648375,0,1,9.05577743171668,30.812885605557504,18,0,0,1.0894474415341353,10.844250502031489,0.2639509911738571,Right Foot,Penalty,Normal,Other,Center Forward,1,1,0,1,,,,0,0,0,442.1761180343067,0.8292765486708685,0.7609628323595432,0.7835,0
4018354,Signe Gaupset,Norway Women's,62,2,-1,3,19.787369708983555,14.682715869199827,1,1,1.8176384300048083,6.211774448809718,13,0,2,5.258379223104419,14.529053636510694,4.105272338337379,Left Foot,Open Play,Normal,Regular Play,Left Wing,1,1,0,1,Low Pass,,27.994642,1,1,1,290.5323272358168,0.42306712900712456,0.09185851665669299,0.030120118,0
4018354,Ada Stolsmo Hegerberg,Norway Women's,65,2,-1,4,14.340153416194683,21.211420852264215,0,1,2.2351419453637624,12.428131857594789,10,0,3,11.870704137435185,2.5512177209986526,8.720877631258226,Right Foot,Open Play,Half Volley,Regular Play,Center Forward,1,1,0,1,High Pass,Through Ball,65.43615,1,1,1,304.1750291969398,0.5859169899157485,0.15586597161781843,0.17538495,1
4018354,Ada Stolsmo Hegerberg,Norway Women's,68,2,0,4,14.008925726121896,30.55298224295483,2,1,1.216138512505442,1.5380589256381572,15,0,2,3.0524824636750125,11.341684219805378,2.1282946155302653,Left Foot,Open Play,Half Volley,From Free Kick,Center Forward,1,1,0,1,Low Pass,,16.648123,1,1,1,428.0144589530754,0.050340713499181115,0.08681168965281585,0.087142445,0
4018354,Signe Gaupset,Norway Women's,69,2,0,4,23.366856870362344,15.199946653432544,2,1,0.9978594257484106,0.0,13,0,3,3.8226151195941793,19.54682196281531,2.3371978346392623,Right Foot,Open Play,Normal,Regular Play,Left Wing,1,1,0,1,High Pass,,55.121773,1,1,1,355.1749778879014,0.0,0.04270405006905565,0.032826386,0
4018354,Signe Gaupset,Norway Women's,70,2,0,2,11.189280584559494,36.76902489880966,6,1,1.481276014202825,0.27883018274977395,19,2,4,1.6843950440406066,9.626072593192298,1.180068323345644,Right Foot,Open Play,Normal,From Corner,Left Wing,1,1,0,1,,,,0,0,0,411.4189364134356,0.007583290106744186,0.13238348998477104,0.10248803,0
4018354,Sofia Cantore,Italy Women's,79,2,0,25,31.765704777322348,12.49141516048336,1,0,2.320804441524243,5.083278623086414,13,1,2,,,,Right Foot,Open Play,Normal,Regular Play,Left Midfield,1,1,0,1,High Pass,,54.626,1,1,1,396.79860623888305,0.40694177223149114,0.07306006455052977,0.012523898,0
4018354,Arianna Caruso,Italy Women's,82,2,0,1,22.67531697683628,19.130102540588076,6,1,8.08147434387579,2.5375743796020713,18,0,0,2.429328710086822,20.917292265796494,2.0866148721150637,Right Foot,Open Play,Volley,From Corner,Right Center Midfield,1,1,0,1,High Pass,Straight,51.544155,1,1,1,433.7811389072157,0.13264823720720442,0.3563996195568658,0.029223852,0
4018354,Ingrid Syrstad Engen,Norway Women's,85,2,0,4,24.005207768315614,15.103140864493932,1,1,5.713025805368993,7.724352094150784,18,0,0,3.209508814160799,20.82071031476278,2.2586181030343724,Right Foot,Open Play,Normal,Regular Play,Left Defensive Midfield,1,1,0,1,Ground Pass,,16.124516,1,1,1,362.55403440631477,0.5114401145731224,0.23799110011909977,0.034101628,0
4018354,Cristiana Girelli,Italy Women's,89,2,0,14,7.465252842335616,43.422227324760854,0,0,2.8163035135731707,43.422227324760854,10,2,1,,,,Head,Open Play,Normal,Other,Center Forward,1,1,0,1,High Pass,,37.271034,1,1,1,324.1579059567142,1.0,0.3772549400606836,0.16120471,1
3998858,Georgia Stanway,England Women's,12,1,0,0,12.0,36.86989764584404,0,1,8.300774025709625,31.111151068605615,20,0,0,0.7329209691949233,11.94424573837218,0.7287578900171567,Right Foot,Penalty,Normal,Other,Left Center Midfield,1,1,0,1,,,,0,0,0,442.43877175012847,0.8438089893127884,0.6917311688091354,0.7835,1
3998858,Jessica Fishlock,Wales W,19,1,-1,1,31.751692868255066,14.294525231332122,2,0,3.576860606244752,2.6446281484929366,11,0,2,,,,Right Foot,Open Play,Normal,From Counter,Left Center Forward,1,1,0,1,Ground Pass,,11.525623,1,1,1,453.8753748427802,0.18500986256585739,0.11265102056403585,0.020157922,0
3998858,Ella Toone,England Women's,20,1,1,10,5.135172830587101,75.7392884169735,1,0,3.8229512469796894,61.54777257998849,13,0,3,5.902521044515746,4.447773753662743,4.750999759879683,Right Foot,Open Play,Normal,From Goal Kick,Right Center Midfield,1,1,0,1,Ground Pass,,7.8025637,1,1,1,388.9343360868426,0.8126267603828633,0.744463988477407,0.67210984,0
3998858,Keira Walsh,England Women's,23,1,2,21,23.100865784641055,19.646461454712597,2,1,1.80900510718954,7.651417611709698,18,1,3,2.4769991111963523,20.631797098237957,0.20854328329114225,Right Foot,Open Play,Normal,From Throw In,Center Defensive Midfield,1,1,0,1,Ground Pass,,11.61809,1,1,1,453.85026920843956,0.38945525276127285,0.07830897439317115,0.051609535,0
3998858,Lauren James,England Women's,25,1,2,1,15.743252522906444,27.67597822630865,1,1,1.166974318564921,11.379992834731508,12,1,2,3.474875128524131,12.284722233210623,1.1887279027062547,Left Foot,Open Play,Volley,Regular Play,Right Wing,1,1,0,1,High Pass,,40.597538,1,1,1,435.7099140352375,0.4111866522540382,0.07412536366719473,0.039598726,0
3998858,Alessia Russo,England Women's,27,1,2,3,9.08240056372763,43.90681907522334,1,1,1.1067160118594945,0.0,16,0,2,3.4771608880806766,6.135780352728776,2.8101576416376304,Head,Open Play,Normal,From Keeper,Center Forward,1,1,0,1,Low Pass,,13.159408,1,1,1,398.7793183202955,0.0,0.12185280797671319,0.08669564,0
3998858,Lauren Hemp,England Women's,29,1,2,8,6.313477647065836,46.10668587685122,0,1,0.7100365856610525,25.08682132514192,16,1,2,3.046398593058941,3.2679049547720336,2.6284478478338045,Head,Open Play,Normal,From Throw In,Left Wing,1,1,0,1,High Pass,,35.062943,1,1,1,291.0935306637863,0.5441037638694664,0.11246362549347731,0.17684019,1
3998858,Keira Walsh,England Women's,31,1,3,9,19.616319736382763,22.18608256932563,3,1,3.4207787249985127,0.6047508036040327,16,0,2,3.2737106465876433,16.579527455251714,0.19889930290448632,Right Foot,Open Play,Normal,Regular Play,Center Defensive Midfield,1,1,0,1,Ground Pass,,7.1867933,1,1,1,435.20928937767997,0.027258115609835428,0.1743843274869714,0.056727037,0
3998858,Leah Williamson,England Women's,32,1,3,1,9.265527507918804,18.373406655920242,0,0,1.8788826899109083,18.373406655920256,19,0,3,3.6849386441914924,6.155532917477333,2.654069798340558,Head,Open Play,Normal,From Corner,Right Center Back,1,1,0,1,High Pass,Inswinging,48.886093,1,1,1,170.23930478460744,1.0000000000000007,0.20278205297055316,0.052086078,0
3998858,Lauren Hemp,England Women's,38,1,3,14,6.95701085237043,58.465208094811736,0,1,1.3374704305818443,43.97946596253372,17,0,2,5.439298449711843,1.8286904469911553,0.8436253910609821,Head,Open Play,Normal,Regular Play,Left Wing,1,1,0,1,Low Pass,,32.01406,1,1,1,406.74308720170075,0.7522331211275806,0.1922478574438524,0.15431112,0
3998858,Alessia Russo,England Women's,40,1,3,11,10.542295765154758,34.91191458528482,1,1,0.40271455967455716,0.0,12,0,1,4.8639655934473724,5.714608940073688,2.6433991341573915,Right Foot,Open Play,Volley,From Throw In,Center Forward,1,1,0,1,Low Pass,,27.202942,1,1,1,368.0517292858928,0.0,0.038199892001288906,0.056579806,0
3998858,Alessia Russo,England Women's,43,1,3,9,6.220128616033597,65.41781577921049,0,1,2.906048646936537,47.49474536101528,17,0,4,3.5780272554881534,3.3131668911094043,1.738771580055257,Right Foot,Open Play,Normal,From Free Kick,Center Forward,1,1,0,1,Ground Pass,,16.896152,1,1,1,406.90722792668134,0.7260215706576514,0.46720073270601326,0.68644935,1
3998858,Lauren James,England Women's,45,1,4,12,9.314504817756013,45.49765326400975,1,0,0.8250978484558594,0.0,17,0,2,5.81804783655832,5.697710526602817,4.490305332310385,Left Foot,Open Play,Half Volley,Regular Play,Right Wing,1,1,0,1,High Pass,,31.901411,1,1,1,423.7881105242114,0.0,0.0885820410853184,0.28675836,0
3998858,Rachel Rowe,Wales W,48,1,-4,1,20.066140635408686,22.074262683643706,5,1,2.299551708274893,0.0,19,0,3,2.69671462673251,17.68486912207879,0.6410657894128633,Right Foot,Open Play,Normal,From Corner,Left Defensive Midfield,1,1,0,1,,,,0,0,0,442.94525943294855,0.0,0.11459860418884471,0.046160296,0
3998858,Leah Williamson,England Women's,51,2,4,1,9.381364506296514,31.426025222440856,3,1,1.4718100150425948,5.939152827795212,18,1,2,3.8668104084181945,5.514554828854237,3.131498601829115,Right Foot,Open Play,Volley,From Corner,Right Center Back,1,1,0,1,High Pass,Inswinging,32.863506,1,1,1,294.8189975957857,0.18898835553514898,0.15688656101729725,0.069017194,0
3998858,Georgia Stanway,England Women's,51,2,4,1,5.374011537017757,67.03839354175209,1,1,0.832852129319142,0.0,18,1,3,4.771459663503404,0.9137770515741612,3.799545204245547,Right Foot,Open Play,Half Volley,From Corner,Left Center Midfield,1,1,0,1,,,,0,0,0,360.2651003165124,0.0,0.15497773378084767,0.18869601,0
3998858,Jessica Park,England Women's,51,2,4,3,10.041912168506556,34.17356473687005,0,1,1.9588687157407616,32.50609541036486,15,1,1,3.9946347616150057,6.774300112477253,1.1210670297535614,Right Foot,Open Play,Volley,From Corner,Right Center Midfield,1,1,0,1,High Pass,,38.09278,1,1,1,343.16793557242187,0.951205870989919,0.19506929386259375,0.11685306,0
3998858,Georgia Stanway,England Women's,58,2,4,5,10.88531120363584,27.95862459521546,0,1,2.5545361678625698,0.789962354347605,12,0,3,8.336990510483004,2.5545361678625698,6.606317477568837,Right Foot,Open Play,Normal,Regular Play,Left Center Midfield,1,1,0,1,Ground Pass,Through Ball,14.940214,1,1,1,304.33832954454743,0.028254692989539646,0.2346773665974125,0.24227732,0
3998858,Lucy Bronze,England Women's,59,2,4,1,8.091971329657568,45.069393320344794,1,1,0.7593576478687887,12.317045359413301,19,1,4,2.17446380332416,6.093003414141855,0.7457090485483278,Head,Open Play,Normal,From Corner,Right Back,1,1,0,1,High Pass,Outswinging,35.347984,1,1,1,364.70023859329035,0.2732906846973966,0.09384087225886437,0.08300818,0
3998858,Jessica Fishlock,Wales W,62,2,-4,1,9.563472172804186,45.20427564929933,1,1,0.8864196728165381,17.503738500569195,18,3,5,1.9694701972771318,7.637799768721806,0.5890788445335033,Head,Open Play,Normal,From Free Kick,Left Center Forward,1,1,0,1,High Pass,,36.939003,1,1,1,432.30983226384404,0.3872142236359561,0.09268805898105348,0.07008953,0
3998858,Georgia Stanway,England Women's,63,2,4,1,22.72993620756556,19.612852408653833,2,1,1.6166922233183647,0.0,12,1,2,3.9681813324981055,18.764769572135897,0.6298119808814633,Right Foot,Open Play,Normal,From Counter,Left Center Midfield,1,1,0,1,Ground Pass,,17.48285,1,1,1,445.7988840971002,0.0,0.07112612233290191,0.03358623,0
3998858,Chloe Kelly,England Women's,66,2,4,2,17.66182323544203,24.038608983040376,1,1,0.8096700768603796,0.0,14,0,3,5.2010984434942085,12.643355433421736,2.8876672616999812,Right Foot,Open Play,Normal,Regular Play,Right Wing,1,1,0,1,Ground Pass,,13.529966,1,1,1,424.56566268436796,0.0,0.045842949851044396,0.07326549,0
3998858,Bethany Mead,England Women's,71,2,4,15,12.165525060596439,36.02737338510361,0,1,3.5512808414646346,27.643503711829595,13,0,2,4.17895971347852,8.208180158482662,0.4227559216824801,Left Foot,Open Play,Normal,From Throw In,Left Wing,1,1,0,1,Ground Pass,,5.5731497,1,1,1,438.2919137839431,0.7672916761469898,0.29191348698685154,0.34548658,1
3998858,Chloe Kelly,England Women's,73,2,5,10,22.679065236468634,18.215992165505025,1,1,3.3049105740210742,12.110697832922787,15,0,1,3.172030590827579,19.63576758969931,2.0613610189043,Right Foot,Open Play,Half Volley,Regular Play,Right Wing,1,1,0,1,Low Pass,,7.3545904,1,1,1,413.12167466849,0.6648387703995824,0.14572516722191337,0.04240585,0
3998858,Hannah Cain,Wales W,75,2,-5,2,10.538026380684377,32.60555661600744,1,1,0.531434401371172,0.0,12,0,1,2.9965255731189226,7.556670442309162,2.252135299545074,Left Foot,Open Play,Normal,Regular Play,Left Midfield,1,1,0,1,Ground Pass,Through Ball,28.802778,1,1,1,343.59821577638445,0.0,0.05043016426161753,0.2947986,1
3998858,Agnes Beever-Jones,England Women's,88,2,4,18,4.802082881417183,77.85276335278157,1,0,1.6198018162046062,70.57401474219014,15,0,2,2.8062065317791007,3.8803419233145915,1.075330332175895,Head,Open Play,Normal,Regular Play,Center Forward,1,1,0,1,High Pass,,22.357325,1,1,1,373.8554221674154,0.9065062266626486,0.3373123405413971,0.43334556,1
3998858,Keira Walsh,England Women's,91,2,5,1,19.86454127333425,22.703630647881965,2,1,2.3792721803638566,0.08196625093326965,19,0,1,1.7764061754278944,18.102628742105342,0.07345727002213209,Right Foot,Open Play,Normal,From Corner,Center Defensive Midfield,1,1,0,1,High Pass,Straight,42.91165,1,1,1,450.99720805938773,0.0036102706304780518,0.11977483635918351,0.064985014,0
3998859,Victoria Pelova,Netherlands Women's,1,1,0,5,27.548684179103724,15.812280749098495,2,1,3.677888872388225,4.265592708049256,17,1,2,2.9511339702328527,24.62052903211495,1.204027183393741,Right Foot,Open Play,Normal,From Throw In,Left Wing,1,0,0,1,Ground Pass,,12.541929,1,1,1,435.6075285082361,0.26976454413715434,0.1335050650142479,0.026714627,0
3998859,Delphine Cascarino,France Women's,6,1,0,17,16.37681287674742,24.549988279145225,3,1,2.042011721139691,0.6870541668343232,13,1,1,4.684982647472368,11.784652050120746,2.89146850787575,Left Foot,Open Play,Normal,From Throw In,Right Wing,1,0,0,1,Ground Pass,,47.233147,1,1,1,402.05056417390375,0.027985926470602978,0.1246892015258376,0.07529044,0
3998859,Sakina Karchaoui,France Women's,6,1,0,17,15.285614151874965,25.368238235624514,2,1,1.5898525115250275,9.59065370396218,15,1,2,3.7834193346240266,11.530045007348216,2.3541720694300707,Right Foot,Open Play,Half Volley,From Throw In,Left Center Midfield,1,0,0,1,,,,0,0,0,387.7691013825976,0.3780575385205136,0.10400972415818915,0.06208407,0
3998859,Danielle van de Donk,Netherlands Women's,15,1,0,5,6.931810730249351,57.130694211864416,0,1,0.8444703999473867,43.64378158527077,16,1,3,1.8571621721216032,5.10968886230988,0.5434316861119441,Head,Open Play,Normal,From Corner,Right Center Midfield,1,0,0,1,High Pass,,26.30076,1,1,1,396.0191591643963,0.7639287809705488,0.12182536898508327,0.13382035,0
3998859,Marie-Antoinette Katoto,France Women's,20,1,0,7,12.277621919573837,34.325124451107314,1,1,1.8443830023288101,11.629634706383445,11,0,1,3.339973192128818,9.434246799683656,2.4736381741738285,Right Foot,Open Play,Half Volley,Regular Play,Center Forward,1,0,0,1,Ground Pass,,28.397888,1,1,1,421.43090035301503,0.3388082313568503,0.15022314699138656,0.08650583,0
3998859,Sandie Toletti,France Women's,21,1,0,4,17.000294115102832,26.48020220636564,1,1,2.541732579804424,3.7225580372386093,14,0,2,3.0408036039348603,13.975074604953337,0.2609370458752238,Right Foot,Open Play,Half Volley,Regular Play,Center Defensive Midfield,1,0,0,1,Low Pass,,19.865547,1,1,1,450.17122573561085,0.14057891281297447,0.1495110944902055,0.05846639,1
3998859,Chasity Grant,Netherlands Women's,25,1,-1,7,15.229576487873851,17.86474119024901,0,1,5.676370185014504,11.760385400097961,12,0,0,3.965877351566825,11.26858702059931,3.1553896217573154,Right Foot,Open Play,Volley,From Throw In,Right Wing,1,0,0,1,High Pass,,28.66653,1,1,1,272.07244239296784,0.6583014707493805,0.372720159981741,0.04858318,0
3998859,Victoria Pelova,Netherlands Women's,25,1,-1,7,17.057842770995393,24.411763232361356,3,1,1.1879061769772832,14.092518013512978,14,0,2,2.4044461545834577,14.81082264176402,0.18865528815968702,Right Foot,Open Play,Normal,From Throw In,Left Wing,1,0,0,1,,,,0,0,0,416.4120189803863,0.5772839052785539,0.0696398831273765,0.070043914,1
3998859,Danielle van de Donk,Netherlands Women's,30,1,0,3,17.52826289168439,24.772146354964477,0,1,2.498647720602562,20.11579854100716,13,0,3,2.761966748064522,14.76991465252368,0.6626450882762569,Left Foot,Open Play,Normal,Regular Play,Right Center Midfield,1,0,0,1,Ground Pass,,15.405194,1,1,1,434.21269370109854,0.8120329281429358,0.14254964887524307,0.07573048,0
3998859,Lineth Beerensteyn,Netherlands Women's,32,1,0,7,5.099999999999994,76.21515375502977,0,1,1.3171115074953648,39.70377679895239,15,0,3,3.359750261540142,1.9153535447169505,0.6463357604500288,Head,Open Play,Normal,Regular Play,Center Forward,1,0,0,1,High Pass,,25.423218,1,1,1,388.6972841506514,0.520943340566733,0.25825715833242474,0.19935055,0
3998859,Dominique Johanna Anna Petrone Janssen,Netherlands Women's,33,1,0,1,7.409453421137088,54.82725854375623,2,1,0.9627747705015611,28.061647922668495,17,3,7,3.795370751317139,4.380895032817065,2.8369280669434005,Head,Open Play,Normal,From Corner,Left Center Back,1,0,0,1,High Pass,Outswinging,37.932835,1,1,1,406.2400183886022,0.5118192787310935,0.12993870340760025,0.10056631,0
3998859,Jackie Groenen,Netherlands Women's,33,1,0,1,23.842189496772317,18.94214258864567,4,1,1.7143402040007594,3.950770982219234,19,0,2,1.7960268247641749,22.09724625808191,0.2162873994045782,Right Foot,Open Play,Half Volley,From Corner,Center Defensive Midfield,1,0,0,1,,,,0,0,0,451.62215307337135,0.2085704383086743,0.07190363973211611,0.021411674,0
3998859,Selma Bacha,France Women's,35,1,0,1,35.88105349623949,12.659954570993566,3,1,5.153240662200751,8.078053422863611,20,1,0,4.294209583484228,32.01835555377187,1.37016445449445,Left Foot,Open Play,Normal,From Free Kick,Left Back,1,0,0,1,Ground Pass,,2.5179358,1,1,1,454.2525072217818,0.638079179318069,0.14362010476478446,0.012084112,0
3998859,Sakina Karchaoui,France Women's,39,1,0,2,14.926486525636236,28.781005387324274,5,1,2.7628098670123915,3.577530324761618,18,1,1,2.4522902391612718,12.57118257090631,1.3266335717029207,Head,Open Play,Normal,From Corner,Left Center Midfield,1,0,0,1,High Pass,,20.615528,1,1,1,429.59928910815967,0.12430178434062741,0.1850944535585964,0.053462625,0
3998859,Marie-Antoinette Katoto,France Women's,39,1,0,4,8.805112151472004,48.84635706621487,1,1,1.3469844588010302,23.236833551863516,19,2,4,2.2093819504761703,6.610811371697167,0.1482460877998335,Head,Open Play,Normal,From Corner,Center Forward,1,0,0,1,High Pass,,27.379189,1,1,1,430.097652158869,0.4757127234762719,0.15297754709187283,0.0842748,0
3998859,Lineth Beerensteyn,Netherlands Women's,40,1,0,10,5.608029957123979,65.81382104644558,0,0,1.3033895233941084,65.81382104644558,13,0,3,4.963164029649165,1.3033895233941084,2.3002934539379325,Right Foot,Open Play,Half Volley,From Goal Kick,Center Forward,1,0,0,1,Ground Pass,,15.3264475,1,1,1,369.08588002126345,1.0,0.23241486464215294,0.33562157,0
3998859,Delphine Cascarino,France Women's,51,2,0,7,9.501578816175764,41.44916713639221,1,0,2.3038066701246342,27.096217323897044,17,0,2,5.448764787558004,8.489246567330769,2.895485679933003,Right Foot,Open Play,Half Volley,From Throw In,Right Wing,1,0,0,1,,,,0,0,0,393.8325284112729,0.6537216353403316,0.24246566962140723,0.31812727,0
3998859,Delphine Cascarino,France Women's,53,2,0,10,13.600000000000003,16.858398767738315,2,1,0.9697669712965954,1.2046180668796018,12,0,2,4.64278912438595,9.086463196662727,4.438877632927706,Right Foot,Open Play,Normal,From Throw In,Right Wing,1,0,0,1,Ground Pass,,18.314201,1,1,1,229.27422324124115,0.07145507016863682,0.07130639494827906,0.043515526,0
3998859,Delphine Cascarino,France Women's,54,2,0,1,7.559100475585706,52.49241590681071,3,1,1.125245729524595,13.061127582472853,18,2,7,3.9388162078586206,3.6922465947540104,2.270729252136803,Head,Open Play,Normal,From Corner,Right Wing,1,0,0,1,High Pass,Inswinging,37.109837,1,1,1,396.79544604581554,0.24881932669397705,0.1488597397479899,0.09076457,0
3998859,Marie-Antoinette Katoto,France Women's,60,2,0,1,15.115885683611134,27.792980434054186,0,1,1.4162868315166535,16.280463825870516,7,0,1,9.133995129797267,5.982248309421827,3.3971529232642723,Left Foot,Open Play,Normal,From Counter,Center Forward,1,0,0,1,Ground Pass,,34.658623,1,1,1,420.11551504800406,0.5857761050312685,0.09369525948798438,0.34387833,1
3998859,Jill Roord,Netherlands Women's,62,2,-1,2,19.0541334098405,13.60582492142252,1,1,5.8299413876898605,7.586823194534257,19,0,0,2.5792585394273693,16.509535156604425,1.9111152155261308,Right Foot,Open Play,Volley,From Corner,Left Center Midfield,1,0,0,1,,,,0,0,0,259.24720320371733,0.5576158181036653,0.30596728081472285,0.026189076,0
3998859,Delphine Cascarino,France Women's,63,2,1,5,23.216588896735022,17.807930701584098,1,1,0.9161201711691092,9.432085455045703,12,0,1,3.124828292322484,20.09315490755203,1.2534301470227902,Right Foot,Open Play,Normal,Regular Play,Right Wing,1,0,0,1,High Pass,,57.131866,1,1,1,413.4394062002241,0.5296564554918599,0.03945972318517232,0.05053872,1
3998859,Marie-Antoinette Katoto,France Women's,66,2,2,1,12.700393694685214,29.078035216342634,0,1,2.5402517831990945,19.73097042196935,12,0,2,5.336832173129128,7.36394138536269,3.1969255846973965,Right Foot,Open Play,Normal,Regular Play,Center Forward,1,0,0,1,Low Pass,Through Ball,6.905071,1,1,1,369.3024951154726,0.6785523944506408,0.2000136251100723,0.23697083,0
3998859,Delphine Cascarino,France Women's,66,2,2,1,16.542369842317026,26.560603437643305,3,1,2.2715978807337085,10.347854969392756,11,1,2,3.1484032625562013,13.607009495242064,0.3209038268682747,Right Foot,Open Play,Normal,Regular Play,Right Wing,1,0,0,1,,,,0,0,0,439.37532530061253,0.3895941217482712,0.13731997908321064,0.07062728,1
3998859,Clara Mateo,France Women's,77,2,3,1,17.831432920547915,10.506424469685602,0,1,0.8685236033263593,7.51544720501782,9,0,1,7.1086168168787065,10.900565559345738,6.92293257989968,Left Foot,Open Play,Normal,Regular Play,Center Forward,1,0,0,1,Ground Pass,,31.331295,1,1,1,187.344603166002,0.7153192055682017,0.048707448649599146,0.01876857,0
3998859,Elisa De Almeida,France Women's,78,2,3,1,21.34666250260213,20.729502275823993,5,1,3.938310979483562,4.1900357662096575,19,0,1,2.6426921776272203,18.756809023012245,1.0640323148965791,Left Foot,Open Play,Half Volley,From Corner,Right Center Back,1,0,0,1,,,,0,0,0,442.5056889289375,0.20212910616268545,0.18449305501520377,0.031649113,0
3998859,Sandy Baltimore,France Women's,79,2,3,4,9.617692030835679,35.81303431664419,1,1,0.2910900342664502,0.0,12,1,5,6.4718769932937095,3.873456629269137,5.639868226676768,Left Foot,Open Play,Normal,From Throw In,Left Wing,1,0,0,1,Ground Pass,,10.259142,1,1,1,344.4387347472335,0.0,0.030266100571028312,0.1344894,0
3998859,Onema Grace Geyoro,France Women's,86,2,3,2,21.023796041628643,18.09535038095806,1,1,4.746912980520669,7.998641495885948,12,0,2,5.177834805103929,15.863656896684498,3.2061388026827586,Right Foot,Open Play,Normal,From Counter,Left Defensive Midfield,1,0,0,1,Ground Pass,,18.852057,1,1,1,380.4329557110694,0.4420274450337811,0.22578762518060186,0.062042378,0
3998859,Oriane Jean-François,France Women's,88,2,3,5,23.310512649875374,19.465717146857173,5,1,5.381857462734669,6.3195441954134415,15,0,0,3.0773788760973586,20.2439562315621,0.148060179422707,Right Foot,Open Play,Half Volley,Regular Play,Right Defensive Midfield,1,0,0,1,,,,0,0,0,453.7558457907101,0.32464995498168736,0.2308768384278088,0.02795366,0
3998859,Sakina Karchaoui,France Women's,91,2,3,0,12.0,36.86989764584404,0,1,9.590347775363126,30.86734513413995,10,0,0,0.7079109683400754,11.459522929951985,0.44669038851406384,Left Foot,Penalty,Normal,Other,Center Attacking Midfield,1,0,0,1,,,,0,0,0,442.43877175012847,0.8371963879758506,0.7991956479469272,0.7835,1
3998859,Lineth Beerensteyn,Netherlands Women's,94,2,-4,4,19.67358635328089,19.80188367690933,1,1,2.8392008935822224,8.167346031432432,14,0,1,2.704563978966092,17.002653991707483,1.7498656843788538,Right Foot,Open Play,Normal,Regular Play,Center Forward,1,0,0,1,Ground Pass,,8.516455,1,1,1,389.574068475299,0.41245298501355443,0.14431536998889577,0.04709249,0
3998857,Tanja Pawollek,Poland Women's,2,1,0,16,17.36260349141222,24.284971006144126,1,1,1.5432481449678226,0.0,15,0,2,1.977048435114777,15.38796719932187,0.8245715690838438,Right Foot,Open Play,Half Volley,Regular Play,Left Defensive Midfield,1,0,0,1,,,,0,0,0,421.65032238012253,0.0,0.08888345263031171,0.07616602,0
3998857,Signe Kallesøe Bruun,Denmark Women's,3,1,0,12,19.557607215607945,19.807179689500806,1,1,1.5679932144512152,7.826622010356195,14,0,2,4.311228196181787,15.253106148799498,2.1324107487843094,Left Foot,Open Play,Normal,From Keeper,Right Center Forward,1,0,0,1,Ground Pass,,14.983324,1,1,1,387.3810404162241,0.39514065773356183,0.0801730598822886,0.027903717,0
3998857,Pernille Mosegaard Harder,Denmark Women's,5,1,0,12,20.515603817582363,22.050324099933132,1,1,2.2360769080623357,16.56257840495836,15,0,6,3.8049186783611177,17.0543939551092,1.301140150621599,Left Foot,Open Play,Normal,From Free Kick,Left Center Forward,1,0,0,1,Ground Pass,,6.0959,1,1,1,452.3757132835165,0.7511263022663955,0.10899396030186372,0.09273458,0
3998857,Janni Thomsen,Denmark Women's,7,1,0,3,5.295280917949493,73.85833665477386,0,1,2.8946230545743012,53.89077759903516,14,0,4,1.8928554575096457,3.460818923965827,0.7201374160473364,Left Foot,Open Play,Volley,Regular Play,Center Attacking Midfield,1,0,0,1,High Pass,,20.22004,1,1,1,391.10064071951365,0.729650572161266,0.5466420194559186,0.4437394,0
3998857,Ewa Pajor,Poland Women's,12,1,0,10,4.420407221060071,80.69260065780664,1,1,0.5712728898235625,0.0,13,0,2,2.07555118074862,2.461065106887026,1.903761657977455,Right Foot,Open Play,Half Volley,Regular Play,Center Forward,1,0,0,1,Low Pass,,21.00595,1,1,1,356.6941546338851,0.0,0.1292353534990751,0.31249267,0
3998857,Natalia Padilla-Bidas,Poland Women's,12,1,0,10,9.682974749528158,38.02160318195461,1,1,1.2470029483157108,20.462456569188,13,0,2,4.852459841447707,5.143988236148066,3.8810352588834647,Right Foot,Open Play,Normal,Regular Play,Right Wing,1,0,0,1,,,,0,0,0,368.162223547446,0.5381797414292006,0.12878304246083838,0.22221313,1
3998857,Signe Kallesøe Bruun,Denmark Women's,17,1,-1,2,50.59377432056241,8.971712855865553,1,0,1.9916840417536905,2.5435570843638744,14,0,1,,,,Right Foot,Open Play,Lob,From Counter,Right Center Forward,1,0,0,1,Ground Pass,,23.446321,1,1,1,453.91281549855023,0.28350852565471263,0.03936618820201811,0.0072654877,0
3998857,Ewa Pajor,Poland Women's,19,1,1,2,8.969392398596465,43.70475879271934,0,1,2.7985129169545195,35.23411917481194,13,0,1,1.3363236336101634,8.12424960345369,1.308245218323016,Head,Open Play,Normal,Regular Play,Center Forward,1,0,0,1,High Pass,,23.345236,1,1,1,392.00513129790886,0.8061849589862397,0.31200696687017865,0.15093206,1
3998857,Paulina Tomasiak,Poland Women's,26,1,2,3,23.43885662740399,16.144390945983723,0,1,1.2752619898219246,12.884588771325468,10,0,1,2.468745250968429,21.094595871760365,0.7329067356409098,Left Foot,Open Play,Normal,Regular Play,Left Wing,1,0,0,1,,,,0,0,0,378.4060647196716,0.7980845368794044,0.05440802894501806,0.049772453,0
3998857,Natalia Padilla-Bidas,Poland Women's,28,1,2,27,7.7491935064237465,52.97344989552272,0,1,4.625304538444727,52.524046058324025,14,0,1,3.5438543477971325,7.6875697137901255,2.943379822941864,Left Foot,Open Play,Volley,From Free Kick,Right Wing,1,0,0,1,High Pass,,12.795312,1,1,1,410.50151394324837,0.9915164325131735,0.5968756019075468,0.38637865,0
3998857,Ewelina Kamczyk,Poland Women's,31,1,2,0,23.12249986485026,19.45447974896255,3,1,4.663592130760918,9.346641917476608,14,0,1,2.134303026566999,21.065736268205775,0.8244538613673313,Left Foot,Open Play,Normal,Regular Play,Center Attacking Midfield,1,0,0,1,,,,0,0,0,449.8362053661187,0.48043648753830265,0.2016906544715908,0.050584517,0
3998857,Sofie Bruun Bredgaard,Denmark Women's,43,1,-2,7,22.581629702038782,15.13540136601244,1,1,2.464381284925024,0.0,14,0,2,4.543112300028741,18.038626491925715,3.078781339953842,Left Foot,Open Play,Normal,From Throw In,Left Center Forward,1,0,0,1,Ground Pass,,8.757282,1,1,1,341.78202903902485,0.0,0.10913212719551979,0.024196096,0
3998857,Signe Kallesøe Bruun,Denmark Women's,45,1,-2,10,7.602631123499286,49.87775589338637,1,1,0.5008398247507391,0.0,15,0,4,6.892164862682339,0.8682399672908169,4.366626723525982,Head,Open Play,Normal,From Throw In,Right Center Forward,1,0,0,1,High Pass,,30.372684,1,1,1,379.20217932535917,0.0,0.06587717023421966,0.12434977,0
3998857,Signe Kallesøe Bruun,Denmark Women's,46,1,-2,22,9.11975876873944,47.30336103761767,1,1,0.41913161838842894,0.0,15,0,1,4.417642669586414,6.214041988159409,2.9041124960498905,Head,Open Play,Normal,From Throw In,Right Center Forward,1,0,0,1,High Pass,,25.283394,1,1,1,431.39524161366126,0.0,0.04595862993932707,0.098703764,0
3998857,Natalia Padilla-Bidas,Poland Women's,49,2,2,11,9.800510190801296,38.29132351909264,0,0,2.735252412915333,38.29132351909264,15,1,3,6.457634682475488,4.4379396741458566,5.441948281866516,Right Foot,Open Play,Normal,Regular Play,Right Wing,1,0,0,1,Ground Pass,,11.060289,1,1,1,375.27450636813677,1.0,0.2790928594189541,0.32135466,0
3998857,Sofie Bruun Bredgaard,Denmark Women's,52,2,-2,3,30.14448539948891,14.808466680026463,2,1,1.705810169706999,9.043989580424965,15,0,1,3.4918212681482705,26.703268849412318,1.254512188786208,Left Foot,Open Play,Normal,From Goal Kick,Left Center Forward,1,0,0,1,Ground Pass,,12.41934,1,1,1,446.39360762487576,0.6107309943590191,0.05658780195119603,0.025149522,0
3998857,Janni Thomsen,Denmark Women's,56,2,-2,4,18.721645226849056,20.33987122421596,0,1,2.300882418986283,15.567717721472773,14,0,2,4.346431353458295,14.411693375206049,2.8300920331853874,Right Foot,Open Play,Normal,Regular Play,Right Center Midfield,1,0,0,1,Ground Pass,,8.121576,1,1,1,380.7958530195672,0.7653793649852797,0.12289958447062897,0.112782195,0
3998857,Janni Thomsen,Denmark Women's,58,2,-2,1,22.02294258267954,18.92426962661101,1,1,3.793500336735805,6.569516716434454,15,0,1,3.892920538403414,18.61197708568751,2.999109664305614,Right Foot,Open Play,Normal,Regular Play,Right Center Midfield,1,0,0,1,Ground Pass,,24.135036,1,1,1,416.7681034060007,0.3471477021864296,0.17225220119854884,0.06444651,1
3998857,Adriana Achcińska,Poland Women's,61,2,1,10,34.31763395107535,13.289992189906375,4,0,12.076095339857554,3.403104456977847,15,0,0,,,,Right Foot,Open Play,Normal,From Throw In,Left Defensive Midfield,1,0,0,1,,,,0,0,0,456.08108718585726,0.2560651961528219,0.35189183954446684,0.015283983,0
3998857,Signe Kallesøe Bruun,Denmark Women's,68,2,-1,6,21.19292334719304,19.807026336595687,0,1,1.478551528616575,13.17908986146012,7,0,1,10.818128122855374,10.379291714511231,4.035138635434606,Right Foot,Open Play,Half Volley,Regular Play,Left Center Forward,1,0,0,1,High Pass,Through Ball,71.61515,1,1,1,419.7687908873062,0.6653744806261142,0.06976628492417994,0.13770433,0
3998857,Ewa Pajor,Poland Women's,71,2,1,1,20.37081245311536,17.36996847476144,1,1,0.8693403907981558,0.0,9,0,2,3.5991020655576507,16.812689200198335,2.6695117022683235,Left Foot,Open Play,Normal,From Counter,Center Forward,1,0,0,1,Ground Pass,,22.766861,1,1,1,353.8403701158915,0.0,0.04267578393345845,0.037595652,0
3998857,Ewa Pajor,Poland Women's,73,2,1,1,11.859595271340424,33.721877893496796,1,1,1.799515338482824,15.790517551931723,18,1,3,2.883425684332395,9.288519434981144,0.25922422031806747,Right Foot,Open Play,Normal,From Corner,Center Forward,1,0,0,1,Ground Pass,,35.842014,1,1,1,399.9278236064338,0.46825736104622145,0.1517349704868499,0.046472557,0
3998857,Klaudia Jedlińska,Poland Women's,73,2,1,2,28.016602220826137,12.495193292642575,2,0,1.8715211378110228,5.738708739708172,16,0,1,,,,Right Foot,Open Play,Half Volley,From Corner,Right Wing,1,0,0,1,,,,0,0,0,350.0728601523018,0.4592733065671934,0.06680043222442685,0.008973429,0
3998857,Martyna Wiankowska,Poland Women's,75,2,1,11,14.40555448429529,31.027066759912653,3,1,2.175522213851361,9.014925874839708,12,0,1,1.1140027949766529,13.719825754240198,0.8362578512259589,Right Foot,Open Play,Normal,From Throw In,Left Back,1,0,0,1,,,,0,0,0,446.9621006977891,0.29055037476140355,0.1510196789872324,0.1788615,1
3998857,Natalia Padilla-Bidas,Poland Women's,80,2,2,6,12.254386969571351,33.02071531223215,1,1,1.0412332002063027,6.648818083467012,12,0,3,2.351391582287245,10.136444430197795,1.8127638334010854,Head,Open Play,Normal,From Free Kick,Left Wing,1,0,0,1,High Pass,,43.229736,1,1,1,404.6486234481428,0.2013529392261237,0.08496819977953775,0.048198234,0
3998857,Signe Kallesøe Bruun,Denmark Women's,82,2,-2,5,7.42428447730824,56.5428408639407,1,1,1.027598144722216,4.2783384593514,14,0,3,3.2776709549202514,4.695713991370986,1.660890923335593,Head,Open Play,Normal,Regular Play,Left Center Forward,1,0,0,1,High Pass,,44.928833,1,1,1,419.79013572906496,0.07566543162637311,0.13841039468018654,0.10337336,1
3998857,Klaudia Słowińska,Poland Women's,85,2,1,3,22.951252689123535,19.333406691326402,2,1,3.4136070447781672,3.1734443137470203,11,1,1,1.3902628963250836,21.577292742081095,0.50042210122146,Right Foot,Open Play,Normal,From Free Kick,Center Attacking Midfield,1,0,0,1,Ground Pass,,29.722887,1,1,1,443.7259023142241,0.16414304857977932,0.14873292935317015,0.041846108,0
3998857,Nadia Nadim,Denmark Women's,89,2,-1,15,28.640006983239378,15.774944720429941,0,0,3.5363366765012185,15.77494472042995,12,0,2,,,,Left Foot,Open Play,Normal,From Goal Kick,Center Attacking Midfield,1,0,0,1,,,,0,0,0,451.79452695332867,1.0000000000000007,0.1234754125084796,0.057347782,0
3998857,Janni Thomsen,Denmark Women's,89,2,-1,2,21.498139454380702,16.386411654880554,2,1,1.5588405442726552,0.9412197926220917,16,0,2,3.5129791077654287,18.103041721557343,1.5758585995985257,Right Foot,Open Play,Half Volley,Regular Play,Left Wing Back,1,0,0,1,,,,0,0,0,352.2773629135114,0.05743904232637518,0.07251048620186563,0.02983149,0
3998857,Nadia Nadim,Denmark Women's,91,2,-1,7,6.369458375717673,38.005519755246986,0,0,3.849214519204476,38.00551975524698,18,1,1,4.143680410008333,8.148682275882155,2.169941077096361,Other,Open Play,Normal,From Throw In,Center Attacking Midfield,1,0,0,1,High Pass,,46.236134,1,1,1,242.0745761285614,0.9999999999999998,0.6043236790554848,0.1010115,0
3998857,Amalie Jørgensen Vangsgaard,Denmark Women's,93,2,-1,5,19.56859729260123,14.895257080503281,1,1,3.4861025821716423,6.423509854406013,19,0,2,2.824757622735812,16.768839807877264,2.408243813827255,Right Foot,Open Play,Half Volley,Regular Play,Right Center Forward,1,0,0,1,,,,0,0,0,291.4792873781358,0.43124531652521,0.1781478012984465,0.02839675,0
3998856,Jule Brand,Germany Women's,0,1,0,5,16.155494421403507,26.993736388064306,1,1,5.861839555574735,10.159436891579256,16,1,0,2.796935821900182,13.526951183616434,0.1534048537120256,Left Foot,Open Play,Normal,From Kick Off,Right Wing,1,0,0,1,,,,0,0,0,436.0971576302097,0.3763627511777661,0.3628387595373567,0.07965808,0
3998856,Lea Schüller,Germany Women's,1,1,0,9,22.230834442278585,19.44216562850758,1,1,4.0367261220745165,14.075707525218403,16,0,2,2.364695896709986,19.957756806375258,1.3048873436292112,Right Foot,Open Play,Half Volley,Regular Play,Center Forward,1,0,0,1,Ground Pass,,23.443762,1,0,1,432.21556528671124,0.723978377417973,0.1815823032894111,0.048322756,0
3998856,Kosovare Asllani,Sweden Women's,2,1,0,6,12.731064370271639,26.740497022679296,1,1,2.0036110207745064,4.654170392419073,13,0,2,4.5174822011384625,8.417496424325815,3.8173827354570733,Right Foot,Open Play,Normal,From Goal Kick,Center Attacking Midfield,1,0,0,1,Ground Pass,,16.200308,1,0,1,340.43498888878725,0.17404950956864237,0.15737969446240072,0.21016571,0
3998856,Lea Schüller,Germany Women's,4,1,0,2,5.70087712549569,69.44395478041653,1,1,0.942480025500468,46.726103568639786,19,0,4,3.6892600729198968,2.610096538080591,2.1762426465206985,Head,Open Play,Normal,From Corner,Center Forward,1,0,0,1,High Pass,,24.061588,1,0,1,395.89145331163365,0.6728606358377609,0.16532193288037578,0.17535955,0
3998856,Jule Brand,Germany Women's,6,1,0,4,14.676852523616914,27.36277162690432,1,1,1.9315796990833614,6.380338363019419,10,0,3,7.1025600526434705,7.623002051623854,3.901074165172119,Right Foot,Open Play,Normal,Regular Play,Right Wing,1,0,0,1,Ground Pass,Through Ball,25.406496,1,0,1,401.59936380548396,0.2331758803536547,0.13160721591875404,0.19288042,1
3998856,Lea Schüller,Germany Women's,9,1,1,8,16.902662512160628,26.6245042326138,2,1,1.0498299882843052,0.0,12,0,2,2.8396580612800886,14.755859936346699,1.7733237371310224,Left Foot,Open Play,Normal,From Goal Kick,Center Forward,1,0,0,1,Ground Pass,,15.155857,1,0,1,450.0250095974632,0.0,0.06211033247152657,0.073497,0
3998856,Emma Stina Blackstenius,Sweden Women's,11,1,-1,2,18.07097119692243,22.39943305712848,1,1,0.7942106009148616,10.110564509664952,4,0,1,6.31599393962381,11.831693676649868,3.6153379608328606,Right Foot,Open Play,Normal,Regular Play,Center Forward,1,0,0,1,Ground Pass,,30.83845,1,0,1,404.77950960276087,0.4513759113401903,0.04394952502885509,0.12851956,1
3998856,Klara Bühl,Germany Women's,17,1,0,11,15.402921800749363,24.32189322772361,0,1,0.6825350371721197,18.157908793745225,12,0,2,4.260921763240348,11.159681531133739,2.75002724827295,Left Foot,Open Play,Normal,Regular Play,Left Wing,1,0,0,1,Ground Pass,,24.338652,1,0,1,374.62821943280227,0.7465664216076612,0.04431204975272379,0.08271586,0
3998856,Smilla Holmberg,Sweden Women's,24,1,0,4,12.611502686040227,17.38936706183505,0,1,1.4932660300811404,10.226456112516932,12,0,3,4.551128853022214,8.098755806913795,3.846023988858974,Right Foot,Open Play,Normal,From Throw In,Right Back,1,0,0,1,,,,0,0,0,219.30604940887218,0.5880867357709202,0.11840508361735898,0.09091374,1
3998856,Emma Stina Blackstenius,Sweden Women's,29,1,1,4,19.307252523339518,17.311494030257524,1,1,3.0443150704784485,10.501375896063765,9,0,2,5.123375410880507,14.18773174337419,3.6764872130394437,Left Foot,Open Play,Normal,Regular Play,Center Forward,1,0,0,1,High Pass,,55.64243,1,0,1,334.23738679846656,0.6066129172738737,0.1576772804311922,0.07296159,0
3998856,Fridolina Rolfö,Sweden Women's,30,1,1,3,8.338465086573185,51.12511850865978,2,0,0.5828072157767439,0.0,13,0,2,9.21153817129024,6.517825784681946,6.9257256738479995,Left Foot,Open Play,Normal,From Free Kick,Left Wing,1,0,0,1,Ground Pass,,5.841233,1,0,1,426.30501573137616,0.0,0.06989382454993968,0.5249184,0
3998856,Fridolina Rolfö,Sweden Women's,33,1,1,0,12.0,36.86989764584404,0,1,10.243264927087624,30.79056062177481,14,0,0,0.7339050254010054,11.31491772404023,0.2555687491905445,Left Foot,Penalty,Normal,Other,Left Wing,1,0,0,1,,,,0,0,0,442.43877175012847,0.8351138079507391,0.8536054105906353,0.7835,1
3998856,Lea Schüller,Germany Women's,37,1,-2,3,28.065993657805876,15.692080592925311,0,1,7.347715471255734,12.984722859556252,16,0,0,2.724169988123517,25.397948497769068,0.19007964167667524,Right Foot,Open Play,Normal,From Keeper,Left Midfield,1,0,0,1,High Pass,,35.09259,1,0,1,440.4138343988205,0.8274698044445644,0.2618013657682184,0.032305542,0
3998856,Kosovare Asllani,Sweden Women's,38,1,2,3,20.082330542046165,22.345155493570957,1,1,4.145939056641701,8.03901280929553,11,0,1,4.962853076535724,15.28866704604373,1.7601087522437027,Right Foot,Open Play,Normal,Regular Play,Center Attacking Midfield,1,0,0,1,,,,0,0,0,448.7427986353107,0.35976535547530547,0.2064471077179709,0.09002422,0
3998856,Smilla Holmberg,Sweden Women's,50,2,2,5,29.47168132292422,15.072199544246114,2,1,5.304626958965316,9.909376889609604,16,0,0,2.206905275854219,27.27711534808369,0.2807848041280323,Left Foot,Open Play,Normal,From Throw In,Right Back,1,0,0,1,,,,0,0,0,444.20306180354515,0.6574605690774945,0.17999064596423858,0.023363832,0
3998856,Emma Stina Blackstenius,Sweden Women's,64,2,2,4,8.660831368869855,45.09209194427609,1,1,0.8981695691684137,6.641166413740114,16,0,1,2.599197627374439,6.412308403074059,2.174169232931362,Head,Open Play,Normal,Regular Play,Center Forward,1,0,0,1,High Pass,,29.234398,1,0,1,390.5350043989501,0.1472800690184686,0.10370477508622998,0.08723342,0
3998856,Ingrid Filippa Angeldal,Sweden Women's,65,2,2,1,14.761097520171054,24.873325740971644,2,1,2.7632628524491216,18.847562967339574,15,0,1,8.534199423131852,6.493472589525721,4.027292628058007,Left Foot,Open Play,Volley,From Corner,Right Defensive Midfield,1,0,0,1,,,,0,0,0,367.1575869134634,0.7577419748213903,0.18719901068827166,0.15284409,0
3998856,Giovanna Hoffmann,Germany Women's,72,2,-2,12,24.70182179516321,18.395018230677522,1,0,1.7410086468677357,0.0,16,1,2,,,,Left Foot,Open Play,Normal,From Free Kick,Center Forward,1,0,0,1,,,,0,0,0,454.3904622529746,0.0,0.07048098157718219,0.02646013,0
3998856,Johanna Rytting-Kaneryd,Sweden Women's,75,2,2,9,16.99941175452845,18.322794560188306,1,1,1.63064909762106,1.0426013019018099,14,0,2,4.276922396507482,12.858671493907165,3.7372540169408808,Right Foot,Open Play,Normal,Regular Play,Right Wing,1,0,0,1,Ground Pass,,26.102108,1,0,1,311.476729222275,0.056901871517305,0.09592385437611826,0.039750207,0
3998856,Lina Mona Andréa Hurtig,Sweden Women's,79,2,2,9,4.9678969393496875,71.27012932008974,0,1,2.976561456409543,51.07511662122919,13,1,2,2.0851066223706405,3.422237786090785,2.07042682623036,Right Foot,Open Play,Half Volley,From Throw In,Center Attacking Midfield,1,0,0,1,Low Pass,,9.741663,1,0,1,354.0626573163302,0.7166412788706987,0.5991592604976994,0.5746127,1
3998856,Selina Cerci,Germany Women's,84,2,-3,7,17.22614292289484,16.9569070886589,0,1,3.00913929648019,13.605376209344579,9,0,1,14.342457658658548,3.00913929648019,10.736119384935602,Right Foot,Open Play,Lob,From Free Kick,Left Center Midfield,1,0,0,1,High Pass,Through Ball,69.89935,1,0,1,292.1021050394869,0.8023501065500388,0.17468444967334024,0.16358313,0
3998855,Arianna Caruso,Italy Women's,5,1,0,1,25.00079998720041,16.81034394422212,4,1,3.934869364236025,2.2919326016895964,17,0,1,2.571027237020873,22.6362835917238,1.8184205362672046,Right Foot,Open Play,Half Volley,From Corner,Left Defensive Midfield,1,0,1,1,,,,0,0,0,420.2720466655428,0.13634061321376809,0.15738973817840027,0.022531956,0
3998855,Elena Linari,Italy Women's,8,1,0,1,8.006247560499244,52.726109596722075,2,1,0.3793211911316399,0.0,17,3,5,3.7970693742223585,5.275374810655484,2.5830990306415273,Head,Open Play,Normal,From Corner,Left Center Back,1,0,1,1,High Pass,Outswinging,39.4981,1,1,1,422.13828633337187,0.0,0.047378149159802735,0.073265135,0
3998855,Martina Piemonte,Italy Women's,9,1,0,1,11.211155159036917,39.24358140616601,3,1,1.234544962352728,0.0,18,1,5,2.00114105255758,9.242856211873494,0.41550169773975654,Right Foot,Open Play,Volley,From Corner,Center Forward,1,0,1,1,,,,0,0,0,439.9658801408233,0.0,0.11011755210234557,0.079127714,0
3998855,Lisa Boattin,Italy Women's,9,1,0,1,24.224367896810016,16.47373534682568,5,1,0.886715649922326,0.0,20,0,1,3.542981846068436,20.898151740459642,2.635909928059476,Left Foot,Open Play,Normal,From Corner,Left Wing Back,1,0,1,1,,,,0,0,0,399.0658256761884,0.0,0.03660428431815111,0.029644232,0
3998855,Martina Piemonte,Italy Women's,9,1,0,4,16.883423823383687,21.577089041394558,2,1,3.1522016691572716,1.4034449740999015,15,2,3,3.652901670445102,13.261883215205476,2.56841917744363,Right Foot,Open Play,Half Volley,From Throw In,Center Forward,1,0,1,1,Low Pass,,5.481788,1,1,1,364.29513916075194,0.06504329529379348,0.1867039352996307,0.060806826,0
3998855,Elisabetta Oliviero,Italy Women's,9,1,0,4,9.141662868428256,45.516769801376036,0,1,2.20435760978704,33.708076296331505,14,0,2,3.4015712791560544,5.8327176710126665,1.725185401135164,Left Foot,Open Play,Normal,From Throw In,Right Wing Back,1,0,1,1,,,,0,0,0,416.09896438403587,0.7405638942180045,0.2411331112854788,0.42367482,1
3998855,Athenea del Castillo Belvide,Spain Women's,13,1,-1,13,17.912007146045916,25.038703196687507,1,1,0.7878027798086862,12.381805102959046,17,1,3,2.2936265996142873,15.690678674250353,0.28227034802628737,Right Foot,Open Play,Normal,From Throw In,Right Wing,1,0,1,1,Ground Pass,,4.1773195,1,1,1,448.4934305867893,0.49450664460119065,0.04398182589953879,0.06852605,1
3998855,Patricia Guijarro Gutiérrez,Spain Women's,14,1,0,12,31.80062892459833,14.3381733280484,1,1,2.272702071962417,6.832025472512904,17,0,2,3.628489664135133,28.183874162343752,0.2517405148792591,Right Foot,Open Play,Normal,Regular Play,Center Defensive Midfield,1,0,1,1,Ground Pass,,10.06628,1,1,1,455.96292946184025,0.4764920409455551,0.07146720517229907,0.02191954,0
3998855,Alexia Putellas Segura,Spain Women's,18,1,0,14,13.946325680981353,21.301604372671243,1,1,2.3298448346830116,5.499904304531601,17,1,3,3.8233655221709704,10.124865559511102,3.051288425700335,Left Foot,Open Play,Normal,Regular Play,Left Center Midfield,1,0,1,1,Ground Pass,,13.892444,1,1,1,297.0791121086896,0.258192021986272,0.1670579683837606,0.074892886,0
3998855,Patricia Guijarro Gutiérrez,Spain Women's,19,1,0,34,25.527436220662658,17.662214997904023,1,1,2.5939085059041886,11.728136787889765,18,0,1,2.01814096798562,23.575082780026744,0.7474664398080506,Right Foot,Open Play,Normal,Regular Play,Center Defensive Midfield,1,0,1,1,Low Pass,,23.222834,1,1,1,450.87106687462637,0.6640241209430156,0.10161257415284826,0.044526134,0
3998855,Aitana Bonmati Conca,Spain Women's,26,1,0,1,22.54617484186619,18.674465743647772,5,1,2.819866481313107,3.765009315934619,19,0,2,2.7412254165717944,19.974818149051956,1.8246445974065395,Left Foot,Open Play,Normal,From Corner,Right Center Midfield,1,0,1,1,,,,0,0,0,421.0377697347234,0.20161269230501594,0.12507072712293849,0.04055748,0
3998855,Irene Paredes Hernandez,Spain Women's,28,1,0,1,9.222797840135058,46.51019729804369,1,1,1.6576324994858687,21.34258420625086,19,1,7,3.143608275890787,7.12209066759204,2.3964307521528383,Head,Open Play,Normal,From Corner,Right Center Back,1,0,1,1,High Pass,Outswinging,39.463528,1,1,1,428.9541471846528,0.45887967469767255,0.17973206484829493,0.07472925,0
3998855,Jana Fernandez Velasco,Spain Women's,39,1,0,7,23.397649454592656,17.699282795317192,2,1,4.01835393152754,6.963580901482359,19,0,1,2.226020823011343,21.43058650212552,1.7454752002006657,Right Foot,Open Play,Normal,From Throw In,Right Back,1,0,1,1,Ground Pass,,7.0035706,1,1,1,414.12161444253445,0.39343859194818653,0.1717417785630936,0.041364804,0
3998855,Barbara Bonansea,Italy Women's,42,1,0,3,8.15659242576212,44.46785635869247,0,1,1.8781598214239048,21.7022595748347,12,0,1,6.495229129991662,1.8781598214239048,4.783024216491285,Head,Open Play,Normal,Regular Play,Left Wing,1,0,1,1,High Pass,,19.933138,1,1,1,362.70618036518897,0.48804375456682864,0.23026280134972132,0.21590416,0
3998855,Arianna Caruso,Italy Women's,45,2,0,3,19.543285291884782,20.93567007417108,1,1,0.9210523992971413,1.0251594791604277,16,0,3,4.390595095787521,15.216441131410582,2.5213824935397184,Right Foot,Open Play,Normal,From Throw In,Left Defensive Midfield,1,0,1,1,Ground Pass,,4.560702,1,1,1,409.1517730363001,0.048967120494757675,0.04712884172445674,0.0321686,0
3998855,Patricia Guijarro Gutiérrez,Spain Women's,48,2,0,19,23.98853893008075,18.648217081264942,2,1,3.9262249104908116,5.511426570560763,18,0,1,3.3024631956843744,20.70975835352793,0.22744544920890064,Right Foot,Open Play,Half Volley,From Throw In,Center Defensive Midfield,1,0,1,1,,,,0,0,0,447.3434814305209,0.29554710493465114,0.1636708647381383,0.03505809,1
3998855,Aitana Bonmati Conca,Spain Women's,54,2,1,26,16.337992532744035,19.812054581658202,1,1,2.0174917861572372,2.81571656859541,17,0,3,4.462956039009512,11.905858112409648,3.516229239910899,Right Foot,Open Play,Normal,From Throw In,Right Center Midfield,1,0,1,1,Ground Pass,,6.6730804,1,1,1,323.68919981344897,0.14212138155535728,0.12348468039227282,0.044586,0
3998855,Irene Paredes Hernandez,Spain Women's,57,2,1,1,9.956907150315303,27.88903787783946,4,1,2.578022993376751,10.310284651925754,18,2,3,3.574883918313474,6.387303920493897,3.0631003869614233,Head,Open Play,Normal,From Corner,Right Center Back,1,0,1,1,High Pass,Inswinging,48.612137,1,1,1,277.68856066127404,0.3696895065755665,0.2589180510029275,0.053053346,0
3998855,Sofia Cantore,Italy Women's,60,2,-1,4,20.655265672462313,16.28977572554095,2,0,1.8973762309284892,0.0,11,0,3,,,,Right Foot,Open Play,Normal,From Free Kick,Right Wing,1,0,1,1,Ground Pass,,34.145863,1,1,1,336.46964535587585,0.0,0.09185920244337883,0.029608773,0
3998855,Alexia Putellas Segura,Spain Women's,60,2,1,7,17.149344010777792,25.659756853082474,1,1,2.704905335831172,18.67630572702598,16,0,2,3.4473381170211916,13.947303480131156,1.859619792722654,Left Foot,Open Play,Normal,From Free Kick,Left Center Midfield,1,0,1,1,Ground Pass,,17.348776,1,1,1,440.04799750642434,0.7278442205808516,0.1577264607982223,0.07337302,0
3998855,Salma Paralluelo Ayingono,Spain Women's,61,2,1,1,25.393896904571374,17.377626412718836,1,1,2.317235163001216,0.0,15,2,2,4.205038380561252,21.29385671881237,1.8496589110231056,Left Foot,Open Play,Normal,Regular Play,Center Forward,1,0,1,1,Ground Pass,,20.883726,1,1,1,441.2856535707386,0.0,0.09125165671536102,0.03361922,0
3998855,Alexia Putellas Segura,Spain Women's,70,2,1,12,17.007351351694943,25.919836713309234,1,1,3.8740909362370823,13.960936542608666,17,1,3,2.311880122751057,14.697638729812095,0.411735493073067,Left Foot,Open Play,Normal,Regular Play,Left Center Midfield,1,0,1,1,Ground Pass,,11.772,1,1,1,440.827769961812,0.5386197720697851,0.22778919868971795,0.108048685,0
3998855,Patricia Guijarro Gutiérrez,Spain Women's,72,2,1,19,17.978042162593784,22.74621785885406,1,1,1.843860707051786,16.744012496418392,19,0,3,3.3985453723555676,14.702384952683962,2.2009254371572595,Right Foot,Open Play,Normal,Regular Play,Center Defensive Midfield,1,0,1,1,Ground Pass,,10.5948105,1,1,1,408.93246370602196,0.7361229282300537,0.10256181904435821,0.10618672,0
3998855,Alexia Putellas Segura,Spain Women's,73,2,1,11,21.2339351039792,21.30541767429228,2,1,1.2959271576192228,0.0,12,0,3,2.61809458670403,18.80047392354683,0.7682527931128078,Right Foot,Open Play,Normal,Regular Play,Left Center Midfield,1,0,1,1,,,,0,0,0,452.3978562590937,0.0,0.06103094651430711,0.051292602,0
3998855,Aitana Bonmati Conca,Spain Women's,74,2,1,11,21.555741694499865,18.990570817411115,2,1,2.7169441281092213,1.8454181652287966,17,1,2,3.3376893321310845,18.30616110713189,2.0817025737384256,Left Foot,Open Play,Normal,Regular Play,Right Center Midfield,1,0,1,1,Ground Pass,,7.569016,1,1,1,409.35583917122113,0.09717549740721132,0.12604271133952552,0.04603091,0
3998855,María Méndez Fernández,Spain Women's,77,2,1,1,5.632051136131495,70.0041156505881,1,1,1.0683846593412425,31.185114374823428,20,2,7,1.4992699760890973,4.176922069582439,0.7146466725126288,Head,Open Play,Normal,From Corner,Left Center Back,1,0,1,1,High Pass,Inswinging,41.84985,1,1,1,394.2667590837753,0.4454754421936825,0.18969725833758805,0.12828135,0
3998855,Cristiana Girelli,Italy Women's,82,2,-1,1,13.594484175576506,32.609995990479185,0,1,0.6888696988639669,25.915067242582325,17,2,4,3.331758433281151,10.275548586725973,0.13888371494238783,Right Foot,Open Play,Half Volley,From Free Kick,Center Forward,1,0,1,1,High Pass,,34.178356,1,1,1,443.3160744581826,0.7946970386058462,0.050672735351119255,0.16795136,0
3998855,Annamaria Serturini,Italy Women's,85,2,-1,1,24.480604567698084,18.148634653026093,4,1,2.0401139175239,1.3150228460014255,20,0,1,2.0600181610405675,22.606559647441884,1.2112975297352264,Right Foot,Open Play,Half Volley,From Corner,Left Wing,1,0,1,1,,,,0,0,0,444.2895483843543,0.07245850010993303,0.08333592873011846,0.026301477,0
3998855,Claudia Pina Medina,Spain Women's,87,2,1,4,16.961426826773742,14.526916576324345,0,1,2.2054486915396256,8.875304222646411,19,0,2,4.7993901602985005,12.170476770472366,3.972702073820223,Left Foot,Open Play,Normal,From Corner,Left Wing,1,0,1,1,Ground Pass,,8.902246,1,1,1,246.3972325279719,0.6109558195653984,0.13002730926258563,0.033188567,0
3998855,Esther Gonzalez Rodríguez,Spain Women's,89,2,1,17,10.51189802081432,38.807382375952415,0,1,2.6820312649692752,29.10271422521263,13,1,2,3.8230133886203053,7.093204139962216,2.787163647300673,Head,Open Play,Normal,From Throw In,Center Forward,1,0,1,1,High Pass,,20.270422,1,1,1,407.9392459907587,0.7499272675305864,0.25514243571034073,0.1411324,0
3998855,Esther Gonzalez Rodríguez,Spain Women's,90,2,1,23,8.7641314458422,47.857717249586095,0,1,3.224064393004046,36.20359075082465,18,0,2,3.3083569862796844,5.909803943420217,2.167348015499009,Left Foot,Open Play,Volley,Regular Play,Center Forward,1,0,1,1,High Pass,Through Ball,30.69609,1,1,1,419.43132467332214,0.7564838615685909,0.3678703831551474,0.22980581,1
3998855,Arianna Caruso,Italy Women's,93,2,-2,1,16.76305461424021,16.48080165775556,1,1,0.7425074571213575,7.48776795802841,18,0,2,4.381604223892088,12.382430664122476,3.6008100043585074,Right Foot,Open Play,Normal,From Corner,Left Defensive Midfield,1,0,1,1,Ground Pass,,27.579702,1,1,1,276.26857827541704,0.4543327511319697,0.04429428133525244,0.050341096,0
3998855,Elisabetta Oliviero,Italy Women's,94,2,-2,2,39.573349618145805,11.494276850085656,2,0,8.781409226782928,1.6436701403521783,18,0,0,,,,Right Foot,Open Play,Normal,From Corner,Right Wing Back,1,0,1,1,Ground Pass,,11.926861,1,1,1,454.86703639619935,0.14299900392080164,0.2219020960195984,0.006264587,0
3998854,Justine Vanhaevermaet,Belgium Women's,0,1,0,2,11.388590782006354,37.485699592577845,0,1,3.740696434961163,30.1582295639762,17,0,1,2.3889547201556858,9.38957272532272,0.5334862180138416,Head,Open Play,Normal,Regular Play,Center Defensive Midfield,1,1,0,1,High Pass,,18.466455,1,1,1,426.90929283709136,0.8045262564593437,0.3284599918078851,0.117361926,0
3998854,Tessa Wullaert,Belgium Women's,2,1,0,4,11.322985472038729,32.396129905864576,1,1,1.239907075986604,15.765070354548481,10,0,2,2.395416712361305,9.52257521754662,2.316812062116668,Left Foot,Open Play,Normal,From Goal Kick,Right Center Forward,1,1,0,1,Low Pass,,23.441843,1,1,1,366.820908274384,0.4866343726969244,0.10950354736817974,0.2580902,1
3998854,Fátima Alexandra Figueira Pinto,Portugal Women's,6,1,-1,3,16.620770138594658,23.43332644017783,0,1,2.9319688503543953,18.81058451072756,20,1,2,1.8854726335473557,14.877228412339143,0.3554677118954288,Head,Open Play,Normal,From Corner,Center Defensive Midfield,1,1,0,1,,,,0,0,0,389.4799323448483,0.8027278823921342,0.17640391064347535,0.035745244,0
3998854,Janice Cayman,Belgium Women's,9,1,1,1,21.140009460735815,21.39217729959569,4,1,4.475241766932311,4.023652477562447,20,0,1,2.1938645805688437,19.357160948090076,1.3324634889404479,Right Foot,Open Play,Volley,From Free Kick,Left Center Back,1,1,0,1,,,,0,0,0,452.23083049919086,0.188089899462384,0.2116953530812915,0.03745445,0
3998854,Sari Kees,Belgium Women's,16,1,1,1,6.736467917239719,10.791466784852963,0,0,3.396230855289775,10.791466784853021,18,0,3,3.5363113974334275,3.635424845692584,3.169705653375402,Head,Open Play,Normal,From Corner,Center Back,1,1,0,1,High Pass,Inswinging,46.60526,1,1,1,72.69636977612005,1.0000000000000053,0.5041560201894923,0.029295478,0
3998854,Diana Micaela Abreu de Sousa e Silva,Portugal Women's,17,1,-1,5,35.1160931767758,12.058038828909204,1,1,1.6525657312219932,8.624802526627775,14,0,1,5.009495241912687,30.243908024131162,0.8523036498516063,Right Foot,Open Play,Normal,Regular Play,Left Center Forward,1,1,0,1,Low Pass,,5.10392,1,1,1,423.43121504515614,0.7152740714310665,0.04706006795525095,0.0064678057,0
3998854,Francisca Ramos Ribeiro Nazareth Sousa,Portugal Women's,25,1,-1,8,20.4628932460686,20.97599487876866,3,1,1.0298892601091814,0.0,18,0,2,2.609997982200287,17.85310570194861,0.8964622738603651,Left Foot,Open Play,Normal,From Throw In,Center Attacking Midfield,1,1,0,1,Ground Pass,,7.184706,1,1,1,429.22954393432474,0.0,0.05032960137770582,0.055484135,0
3998854,Diana Catarina Ribeiro Gomes,Portugal Women's,27,1,-1,1,7.844743462982074,52.80150183679115,0,1,2.7875289501365974,41.69779130069072,18,0,3,1.6887989745833656,6.201768865697915,0.15253497521180037,Right Foot,Open Play,Half Volley,From Free Kick,Right Center Back,1,1,0,1,High Pass,,40.53554,1,1,1,414.21423636980336,0.789708433475588,0.35533717109940466,0.35134873,0
3998854,Diana Micaela Abreu de Sousa e Silva,Portugal Women's,28,1,-1,6,19.10235587565052,10.52146464087702,0,1,2.5727700661879798,6.648528780322871,11,0,1,4.933097957006556,14.23604465549997,4.126627639223976,Left Foot,Open Play,Normal,Regular Play,Left Center Forward,1,1,0,1,High Pass,Through Ball,64.66297,1,1,1,200.98476190310635,0.6319014516755227,0.13468339104013083,0.0152978115,0
3998854,Joana Filipa Gaspar Silva Marchão,Portugal Women's,37,1,-1,10,27.694403766826248,12.78414904605368,0,1,3.4769957832586154,10.0670251390719,18,0,2,2.444681395849737,25.306677526615807,1.1435273374067236,Left Foot,Open Play,Normal,Regular Play,Left Back,1,1,0,1,Ground Pass,,18.361372,1,1,1,354.0493854966972,0.7874614964833717,0.12554867808432604,0.020055672,0
3998854,Francisca Ramos Ribeiro Nazareth Sousa,Portugal Women's,38,1,-1,8,20.79086337793599,15.571664180405044,1,1,0.3441671148274456,0.0,18,0,3,5.313364498472318,15.512668716579714,4.156720998099203,Right Foot,Open Play,Normal,From Corner,Center Attacking Midfield,1,1,0,1,Ground Pass,,7.7162166,1,1,1,323.7483425419009,0.0,0.01655376732419338,0.041475266,0
3998854,Joana Filipa Gaspar Silva Marchão,Portugal Women's,40,1,-1,7,27.506544675767618,11.894740232701231,2,1,0.28521475975372074,0.0,17,0,2,3.706117671250325,23.955401750910365,3.220458482404723,Left Foot,Open Play,Normal,Regular Play,Left Back,1,1,0,1,High Pass,,46.232674,1,1,1,327.1832036174469,0.0,0.010368978114687948,0.012154604,0
3998854,Mariam Abdulai Toloba,Belgium Women's,46,2,1,2,17.295664196555162,25.260346283234984,1,1,3.392935672150613,6.264820866501503,12,0,1,3.3772676936223798,14.169010921228988,1.9405877367730113,Left Foot,Open Play,Half Volley,Regular Play,Left Center Midfield,1,1,0,1,,,,0,0,0,436.89446680353257,0.24801009440869765,0.19617261491619362,0.08857504,0
3998854,Ana Ines Palma Capeta,Portugal Women's,47,2,-1,1,13.601470508735444,27.506446400099193,0,1,5.180496265821267,16.6020789677143,11,0,0,7.299797469335858,6.314791752476666,4.048968847075486,Right Foot,Open Play,Normal,Regular Play,Right Center Forward,1,1,0,1,Ground Pass,,16.909761,1,1,1,374.1281195110614,0.6035704767612012,0.3808776604334165,0.35658705,0
3998854,Andreia de Jesus Jacinto,Portugal Women's,48,2,-1,2,12.742448744256347,30.784392404841526,0,1,1.497642149715874,22.18035063328186,12,1,2,4.762912287111587,7.99851775661441,2.7486352446653655,Right Foot,Open Play,Normal,Regular Play,Right Defensive Midfield,1,1,0,1,Ground Pass,,15.79905,1,1,1,392.2685423417675,0.7205063637960095,0.11753173819050562,0.11217288,0
3998854,Francisca Ramos Ribeiro Nazareth Sousa,Portugal Women's,50,2,-1,1,24.340295807569806,15.068666383403711,0,0,4.860793092558573,15.068666383403695,15,0,1,4.767135769634807,21.864575913504485,1.3643506093469782,Right Foot,Open Play,Normal,From Counter,Center Attacking Midfield,1,1,0,1,Ground Pass,,22.377892,1,1,1,366.7757971976294,0.9999999999999989,0.1997014798417886,0.025674537,0
3998854,Fátima Alexandra Figueira Pinto,Portugal Women's,50,2,-1,2,8.75728268357257,7.509288894324408,1,1,1.7260639735737815,0.0,16,0,1,3.7520507894034787,5.081557991242023,3.6184477958280468,Head,Open Play,Normal,From Corner,Left Center Back,1,1,0,1,High Pass,,45.035984,1,1,1,65.76096560021094,0.0,0.1971004061352998,0.01648349,0
3998854,Francisca Ramos Ribeiro Nazareth Sousa,Portugal Women's,51,2,-1,1,10.778218776773826,37.47726027395818,0,1,2.0691065565532565,30.445993129698515,10,0,2,6.914890565882166,4.154569543877272,2.0084969959601224,Right Foot,Open Play,Normal,From Counter,Center Attacking Midfield,1,1,0,1,Ground Pass,,14.727186,1,1,1,403.9381103868159,0.8123857749242818,0.19197110389074776,0.32069376,0
3998854,Mariam Abdulai Toloba,Belgium Women's,52,2,1,2,15.606408939919527,25.22440022131598,1,1,2.375553775335658,5.376191380939142,14,1,3,3.668781493150679,12.779546841494597,3.349651339291242,Right Foot,Open Play,Normal,Regular Play,Left Center Midfield,1,1,0,1,Ground Pass,,12.61507,1,1,1,393.66230511805384,0.21313455756208505,0.15221655311487098,0.13455875,0
3998854,Diana Micaela Abreu de Sousa e Silva,Portugal Women's,53,2,-1,0,36.33235472688221,11.444721978174362,1,1,1.6896800711565803,7.8313579896297,11,0,3,7.1849614018544745,29.147804635160323,3.0683050952778075,Right Foot,Open Play,Normal,Regular Play,Left Center Forward,1,1,0,1,,,,0,0,0,415.813698661576,0.6842768225007543,0.04650620869080062,0.0069933697,0
3998854,Jill Janssens,Belgium Women's,57,2,1,5,8.800568163476717,42.74809154863384,1,1,0.6968133690790632,2.0188718826120757,14,1,2,2.894050229542925,5.906529959981184,1.7044911532622038,Head,Open Play,Normal,From Throw In,Right Wing Back,1,1,0,1,High Pass,,31.236036,1,1,1,376.2074935322951,0.047227181599796955,0.07917822532991813,0.07498941,0
3998854,Jéssica da Silva,Portugal Women's,71,2,-1,2,15.692354826475215,11.775741556785157,1,1,0.8732150469135417,0.0,14,0,2,4.781124780717381,10.993012627093966,4.083468696773743,Right Foot,Open Play,Normal,Regular Play,Left Center Forward,1,1,0,1,High Pass,,43.02023,1,1,1,184.78911485394232,0.0,0.05564588977049542,0.013692915,0
3998854,Mariam Abdulai Toloba,Belgium Women's,76,2,1,5,7.749193506423754,53.347513131580406,1,1,0.42991575723297565,0.0,11,0,2,4.132645045806322,4.8581424993759645,3.192292873203243,Head,Open Play,Normal,From Keeper,Left Center Forward,1,1,0,1,High Pass,,39.231876,1,1,1,413.4002023430988,0.0,0.05547877425910112,0.15721333,0
3998854,Fátima Alexandra Figueira Pinto,Portugal Women's,80,2,-1,7,9.847842403288139,39.3502295674719,0,1,2.4395720891847827,29.846687485830955,16,1,1,2.629253926066185,7.242964237896395,1.1472786461782292,Head,Open Play,Normal,From Free Kick,Right Center Forward,1,1,0,1,High Pass,,28.485962,1,1,1,387.51485931367245,0.7584882684014412,0.24772655666892307,0.12142891,0
3998854,Tatiana Vanessa Ferreira Pinto,Portugal Women's,82,2,-1,7,34.06948781534586,13.100616506683311,1,1,2.060597835848731,6.456181622275741,17,0,1,2.539816976009854,31.53379303234132,0.6719553967427458,Right Foot,Open Play,Normal,Regular Play,Right Center Midfield,1,1,0,1,Ground Pass,,13.152946,1,1,1,446.3312944479659,0.4928150991201143,0.06048220762862715,0.018922338,0
3998854,Telma Raquel Velosa Encarnação,Portugal Women's,86,2,-1,3,13.720787149431331,23.80676239925973,0,1,3.3699244797263286,14.717189666713468,11,0,1,6.256331214280736,7.572092797183934,5.06498811192489,Left Foot,Open Play,Normal,From Throw In,Left Center Forward,1,1,0,1,Ground Pass,,32.96195,1,1,1,326.64751959732786,0.6181936636277388,0.24560722668640755,0.23296362,1
3998854,Tessa Wullaert,Belgium Women's,89,2,0,2,10.184301645179206,41.202568013667154,0,1,1.9266786532997928,21.70439091208592,16,0,2,7.200170227091698,3.1291994824049794,3.134489529538534,Right Foot,Open Play,Normal,From Throw In,Center Forward,1,1,0,1,Low Pass,,25.588474,1,1,1,419.6193812071985,0.5267727706895947,0.1891812242434705,0.28472623,0
3998854,Janice Cayman,Belgium Women's,89,2,0,3,20.317972339778404,21.860136084527248,2,1,1.9192586298168983,0.8234460603534136,18,1,2,1.7197752412612985,18.652265006252954,0.06443409967261715,Left Foot,Open Play,Normal,From Throw In,Left Center Back,1,1,0,1,Ground Pass,,12.928264,1,1,1,444.1536403092164,0.037668844199751084,0.09446113016205782,0.060148843,0
3998854,Marie Detruyer,Belgium Women's,91,2,0,1,4.341658669218483,72.05474677020706,2,1,2.39409898556122,49.96296386607166,19,3,2,2.126164312405029,6.245409982947158,2.028276635285337,Left Foot,Open Play,Volley,From Corner,Right Wing,1,1,0,1,,,,0,0,0,312.83711597321195,0.693402809747021,0.5514249663463682,0.53154665,0
3998854,Janice Cayman,Belgium Women's,95,2,0,8,11.132385189167682,38.677930612439354,1,1,6.017644561730278,19.799310034868544,13,1,0,3.2611658149067466,8.288695161984764,2.049241237763191,Right Foot,Open Play,Half Volley,From Free Kick,Left Center Back,1,1,0,1,,,,0,0,0,430.57762189757517,0.5119019999612082,0.540553031491016,0.17328677,0
3998854,Janice Cayman,Belgium Women's,95,2,0,8,9.425497334358543,44.66771668590186,2,1,3.0946058471917954,12.136055085555224,13,2,1,3.280257682528287,6.40719759062185,1.930422776100528,Right Foot,Open Play,Volley,From Free Kick,Left Center Back,1,1,0,1,,,,0,0,0,421.01544455485055,0.2716963387874634,0.32832281814043934,0.11529419,1
3998854,Jéssica da Silva,Portugal Women's,97,2,-1,4,16.211724152600173,26.078304262836276,3,0,3.556786776537182,8.475465170624657,13,0,2,10.232015614361123,10.710140067983367,3.3337548486778488,Right Foot,Open Play,Half Volley,From Throw In,Left Back,1,1,0,1,,,,0,0,0,422.7742750766789,0.3250006244732289,0.21939595955725133,0.08497889,0
3998852,Noelle Maritz,Switzerland Women's,6,1,0,14,14.660491124106311,25.386153160340797,5,1,2.908344117652521,3.8397761031926083,17,0,2,1.9115701919039862,12.753196530415465,1.2281040262015779,Right Foot,Open Play,Normal,Regular Play,Left Center Back,1,0,1,1,Ground Pass,,8.5510235,1,1,1,372.17347308237964,0.1512547442277017,0.19837971954911646,0.08081563,0
3998852,Julia Stierli,Switzerland Women's,10,1,0,1,9.88584847142621,43.80867139594041,1,1,0.872200932226106,30.066883092004442,20,0,6,1.91339478332783,7.988639355977035,0.47118509791560115,Head,Open Play,Normal,From Free Kick,Center Back,1,0,1,1,,,,0,0,0,433.0858871547706,0.686322641932269,0.08822722043000072,0.05308422,0
3998852,Sydney Schertenleib,Switzerland Women's,12,1,0,5,27.05124766069025,13.87471619396432,1,1,3.335600369367166,5.651711926854185,17,1,3,2.483357972213484,24.57701312443018,1.592941692954831,Right Foot,Open Play,Normal,Regular Play,Left Center Forward,1,0,1,1,Ground Pass,,9.024965,1,1,1,375.3283839847184,0.4073389212323314,0.12330671069986623,0.025106711,0
3998852,Svenja Fölmli,Switzerland Women's,12,1,0,7,8.987213138676532,42.42741791291787,1,1,2.0447164179872,30.09090038650493,15,0,2,2.5070136108732877,7.470107790989182,0.5004372072911707,Right Foot,Open Play,Backheel,Regular Play,Right Center Forward,1,0,1,1,Low Pass,,22.550388,1,1,1,381.3042477070955,0.7092324224930775,0.2275139563773946,0.07705933,0
3998852,Oona Sevenius,WNT Finland,21,1,0,1,12.940247292845683,22.133291146217264,6,1,1.6260346966684776,0.0,19,0,2,3.787403544652283,9.489512540431134,3.642485093358367,Head,Open Play,Normal,From Corner,Center Attacking Midfield,1,0,1,1,High Pass,Straight,50.984802,1,1,1,286.4102608366033,0.0,0.12565715784793918,0.030522214,0
3998852,Saara Katariina Kosola,WNT Finland,21,1,0,1,20.01449474755733,21.874322479128065,8,1,3.318621376841825,4.947769067470632,20,0,1,2.305935709980196,17.712103680547653,0.49386049015066646,Left Foot,Open Play,Half Volley,From Corner,Left Midfield,1,0,1,1,,,,0,0,0,437.8035123648839,0.22619073446465235,0.1658108994855764,0.04413486,0
3998852,Géraldine Reuteler,Switzerland Women's,32,1,0,2,19.729419656948856,16.477179610912536,1,1,3.6982444366465765,6.970526043011206,18,1,1,3.109801084763058,16.73050643141251,2.68548814830708,Left Foot,Open Play,Normal,From Throw In,Right Center Midfield,1,0,1,1,Ground Pass,,14.89228,1,1,1,325.0851913066147,0.42304121261109234,0.18744821190642705,0.056761544,0
3998852,Eva Nyström,WNT Finland,44,1,0,1,9.154780172128657,45.08015750684928,1,1,1.035362332590456,0.0,16,1,4,3.524421025523008,5.661606431115197,0.9600466864514132,Left Foot,Open Play,Volley,From Free Kick,Left Center Back,1,0,1,1,High Pass,,41.54732,1,1,1,412.6989321001406,0.0,0.11309526969774468,0.13310277,0
3998852,Oona Siren,WNT Finland,46,2,0,7,27.724537868105212,15.900141360795766,1,1,2.6482280433494676,12.61054047469696,16,0,2,1.9727873525759387,25.77049596089367,0.7536022157227578,Left Foot,Open Play,Normal,Regular Play,Right Midfield,1,0,1,1,,,,0,0,0,440.82407126560815,0.7931087019006119,0.09551928533301307,0.0263423,0
3998852,Sydney Schertenleib,Switzerland Women's,49,2,0,3,24.340295807569802,12.291799355791637,0,0,1.524236367981071,12.291799355791625,13,0,2,,,,Right Foot,Open Play,Normal,Regular Play,Left Center Forward,1,0,1,1,Ground Pass,,20.719557,1,1,1,299.1860323272644,0.999999999999999,0.06262193278304512,0.011687038,0
3998852,Smilla Vallotto,Switzerland Women's,62,2,0,9,19.525624189766635,18.187528734348156,1,1,5.324671563766767,12.70305244304009,17,0,0,2.4338350766325343,17.22907795188133,0.8994584715830172,Right Foot,Open Play,Normal,Regular Play,Left Midfield,1,0,1,1,Ground Pass,,5.894065,1,1,1,355.1228510074641,0.6984485153856923,0.2727017334768444,0.073081635,0
3998852,Leila Wandeler,Switzerland Women's,64,2,0,4,29.567718883945034,14.677657475394332,1,1,7.234683447375085,8.170585956189985,12,0,0,4.087002312746595,25.700872485480936,2.3845308411561916,Right Foot,Open Play,Normal,From Throw In,Right Center Forward,1,0,1,1,,,,0,0,0,433.984850107294,0.556668253765097,0.2446818260066536,0.024132399,0
3998852,Smilla Vallotto,Switzerland Women's,72,2,0,1,13.37535046269816,30.720034440034794,0,1,5.05819108763039,23.921816831709066,8,0,0,3.5196368444093054,10.11960587421594,0.3655019827205095,Head,Open Play,Normal,From Counter,Left Midfield,1,0,1,1,High Pass,,31.416716,1,1,1,410.8912268616228,0.7787041019893457,0.3781726020366288,0.06468452,0
3998852,Alayah Pilgrim,Switzerland Women's,74,2,0,16,30.082054451117532,11.298404522432076,0,0,1.9522601960054293,11.298404522432108,16,0,2,,,,Right Foot,Open Play,Normal,Regular Play,Left Center Forward,1,0,1,1,Ground Pass,,11.569356,1,1,1,339.8792200545543,1.0000000000000029,0.06489783466012256,0.010137726,0
3998852,Natalia Kuikka,WNT Finland,78,2,0,0,11.900420160649796,37.156345075648375,0,1,9.669358506041279,31.30031797983171,12,0,0,0.7294867988746178,11.745996004689776,0.7094437160644489,Right Foot,Penalty,Normal,Other,Right Center Forward,1,0,1,1,,,,0,0,0,442.1761180343067,0.842394964200755,0.8125224467295872,0.7835,1
3998852,Alisha Lehmann,Switzerland Women's,82,2,-1,7,20.15341162185698,14.925567312340721,1,1,0.8921225737102525,0.0,17,1,3,4.366997741237218,15.820720815266338,3.628629315151997,Left Foot,Open Play,Normal,From Throw In,Right Wing Back,1,0,1,1,Low Pass,,34.406105,1,1,1,300.80110173533615,0.0,0.04426657830690655,0.024572853,0
3998852,Riola Xhemaili,Switzerland Women's,83,2,-1,0,28.873517277948668,15.424316855338896,2,1,9.780206902700163,4.337817020766466,20,0,0,0.5449416953162991,28.591986981624554,0.3921973687692386,Right Foot,Free Kick,Normal,From Free Kick,Center Attacking Midfield,1,0,1,1,,,,0,0,0,445.35427922318246,0.28123235936151014,0.338725857627658,0.041503437,0
3998852,Ana-Maria Crnogorčević,Switzerland Women's,89,2,-1,5,10.25524256173398,40.14203889396347,0,1,2.6366230159325963,31.620455924907823,18,1,2,2.7167435567344786,8.075770334050215,0.391384961734758,Head,Open Play,Normal,From Throw In,Right Center Back,1,0,1,1,High Pass,,29.026367,1,1,1,411.666345780155,0.7877142466139876,0.2571000149495041,0.09422376,0
3998852,Alisha Lehmann,Switzerland Women's,90,2,-1,3,24.39385168438966,12.389183367794272,1,1,0.6619189461616927,0.0,15,0,2,4.20641333279996,20.230770781598164,2.805430852292446,Left Foot,Open Play,Normal,Regular Play,Right Wing Back,1,0,1,1,High Pass,,48.39938,1,1,1,302.21990156468064,0.0,0.02713466305877698,0.012001339,0
3998852,Géraldine Reuteler,Switzerland Women's,91,2,-1,10,23.052114870440853,14.28185502776981,1,1,5.192076761688768,9.926236055274048,16,0,0,3.865856780313744,19.268168357964267,3.183513035415608,Right Foot,Open Play,Normal,Regular Play,Right Defensive Midfield,1,0,1,1,Ground Pass,,20.298769,1,1,1,329.2269626631329,0.695024283328276,0.22523212255663524,0.032492746,0
3998852,Riola Xhemaili,Switzerland Women's,91,2,-1,10,5.797413216254292,68.54118522024694,1,1,0.39265639882617853,0.0,17,1,4,2.848523995584708,4.202224881014895,1.3475179448171346,Right Foot,Open Play,Normal,Regular Play,Center Attacking Midfield,1,0,1,1,,,,0,0,0,397.361573053593,0.0,0.06772958631364796,0.5188118,1
3998852,Olga Ahtinen,WNT Finland,96,2,0,1,19.91607391028664,22.696240760127395,9,0,4.578005022485323,0.27119969269794125,21,1,1,,,,Right Foot,Open Play,Half Volley,From Free Kick,Right Center Midfield,1,0,1,1,,,,0,0,0,452.0200084643575,0.011949101860709157,0.22986483395810184,0.06700614,0
3998851,Lauren James,England Women's,3,1,0,12,7.021395872616782,44.56660600033144,0,1,0.961259218148304,31.418236838353415,14,0,3,3.7929289922240423,3.3243742987848384,2.703556914856911,Head,Open Play,Normal,From Free Kick,Right Wing,1,0,0,1,High Pass,,32.396606,1,1,1,312.9197834272655,0.7049726164500784,0.1369042901992158,0.15645443,0
3998851,Alessia Russo,England Women's,8,1,0,5,6.389053137985309,63.041812901616424,1,1,0.7567605388621023,0.0,13,0,3,2.8963033724830103,3.9735174502430577,0.41024097345777477,Head,Open Play,Normal,Regular Play,Center Forward,1,0,0,1,High Pass,,20.819462,1,1,1,402.77749254335515,0.0,0.1184464305614987,0.29619226,0
3998851,Lauren James,England Women's,21,1,0,4,17.29855485293497,25.648370827484584,1,1,1.090061056961787,0.0,11,0,3,2.786525797752799,14.839184477429253,0.7272875476102953,Left Foot,Open Play,Normal,From Keeper,Right Wing,1,0,0,1,Ground Pass,,7.877182,1,1,1,443.67974964765915,0.0,0.06301457354264718,0.07064835,1
3998851,Jill Roord,Netherlands Women's,25,1,-1,5,19.672569735548024,22.805479969351556,1,1,1.0324740027427661,10.945161038554003,14,1,2,2.2449698283392943,17.427655989303098,0.2818925548072144,Right Foot,Open Play,Normal,Regular Play,Left Wing,1,0,0,1,Ground Pass,,4.4553337,1,1,1,448.6423950497121,0.47993557045338586,0.052482925038364554,0.04543275,0
3998851,Lauren Hemp,England Women's,35,1,1,7,7.823042886243176,54.08196957282878,0,1,1.0058818025304064,41.58174128666072,16,0,1,2.576401519403655,5.51121805210714,0.7644896658951481,Head,Open Play,Normal,Regular Play,Left Wing,1,0,0,1,High Pass,,32.595093,1,1,1,423.08556734073807,0.7688651433203669,0.12857935424325104,0.13001947,0
3998851,Alessia Russo,England Women's,37,1,1,5,11.910079764636334,36.40453540554582,1,1,0.709656221121161,25.2349128847428,16,0,2,4.186940341038841,8.415151051758412,1.0321427580658877,Head,Open Play,Normal,Regular Play,Center Forward,1,0,0,1,High Pass,,34.60997,1,1,1,433.5809204745783,0.6931804678627638,0.059584506161603344,0.041583642,0
3998851,Lauren James,England Women's,37,1,1,5,7.376313442364012,22.614568806342056,1,1,0.5093348393522176,0.0,14,1,2,5.390863788173553,2.151524021933615,4.952384338246787,Right Foot,Open Play,Normal,Regular Play,Right Wing,1,0,0,1,,,,0,0,0,166.8121478794868,0.0,0.06905005370663621,0.056364562,0
3998851,Alessia Russo,England Women's,40,1,1,3,8.85889383614004,44.96329546977882,1,1,0.846403704451513,38.730184526717814,19,0,2,3.3647364524651167,6.365877055659245,0.3488115096090638,Head,Open Play,Normal,From Corner,Center Forward,1,0,0,1,High Pass,,32.442257,1,1,1,398.32506108976696,0.8613733517986806,0.09554282059443943,0.07208927,0
3998851,Alessia Russo,England Women's,41,1,1,11,8.041144197189857,52.4060054716004,2,1,0.3719070804982169,0.0,15,0,2,2.2324128241713757,6.252743824161878,1.5067190233615335,Head,Open Play,Normal,From Throw In,Center Forward,1,0,0,1,High Pass,,27.747793,1,1,1,421.4042467958594,0.0,0.04625051751070296,0.08385708,0
3998851,Georgia Stanway,England Women's,43,1,1,2,21.603703386225238,20.976153392512625,2,1,2.07342402870066,2.8581912236893907,18,2,2,2.275644105600804,19.4422355003027,0.6347677222639305,Right Foot,Open Play,Normal,From Free Kick,Left Defensive Midfield,1,0,0,1,Ground Pass,,4.570558,1,1,1,453.162596075805,0.1362590733489589,0.09597539790435644,0.0529295,0
3998851,Lauren James,England Women's,44,1,1,1,17.352809570787084,23.63949708405091,1,1,2.120678815947008,7.4496424727810195,9,0,2,4.520610480999015,12.86792920960507,2.407353993260955,Right Foot,Open Play,Normal,Regular Play,Right Wing,1,0,0,1,Ground Pass,,26.566332,1,1,1,410.211691248712,0.3151354043740272,0.12220953657654983,0.12680161,0
3998851,Georgia Stanway,England Women's,46,1,1,2,25.434228905158502,16.859911081718337,2,1,2.41086911275437,6.392861484180635,18,1,1,3.38260956832266,22.091572744030028,0.6912613894780009,Right Foot,Open Play,Half Volley,From Free Kick,Left Defensive Midfield,1,0,0,1,Low Pass,,6.521503,1,1,1,428.8188377730427,0.3791752787541442,0.09478837049647706,0.025737682,1
3998851,Victoria Pelova,Netherlands Women's,54,2,-2,0,18.869287214942702,22.261815968573146,1,1,3.162350862275403,8.040492423277112,13,0,2,3.2156972485390605,15.687850131354253,1.6266467183626432,Right Foot,Open Play,Normal,From Counter,Left Center Midfield,1,0,0,1,,,,0,0,0,420.06459943720455,0.3611786403511654,0.16759249176996566,0.053810593,0
3998851,Ella Toone,England Women's,59,2,2,5,11.76520293067654,35.956067748878546,0,1,2.9189241264517602,29.002900914280804,13,0,1,2.778285327900166,9.894361157659356,1.0894460083559778,Left Foot,Open Play,Normal,From Goal Kick,Center Attacking Midfield,1,0,0,1,,,,0,0,0,423.0304336547101,0.8066204880033188,0.24809806882641774,0.60967857,0
3998851,Lauren James,England Women's,59,2,2,5,9.718538984847468,44.68791457260009,1,1,4.748616019139642,26.56729109236496,13,0,1,3.6406923095394808,9.186538242829927,3.356861400923009,Left Foot,Open Play,Normal,From Goal Kick,Right Wing,1,0,0,1,,,,0,0,0,434.30123992534726,0.5945072923285261,0.4886141864063502,0.18024932,1
3998851,Ella Toone,England Women's,66,2,3,5,16.29294325774199,24.02553701241767,2,1,2.2393375288161925,7.395575150693517,15,1,4,1.834870554744313,14.458596215138453,0.9217832448511132,Left Foot,Open Play,Normal,Regular Play,Center Attacking Midfield,1,0,0,1,Ground Pass,,14.988329,1,1,1,391.44671128010106,0.3078214296259473,0.13744217317838608,0.07765715,1
3998851,Bethany Mead,England Women's,76,2,4,6,16.509694121939393,21.138451961419083,1,1,1.0567140928737424,0.0,12,0,3,3.8763945402726727,12.707032640556893,3.0175556792418234,Right Foot,Open Play,Normal,From Throw In,Left Wing,1,0,0,1,Low Pass,,27.821754,1,1,1,348.98937609433887,0.0,0.06400567357995426,0.06162352,0
3998851,Sherida Spitse,Netherlands Women's,78,2,-4,3,15.121177202850308,6.651988360520826,3,1,2.3169878838294387,0.0,18,0,1,6.918493134571435,8.20962855887442,6.721044502002584,Right Foot,Open Play,Half Volley,From Corner,Center Back,1,0,0,1,,,,0,0,0,100.5858947507331,0.0,0.1532280094827995,0.012254896,0
3998851,Alessia Russo,England Women's,81,2,4,15,9.98248466064436,43.14441426363473,1,1,1.3261380633778321,12.603887474411014,17,0,2,4.2664623793537455,6.4136750804175,2.551425246969899,Right Foot,Open Play,Normal,Regular Play,Center Forward,1,0,0,1,Ground Pass,,12.366487,1,1,1,430.6884535792194,0.2921325434480285,0.13284649147582372,0.3144121,0
3998851,Lucy Bronze,England Women's,82,2,4,1,10.807404868885033,40.60129464500447,5,1,1.9702114300617286,4.587549270480913,18,1,4,1.5579178321331146,9.249706002368647,0.08180130150680043,Head,Open Play,Normal,From Corner,Right Back,1,0,0,1,High Pass,Straight,41.818657,1,1,1,438.7946294294572,0.1129902213855971,0.18230199145532605,0.04357729,0
3998851,Wieke Hendrikje Maria Kaptein,Netherlands Women's,83,2,-4,7,24.54220853957525,17.707220626920694,0,1,1.5876518763574934,14.486359124600552,16,0,3,3.2547339748527784,21.34956413953362,1.527709071332339,Right Foot,Open Play,Normal,Regular Play,Right Center Midfield,1,0,0,1,Ground Pass,,15.115886,1,1,1,434.57430128215606,0.8181046269100306,0.06469066847824001,0.052457847,0
3998850,Clara Mateo,France Women's,0,1,0,3,13.061393493804555,7.662604102048944,1,0,1.2903816733102322,6.5907264919074295,14,0,3,10.480702843637777,2.7684365652909193,10.054750313301767,Right Foot,Open Play,Normal,Regular Play,Center Forward,1,1,1,1,Ground Pass,,27.166155,1,1,1,100.08428736410218,0.8601157523125983,0.0987935685363359,0.012036904,0
3998850,Clara Mateo,France Women's,1,1,0,10,11.580155439371266,32.20988580541779,0,1,1.6310181971694855,23.449401780230442,15,1,2,4.1075632525500865,7.8559534498750265,3.4377177069305276,Left Foot,Open Play,Half Volley,Regular Play,Center Forward,1,1,1,1,Low Pass,,7.3552704,1,1,1,372.9954843111362,0.7280187803797239,0.14084596754411444,0.17886883,0
3998850,Clara Mateo,France Women's,6,1,0,7,12.271104269787624,12.404332257988761,1,1,0.8221915581851945,0.0,12,0,2,4.205805494557673,8.18659173983307,4.1801360633101226,Right Foot,Open Play,Normal,Regular Play,Center Forward,1,1,1,1,Ground Pass,Through Ball,25.739075,1,1,1,152.21485453487026,0.0,0.06700224691346578,0.017931346,0
3998850,Jessica Fishlock,Wales W,12,1,-1,10,6.989277502002615,58.11181587062265,1,1,2.310296948903431,16.402547721559806,10,0,1,2.0303556101989004,5.774589869357623,0.9229122381943,Right Foot,Open Play,Normal,Regular Play,Left Center Forward,1,1,1,1,Ground Pass,,9.6187315,1,1,1,406.15960726506137,0.28225839230489114,0.3305487510320586,0.7009599,1
3998850,Selma Bacha,France Women's,21,1,0,0,31.911283270968596,13.983372705015958,4,1,8.690048297223917,4.975969199480921,20,1,0,3.007822526427691,28.930151459552143,0.9986213574637972,Left Foot,Free Kick,Normal,From Free Kick,Left Back,1,1,1,1,,,,0,0,0,446.22736747329463,0.35584900041289735,0.27231898584065156,0.029569194,0
3998850,Melvine Malard,France Women's,27,1,0,2,29.644561052577593,15.248375643242712,3,1,1.6871332977337994,0.0,16,0,2,2.2627743506639084,27.427164794618527,0.14543017831830696,Right Foot,Open Play,Normal,From Goal Kick,Left Midfield,1,1,1,1,,,,0,0,0,452.0314027087457,0.0,0.05691206878528239,0.020898202,0
3998850,Amel Majri,France Women's,39,1,0,1,18.06128456118224,23.67325499771347,2,1,2.456056114436649,6.603779456853663,18,5,4,5.2655890435031605,13.096030239831851,3.1083344327292153,Left Foot,Open Play,Half Volley,From Corner,Left Center Midfield,1,1,1,1,,,,0,0,0,427.5693950031326,0.27895527917438906,0.13598457552212345,0.05820469,0
3998850,Kadidiatou Diani,France Women's,44,1,0,0,12.0,36.86989764584404,0,1,8.661330617421031,30.911557438505742,18,0,0,0.9427643655727032,11.544477820630023,0.80909573111947,Right Foot,Penalty,Normal,Other,Right Midfield,1,1,1,1,,,,0,0,0,442.43877175012847,0.8383955316455857,0.7217775514517526,0.7835,1
3998850,Amel Majri,France Women's,52,2,1,1,19.22758435165479,19.550113039545973,0,1,4.603830054031199,15.752586402448532,13,0,1,7.872245106182546,11.810335639167958,6.067794112017317,Left Foot,Open Play,Normal,Regular Play,Left Center Midfield,1,1,1,1,Ground Pass,,11.764353,1,1,1,375.90144755225646,0.8057542363353192,0.23943881716139648,0.08616685,1
3998850,Ceri Holland,Wales W,57,2,-2,0,11.036756769993621,14.416564630866015,2,1,1.3401585752037568,0.0,10,0,2,4.98602365593831,6.118988654887015,4.896091770742807,Right Foot,Open Play,Normal,Regular Play,Left Midfield,1,1,1,1,,,,0,0,0,159.11211728976107,0.0,0.1214268469562849,0.030264871,0
3998850,Kayleigh Anne Marie Barton,Wales W,58,2,-2,1,7.600657866263951,50.79173561597125,4,1,1.2373190877320819,1.9655798522380088,20,2,6,2.9921571660804034,4.871767055777093,2.3486029749586663,Head,Open Play,Normal,From Corner,Right Midfield,1,1,1,1,High Pass,Inswinging,44.463017,1,1,1,386.0506048507308,0.03869881248200427,0.16279105170935385,0.0779916,0
3998850,Onema Grace Geyoro,France Women's,62,2,2,35,5.2924474489597015,72.9661114186558,0,0,0.804590016463956,72.96611141865579,14,1,3,6.091128084265299,0.804590016463956,2.3981567453390014,Right Foot,Open Play,Half Volley,Regular Play,Right Center Midfield,1,1,1,1,High Pass,,17.229046,1,1,1,386.16931023817426,0.9999999999999998,0.15202607569057838,0.7254227,1
3998850,Clara Mateo,France Women's,68,2,3,43,13.652838532700807,28.572752676007163,0,1,2.342256908306443,19.382304740066182,12,0,1,6.491562638400985,7.4891561633182535,4.605954283329126,Right Foot,Open Play,Normal,From Throw In,Center Forward,1,1,1,1,Ground Pass,,8.05295,1,1,1,390.0991787203207,0.6783492287161295,0.17155823697001543,0.2894357,0
3998850,Onema Grace Geyoro,France Women's,71,2,3,6,23.875719884434893,18.072764856720447,1,1,1.686125476750353,11.959666605403594,12,0,1,3.8733844955661807,20.122975824322932,2.0498111088104167,Right Foot,Open Play,Normal,Regular Play,Right Center Midfield,1,1,1,1,,,,0,0,0,431.5002712563165,0.6617508001802134,0.0706209272395416,0.04079697,0
3998850,Hannah Cain,Wales W,81,2,-3,1,4.904079934095695,54.29330859939708,2,1,1.5333057194395086,10.047771816729027,18,2,3,2.973241283920387,2.174023834977607,2.972149601257634,Right Foot,Open Play,Half Volley,From Corner,Right Center Forward,1,1,1,1,,,,0,0,0,266.2587252579685,0.18506464380107066,0.31265920214292914,0.31176624,0
3998850,Josie Green,Wales W,81,2,-3,1,5.651548460377916,33.12230514180664,4,1,0.6517909985983011,0.0,17,2,4,5.000465825942175,0.6517909985983013,4.85972376399539,Right Foot,Open Play,Normal,From Corner,Right Center Back,1,1,1,1,,,,0,0,0,187.19231262834487,0.0,0.1153296310149159,0.14414477,0
3998850,Josie Green,Wales W,81,2,-3,1,5.154609587543946,50.45074460718102,1,0,0.8973889214868096,25.247246342945072,17,2,6,6.032837076683417,0.9052254262331841,5.6567365691578075,Right Foot,Open Play,Normal,From Corner,Right Center Back,1,1,1,1,,,,0,0,0,260.0538918509063,0.5004335721806462,0.17409445007345262,0.18506242,0
3998850,Sakina Karchaoui,France Women's,84,2,3,14,29.8104008694952,14.346953053624665,1,0,2.9921705335577675,8.349659510713671,17,0,2,,,,Left Foot,Open Play,Normal,From Free Kick,Center Defensive Midfield,1,1,1,1,Ground Pass,,15.387333,1,1,1,427.68842178437956,0.5819813781717355,0.10037337460361484,0.023405427,0
3998850,Kadidiatou Diani,France Women's,85,2,3,24,18.832153355365392,20.349031233303194,0,1,1.5489961552360212,15.533059739058888,17,0,3,4.557763182628362,14.280645117519336,2.3411052857968357,Left Foot,Open Play,Normal,From Free Kick,Right Midfield,1,1,1,1,Ground Pass,,8.515867,1,1,1,383.2160768186859,0.7633316574617816,0.08225273690194876,0.0652174,0
3998850,Marie-Antoinette Katoto,France Women's,87,2,3,10,7.324616030891998,50.454947058198,0,0,1.96707811328628,50.45494705819801,17,1,4,5.9733453681775455,3.0426219998586173,5.307452396992325,Left Foot,Open Play,Volley,From Throw In,Center Forward,1,1,1,1,Ground Pass,,9.679876,1,1,1,369.56311406028414,1.0000000000000002,0.2685571646336153,0.2609941,0
3998848,Madelen Fatimma Maria Janogy,Sweden Women's,1,1,0,6,14.263590010933433,10.398961239591326,0,0,2.463933939385799,10.398961239591301,16,0,1,5.37710115609534,11.232676678060502,2.3794575772124134,Left Foot,Open Play,Half Volley,From Throw In,Left Wing,1,0,1,1,,,,0,0,0,148.3265196611188,0.9999999999999976,0.17274290255799038,0.06337628,0
3998848,Kosovare Asllani,Sweden Women's,2,1,0,2,7.3999999999999995,55.31123134814748,0,0,2.319751467863624,55.31123134814748,14,1,1,4.0288690128799605,5.060446904008676,1.477375860034961,Head,Open Play,Normal,Regular Play,Center Attacking Midfield,1,0,1,1,High Pass,,21.143557,1,1,1,409.30311197629135,1.0,0.31347992808967895,0.18895821,0
3998848,Gun Nathalie Björn,Sweden Women's,2,1,0,1,6.1717096496837875,63.34126882362866,3,1,0.5032348910975072,0.0,19,3,5,2.0104734456912445,4.2398527970185285,0.4772417385675638,Head,Open Play,Normal,From Corner,Right Center Back,1,0,1,1,High Pass,Inswinging,43.052757,1,1,1,390.92392002200387,0.0,0.08153897698724223,0.12518665,0
3998848,Ingrid Filippa Angeldal,Sweden Women's,4,1,0,3,17.79915728342216,22.921474296695244,2,1,1.8544791870109685,10.820324076510406,17,0,2,3.561676753515082,14.688572794781905,2.8419075958934883,Right Foot,Open Play,Normal,Regular Play,Right Defensive Midfield,1,0,1,1,Ground Pass,,12.467959,1,1,1,407.982926174797,0.47206056366411175,0.10418915668205256,0.06296742,0
3998848,Martyna Wiankowska,Poland Women's,4,1,0,9,28.825856448681623,14.476587995926488,1,0,1.505234572058058,12.622788439615428,12,0,2,,,,Left Foot,Open Play,Normal,From Goal Kick,Left Back,1,0,1,1,Ground Pass,,10.9252,1,1,1,417.30004743728455,0.8719449944398021,0.052218208147182435,0.02314211,0
3998848,Madelen Fatimma Maria Janogy,Sweden Women's,12,1,0,9,11.476933388322855,27.71771245548215,0,1,2.067863676148938,14.928142198073743,13,0,2,6.108631284697794,5.387036954023976,4.354012828894021,Head,Open Play,Normal,Regular Play,Left Wing,1,0,1,1,High Pass,,43.39078,1,1,1,318.11433952825536,0.5385777135126163,0.18017562759864714,0.07607604,0
3998848,Nadia Krezyman,Poland Women's,14,1,0,2,16.65172663719892,11.761283187715243,0,1,1.4752085687158998,6.150066392498595,12,1,2,4.395539246590481,12.258022122090289,4.05558828603219,Left Foot,Open Play,Normal,Regular Play,Right Midfield,1,0,1,1,High Pass,,78.952705,1,1,1,195.84567254451773,0.522907772420818,0.08859192808392469,0.018829325,0
3998848,Emma Stina Blackstenius,Sweden Women's,21,1,0,5,8.215229759416347,47.40257225941613,2,1,0.8082390941919273,0.0,14,0,2,2.330931887834081,5.894717372239091,1.3750198667686249,Right Foot,Open Play,Normal,From Throw In,Center Forward,1,0,1,1,Ground Pass,,20.535336,1,1,1,389.4230222984392,0.0,0.09838301762230309,0.08763009,0
3998848,Amanda Ilestedt,Sweden Women's,22,1,0,1,8.44807670419724,50.512899338052364,0,1,1.2083542055233993,38.02310110116023,19,2,5,3.0372916546784703,5.515802128243328,0.31872560925206983,Head,Open Play,Normal,From Free Kick,Left Center Back,1,0,1,1,High Pass,,45.697483,1,1,1,426.7368481592603,0.752740420752619,0.14303305330112065,0.07570427,0
3998848,Emma Stina Blackstenius,Sweden Women's,27,1,0,10,5.557877292636101,71.30371340012455,0,1,2.4157044405908255,51.93212644464178,13,1,4,2.0493671107723,3.5662284874005605,0.09256851991871429,Head,Open Play,Normal,Regular Play,Center Forward,1,0,1,1,High Pass,,18.417654,1,1,1,396.2972895871847,0.7283228876625529,0.43464515558691963,0.3741814,1
3998848,Emma Stina Blackstenius,Sweden Women's,34,1,1,5,11.933147112141041,30.211322385834816,1,1,1.8616871723070278,9.629777629139404,17,0,2,2.571625988623764,9.372361957545428,1.7935567412960935,Right Foot,Open Play,Normal,Regular Play,Center Forward,1,0,1,1,High Pass,,28.825684,1,1,1,360.51615448248674,0.3187473062633802,0.15600973949385968,0.08068972,0
3998848,Emma Stina Blackstenius,Sweden Women's,42,1,1,1,15.815182578775374,24.60232564838361,0,1,3.501489180949726,17.498795951062935,10,0,2,6.919964757430406,9.069484949465107,2.6347584068108247,Right Foot,Open Play,Normal,From Counter,Center Forward,1,0,1,1,Ground Pass,Through Ball,27.818878,1,1,1,389.090271991675,0.7112659266914719,0.22140049054184607,0.26651496,0
3998848,Johanna Rytting-Kaneryd,Sweden Women's,43,1,1,1,19.48127305901748,22.044481032073218,4,1,1.5695602869694552,0.0,20,0,2,1.5720299029440616,17.917324715225647,0.6582007528272555,Right Foot,Open Play,Normal,From Corner,Right Wing,1,0,1,1,,,,0,0,0,429.4545544301498,0.0,0.0805676447434701,0.053000126,0
3998848,Emma Stina Blackstenius,Sweden Women's,44,1,1,3,6.918092222571197,60.00757892586535,0,1,2.468076437251799,43.72097744557651,16,0,3,3.5195127104166937,4.12452718049534,1.8410586965395623,Head,Open Play,Normal,From Throw In,Center Forward,1,0,1,1,High Pass,,29.409012,1,1,1,415.13796506235633,0.7285909251494772,0.35675679910703867,0.22968477,0
3998848,Emma Stina Blackstenius,Sweden Women's,47,2,1,21,12.961867149450342,21.800109746557048,3,1,5.346107106332289,0.0,15,0,0,5.5308051338448,7.498819152727146,4.833262934031893,Right Foot,Open Play,Normal,From Throw In,Center Forward,1,0,1,1,Low Pass,,25.221024,1,1,1,282.57012637831,0.0,0.4124488428010925,0.07329216,0
3998848,Ewa Pajor,Poland Women's,47,2,-1,2,18.5310550158376,14.521092908614433,1,1,2.5737767387070103,0.0,12,0,1,3.7349000497923353,14.79618895776097,3.0553651615815696,Right Foot,Open Play,Normal,Regular Play,Center Forward,1,0,1,1,Ground Pass,,59.88205,1,1,1,269.09117157962334,0.0,0.13888991946261706,0.035835754,0
3998848,Natalia Padilla-Bidas,Poland Women's,49,2,-1,9,25.984995670578815,15.659847064063698,2,0,1.701663907434442,11.398706213359036,14,0,1,,,,Left Foot,Open Play,Normal,Regular Play,Left Midfield,1,0,1,1,,,,0,0,0,406.92105816162154,0.7278938400054269,0.06548640334626377,0.0276325,0
3998848,Kosovare Asllani,Sweden Women's,51,2,1,7,7.156814934033161,57.46035400275773,1,1,0.9597197057353573,35.473873825323885,15,1,2,2.696354392059371,7.32374873743293,2.488953525003012,Head,Open Play,Normal,Regular Play,Center Attacking Midfield,1,0,1,1,High Pass,,17.63094,1,1,1,411.23311964176867,0.61736260489487,0.1340987177370696,0.25056672,1
3998848,Emma Stina Blackstenius,Sweden Women's,57,2,2,8,16.204937519163717,25.64704824876156,1,1,1.5971419629784773,6.395848516596547,7,0,2,5.196571041203491,11.014248133024438,2.3009501856205787,Left Foot,Open Play,Normal,From Throw In,Center Forward,1,0,1,1,,,,0,0,0,415.60881442215833,0.24937951746183457,0.09855897075133557,0.07767692,0
3998848,Ewelina Kamczyk,Poland Women's,61,2,-2,4,26.379537524376733,16.516297069838608,1,0,3.6293470215422063,10.162512893882985,16,0,2,,,,Right Foot,Open Play,Normal,From Throw In,Left Center Midfield,1,0,1,1,Ground Pass,,12.101653,1,1,1,435.69227831756103,0.6153021376953406,0.13758190484531463,0.03167757,0
3998848,Amanda Ilestedt,Sweden Women's,65,2,2,9,7.03846574190711,57.177983923765744,2,1,1.1681319502588177,15.189132638453192,14,2,4,2.774075758052285,4.661355170433749,2.033880274759383,Head,Open Play,Normal,From Corner,Left Center Back,1,0,1,1,High Pass,,40.94142,1,1,1,402.4452810387407,0.2656465232965289,0.1659640031070615,0.13068472,0
3998848,Lina Mona Andréa Hurtig,Sweden Women's,76,2,2,1,4.427188724235734,83.88449643371456,2,1,0.8717392372420683,9.058249373167682,19,2,9,3.854262996877968,1.9871934286120978,2.7285485414628496,Head,Open Play,Normal,From Corner,Center Attacking Midfield,1,0,1,1,High Pass,Inswinging,38.827824,1,1,1,371.3724967495337,0.10798478572647212,0.19690582253020097,0.164793,1
3998848,Johanna Rytting-Kaneryd,Sweden Women's,79,2,3,10,15.065855435387663,18.25715909073939,2,1,0.4392490832185266,0.0,17,0,2,3.520973188718135,11.585694279877933,3.119631760921756,Left Foot,Open Play,Normal,Regular Play,Right Wing,1,0,1,1,Low Pass,,21.537178,1,1,1,275.0597195219533,0.0,0.029155270014525014,0.07983272,0
3998848,Emma Stina Blackstenius,Sweden Women's,79,2,3,3,12.888754788574415,27.093864170574808,1,1,1.8409523888191932,4.408059331517047,13,1,3,4.975583591576086,8.32530785407618,4.328204434300929,Right Foot,Open Play,Normal,From Goal Kick,Center Forward,1,0,1,1,,,,0,0,0,349.20617156948083,0.16269585260209593,0.14283399901836563,0.060763147,0
3998848,Ingrid Filippa Angeldal,Sweden Women's,81,2,3,1,16.604818577750247,27.08156359150015,6,1,8.30241302524615,0.7755206094977891,19,0,0,5.698481468003544,11.07338253870925,0.9821200194760138,Left Foot,Open Play,Volley,From Corner,Right Defensive Midfield,1,0,1,1,,,,0,0,0,449.6844502386664,0.02863647835094702,0.5000002250172748,0.046940733,0
3998848,Milena Kokosz,Poland Women's,85,2,-3,2,21.855205329623416,19.645568295394305,0,1,3.097653351750579,15.930361706164776,16,0,2,3.856782890965996,18.50959843599276,0.5168804735732451,Left Foot,Open Play,Normal,Regular Play,Right Center Midfield,1,0,1,1,Ground Pass,,19.848677,1,1,1,429.35792891298246,0.8108883116351223,0.14173526649744608,0.078623295,0
3998848,Ingrid Filippa Angeldal,Sweden Women's,89,2,3,0,23.027375013231534,19.290939511666263,5,1,8.321330032309756,8.93819603528456,17,1,0,1.8367730346989988,21.256216036472207,0.8347097848882328,Right Foot,Free Kick,Normal,From Free Kick,Right Defensive Midfield,1,0,1,1,,,,0,0,0,444.21969849270465,0.46333648135069605,0.3613668526060099,0.09498956,0
3998848,Milena Kokosz,Poland Women's,92,2,-3,12,29.780866340655713,13.382713689121802,1,0,2.608453631949342,6.421995352465748,15,0,1,,,,Left Foot,Open Play,Normal,From Free Kick,Right Center Midfield,1,0,1,1,,,,0,0,0,398.54880765099995,0.4798724310814402,0.08758823877424882,0.022848725,0
3998849,Klara Bühl,Germany Women's,1,1,0,1,15.839823231336892,20.70825680372407,1,1,0.7431256988629661,10.983152022441242,14,0,2,4.104729828212981,11.957579280000854,3.620260809338582,Right Foot,Open Play,Normal,From Counter,Left Wing,1,0,1,1,Ground Pass,,17.170322,1,1,1,328.01512720011874,0.5303754983599628,0.04691502474552841,0.06154986,0
3998849,Klara Bühl,Germany Women's,10,1,0,11,15.13208511739212,21.895967599845832,1,1,0.9141922688124007,0.0,9,0,2,4.182698585125662,10.957215415152554,2.799701919753005,Left Foot,Open Play,Normal,Regular Play,Left Wing,1,0,1,1,High Pass,,57.883762,1,1,1,331.3316454485272,0.0,0.060414163793043325,0.07313162,0
3998849,Klara Bühl,Germany Women's,17,1,0,0,17.713271860387625,23.261728379562516,0,1,2.7671913452500583,18.451890758301857,10,0,2,3.4296501700568376,14.29884617206406,1.2042883947636582,Right Foot,Open Play,Normal,From Counter,Left Wing,1,0,1,1,,,,0,0,0,412.0413187296849,0.7932295682084172,0.15622135577551638,0.08900484,0
3998849,Klara Bühl,Germany Women's,17,1,0,4,17.97470444819608,24.877518316913733,3,1,1.3358043709845582,0.0,15,0,1,1.6814795742335247,16.47128580425172,0.5024096963676286,Right Foot,Open Play,Normal,From Counter,Left Wing,1,0,1,1,Ground Pass,,15.515799,1,1,1,447.1660391511087,0.0,0.07431579055079363,0.06407818,0
3998849,Amalie Jørgensen Vangsgaard,Denmark Women's,25,1,0,3,17.61817243643619,20.282559088916596,1,1,1.8670196245930277,0.0,14,0,1,4.493193855432584,13.412233979106727,3.7821028571439825,Right Foot,Open Play,Normal,From Corner,Right Center Forward,1,0,1,1,,,,0,0,0,357.3416234807387,0.0,0.10597124255248175,0.1039813,1
3998849,Pernille Mosegaard Harder,Denmark Women's,27,1,1,8,16.26314852665375,17.00611131945193,0,1,1.9238509509566304,16.291687274728744,11,0,2,3.8929579843553843,13.067522365125434,1.5563108347685741,Right Foot,Open Play,Normal,From Throw In,Left Center Forward,1,0,1,1,Ground Pass,,19.039433,1,1,1,276.5729142490543,0.957990158284686,0.1182951104334823,0.06378303,0
3998849,Janni Thomsen,Denmark Women's,28,1,1,9,22.00568108466539,19.910370610037596,0,1,1.0868330730879407,16.02199204455765,13,0,2,4.407447359051027,17.685554601357865,1.9166991634659638,Right Foot,Open Play,Normal,Regular Play,Right Midfield,1,0,1,1,,,,0,0,0,438.14126592198204,0.8047058670259175,0.04938874960999494,0.059180163,0
3998849,Klara Bühl,Germany Women's,39,1,-1,0,22.90087334579186,3.3317789921180974,2,1,10.282005551036088,0.0,20,0,0,0.8804145733398497,22.020933184698883,0.8729758976007105,Right Foot,Free Kick,Normal,From Free Kick,Left Wing,1,0,1,1,,,,0,0,0,76.30064871466661,0.0,0.448978752721911,0.010534537,0
3998849,Sarai Linder,Germany Women's,40,1,-1,1,26.81510768205118,16.72055044921593,4,1,2.6134590328403178,4.689820554867081,21,0,1,1.5818270780127148,25.336821843575557,0.27851400566916595,Right Foot,Open Play,Half Volley,From Corner,Left Back,1,0,1,1,,,,0,0,0,448.36336079889446,0.2804824260487787,0.09746218675786444,0.017786637,0
3998849,Carlotta Wamser,Germany Women's,40,1,-1,3,22.561028345356956,19.646461454712558,3,1,4.603589308743189,4.569042323006672,20,0,1,1.7417728277432925,20.856951395071853,0.7161987088365365,Right Foot,Open Play,Normal,From Corner,Right Back,1,0,1,1,Ground Pass,,29.934093,1,1,1,443.24437376573286,0.23256311746208652,0.20405050861480808,0.038863935,0
3998849,Klara Bühl,Germany Women's,40,1,-1,5,17.902513789968157,15.422161318738677,5,1,1.5803025639387982,0.0,20,0,2,3.669096240085662,14.337592281683849,3.359905790074869,Left Foot,Open Play,Normal,From Corner,Left Wing,1,0,1,1,,,,0,0,0,276.0954556798327,0.0,0.08827266284941145,0.040853757,0
3998849,Linda Dallmann,Germany Women's,41,1,-1,1,19.10235587565052,21.63700310970336,5,1,2.4838819674941734,2.7534802645631835,20,0,2,2.227785133875906,16.918602183543275,1.3037502533905752,Left Foot,Open Play,Volley,From Corner,Center Attacking Midfield,1,0,1,1,,,,0,0,0,413.3177334841106,0.12725793172938787,0.13003013783552947,0.039198276,0
3998849,Sjoeke Nüsken,Germany Women's,41,1,-1,1,11.512167476196657,33.660556439476366,2,1,4.289789714873423,16.358049946491587,20,1,2,1.3647217934288294,10.377356287708386,0.018530648399078586,Left Foot,Open Play,Volley,From Corner,Left Defensive Midfield,1,0,1,1,,,,0,0,0,387.5059630732218,0.4859708714531891,0.37263093363984545,0.14213695,0
3998849,Klara Bühl,Germany Women's,42,1,-1,10,18.738729946290388,21.734172717952045,2,1,2.350680788752844,4.101319204491567,19,1,2,3.2724091109675144,15.47261991637536,1.3176796918637734,Left Foot,Open Play,Half Volley,From Throw In,Left Wing,1,0,1,1,,,,0,0,0,407.2707931677355,0.18870371822820517,0.1254450432601595,0.04393427,0
3998849,Sara Holmgaard,Denmark Women's,43,1,1,3,23.443975772040037,12.592002644444396,0,1,0.926886639490323,8.303884468489471,12,0,1,7.466673511657234,16.037567468008135,5.235378434335658,Left Foot,Open Play,Half Volley,From Free Kick,Left Midfield,1,0,1,1,High Pass,,21.072256,1,1,1,295.2066049178185,0.6594570143418095,0.03953623943749997,0.02108098,0
3998849,Sara Holmgaard,Denmark Women's,44,1,1,1,5.685068161420753,60.46121774044194,4,1,0.6379337516838818,0.0,17,4,7,1.8697020132896265,3.815374010032231,1.444252681292106,Head,Open Play,Normal,From Corner,Left Midfield,1,0,1,1,High Pass,Inswinging,35.682068,1,1,1,343.7261439769141,0.0,0.11221215534634083,0.16868399,0
3998849,Klara Bühl,Germany Women's,44,1,-1,2,21.5870331449229,16.441915580968864,1,1,1.886721832315073,6.824512667768479,16,0,3,2.6263230205011223,18.96775731921097,1.8135673451893766,Left Foot,Open Play,Normal,From Keeper,Left Wing,1,0,1,1,Ground Pass,,18.808775,1,1,1,354.9321766123991,0.4150679787985102,0.08740070113612695,0.030154252,0
3998849,Sjoeke Nüsken,Germany Women's,46,1,-1,1,6.500000000000005,49.92454970011894,3,1,2.221758714396198,14.810033020512833,19,1,3,0.7339568541069158,5.879385522300902,0.7294200001399105,Right Foot,Open Play,Volley,From Corner,Left Defensive Midfield,1,0,1,1,Low Pass,Inswinging,35.017853,1,1,1,324.5095730507734,0.2966483044809025,0.3418090329840302,0.14574385,0
3998849,Sjoeke Nüsken,Germany Women's,46,1,-1,1,7.3824115301167,32.787846364449585,2,1,0.7937013162298256,0.0,19,2,5,5.913792693865649,1.542513424213801,5.530630228880682,Right Foot,Open Play,Normal,From Corner,Left Defensive Midfield,1,0,1,1,,,,0,0,0,242.05337504860753,0.0,0.10751247244777737,0.0653394,0
3998849,Sarai Linder,Germany Women's,47,1,-1,2,32.96452638822526,13.487717988436918,3,1,3.0592390052283522,5.1024598163881985,20,0,1,1.7536339764952793,31.500247205619427,0.5820668798366597,Right Foot,Open Play,Normal,From Corner,Left Back,1,0,1,1,Ground Pass,,17.844326,1,1,1,444.6162355467693,0.37830415944065265,0.0928039726462169,0.018183427,0
3998849,Jule Brand,Germany Women's,46,2,-1,25,18.964440408301,21.706484718221727,0,1,2.029276621573516,17.52905975593784,18,0,4,2.5599375239675366,16.46233437180697,1.5397101089546013,Left Foot,Open Play,Normal,From Kick Off,Right Wing,1,0,1,1,Ground Pass,,20.227703,1,1,1,411.6513359124123,0.8075494481712598,0.10700429740522548,0.060457006,0
3998849,Carlotta Wamser,Germany Women's,50,2,-1,6,21.810318658836692,19.19099613764516,1,1,3.6407000105770315,15.146751507809238,18,0,1,2.090103519733682,20.112724562119684,0.3824953582200976,Right Foot,Open Play,Volley,From Free Kick,Right Back,1,0,1,1,,,,0,0,0,418.56174114254515,0.7892634337045845,0.1669255762616729,0.03315497,0
3998849,Sjoeke Nüsken,Germany Women's,55,2,-1,0,11.900420160649796,37.156345075648375,0,1,10.134425562589579,31.14340637092644,18,0,0,0.4721183076156634,11.439746935444068,0.09742511367539919,Right Foot,Penalty,Normal,Other,Right Defensive Midfield,1,0,1,1,,,,0,0,0,442.1761180343067,0.8381719544137103,0.8516023321680947,0.7835,1
3998849,Lea Schüller,Germany Women's,65,2,0,28,12.747548783981959,31.67727672728029,0,1,2.2325553627289776,23.2104544486962,10,0,2,4.6289792153674085,8.127905818437158,1.931722591951491,Right Foot,Open Play,Normal,From Throw In,Center Forward,1,0,1,1,Ground Pass,,9.859513,1,1,1,403.80763042470187,0.732716219532454,0.1751360516881735,0.34206623,1
3998849,Lea Schüller,Germany Women's,69,2,1,4,9.305912099305475,46.19183457664074,0,1,1.6848734460103223,45.91479878707805,13,0,2,4.306763049509464,7.108310839389955,2.6747245339613386,Head,Open Play,Normal,Regular Play,Center Forward,1,0,1,1,High Pass,,27.582785,1,1,1,429.85715227587804,0.9940024943347284,0.1810540899194684,0.13738438,0
3998849,Giovanna Hoffmann,Germany Women's,75,2,1,6,8.709190547921203,43.902513946619464,1,1,0.6467092458508226,0.0,13,1,3,3.565060988705481,5.699178588787501,3.0771687287124507,Head,Open Play,Normal,From Goal Kick,Center Forward,1,0,1,1,High Pass,,25.919298,1,1,1,382.355359493877,0.0,0.07425595321314742,0.09375351,0
3998849,Giovanna Hoffmann,Germany Women's,82,2,1,15,7.1175838597096925,58.607987716882796,1,1,0.8223497375752084,15.169917842327415,14,1,2,3.9432670119244855,3.1744195291641804,0.2959628724673493,Right Foot,Open Play,Backheel,Regular Play,Center Forward,1,0,1,1,Low Pass,,7.640026,1,1,1,417.14726742374893,0.25883703626899174,0.11553776587449295,0.173736,0
3998849,Klara Bühl,Germany Women's,89,2,1,21,23.53146829248018,18.660646016434345,1,1,2.6684003047113998,9.034546004102243,13,0,1,1.4794077315465763,22.08401541652124,0.667686728229647,Right Foot,Open Play,Normal,Regular Play,Left Wing,1,0,1,1,Ground Pass,,23.226063,1,1,1,439.1124000529214,0.48414969107422967,0.11339710176793878,0.05376168,0
3998849,Laura Freigang,Germany Women's,90,2,1,5,24.307406278745578,18.68426055041844,1,1,4.937457287312214,9.337521560814483,10,1,1,2.6911467897033914,21.874034337250624,1.1503547149482785,Right Foot,Open Play,Normal,Regular Play,Center Attacking Midfield,1,0,1,1,Ground Pass,,17.749647,1,1,1,454.1659122169595,0.4997533370730782,0.20312563301455705,0.045783803,0
3998849,Klara Bühl,Germany Women's,95,2,1,2,22.085742007005333,8.392106814878979,0,1,4.940399984841696,5.742441957394802,15,0,1,2.482224817515049,19.790079781418054,1.776633778822628,Left Foot,Open Play,Normal,From Corner,Left Wing,1,0,1,1,Ground Pass,,7.9195957,1,1,1,185.3459060086484,0.684267024248739,0.22369182721027261,0.008353199,0
3998849,Klara Bühl,Germany Women's,97,2,1,2,19.11072997035959,16.463238438667815,1,1,0.594965849701517,0.0,12,0,2,3.9078514883987623,15.274616368040245,3.2907174293759525,Right Foot,Open Play,Normal,Regular Play,Left Wing,1,0,1,1,Ground Pass,,25.133444,1,1,1,314.62450423902504,0.0,0.031132554885360146,0.051433187,0
3998846,Cristiana Girelli,Italy Women's,7,1,0,12,30.251115681905027,11.907540543050514,2,1,3.809762369839872,2.741250165453957,15,0,1,2.4470307730738865,27.80479259469473,1.564538682136714,Right Foot,Open Play,Normal,From Throw In,Left Center Forward,1,0,0,1,,,,0,0,0,360.2163864547953,0.2302112812921563,0.12593791283270636,0.009887733,0
3998846,Cristiana Girelli,Italy Women's,8,1,0,3,6.407807737440323,62.03472809528006,1,1,2.031904891500889,28.70173025005543,19,2,3,2.487830844084965,4.639687361941442,2.1365322687291695,Right Foot,Open Play,Volley,From Corner,Left Center Forward,1,0,0,1,High Pass,,31.46506,1,1,1,397.50661067894214,0.46267197634802265,0.3170982923892405,0.23085013,0
3998846,Cecilia Salvai,Italy Women's,19,1,0,1,7.22772439983706,57.091363380427026,3,1,0.2805281647808412,0.0,18,2,5,1.7147095271866546,6.020925641595682,0.7460679896240023,Head,Open Play,Normal,From Free Kick,Center Back,1,0,0,1,High Pass,,39.248566,1,1,1,412.6406401246764,0.0,0.038812792140658456,0.08823394,0
3998846,Carole da Silva Costa,Portugal Women's,22,1,0,2,36.694686263817545,10.458627733839139,1,0,3.2733984292440215,5.7695974931387894,19,0,1,,,,Right Foot,Open Play,Normal,From Throw In,Left Center Back,1,0,0,1,Low Pass,,20.137527,1,1,1,383.77606344328825,0.5516591315771877,0.0892063337375288,0.0060072704,0
3998846,Manuela Giugliano,Italy Women's,31,1,0,6,27.908421668019848,14.577818007212885,1,0,3.3680915897948847,11.908723382136154,17,0,1,,,,Left Foot,Open Play,Normal,Regular Play,Center Defensive Midfield,1,0,0,1,,,,0,0,0,406.84389194495003,0.8169071239772575,0.1206837000622779,0.02029358,0
3998846,Cristiana Girelli,Italy Women's,35,1,0,10,12.63012272307756,34.65195157122517,1,1,0.471837867118831,0.0,14,0,3,2.1725404985838024,10.722391229514097,0.5687243060162643,Head,Open Play,Normal,From Free Kick,Left Center Forward,1,0,0,1,High Pass,,37.869514,1,1,1,437.6584009387142,0.0,0.03735813795828732,0.045725204,0
3998846,Cristiana Girelli,Italy Women's,44,1,0,8,8.25651258098721,50.461189612724496,1,1,1.7174761864841288,40.74633499667484,12,1,3,3.4232551846347823,8.405642647475217,3.0689019944563825,Left Foot,Open Play,Normal,From Throw In,Left Center Forward,1,0,0,1,Ground Pass,,16.807438,1,1,1,416.6334468890409,0.8074786842995886,0.20801472409054025,0.1151876,0
3998846,Emma Severini,Italy Women's,58,2,0,3,9.391485505499123,42.94579527053197,0,1,1.7794050434925113,34.53146842982988,15,0,1,2.20352797827175,8.178522304149645,0.9039780682127443,Right Foot,Open Play,Volley,From Throw In,Right Center Midfield,1,0,0,1,High Pass,,32.801373,1,1,1,403.32481380533375,0.8040709972257579,0.18947003032167725,0.062078368,0
3998846,Arianna Caruso,Italy Women's,59,2,0,3,22.47576472558831,17.773227301403296,1,1,2.456608992760081,6.855057124373233,15,1,3,2.981218118042641,19.509596099669796,1.6957294726441035,Right Foot,Open Play,Normal,From Goal Kick,Center Defensive Midfield,1,0,0,1,,,,0,0,0,399.46687524074326,0.3856956875711587,0.10930035185691679,0.035911,0
3998846,Cristiana Girelli,Italy Women's,69,2,0,4,25.646247288833504,13.865322876703564,2,1,1.5662156016944488,0.0,15,0,1,3.492122596684332,22.453600088638403,3.075621111025306,Right Foot,Open Play,Normal,From Keeper,Left Center Forward,1,0,0,1,Ground Pass,,28.979475,1,1,1,355.59349923545994,0.0,0.06106997191656911,0.027573248,1
3998846,Diana Micaela Abreu de Sousa e Silva,Portugal Women's,78,2,-1,1,9.353608929178087,42.53982989850957,4,1,1.0429953101582814,0.0,18,1,3,2.298108099831497,7.512705386164735,2.0114804725914794,Head,Open Play,Normal,From Corner,Right Center Forward,1,0,0,1,High Pass,Straight,36.337307,1,1,1,397.9009327844161,0.0,0.11150726078623117,0.05671469,0
3998846,Carole da Silva Costa,Portugal Women's,88,2,-1,1,9.902019995940226,27.767174034206956,1,1,1.5217054494841786,0.0,18,0,5,5.333966970482511,4.573864004725581,4.376510413320602,Head,Open Play,Normal,From Corner,Center Back,1,0,0,1,High Pass,Inswinging,32.05807,1,1,1,274.9511125174695,0.0,0.15367626505582394,0.057450168,0
3998846,Diana Catarina Ribeiro Gomes,Portugal Women's,88,2,-1,5,14.369411957348843,26.362559362820676,1,1,3.6613300886969293,12.921352081491438,17,1,1,4.206816776232078,10.527654194492824,3.4525813130684497,Right Foot,Open Play,Half Volley,From Corner,Left Center Back,1,0,0,1,Low Pass,,10.804628,1,1,1,378.8144757344341,0.4901402744573625,0.25480027293840946,0.09480456,1
3998846,Valentina Bergamaschi,Italy Women's,89,2,0,3,6.552098900352463,28.13429108510223,0,0,4.579226879666172,28.134291085102248,18,1,2,2.148524213941403,6.729209004181965,0.42221929660590973,Head,Open Play,Normal,From Kick Off,Left Wing Back,1,0,0,1,High Pass,,27.82391,1,1,1,184.3386576808944,1.0000000000000007,0.6988946518221569,0.10033237,0
3998846,Emma Severini,Italy Women's,91,2,0,2,21.13764414498456,11.952990115906484,1,1,1.638067175664103,0.5181466725609866,18,0,2,2.557035353881993,18.580947295541506,2.131989653238996,Left Foot,Open Play,Half Volley,From Throw In,Right Center Midfield,1,0,0,1,Low Pass,,7.515318,1,1,1,252.65805153854902,0.04334870752310428,0.0774952574860513,0.010633442,0
3998846,Fátima Alexandra Figueira Pinto,Portugal Women's,93,2,0,1,16.868017073740468,22.34889926389946,1,1,5.491019503669266,12.688804302146432,18,0,0,3.0990855278092897,13.785150781909888,2.0086964643501943,Right Foot,Open Play,Half Volley,From Corner,Right Center Forward,1,0,0,1,High Pass,Outswinging,52.5632,1,1,1,376.9816143627619,0.5677596982435221,0.3255284530282751,0.047866106,0
3998846,Barbara Bonansea,Italy Women's,97,2,0,4,18.99078724013305,23.1273258946261,1,1,2.869819999710197,8.455096219025721,15,1,3,2.577786825391285,16.435705700090896,0.9408077724590385,Right Foot,Open Play,Half Volley,From Corner,Left Center Forward,1,0,0,1,High Pass,,44.653442,1,1,1,439.206125498064,0.3655890117841233,0.1511164315318869,0.05089525,0
3998846,Barbara Bonansea,Italy Women's,97,2,0,5,17.93348822733603,22.72561537519568,3,1,1.056796811545657,0.0,15,0,4,3.697631462993203,14.284009720842116,2.126336060763137,Left Foot,Open Play,Normal,From Corner,Left Center Forward,1,0,0,1,Ground Pass,,5.140039,1,1,1,407.5495557900384,0.0,0.05892868125537232,0.050973255,0
3998846,Barbara Bonansea,Italy Women's,97,2,0,2,14.338758663147937,16.89864869403827,0,1,1.475057404388627,9.124929635099091,10,0,2,5.503919421370106,8.85132315216895,4.918835950076698,Right Foot,Open Play,Normal,From Counter,Left Center Forward,1,0,0,1,High Pass,,63.038403,1,1,1,242.30564535713478,0.5399798410105008,0.1028720434621495,0.07955221,0
3998847,Victoria López,Spain Women's,1,1,0,4,22.242751628339512,19.762167044963284,0,1,2.110224147517804,16.07912537338088,14,0,1,3.6447809557894573,18.671190959004495,1.5619492806999347,Right Foot,Open Play,Normal,Regular Play,Right Center Midfield,1,0,0,1,Ground Pass,,5.4744864,1,1,1,439.5649732188745,0.8136316901277743,0.09487244126887454,0.082917064,0
3998847,Mariam Abdulai Toloba,Belgium Women's,4,1,0,2,20.418863827353373,20.462177909934333,1,1,3.7986541988216866,7.241515909565482,16,0,1,1.270618020090335,19.35469506419814,1.0510431211165852,Left Foot,Open Play,Normal,Regular Play,Left Center Midfield,1,0,0,1,Ground Pass,,11.356936,1,1,1,417.8144243540274,0.35389761253369545,0.18603651167568688,0.072076954,0
3998847,Claudia Pina Medina,Spain Women's,8,1,0,2,17.568437608393076,24.79624329992459,1,1,2.708208272161171,2.930713829671047,16,2,2,3.8968491807897974,13.992990346434713,0.33326071238201393,Right Foot,Open Play,Normal,Regular Play,Left Wing,1,0,0,1,Ground Pass,,20.634922,1,1,1,435.63125333726,0.11819184842729623,0.15415191336464446,0.06742306,0
3998847,Olga  Carmona García,Spain Women's,10,1,0,2,27.600181158825745,16.492432494698317,1,1,4.69230410821458,3.8208662107782367,17,0,1,2.8467926363078746,24.827939916214806,0.6037425799220983,Left Foot,Open Play,Normal,Regular Play,Left Back,1,0,0,1,Ground Pass,,22.763567,1,1,1,455.194124603378,0.231673903289069,0.17000990251522738,0.032000203,0
3998847,Olga  Carmona García,Spain Women's,18,1,0,7,31.780025173054856,12.436368948266633,1,0,2.049061881481107,10.219723547874867,19,0,1,,,,Left Foot,Open Play,Normal,From Throw In,Left Back,1,0,0,1,Ground Pass,,23.362364,1,1,1,395.2281182373113,0.8217610453973611,0.06447640838303781,0.008488446,0
3998847,Victoria López,Spain Women's,20,1,0,5,23.769728648009426,18.52882494784181,1,1,0.6302992196478281,0.0,14,0,1,5.432545754309492,18.364800349856395,1.831179550916744,Right Foot,Open Play,Normal,Regular Play,Right Center Midfield,1,0,0,1,Ground Pass,,25.776928,1,1,1,440.4251411766672,0.0,0.026516887465630027,0.059303578,0
3998847,Alexia Putellas Segura,Spain Women's,21,1,0,9,14.714618581533124,26.688356107621374,0,1,1.7247545138562814,19.310683501072994,16,1,4,5.535498146355237,9.32576725034983,3.672987288112722,Left Foot,Open Play,Normal,Regular Play,Left Center Midfield,1,0,0,1,Low Pass,,4.7801676,1,1,1,392.7089806917785,0.7235621191204975,0.11721367457127647,0.1763977,1
3998847,Justine Vanhaevermaet,Belgium Women's,23,1,-1,1,4.750789408087878,75.16209046376984,0,1,0.5048804418117049,0.0,19,3,8,4.790099591492229,0.5048804418117049,3.28023935436471,Head,Open Play,Normal,From Corner,Center Defensive Midfield,1,0,0,1,High Pass,Inswinging,36.43213,1,1,1,357.0792632650207,0.0,0.10627295770092064,0.20984499,1
3998847,Esther Gonzalez Rodríguez,Spain Women's,26,1,0,21,9.170605214488294,43.57759798632204,0,0,5.417015286051387,43.57759798632205,15,0,0,8.494655039034559,10.046961249092886,5.599934574664502,Head,Open Play,Normal,From Throw In,Center Forward,1,0,0,1,High Pass,,23.264135,1,1,1,399.6329473282395,1.0000000000000002,0.5906933249610667,0.062316082,0
3998847,Esther Gonzalez Rodríguez,Spain Women's,30,1,0,24,20.57887266105702,21.92300342465299,0,1,1.317201999165351,17.608425013906654,16,0,3,4.8027540540760585,15.939259116441702,1.4965744142096327,Right Foot,Open Play,Normal,From Free Kick,Center Forward,1,0,0,1,,,,0,0,0,451.1506958238508,0.8031940091796692,0.06400749063664665,0.03937072,0
3998847,Irene Paredes Hernandez,Spain Women's,31,1,0,1,10.547511554864492,33.22953409394973,2,1,3.6144516734567924,10.875799182834948,16,1,2,1.799610469692152,8.767053898669607,1.0241635758835343,Right Foot,Open Play,Volley,From Corner,Right Center Back,1,0,0,1,High Pass,Outswinging,33.81198,1,1,1,350.4888948186984,0.32729315891356897,0.3426828835081782,0.07067196,0
3998847,Claudia Pina Medina,Spain Women's,34,1,0,14,27.48545069668678,16.169264300456053,2,1,0.5709621857628755,0.0,11,0,1,3.0532089300615692,24.557415946188655,1.4502367757233756,Right Foot,Open Play,Normal,Regular Play,Left Wing,1,0,0,1,,,,0,0,0,444.4195167318825,0.0,0.02077325171283081,0.025119117,0
3998847,Esther Gonzalez Rodríguez,Spain Women's,35,1,0,2,8.220097323024826,45.67519925708134,1,1,0.5671553749452123,0.0,17,0,4,4.405201542281066,4.2900991443698135,3.6243759909737747,Right Foot,Open Play,Backheel,From Corner,Center Forward,1,0,0,1,Ground Pass,,9.213035,1,1,1,375.4545831417598,0.0,0.0689961873512844,0.12446231,0
3998847,Irene Paredes Hernandez,Spain Women's,38,1,0,1,10.101980003939824,37.31999386369123,0,0,2.2560434916326324,37.31999386369124,18,0,2,5.985595621585706,8.221198049309336,1.9218005102437417,Head,Open Play,Normal,From Corner,Right Center Back,1,0,0,1,High Pass,Outswinging,46.62671,1,1,1,377.00583175816575,1.0000000000000002,0.22332686173925942,0.049756017,1
3998847,Alexia Putellas Segura,Spain Women's,43,1,1,20,15.961516218705546,28.04557786033922,3,1,2.8268950570048488,6.186606258187171,16,0,5,1.634681814504149,14.38111295182865,0.5340564599959237,Left Foot,Open Play,Normal,Regular Play,Left Center Midfield,1,0,0,1,Ground Pass,,6.203225,1,1,1,447.6499458807736,0.2205911494851382,0.17710692507344428,0.08763721,0
3998847,Aitana Bonmati Conca,Spain Women's,48,2,1,5,21.749712641779887,20.446749487115802,1,1,1.9543500944944125,11.09006737129104,16,0,2,2.035594461995705,19.765284614693478,0.8257907362421406,Left Foot,Open Play,Normal,Regular Play,Right Center Midfield,1,0,0,1,Ground Pass,,24.78911,1,1,1,444.710925803229,0.5423877951005989,0.08985636392915941,0.06916214,0
3998847,Hannah Eurlings,Belgium Women's,49,2,-1,6,15.431461369552784,27.249089218548978,0,1,3.0081475486051428,16.7418730095839,8,0,2,8.883626612962528,6.552770229177199,3.15939843812928,Right Foot,Open Play,Normal,From Goal Kick,Left Center Forward,1,0,0,1,Ground Pass,Through Ball,35.28697,1,1,1,420.4932676315358,0.6144011961393333,0.1949360126410582,0.33749804,1
3998847,Esther Gonzalez Rodríguez,Spain Women's,51,2,0,8,13.509256086106296,26.771150214462132,0,1,3.3230145683847336,15.019931889121255,11,0,3,7.648242041739432,5.86114467188305,4.789340088152194,Right Foot,Open Play,Normal,From Kick Off,Center Forward,1,0,0,1,Ground Pass,Through Ball,20.14274,1,1,1,361.65832396678843,0.5610491805095206,0.2459805741488841,0.28001806,1
3998847,Esther Gonzalez Rodríguez,Spain Women's,60,2,1,2,3.8078865529319543,93.0664855011259,3,1,1.106515524351608,2.8120343510109307,18,2,5,3.327746828631886,2.514258587203371,2.9849285832750994,Left Foot,Open Play,Half Volley,From Corner,Center Forward,1,0,0,1,Low Pass,,5.215362,1,1,1,354.386618668374,0.03021532763238289,0.29058521281303024,0.24891983,0
3998847,María Francesca Caldentey Oliver,Spain Women's,60,2,1,2,6.621933252457327,61.456227162180156,4,1,0.7405093290430107,2.637663566792576,18,2,6,1.4197724964802623,5.202226929843269,0.376216833911144,Right Foot,Open Play,Half Volley,From Corner,Left Wing,1,0,0,1,,,,0,0,0,406.959034215812,0.042919386506299895,0.11182675826099814,0.16854393,1
3998847,Claudia Pina Medina,Spain Women's,62,2,2,4,7.872102641607263,30.612388521177692,1,1,1.1095972003882797,0.0,15,0,2,3.717595812971779,4.183258008394741,3.1940667042175477,Right Foot,Open Play,Half Volley,Regular Play,Right Wing,1,0,0,1,High Pass,,34.375717,1,1,1,240.9838645434708,0.0,0.14095309104883966,0.10923643,0
3998847,Alexia Putellas Segura,Spain Women's,62,2,2,4,11.200446419674527,26.428782657270002,2,1,2.250711652639166,7.605919397422335,14,0,2,3.4370472907130125,7.911720274260469,3.157567788027599,Right Foot,Open Play,Normal,Regular Play,Left Center Midfield,1,0,0,1,,,,0,0,0,296.014164089976,0.2877892446298546,0.20094838797546513,0.092163265,0
3998847,Aitana Bonmati Conca,Spain Women's,62,2,2,4,13.852075656738238,30.98099986930976,2,1,4.672254411468026,13.29802120140019,14,0,2,4.109969104677023,9.74221316388557,1.2697921795260712,Right Foot,Open Play,Normal,Regular Play,Right Center Midfield,1,0,0,1,,,,0,0,0,429.15115411107627,0.42923150503523316,0.33729633935367964,0.08618497,0
3998847,Aitana Bonmati Conca,Spain Women's,64,2,2,8,17.664653973401236,22.33066727090263,1,1,1.419026680299456,0.0,16,1,5,5.21873596072159,12.594965611927622,3.50405348960485,Left Foot,Open Play,Normal,From Throw In,Right Center Midfield,1,0,0,1,,,,0,0,0,394.4635103356511,0.0,0.08033141676231939,0.07047228,0
3998847,María Francesca Caldentey Oliver,Spain Women's,66,2,2,7,18.69866305381216,20.749265872454384,1,1,2.656277233763976,14.328805076769246,15,2,4,6.397376037465231,12.358747351726443,3.98849907368934,Right Foot,Open Play,Normal,Regular Play,Left Wing,1,0,0,1,Ground Pass,,12.656223,1,1,1,387.98353116298836,0.6905692550689903,0.1420570671881502,0.05716926,0
3998847,Patricia Guijarro Gutiérrez,Spain Women's,66,2,2,3,26.034016209567056,16.752368657801348,2,1,3.589851390262373,5.84852847774362,18,0,1,1.7491447658821178,24.28961432481797,0.3904098501461917,Left Foot,Open Play,Normal,Regular Play,Center Defensive Midfield,1,0,0,1,Ground Pass,,22.973028,1,1,1,436.1314371858434,0.3491165098626241,0.137890802608595,0.028877446,0
3998847,María Francesca Caldentey Oliver,Spain Women's,67,2,2,15,19.498974332000127,19.475739945925238,2,1,1.5529461938377316,10.070602997449884,16,0,2,4.014825338425198,15.569202927447604,2.8330079695170056,Right Foot,Open Play,Normal,Regular Play,Left Wing,1,0,0,1,Ground Pass,,4.967897,1,1,1,379.75695330230576,0.5170844869263558,0.0796424554131118,0.050773103,0
3998847,Elena Dhont,Belgium Women's,68,2,-2,3,20.06838309381202,17.992034026232187,0,1,0.8344690828035148,12.827184134328807,14,0,2,6.8595257106680485,13.316596085268955,4.999442541501509,Head,Open Play,Normal,Regular Play,Right Wing Back,1,0,0,1,,,,0,0,0,361.07103147532865,0.7129368539225145,0.04158128130715319,0.02006672,0
3998847,Alexia Putellas Segura,Spain Women's,69,2,2,11,9.492101980067433,43.856602182510926,0,1,3.633061040002001,31.240997546849815,15,1,2,4.3403510980446605,5.4610160717507314,2.586005731201162,Head,Open Play,Normal,From Goal Kick,Left Center Midfield,1,0,0,1,High Pass,,12.042009,1,1,1,416.2913404156417,0.7123442307919617,0.38274568137079695,0.20152408,0
3998847,María Francesca Caldentey Oliver,Spain Women's,71,2,2,10,9.192388155425123,46.10722510428523,1,1,0.44082845779864843,0.0,16,0,1,3.1430935536333764,8.086108638275931,2.2377384954394017,Right Foot,Open Play,Normal,From Throw In,Right Wing,1,0,0,1,Ground Pass,,19.40335,1,1,1,423.8355099281514,0.0,0.04795581413068183,0.348308,0
3998847,Athenea del Castillo Belvide,Spain Women's,73,2,2,6,12.764011908487083,21.94649579259519,1,1,1.1907723272480073,13.791583678127559,11,0,2,6.902293435297494,6.141409426501401,6.294192708698979,Right Foot,Open Play,Normal,Regular Play,Right Wing,1,0,0,1,Ground Pass,,7.017834,1,1,1,280.12533364624665,0.6284184868720991,0.09329138328805817,0.06993441,0
3998847,Patricia Guijarro Gutiérrez,Spain Women's,75,2,2,6,23.84156035162128,16.991297596541745,2,1,2.5571066338709167,1.1409327561629203,18,2,2,4.3837447141428525,20.343595794439835,0.4594521243336587,Right Foot,Open Play,Normal,From Throw In,Center Defensive Midfield,1,0,0,1,Ground Pass,,6.2625875,1,1,1,405.0990471003076,0.06714806504213872,0.10725416441533484,0.033049807,0
3998847,Janice Cayman,Belgium Women's,76,2,-2,13,27.246467660964782,16.328665975454065,2,1,6.286704287220366,6.548179098064922,13,0,0,2.673423532564282,24.581614970144532,0.7755829259997427,Left Foot,Open Play,Normal,Regular Play,Left Center Back,1,0,0,1,,,,0,0,0,444.89846944690515,0.4010235194907177,0.23073465395395615,0.028387278,0
3998847,Claudia Pina Medina,Spain Women's,79,2,2,10,11.818629362155326,17.248453228035693,0,1,1.5263374554126845,7.680427256832604,15,0,2,5.479369595791497,6.346401507915829,4.920386654738223,Left Foot,Open Play,Normal,Regular Play,Left Wing,1,0,0,1,Ground Pass,,29.065615,1,1,1,203.85307577262546,0.445282087343856,0.12914674017108962,0.10599425,0
3998847,Claudia Pina Medina,Spain Women's,80,2,2,14,23.68649404196409,18.199684867010095,2,1,1.6371255359152197,2.018316579359475,16,0,1,3.19395931454163,20.84848761506756,2.236654660914354,Right Foot,Open Play,Normal,Regular Play,Left Wing,1,0,0,1,Ground Pass,,13.300376,1,1,1,431.0867271680586,0.11089843555577183,0.06911641431673309,0.041845027,1
3998847,Leila Ouahabi El Ouahabi,Spain Women's,85,2,3,1,22.23533224397602,18.146678299493445,3,1,5.035481248497694,5.515134521147341,17,0,0,4.256512877179269,18.162384478507295,2.9242034222242808,Left Foot,Open Play,Half Volley,From Corner,Left Back,1,0,0,1,,,,0,0,0,403.4974211137866,0.3039197824596523,0.22646305408195117,0.027956653,0
3998847,Alexia Putellas Segura,Spain Women's,85,2,3,2,9.302150289046075,43.27240302946978,1,1,0.5556387902496497,0.0,20,1,5,3.1434816223554556,6.166574365535032,1.2551003673825392,Left Foot,Open Play,Volley,From Corner,Left Center Midfield,1,0,0,1,,,,0,0,0,402.5263963483006,0.0,0.05973229554288676,0.07544898,1
3998847,Alexia Putellas Segura,Spain Women's,91,2,4,6,21.707602354935467,20.345269923730232,1,0,2.5059327854610345,16.755736555689083,16,0,2,,,,Left Foot,Open Play,Normal,From Throw In,Left Center Midfield,1,0,0,1,Low Pass,,8.746428,1,1,1,441.6470293081641,0.8235691449905806,0.11544033028093877,0.047422223,0
3998847,Alexia Putellas Segura,Spain Women's,92,2,4,9,20.068383093812013,21.763595554861276,1,1,2.627863261712769,0.0,16,1,2,2.1150778939814954,17.96980882118936,0.33563962987471996,Left Foot,Open Play,Normal,Regular Play,Left Center Midfield,1,0,0,1,Ground Pass,,8.2,1,1,1,436.7601730937403,0.0,0.13094544036898806,0.057457887,0
3998844,Ingibjörg Sigurðardóttir,Iceland Women's,0,1,0,1,15.883639381451594,22.938507468021353,4,1,2.6550590980886595,4.010690000441587,16,0,2,4.333744970811212,11.753241795762657,3.4689323472721014,Right Foot,Open Play,Half Volley,From Throw In,Left Center Back,1,0,1,1,,,,0,0,0,364.34698057078543,0.17484529043717872,0.16715684827176022,0.05422664,0
3998844,Julia Stierli,Switzerland Women's,2,1,0,1,15.31600470096559,28.28105650239097,5,1,2.200846242713157,0.0,16,1,2,4.190522898686103,11.861568171062899,3.0172948514254614,Head,Open Play,Normal,From Corner,Center Back,1,0,1,1,High Pass,Straight,38.60803,1,1,1,433.1527943388936,0.0,0.14369584533846516,0.021134576,0
3998844,Dagný Brynjarsdóttir,Iceland Women's,14,1,0,2,22.44749429223672,15.314027857971698,3,1,3.0941950070124697,0.0,17,0,1,3.9686871232921956,18.479005840683133,2.678675075309691,Left Foot,Open Play,Normal,From Throw In,Left Defensive Midfield,1,0,1,1,,,,0,0,0,343.7615529329738,0.0,0.13784144309071375,0.02746413,0
3998844,Sandra María Jessen,Iceland Women's,40,1,0,2,11.00727032465361,39.923269734253175,2,1,1.1097328795564803,0.0,16,2,3,1.839048526769906,9.206254908284556,0.4056744458856869,Left Foot,Open Play,Volley,From Throw In,Center Forward,1,0,1,1,High Pass,,11.4982605,1,1,1,439.4462222089866,0.0,0.10081817261005649,0.10174167,0
3998844,Sydney Schertenleib,Switzerland Women's,44,1,0,2,29.868545327819362,14.978134253828664,1,0,2.6406859396335385,6.725128648560574,12,0,2,,,,Right Foot,Open Play,Normal,Regular Play,Left Center Forward,1,0,1,1,Ground Pass,,27.418608,1,1,1,447.37508188664526,0.44899641935319934,0.08841026272458008,0.023836859,0
3998844,Iman Beney,Switzerland Women's,47,1,0,1,34.128726902713495,12.790792030452272,3,1,1.3119436995195404,4.878724369165038,19,1,1,3.509192161224805,31.366850932314822,2.8189996898104113,Right Foot,Open Play,Half Volley,From Free Kick,Right Wing Back,1,0,1,1,,,,0,0,0,436.5334480767098,0.3814247278471723,0.03844103834459851,0.01030725,0
3998844,Karólína Lea Vilhjálmsdóttir,Iceland Women's,47,2,0,0,32.6663435358168,13.275880681234536,2,1,11.472895501347413,2.7052275269305865,19,0,0,1.518864539418856,32.86751794458059,1.4851945026650668,Right Foot,Free Kick,Normal,From Free Kick,Center Attacking Midfield,1,0,1,1,,,,0,0,0,433.67447907372093,0.20377009946725622,0.3512145609063356,0.025385475,0
3998844,Sydney Schertenleib,Switzerland Women's,48,2,0,4,22.00363606316011,20.603241073417305,1,1,1.5033206990767864,16.536101365155638,17,0,1,3.987273441780018,19.231539593742383,2.61863285425688,Right Foot,Open Play,Normal,From Goal Kick,Left Center Forward,1,0,1,1,Ground Pass,,5.5542774,1,1,1,453.34621830102657,0.802597091701792,0.06832146717758807,0.02733393,0
3998844,Svenja Fölmli,Switzerland Women's,48,2,0,11,17.527692375210155,13.738661113285152,0,1,3.8174409165932257,8.439510920721663,15,0,2,6.09233754423095,11.48795399655204,4.890626802258694,Right Foot,Open Play,Normal,From Goal Kick,Right Center Forward,1,0,1,1,Low Pass,,39.060978,1,1,1,240.80702564092442,0.6142891837226218,0.21779483772731692,0.040868066,0
3998844,Sveindís Jane Jónsdóttir,Iceland Women's,50,2,0,1,37.1938166904124,8.747547683404305,3,1,7.026289512299096,2.861452786747531,17,0,0,3.481817074422815,34.097110976966675,1.1364327579687128,Right Foot,Open Play,Normal,From Throw In,Left Wing,1,0,1,1,,,,0,0,0,325.35468502718135,0.32711485439241783,0.18891015059796998,0.006969532,0
3998844,Glódís Perla Viggósdóttir,Iceland Women's,51,2,0,1,15.599999999999994,28.76278918218125,3,1,1.324291522656534,4.2058618071120595,15,1,3,2.9719776813077026,12.766898193050444,0.8118541790476499,Right Foot,Open Play,Half Volley,From Throw In,Right Center Back,1,0,1,1,,,,0,0,0,448.69951124202737,0.1462257982170109,0.08489048222157272,0.068228655,0
3998844,Glódís Perla Viggósdóttir,Iceland Women's,51,2,0,1,15.891192529196791,28.11973962157877,4,1,0.41803549051421907,0.0,15,1,4,3.215631822574535,13.04203743972909,1.6533208250864107,Right Foot,Open Play,Normal,From Throw In,Right Center Back,1,0,1,1,,,,0,0,0,446.85619619739157,0.0,0.026306112001737127,0.075373545,0
3998844,Iman Beney,Switzerland Women's,53,2,0,2,21.25582273166579,13.81919158131682,0,1,4.195027791798317,9.618683706956979,13,0,1,4.891616386721549,16.371909639006187,3.9443729177703943,Right Foot,Open Play,Normal,Regular Play,Right Wing Back,1,0,1,1,Ground Pass,,19.557608,1,1,1,293.7382865473986,0.6960380895190124,0.19735899403925627,0.035626482,0
3998844,Sydney Schertenleib,Switzerland Women's,57,2,0,1,21.749712641779894,14.146801719705145,3,1,1.3882677173863323,0.0,18,1,3,2.9698881255079796,18.800528692519503,1.9968536918316389,Right Foot,Open Play,Normal,From Throw In,Left Center Forward,1,0,1,1,Low Pass,,20.264748,1,1,1,307.68887220382453,0.0,0.06382924410318659,0.022831963,0
3998844,Iman Beney,Switzerland Women's,58,2,0,5,15.716551784663205,27.29350683255205,0,1,1.8055455811183208,22.280826412268983,14,0,1,2.975340799442583,13.720577008477434,1.2647487212144881,Head,Open Play,Normal,From Throw In,Right Wing Back,1,0,1,1,High Pass,,33.347263,1,1,1,428.9598135188633,0.8163416503772754,0.11488178869363948,0.040058624,0
3998844,Iman Beney,Switzerland Women's,58,2,0,1,29.389964273540716,14.598256702538464,6,1,6.358989134451665,0.0,19,0,0,1.535320636349314,28.36048960378063,1.4119228895379123,Left Foot,Open Play,Normal,From Corner,Right Wing Back,1,0,1,1,,,,0,0,0,429.04224294358175,0.0,0.2163660042341921,0.018421214,0
3998844,Dagný Brynjarsdóttir,Iceland Women's,63,2,0,1,8.695401083331348,45.18681778130971,3,0,1.1550376416750558,35.6297013212323,17,3,9,5.7880644806465025,4.477852310609921,4.917903433029629,Head,Open Play,Normal,From Corner,Left Defensive Midfield,1,0,1,1,High Pass,Inswinging,44.93039,1,1,1,392.9175042878967,0.788497687393458,0.13283316440563112,0.067558885,0
3998844,Hafrún Rakel Halldórsdóttir,Iceland Women's,66,2,0,1,21.284031572989175,15.354582934698989,2,1,1.2614947979915465,0.0,12,1,2,4.9332878318668,16.352427263963534,3.578621231654793,Right Foot,Open Play,Half Volley,From Counter,Right Wing,1,0,1,1,,,,0,0,0,326.80742797221404,0.0,0.059269541753192365,0.026444996,0
3998844,Sveindís Jane Jónsdóttir,Iceland Women's,74,2,0,1,28.97464408754662,11.903664396504613,1,1,4.26657194443067,4.4107235033747125,18,0,1,6.586782749005902,22.39215548147327,4.519086929385217,Left Foot,Open Play,Normal,From Throw In,Left Wing,1,0,1,1,,,,0,0,0,344.9044392263216,0.37053493415606337,0.14725191900681375,0.010370143,0
3998844,Géraldine Reuteler,Switzerland Women's,75,2,0,2,13.220060514233657,28.10693985880842,0,1,2.42241646390364,19.980358154742937,13,0,3,4.829480688527245,8.467594824992178,2.3058436349863456,Right Foot,Open Play,Normal,Regular Play,Right Center Midfield,1,0,1,1,Ground Pass,,10.647065,1,1,1,371.5754458033733,0.7108692107754058,0.18323792552201212,0.2226835,1
3998844,Karólína Lea Vilhjálmsdóttir,Iceland Women's,78,2,-1,8,21.55203006679417,13.539501300982375,0,1,2.9448579688129506,9.469100774110128,16,1,2,4.6759759613312495,16.894994862997095,3.8665625994365485,Right Foot,Open Play,Normal,Regular Play,Center Attacking Midfield,1,0,1,1,Ground Pass,,14.641379,1,1,1,291.80373912817095,0.6993685043202504,0.13663947014208083,0.04143037,0
3998844,Leila Wandeler,Switzerland Women's,79,2,1,2,24.05847044182153,14.6570882786728,2,1,1.8061208880518929,0.0,14,0,2,3.335532065896803,20.984938789618997,1.077444805009435,Left Foot,Open Play,Normal,From Keeper,Right Midfield,1,0,1,1,Low Pass,,30.90275,1,1,1,352.62712511561836,0.0,0.07507214111634716,0.024488753,0
3998844,Sydney Schertenleib,Switzerland Women's,81,2,1,9,11.603878661895767,38.03011173268553,0,1,1.11749076453546,30.687626511524908,15,1,3,3.2903755815111007,9.37039749641494,2.0916834295772304,Head,Open Play,Normal,Regular Play,Right Center Forward,1,0,1,1,High Pass,,24.605082,1,1,1,441.2968020444215,0.8069296963214015,0.09630321008138597,0.045054123,0
3998844,Alayah Pilgrim,Switzerland Women's,86,2,1,12,8.914033879226622,39.33166400316812,1,1,0.8279249089129018,8.8549072572549,13,1,2,3.999729829445849,5.077260310335309,3.2942678250297135,Right Foot,Open Play,Normal,From Throw In,Left Center Forward,1,0,1,1,Ground Pass,,15.961516,1,1,1,350.6037854505988,0.22513431561252145,0.09287881559910924,0.17331564,0
3998844,Alayah Pilgrim,Switzerland Women's,88,2,1,12,31.166167553935786,11.962027076291283,1,1,3.521973374335588,6.159747411043956,15,1,1,3.196637634097771,28.040440475239905,1.3139887844318565,Right Foot,Open Play,Normal,From Corner,Left Center Forward,1,0,1,1,Ground Pass,,14.956604,1,1,1,372.81054014441077,0.5149417713033407,0.11300630301240934,0.009448158,0
3998844,Alayah Pilgrim,Switzerland Women's,89,2,1,3,21.72233873228203,20.6719336923756,2,1,3.5797795838215594,5.970627474001956,12,0,3,2.370822975689098,19.354596729164328,0.22506400291490536,Right Foot,Open Play,Normal,Regular Play,Left Center Forward,1,0,1,1,Low Pass,,34.024258,1,1,1,449.0427459170564,0.2888277198859289,0.16479715319518395,0.05359715,1
3998844,Glódís Perla Viggósdóttir,Iceland Women's,92,2,-2,3,7.8390050389064045,28.619291385280672,0,0,2.560788807160023,28.61929138528067,19,0,3,4.3078433115811015,5.036852577310324,2.1994951768617454,Head,Open Play,Normal,From Throw In,Center Back,1,0,1,1,High Pass,,38.071774,1,1,1,224.34676937914585,0.9999999999999999,0.3266726828788046,0.096462145,0
3998845,Eveliina Summanen,WNT Finland,9,1,0,13,31.552654404978362,14.382942546424466,0,0,10.516798450616367,14.382942546424491,16,0,0,,,,Right Foot,Open Play,Normal,Regular Play,Left Defensive Midfield,1,0,0,1,,,,0,0,0,453.82001549399064,1.0000000000000018,0.33330946790191546,0.021675577,0
3998845,Linda Sällström,WNT Finland,14,1,0,10,16.334319698108033,20.14361952530772,1,1,0.7846942734558644,0.0,11,0,1,5.748540640536502,10.585902718596929,4.103704224875607,Right Foot,Open Play,Half Volley,Regular Play,Center Forward,1,0,0,1,High Pass,Through Ball,51.341408,1,1,1,329.03232120342744,0.0,0.04803960544171018,0.119785376,0
3998845,Ingrid Syrstad Engen,Norway Women's,23,1,0,3,5.336665625650537,73.30075576600635,2,1,1.2266329328737642,19.694616513098534,18,2,6,2.1352977349059903,3.201537940996824,0.4597814622372596,Head,Open Play,Normal,From Corner,Left Defensive Midfield,1,0,0,1,High Pass,,29.094673,1,1,1,391.1816236306515,0.26868231176181173,0.22985006348870476,0.21475178,0
3998845,Caroline Graham Hansen,Norway Women's,29,1,0,9,23.668122020980036,18.454530212404126,2,1,0.7085991218423814,0.0,14,0,3,3.6550218183009258,20.291368549567323,2.209189058197609,Right Foot,Open Play,Normal,From Goal Kick,Right Midfield,1,0,0,1,,,,0,0,0,436.7840729070435,0.0,0.029938966903004,0.032290597,0
3998845,Ada Stolsmo Hegerberg,Norway Women's,29,1,0,9,10.526157893552616,34.68258039570765,0,1,3.9165801958534883,17.058340989823826,12,0,3,6.627320251422264,3.9165801958534883,4.381382134850867,Left Foot,Open Play,Normal,From Goal Kick,Right Center Forward,1,0,0,1,,,,0,0,0,365.07431740105136,0.49184174865878727,0.3720806998584389,0.43246374,0
3998845,Ria Öling,WNT Finland,30,1,0,13,18.690371852908648,23.711292126343473,1,1,0.7865418121051732,12.58298494816929,12,0,3,3.8363856707845496,14.879451521107118,0.3903837641442749,Right Foot,Open Play,Normal,Regular Play,Right Wing,1,0,0,1,Ground Pass,,6.5795135,1,1,1,443.1728669543045,0.5306747890887596,0.042082726780139974,0.05611172,0
3998845,Linda Sällström,WNT Finland,30,1,0,13,21.944703233354517,20.621966558589747,1,1,4.236141940057819,11.652737058594576,15,1,1,2.044045329436622,20.032171222551924,0.564922406652876,Right Foot,Open Play,Volley,Regular Play,Center Forward,1,0,0,1,,,,0,0,0,452.5429362164131,0.5650642980865865,0.1930371030773002,0.04333569,0
3998845,Oona Sevenius,WNT Finland,31,1,0,2,17.307801709055948,24.29458700484925,0,1,1.768083486851698,17.841221378625015,16,0,2,6.677416598243471,10.659754270859748,2.9931525124247926,Left Foot,Open Play,Normal,Regular Play,Center Attacking Midfield,1,0,0,1,Ground Pass,Through Ball,20.602184,1,1,1,420.4858944833383,0.734370227205915,0.1021552890755956,0.22493652,1
3998845,Vilde Bøe Risa,Norway Women's,37,1,-1,5,24.767922803497264,17.327537245796684,2,1,3.686543290998866,2.9703963023313853,17,1,3,1.9124152588570318,22.900861057551538,1.0088849447578951,Right Foot,Open Play,Volley,Regular Play,Right Center Midfield,1,0,0,1,,,,0,0,0,429.1671048786159,0.17142634063891246,0.14884345854301198,0.028575294,0
3998845,Oona Sevenius,WNT Finland,38,1,1,7,24.972985404232304,17.94561689245346,2,1,2.512623658794329,0.0,10,0,1,4.170309930010106,20.8175712891158,1.0326513118147886,Right Foot,Open Play,Normal,From Goal Kick,Center Attacking Midfield,1,0,0,1,Ground Pass,,13.401492,1,1,1,448.15562872518495,0.0,0.10061366785440484,0.041065235,0
3998845,Ria Öling,WNT Finland,42,1,1,16,17.32541485794785,19.24342120272003,1,1,1.5365084989246338,11.688214932306334,17,0,3,4.239452523753329,13.250667888262207,2.1414812349666263,Right Foot,Open Play,Normal,Regular Play,Right Wing,1,0,0,1,Low Pass,,5.6938562,1,1,1,333.4002556233543,0.6073875746509265,0.08868523562192086,0.05808089,0
3998845,Ria Öling,WNT Finland,44,1,1,10,27.400000000000002,12.879066801938249,1,1,3.286092086103061,3.225049798611066,18,0,3,3.939895540984261,23.521817337646993,2.0035472535127923,Right Foot,Open Play,Normal,Regular Play,Right Wing,1,0,0,1,Ground Pass,,7.017834,1,1,1,352.88643037310806,0.25041020814689063,0.11993036810595113,0.021124048,0
3998845,Saara Katariina Kosola,WNT Finland,56,2,1,9,23.803361107205003,19.07561968694072,1,1,1.9141672740874787,9.46748552013192,13,0,1,1.7726028158728375,22.065077676761398,0.36340053796222094,Right Foot,Open Play,Normal,From Throw In,Left Wing,1,0,0,1,,,,0,0,0,454.06386375195876,0.49631339246155215,0.08041583982474149,0.046289545,0
3998845,Saara Katariina Kosola,WNT Finland,58,2,1,1,25.73091525772063,17.329783742669104,2,1,2.595218087890931,8.426181381877516,19,0,1,0.8741462298509043,24.85815548326196,0.12901291223858635,Right Foot,Open Play,Half Volley,From Corner,Left Wing,1,0,0,1,,,,0,0,0,445.91119691724333,0.48622542017825143,0.10085992130078734,0.024782097,0
3998845,Eveliina Summanen,WNT Finland,62,2,1,4,21.12865353021816,20.297986829751274,2,1,1.1130539342286287,0.0,17,0,2,2.2676210043043525,19.006163046352867,0.005409301826468038,Left Foot,Open Play,Normal,Regular Play,Left Defensive Midfield,1,0,0,1,Ground Pass,,6.551336,1,1,1,428.86913108674594,0.0,0.052679832751137745,0.04614084,0
3998845,Oona Sevenius,WNT Finland,67,2,1,14,15.791770008456936,26.113524510085757,1,1,1.8856482674727493,0.3973813757758192,16,2,4,4.341700417959348,11.484075500217543,2.2502999918647646,Right Foot,Open Play,Normal,Regular Play,Center Attacking Midfield,1,0,0,1,Ground Pass,,13.405969,1,1,1,412.3787731734774,0.015217454680326268,0.11940702444773016,0.10265467,0
3998845,Natalia Kuikka,WNT Finland,68,2,1,1,12.88099375048369,31.757374938048386,2,1,2.122589643312368,15.471401230930416,18,2,3,3.491973819115062,9.39148859728799,1.6182980897064425,Head,Open Play,Normal,From Corner,Right Center Back,1,0,0,1,High Pass,Outswinging,36.30317,1,1,1,409.0665481087686,0.487175065984254,0.1647846186737466,0.033187028,0
3998845,Ada Stolsmo Hegerberg,Norway Women's,70,2,-1,2,8.720091742636658,43.00601954762126,0,1,2.3310742165070737,26.611580208551743,18,0,3,5.213346783021499,3.5872633050333054,2.6209476491839823,Head,Open Play,Normal,From Corner,Center Forward,1,0,0,1,High Pass,,29.044966,1,1,1,375.01643594088284,0.6187873346214781,0.2673222123466142,0.07044323,0
3998845,Thea Bjelde,Norway Women's,78,2,-1,1,19.00315763235152,12.545681741799644,0,1,1.1556516270330452,8.435369230733752,18,0,1,2.3061063871156557,16.73101031219456,1.7775325561813275,Left Foot,Open Play,Half Volley,From Corner,Right Back,1,0,0,1,,,,0,0,0,238.40756774473303,0.6723723273346579,0.06081366314962471,0.021606134,0
3998845,Signe Gaupset,Norway Women's,78,2,-1,2,9.170605214488303,45.624112346205244,1,1,0.7082650832212071,0.0,12,1,2,2.575607829158196,6.77973199461215,1.5517531900894568,Right Foot,Open Play,Half Volley,Regular Play,Left Midfield,1,0,0,1,Low Pass,,21.114923,1,1,1,418.40072258850995,0.0,0.07723209828095588,0.08478988,0
3998845,Guro Reiten,Norway Women's,78,2,-1,2,10.940292500660115,34.17442068959435,1,1,1.4359087027078403,13.93412200829169,12,1,4,2.421385241788081,9.17939983283665,2.341575316519453,Left Foot,Open Play,Volley,Regular Play,Left Center Midfield,1,0,0,1,,,,0,0,0,373.878158384773,0.4077354268812651,0.131249571491914,0.05522314,0
3998845,Caroline Graham Hansen,Norway Women's,80,2,-1,5,11.115754585272203,39.28824653565078,1,1,3.1158807435399503,16.023225822415128,15,0,3,2.771920552850953,8.62437881327668,0.6889906817617089,Left Foot,Open Play,Normal,Regular Play,Right Midfield,1,0,0,1,Ground Pass,,27.943514,1,1,1,436.7185065759649,0.40783764192365773,0.2803121209304432,0.19305263,0
3998845,Caroline Graham Hansen,Norway Women's,83,2,-1,11,16.58553586713435,15.858901185340274,2,1,0.7334831422049061,0.0,15,0,2,3.5676553849444153,13.192484800764273,2.308658975334069,Right Foot,Open Play,Lob,From Free Kick,Right Midfield,1,0,0,1,Ground Pass,,21.224985,1,1,1,263.0283744228006,0.0,0.0442242655335825,0.05258186,1
3998845,Joanna Tynnilä,WNT Finland,85,2,0,3,22.921823662178372,19.780194745632187,3,1,4.079295894088723,2.354925668893234,17,0,1,1.4328513128422722,21.593256827148927,0.4620787291203925,Right Foot,Open Play,Half Volley,From Throw In,Left Back,1,0,0,1,,,,0,0,0,453.39813596292817,0.11905472616305977,0.17796559096733963,0.031083371,0
3998842,Jill Roord,Netherlands Women's,4,1,0,15,18.291528093628482,11.773316187941543,2,1,2.394045142968249,0.0,16,0,1,4.508261377626171,13.839871060805507,3.698307724036688,Right Foot,Open Play,Half Volley,Regular Play,Left Wing,1,0,0,1,,,,0,0,0,215.3519438069037,0.0,0.13088273055776956,0.012771837,0
3998842,Vivianne Miedema,Netherlands Women's,15,1,0,9,14.542695761102891,19.17991743391003,1,0,1.5871464286395898,5.0082720491631685,14,1,2,4.653244905746849,11.280068059726023,1.260894526673873,Right Foot,Open Play,Normal,From Throw In,Center Forward,1,0,0,1,Low Pass,,9.90202,1,1,1,278.9277039644268,0.26112062611430015,0.10913701659665495,0.070549,0
3998842,Wieke Hendrikje Maria Kaptein,Netherlands Women's,15,1,0,4,10.767079455451235,40.5833470594575,1,1,1.443236756015015,20.589189396942462,15,2,2,2.680955606305191,8.597964958101755,1.6490886122994084,Right Foot,Open Play,Half Volley,Regular Play,Left Defensive Midfield,1,0,0,1,,,,0,0,0,436.96412235733214,0.5073309839816275,0.13404161843389412,0.09802918,0
3998842,Jackie Groenen,Netherlands Women's,15,1,0,4,23.400000000000006,19.400783887891574,4,1,5.549910743775015,7.141949493713492,17,0,0,1.3862933057848688,22.01386194101462,0.020122497157963437,Right Foot,Open Play,Normal,Regular Play,Right Defensive Midfield,1,0,0,1,,,,0,0,0,453.97834297666293,0.36812685172844634,0.237175672810898,0.03890266,0
3998842,Jill Roord,Netherlands Women's,34,1,0,8,25.700194551792798,17.693045971150077,0,1,2.195285816118619,14.268184155599524,12,0,1,5.639912343729711,20.078232717530586,0.4192775207491053,Right Foot,Open Play,Half Volley,Regular Play,Left Wing,1,0,0,1,,,,0,0,0,454.7147236723707,0.8064289313928724,0.08541903492965892,0.041370306,0
3998842,Angharad James,Wales W,38,1,0,6,45.62148616605995,10.016905353766415,1,0,7.731217932151168,5.746755962719906,12,0,0,,,,Right Foot,Open Play,Volley,From Goal Kick,Left Defensive Midfield,1,0,0,1,,,,0,0,0,456.9861090235864,0.5737057264456524,0.16946440332982396,0.007027686,0
3998842,Josie Green,Wales W,41,1,0,6,24.63371673134202,18.072857238125337,0,1,1.5223230043367413,14.917466621794414,17,0,2,3.6125325978031175,21.792428647357642,2.6597320701911684,Left Foot,Open Play,Normal,From Throw In,Right Wing Back,1,0,0,1,Ground Pass,,11.016352,1,1,1,445.20164572996384,0.8254072073521107,0.061798348212710276,0.036690947,0
3998842,Lily Woodham,Wales W,43,1,0,2,21.01071155387175,16.050282641800624,3,1,1.9108503627746494,3.7422984621719912,19,0,2,3.6845200942282688,17.64635237149421,3.3443982604079494,Left Foot,Open Play,Normal,From Corner,Left Wing Back,1,0,0,1,Ground Pass,,12.440257,1,1,1,337.2278589449876,0.2331609072369679,0.09094648498101567,0.03424923,0
3998842,Wieke Hendrikje Maria Kaptein,Netherlands Women's,44,1,0,18,25.160286166894046,16.604467296134434,3,1,2.530567713390875,4.640415020060968,18,0,1,2.591553462136775,22.63841357323233,0.5076849813099571,Right Foot,Open Play,Normal,From Goal Kick,Left Defensive Midfield,1,0,0,1,Ground Pass,,14.401389,1,1,1,417.7731488195758,0.2794678647198317,0.10057785895617517,0.030688196,0
3998842,Vivianne Miedema,Netherlands Women's,47,1,0,31,21.377558326431952,19.203192387594225,3,1,3.503301542652116,1.5443804712390508,14,0,2,3.2884958103214563,18.165845359884337,0.8325522989496648,Right Foot,Open Play,Normal,From Corner,Center Forward,1,0,0,1,Ground Pass,,14.166157,1,1,1,410.5173653194896,0.08042311091132752,0.16387753405497732,0.045806035,1
3998842,Victoria Pelova,Netherlands Women's,47,2,1,21,9.82903861015919,34.40250706926271,0,1,4.933877016366683,21.50772934031239,13,0,1,4.4893474628512875,5.343267955211263,3.2885488396999136,Right Foot,Open Play,Half Volley,Regular Play,Right Wing,1,0,0,1,Ground Pass,,15.31176,1,1,1,338.14357027005764,0.6251791271203226,0.5019694409651703,0.13629548,1
3998842,Jill Roord,Netherlands Women's,51,2,2,14,13.322161986704707,28.14904320903676,0,0,0.8137452324384269,28.149043209036748,12,0,3,13.116511562665373,0.8137452324384269,8.299017932045729,Left Foot,Open Play,Normal,From Throw In,Left Wing,1,0,0,1,Low Pass,Through Ball,26.102108,1,1,1,375.0061134015378,0.9999999999999997,0.06108207010622832,0.19655123,0
3998842,Jackie Groenen,Netherlands Women's,56,2,2,1,29.06888370749726,15.429248159555415,2,1,5.923756132863365,7.642523926832252,17,0,0,3.239298886333938,25.846299090822818,0.2719193216898077,Right Foot,Open Play,Normal,From Corner,Right Defensive Midfield,1,0,0,1,,,,0,0,0,448.5110204442325,0.49532704690469287,0.20378340608021173,0.021395933,0
3998842,Esmee Brugts,Netherlands Women's,56,2,2,6,9.269843580125826,20.106686364779293,0,0,2.7175565460423234,20.106686364779282,15,1,2,5.529232353470107,4.035155796009952,4.67217431436697,Right Foot,Open Play,Volley,From Corner,Left Back,1,0,0,1,High Pass,,34.845516,1,1,1,186.3858375161528,0.9999999999999994,0.29316099269125273,0.08848912,1
3998842,Jill Roord,Netherlands Women's,58,2,3,17,24.70809583921837,17.338383307701154,0,1,1.9188360244857041,13.935609241667471,16,2,2,4.6439609464210205,20.208523866785313,2.532505905267975,Left Foot,Open Play,Normal,From Keeper,Left Wing,1,0,0,1,Ground Pass,,12.006665,1,1,1,428.3984364637841,0.8037432899224071,0.07766021456983331,0.06006552,0
3998842,Gemma Evans,Wales W,61,2,-3,1,9.062008607367359,45.464132075857506,0,0,1.4711338580299669,45.46413207585752,18,2,3,8.531049386045247,8.17958926091901,4.68075222755391,Head,Open Play,Normal,From Corner,Center Back,1,0,0,1,High Pass,Inswinging,44.20543,1,1,1,411.9963561979071,1.0000000000000002,0.16234081446732945,0.059054602,0
3998842,Chasity Grant,Netherlands Women's,69,2,3,1,16.91892431568863,15.707102901360928,0,1,7.77432002783616,9.725859044024881,8,0,0,5.461106856234157,11.500311106212976,4.180402595922423,Right Foot,Open Play,Normal,From Counter,Right Wing,1,0,0,1,Low Pass,,38.67932,1,1,1,265.74728520685886,0.6192013323591452,0.4595043918145059,0.08080828,0
3998842,Lineth Beerensteyn,Netherlands Women's,74,2,3,6,12.617844506887849,31.801744871336155,0,0,1.334234360697732,31.80174487133614,10,0,1,11.654673934183547,1.334234360697732,4.7458808433070985,Right Foot,Open Play,Normal,From Throw In,Center Forward,1,0,0,1,,,,0,0,0,401.2694718342377,0.9999999999999996,0.10574186105791668,0.4900498,0
3998842,Rachel Rowe,Wales W,83,2,-3,4,24.080074750714537,15.313999958392822,1,1,2.5699553451511084,9.704939446966353,15,0,1,2.007312636941373,22.112743272439797,1.484609686184072,Right Foot,Open Play,Normal,Regular Play,Center Attacking Midfield,1,0,0,1,,,,0,0,0,368.76226373053845,0.6337298859431935,0.10672538900963541,0.017472986,0
3998842,Chasity Grant,Netherlands Women's,85,2,3,3,14.844864431849821,18.60551398376061,1,1,2.413250423885529,0.0,10,0,1,7.527731196687319,7.49966323269454,6.737962573970094,Right Foot,Open Play,Normal,Regular Play,Right Wing,1,0,0,1,Ground Pass,,17.123083,1,1,1,276.19633277381234,0.0,0.162564665710781,0.09729676,0
3998842,Lynn Wilms,Netherlands Women's,85,2,3,5,32.69281266578328,12.46863580273919,1,0,1.1050246476559045,7.485523052771642,16,0,1,,,,Right Foot,Open Play,Normal,Regular Play,Right Back,1,0,0,1,Low Pass,,42.70562,1,1,1,407.63477449683063,0.6003481993697477,0.03380023184155206,0.010177413,0
3998842,Jackie Groenen,Netherlands Women's,91,2,3,1,21.61133961604416,20.96214037501559,5,1,4.748797341843234,5.21924386485765,19,0,1,2.563002395132961,19.182667005736487,0.6917480795945679,Right Foot,Open Play,Volley,From Corner,Right Defensive Midfield,1,0,0,1,,,,0,0,0,453.0199347236532,0.24898430081492898,0.21973637110018618,0.036447804,0
3998842,Caitlin Dijkstra,Netherlands Women's,91,2,3,1,10.90412765882719,40.27876451215021,2,1,1.4350868202332012,6.701127986674141,19,2,5,2.2709353566243182,8.635026209773573,0.01872893436163281,Right Foot,Open Play,Backheel,From Corner,Left Center Back,1,0,0,1,,,,0,0,0,439.20479018032415,0.16636875703207643,0.13160950285385362,0.061545238,0
3998842,Victoria Pelova,Netherlands Women's,93,2,3,2,15.352198539622918,20.924702513643503,0,0,1.328337401230687,20.92470251364348,12,0,1,5.957764620589947,11.20004956783616,1.000307533096624,Right Foot,Open Play,Normal,Other,Center Attacking Midfield,1,0,0,1,Ground Pass,,12.107849,1,1,1,321.2401873720018,0.999999999999999,0.08652424587933408,0.122576654,0
3998843,Lauren James,England Women's,0,1,0,2,15.565667348366407,17.64981069307037,1,1,1.0788653911563366,12.069126931177124,16,0,2,2.9040363427597686,12.813643744117432,1.7817326593197649,Right Foot,Open Play,Normal,Regular Play,Center Attacking Midfield,1,1,0,1,Ground Pass,,16.979988,1,1,1,274.73108200997376,0.6838105598444564,0.06931057737589143,0.07322338,0
3998843,Selma Bacha,France Women's,20,1,0,2,31.453139747885263,14.42755666154008,0,1,4.6088829990298885,12.127454705155447,17,0,1,2.514254222180893,29.89413240878919,1.7529431192233247,Left Foot,Open Play,Normal,From Throw In,Left Back,1,1,0,1,Low Pass,,18.876705,1,1,1,453.7919558959531,0.8405757807546114,0.14653173056720878,0.019616859,0
3998843,Oriane Jean-François,France Women's,20,1,0,2,24.24644303810355,18.70232938698997,2,1,1.2079362861862517,10.021599975903335,17,0,1,2.4911123881340345,22.71522183266149,1.9962333212700116,Left Foot,Open Play,Normal,Regular Play,Center Defensive Midfield,1,1,0,1,,,,0,0,0,453.4649641615024,0.5358476887309411,0.049819113025690684,0.03217131,0
3998843,Lauren James,England Women's,22,1,0,7,11.704699910719627,36.51979495519856,1,1,2.7418542485952897,12.02631494034625,14,0,2,2.2686608379064537,9.582322168725607,1.3178802174974678,Left Foot,Open Play,Overhead Kick,Regular Play,Center Attacking Midfield,1,1,0,1,High Pass,,27.32508,1,1,1,427.4532407516117,0.3293094869535765,0.2342524173630621,0.064003974,0
3998843,Sakina Karchaoui,France Women's,23,1,0,15,34.35127362995439,10.892738259507295,0,1,2.2747475891029114,8.671930793849413,16,0,1,3.583677503780839,30.96136906828844,1.0757828317764577,Left Foot,Open Play,Normal,Regular Play,Right Center Midfield,1,1,0,1,Ground Pass,,10.536128,1,1,1,374.17943253180823,0.7961203681985529,0.06622018192418129,0.0086007435,0
3998843,Sakina Karchaoui,France Women's,24,1,0,1,28.1897144362975,12.792498092494943,1,1,1.0526302034622923,6.0736259806850414,7,0,1,13.486541280429595,14.713102657908044,8.076108072234053,Left Foot,Open Play,Lob,From Counter,Right Center Midfield,1,1,0,1,High Pass,,57.649372,1,1,1,360.61686815431295,0.4747802920719835,0.03734093177286357,0.034185946,0
3998843,Marie-Antoinette Katoto,France Women's,26,1,0,1,9.902019995940218,42.20061435197561,4,1,0.38918528418991777,0.0,19,3,6,1.5304645390266214,8.789535609131917,1.329705750476755,Head,Open Play,Normal,From Free Kick,Center Forward,1,1,0,1,High Pass,,37.51973,1,1,1,417.8713271542243,0.0,0.03930362535618812,0.050929975,0
3998843,Selma Bacha,France Women's,28,1,0,9,22.96366695456107,17.130126302204605,2,1,1.1112218020220745,0.0,19,1,1,2.5334727817915317,20.43505314870296,1.4265355636011137,Left Foot,Open Play,Normal,Regular Play,Left Back,1,1,0,1,Ground Pass,,6.0008335,1,1,1,393.3705152933933,0.0,0.048390433645501135,0.037722036,0
3998843,Marie-Antoinette Katoto,France Women's,35,1,0,2,6.428841264178176,62.94725863142351,0,0,5.539810031273512,62.94725863142351,11,0,0,5.198166151655522,6.711693497301715,4.219252115885169,Right Foot,Open Play,Half Volley,Regular Play,Center Forward,1,1,0,1,Low Pass,,21.78302,1,1,1,404.6779337565913,1.0,0.8617120572165329,0.62059164,1
3998843,Sandy Baltimore,France Women's,38,1,1,1,10.868762579061153,20.211599348201936,0,1,3.72168270244504,11.4793209939998,13,0,3,4.319723606494296,6.576838519636559,3.715295611291168,Right Foot,Open Play,Normal,Regular Play,Left Wing,1,1,0,1,,,,0,0,0,219.675074658714,0.567957082279143,0.34242009385823935,0.1898939,1
3998843,Georgia Stanway,England Women's,49,1,-2,30,29.049784852903816,15.654490433873,2,1,3.4640640380747034,7.053310555825954,14,0,2,3.9975004538055394,25.05829576414939,0.030447793530186118,Right Foot,Open Play,Normal,From Throw In,Left Defensive Midfield,1,1,0,1,Ground Pass,,4.382921,1,1,1,454.75957908585156,0.4505614913254592,0.11924577258025496,0.02526788,0
3998843,Elisa De Almeida,France Women's,49,2,2,2,35.46674498738219,11.824561725562118,1,1,2.1853674980541387,3.4491677984886624,12,0,2,7.107362930089635,28.359428924071235,2.8244462742369834,Right Foot,Open Play,Normal,Regular Play,Right Back,1,1,0,1,Ground Pass,,34.77945,1,1,1,419.37871530807155,0.2916951916308505,0.061617368575312303,0.010560125,0
3998843,Elisa De Almeida,France Women's,50,2,2,9,19.87259419401503,11.457574715927505,1,1,1.5351602043913146,4.252534060565379,15,0,2,3.2942421252820466,16.80565029391435,2.183313661634905,Left Foot,Open Play,Normal,From Free Kick,Right Back,1,1,0,1,Ground Pass,,11.985408,1,1,1,227.69173277723434,0.37115481818798957,0.07725011588339353,0.015068616,0
3998843,Onema Grace Geyoro,France Women's,53,2,2,1,16.6715326230074,22.705235484580204,0,1,2.503325653971566,16.828368527187543,11,0,2,4.975900554898581,11.704380050957026,3.0349955910006656,Right Foot,Open Play,Normal,From Counter,Right Center Midfield,1,1,0,1,Ground Pass,,19.02761,1,1,1,378.5310740942441,0.7411668792695933,0.1501557001734126,0.16479349,0
3998843,Lauren Hemp,England Women's,56,2,-2,1,14.43121616496683,11.98114460858392,1,1,2.3093523419019064,2.706490704852848,20,0,1,4.631046777299832,9.821656939102276,4.188659543232639,Left Foot,Open Play,Normal,From Corner,Left Wing,1,1,0,1,Ground Pass,,26.862799,1,1,1,172.90248775020146,0.2258958382752326,0.1600247903921003,0.018480575,0
3998843,Kadidiatou Diani,France Women's,64,2,2,4,5.1999999999999975,73.96005669395036,2,0,0.8551372102115452,0.0,13,1,4,6.648232957496451,1.690921798415316,1.6203464749011829,Right Foot,Open Play,Half Volley,Regular Play,Right Wing,1,1,0,1,,,,0,0,0,384.5922948085417,0.0,0.1644494635022203,0.23568825,0
3998843,Oriane Jean-François,France Women's,75,2,2,2,14.665946952038249,30.227261974988362,3,1,2.0405320976971844,0.3416108231682718,17,0,1,2.9340549609160114,12.461772766576054,2.110210774329758,Right Foot,Open Play,Half Volley,From Free Kick,Center Defensive Midfield,1,1,0,1,Low Pass,,13.82787,1,1,1,443.3114206305422,0.011301414711360185,0.1391340159875319,0.06902699,0
3998843,Kadidiatou Diani,France Women's,76,2,2,3,6.369458375717676,62.50073043456639,0,1,1.473437067337836,44.679209694782735,15,2,5,2.8331313776861076,3.8735686241121345,1.9531316750279544,Head,Open Play,Normal,From Free Kick,Right Wing,1,1,0,1,High Pass,,38.002106,1,1,1,398.0958009549216,0.7148590005929377,0.23132847102903267,0.15916066,0
3998843,Ella Toone,England Women's,85,2,-2,8,12.924395537122809,32.43976290315444,1,1,3.2307473400665185,17.00434968405475,12,0,2,2.9909695878411924,9.97180350926739,0.7104220355690956,Left Foot,Open Play,Volley,Regular Play,Center Attacking Midfield,1,1,0,1,High Pass,,31.905642,1,1,1,419.2643268908513,0.524182304748018,0.24997279994927624,0.093458645,0
3998843,Ella Toone,England Women's,85,2,-2,9,15.811388300841895,28.37662871072319,1,1,1.8427379244801907,18.977788300521997,14,0,3,2.876664404849294,13.484459605243899,1.4664475453881067,Right Foot,Open Play,Normal,Regular Play,Center Attacking Midfield,1,1,0,1,Ground Pass,,10.638139,1,1,1,448.67389521406284,0.6687823452879206,0.11654497944257508,0.06371972,0
3998843,Keira Walsh,England Women's,86,2,-2,1,18.886238376129853,23.48072968691178,6,1,4.079419598972039,2.125722913438295,19,1,3,2.2386817709283013,16.835025268157167,0.41210965918899234,Right Foot,Open Play,Normal,From Corner,Right Defensive Midfield,1,1,0,1,,,,0,0,0,443.46265811248475,0.09053053042994565,0.2159995822210939,0.06356522,1
3998843,Grace Clinton,England Women's,89,2,-1,9,22.95321328267569,19.090217581726275,2,1,1.5165387908312062,12.895684679678991,18,0,1,2.354660069527381,20.731324167364424,0.10942776111962615,Right Foot,Open Play,Normal,From Free Kick,Left Defensive Midfield,1,1,0,1,,,,0,0,0,438.18183576604855,0.6755127134864678,0.06607087086912744,0.038878713,0
3998843,Michelle Agyemang,England Women's,89,2,-1,10,10.941663493271939,23.361067068985065,2,1,1.9472769694405407,2.766765490576445,18,0,2,5.080044717825488,5.9499902840335865,4.678751878828201,Left Foot,Open Play,Normal,From Free Kick,Left Center Forward,1,1,0,1,Low Pass,,9.984989,1,1,1,255.60893471259118,0.11843489350919657,0.17796900541109925,0.13677366,0
3998843,Alessia Russo,England Women's,92,2,-1,12,19.625493624365216,23.013265052553226,2,1,0.6487164009718017,0.0,16,1,4,2.9764981678145737,16.872668625748634,1.1897002640477012,Left Foot,Open Play,Normal,From Throw In,Right Center Forward,1,1,0,1,,,,0,0,0,451.6466865647102,0.0,0.03305478136694686,0.061254237,0
3998843,Lauren Hemp,England Women's,94,2,-1,1,12.828094168659659,19.56582118923694,2,1,1.2543287834755252,0.0,17,2,5,9.316599452240487,3.5279577888143603,7.835799110868422,Left Foot,Open Play,Volley,Regular Play,Left Wing Back,1,1,0,1,,,,0,0,0,250.99219670268798,0.0,0.09777982348617133,0.053681348,0
3998843,Grace Clinton,England Women's,95,2,-1,13,21.605786262017862,20.97232988648897,3,1,2.845440850018256,4.889754058498748,18,0,3,2.1927739842523746,19.41524230213229,0.14439555859051723,Left Foot,Open Play,Half Volley,Regular Play,Left Defensive Midfield,1,1,0,1,,,,0,0,0,453.12367694401,0.2331526389754569,0.13169809307150424,0.039441664,0
3998840,Linda Dallmann,Germany Women's,2,1,0,26,21.986359407596336,17.83714002089124,0,1,4.389858809558356,13.912634505557275,15,1,2,4.592191550826209,17.52281339475677,3.151716322674744,Right Foot,Open Play,Normal,Regular Play,Center Attacking Midfield,1,1,0,1,,,,0,0,0,392.1737713029352,0.7799812351790982,0.19966283313105715,0.079979666,0
3998840,Klara Bühl,Germany Women's,7,1,0,1,19.557607215607945,19.807179689500806,2,1,1.2330669465781645,7.205336781426911,17,0,4,3.7805600248419378,15.827091530626188,2.4732179197162765,Left Foot,Open Play,Normal,Regular Play,Left Wing,1,1,0,1,Ground Pass,,26.137522,1,1,1,387.3810404162241,0.3637739897541417,0.0630479451286922,0.037232324,0
3998840,Emilia Urszula Szymczak,Poland Women's,13,1,0,1,12.035364556173613,19.488865455739035,0,1,2.183675073893854,11.913981621667084,15,2,1,2.998817416269217,9.08331203053206,2.8271468744672887,Right Foot,Open Play,Volley,From Free Kick,Right Center Back,1,1,0,1,High Pass,,53.306755,1,1,1,234.55560054603788,0.6113224830211285,0.18143821599269502,0.09523363,0
3998840,Linda Dallmann,Germany Women's,18,1,0,1,14.610954794263101,29.207109119456224,2,1,0.8524101094332311,4.836213436391899,15,0,4,2.405878646554716,12.208256506338431,0.8962730646276,Left Foot,Open Play,Normal,Regular Play,Center Attacking Midfield,1,1,0,1,Ground Pass,,19.513329,1,1,1,426.74375101548446,0.16558343438277057,0.058340479553596634,0.1413277,0
3998840,Jule Brand,Germany Women's,23,1,0,15,17.608236708995026,18.502145922743278,1,1,1.0551819650771663,0.0,16,0,2,4.935184106151023,12.703036735715095,3.8382593501841313,Right Foot,Open Play,Normal,Regular Play,Right Wing,1,1,0,1,Ground Pass,,12.414508,1,1,1,325.7901650320308,0.0,0.05992547593014439,0.07793738,0
3998840,Rebecca Knaak,Germany Women's,32,1,0,1,7.83134726595622,54.00375849843611,2,1,0.278998374674935,0.0,19,2,7,3.5964452045540827,6.126200751196274,2.5059647514448784,Head,Open Play,Normal,From Corner,Left Center Back,1,1,0,1,High Pass,Straight,41.44068,1,1,1,422.9221864680876,0.0,0.035625846383772745,0.08400307,0
3998840,Giulia Gwinn,Germany Women's,32,1,0,4,13.509256086106292,28.07248693585296,0,1,2.597694626303195,20.877858662791855,17,1,2,3.9468921050177888,9.562707765227161,2.285520669108152,Head,Open Play,Normal,From Corner,Right Back,1,1,0,1,High Pass,,33.31216,1,1,1,379.238414990311,0.7437124723042461,0.1922899832341483,0.060517315,0
3998840,Paulina Tomasiak,Poland Women's,34,1,0,5,26.520369529853838,10.420267525794308,0,1,1.4578714229875738,7.297871124021451,12,0,1,4.660824370578678,22.022650306234617,2.971659218775258,Left Foot,Open Play,Normal,Regular Play,Right Midfield,1,1,0,1,Ground Pass,,32.67935,1,1,1,276.3493453840008,0.7003535279642596,0.05497176128509279,0.010157472,0
3998840,Ewelina Kamczyk,Poland Women's,35,1,0,3,25.916982849089514,15.025140069756814,2,1,0.6437605073243781,0.0,15,1,3,3.7869922413074724,22.243503339418837,2.6740356488969326,Right Foot,Open Play,Normal,From Corner,Left Center Midfield,1,1,0,1,,,,0,0,0,389.406297493055,0.0,0.02483933068416542,0.024341427,0
3998840,Ewa Pajor,Poland Women's,35,1,0,3,29.695117443781893,13.808682536917612,2,1,2.9990890530097567,4.845712453889454,15,1,2,3.464424920725819,26.259844169322598,1.9063191875382657,Right Foot,Open Play,Volley,From Corner,Center Forward,1,1,0,1,,,,0,0,0,410.05044967766855,0.35091779689585934,0.100996032721122,0.013551016,0
3998840,Natalia Padilla-Bidas,Poland Women's,35,1,0,4,28.28091229080137,15.678382894659919,1,0,5.0478761156716505,9.393244521723306,13,0,0,,,,Right Foot,Open Play,Normal,From Corner,Left Midfield,1,1,0,1,Ground Pass,,5.5865912,1,1,1,443.3989715054777,0.5991207501969262,0.17849056861272183,0.025518952,0
3998840,Janina Minge,Germany Women's,40,1,0,1,10.845275469069463,35.61760006170077,5,1,0.6292615918064054,10.606057584394305,18,1,3,2.6436380506822794,8.433937362352934,2.1417949994933068,Head,Open Play,Normal,From Corner,Right Center Back,1,1,0,1,High Pass,Inswinging,46.69529,1,1,1,386.28268421629036,0.2977757503599712,0.058021725091358764,0.04197658,0
3998840,Sjoeke Nüsken,Germany Women's,42,1,0,11,24.286621831782202,17.778285531548267,1,1,1.2780513558957518,11.71779342777722,16,0,2,2.652969831729106,21.93248439425177,1.866422640011038,Right Foot,Open Play,Normal,From Free Kick,Left Defensive Midfield,1,1,0,1,,,,0,0,0,431.7744975221578,0.6591070554572619,0.05262367754346368,0.026638309,0
3998840,Klara Bühl,Germany Women's,46,1,0,0,28.214358046923554,13.32810022573076,4,1,9.072947765493822,0.0,21,0,0,2.569935613148288,25.877521504759606,0.5149930340911695,Left Foot,Free Kick,Normal,From Free Kick,Left Wing,1,1,0,1,,,,0,0,0,376.0437918540503,0.0,0.3215720077842821,0.04016375,0
3998840,Lea Schüller,Germany Women's,47,1,0,5,10.604244433244638,41.322323445557764,0,1,2.227335314167646,32.763747646337904,13,1,2,3.2981668508082573,8.040928848176968,1.7168136832159817,Left Foot,Open Play,Normal,Regular Play,Center Forward,1,1,0,1,Ground Pass,,16.440195,1,1,1,438.1920183662903,0.792882512753771,0.21004186844136488,0.3183725,0
3998840,Sjoeke Nüsken,Germany Women's,45,2,0,4,12.244182292011171,24.418162138099657,1,1,2.2068426910015755,6.787049398951943,16,0,2,3.5726111168170736,8.675579716112761,2.887260484363786,Right Foot,Open Play,Normal,From Free Kick,Right Defensive Midfield,1,1,0,1,Ground Pass,,10.538027,1,1,1,298.98042845477744,0.27795086954403136,0.1802360205337232,0.10750954,0
3998840,Jule Brand,Germany Women's,45,2,0,7,12.79062156425559,31.71134586523798,2,1,0.901466298014752,0.0,15,1,2,2.4048026428426286,10.665631872555831,0.07083293227267973,Head,Open Play,Normal,From Free Kick,Right Wing,1,1,0,1,High Pass,,32.32615,1,1,1,405.60782425548024,0.0,0.07047869358702405,0.045270506,0
3998840,Linda Dallmann,Germany Women's,47,2,0,7,20.28053253738668,22.135491878100332,1,1,6.244331699518469,17.614259453127225,16,0,0,2.6232807926009443,17.731723322201926,0.2344787359230338,Right Foot,Open Play,Volley,From Keeper,Center Attacking Midfield,1,1,0,1,,,,0,0,0,448.91956326487235,0.7957473703375811,0.30789781718045084,0.066164955,0
3998840,Jule Brand,Germany Women's,51,2,0,7,23.352944139872392,16.340304679695638,1,1,2.141738612356585,5.059027944207087,18,0,3,4.149562416237892,20.461238753962046,0.5935042862948023,Left Foot,Open Play,Normal,Regular Play,Right Wing,1,1,0,1,Ground Pass,,15.854968,1,1,1,381.5942224134277,0.30960426034732413,0.09171171735472186,0.030847214,1
3998840,Sylwia Matysik,Poland Women's,60,2,-1,1,47.06867323390367,9.518665289500424,1,0,1.6679411589013229,7.418441654745685,19,0,1,,,,Right Foot,Open Play,Half Volley,From Free Kick,Right Back,1,1,0,1,,,,0,0,0,448.0309461343965,0.7793573394085626,0.0354363325818137,0.00473038,0
3998840,Sjoeke Nüsken,Germany Women's,60,2,1,11,6.1400325732035,32.07652859309866,0,0,3.1225018788054677,32.076528593098665,15,0,1,3.18265905682216,7.6055864091723855,1.6354780547109016,Head,Open Play,Normal,Regular Play,Right Defensive Midfield,1,1,0,1,High Pass,,26.555979,1,1,1,196.9509303969192,1.0000000000000002,0.5085480967043687,0.18456429,0
3998840,Klara Bühl,Germany Women's,62,2,1,6,19.252012881774206,19.616971056101868,1,1,1.336737965897814,2.4429224728799874,13,0,4,4.823985412717384,14.57989290267042,3.5480268159979715,Right Foot,Open Play,Normal,Regular Play,Left Wing,1,1,0,1,Ground Pass,,41.014755,1,1,1,377.6661794734649,0.12453107393050444,0.0694336729414563,0.05612729,0
3998840,Ewa Pajor,Poland Women's,63,2,-1,3,17.440183485273312,21.239758134501045,1,1,2.427815995129328,10.105807169753342,10,0,1,3.6841980512142762,13.757115495954688,2.261497209680961,Left Foot,Open Play,Normal,Regular Play,Center Forward,1,1,0,1,Ground Pass,,19.093716,1,1,1,370.4252790485246,0.47579671603406154,0.13920816814682044,0.09470412,0
3998840,Lea Schüller,Germany Women's,63,2,1,10,5.830951894845307,67.38013505195951,0,0,3.103866953622251,67.38013505195951,15,1,2,5.086532420484139,5.837362058683017,3.407139621713114,Head,Open Play,Normal,Regular Play,Center Forward,1,1,0,1,High Pass,,18.801064,1,1,1,392.890326156156,1.0,0.5323087910168045,0.31455034,0
3998840,Lea Schüller,Germany Women's,65,2,1,4,7.641989269817118,46.57655005518373,0,1,2.964931737479968,26.547970170241044,14,0,3,4.212828134896489,3.450381987849888,3.067892713275576,Head,Open Play,Normal,From Throw In,Center Forward,1,1,0,1,High Pass,,27.220764,1,1,1,355.93749574681397,0.5699857576138014,0.3879790500609958,0.22547805,1
3998840,Kayla Joan Zophia Adamek,Poland Women's,68,2,-2,3,27.004073766748608,13.193585318899656,2,1,0.9442349716754077,2.4862223614725347,13,0,1,3.099125840440308,23.912472578654775,2.1154548182883985,Right Foot,Open Play,Normal,Regular Play,Left Midfield,1,1,0,1,Ground Pass,,11.211155,1,1,1,356.28055119945776,0.18844175418421333,0.03496638987996281,0.02366625,0
3998840,Sjoeke Nüsken,Germany Women's,71,2,2,1,8.527602242131133,42.950113062448374,3,1,1.583669247821449,14.175580809792052,19,1,2,2.485554688844369,6.129527130543069,1.105966376860863,Head,Open Play,Normal,From Corner,Left Defensive Midfield,1,1,0,1,High Pass,Inswinging,35.223854,1,1,1,366.2614804511204,0.3300475784355007,0.18571096573867335,0.07179645,0
3998840,Tanja Pawollek,Poland Women's,77,2,-2,1,10.37111372997134,34.95336362100376,2,1,0.5675044939717202,0.0,17,1,4,3.5905461638231464,6.790946886573184,2.4509055925372394,Right Foot,Open Play,Half Volley,From Corner,Center Defensive Midfield,1,1,0,1,Low Pass,Outswinging,34.344723,1,1,1,362.50530935847286,0.0,0.054719725262649156,0.06562846,0
3998840,Ewa Pajor,Poland Women's,80,2,-2,2,7.184705978674418,57.90765409453232,1,1,0.46220480005533865,0.0,11,1,3,4.710392397403482,3.5235578968917323,2.6141994338811543,Head,Open Play,Normal,From Throw In,Center Forward,1,1,0,1,High Pass,,29.203596,1,1,1,416.0494685839965,0.0,0.0643317626952656,0.118617676,0
3998840,Sjoeke Nüsken,Germany Women's,83,2,2,12,32.19767072320605,13.656681481658826,5,1,7.373546204826578,0.0,18,0,0,2.4905506264721975,29.717406305145055,0.461241208801205,Right Foot,Open Play,Normal,Regular Play,Left Defensive Midfield,1,1,0,1,,,,0,0,0,439.7133335181566,0.0,0.22900868414410458,0.01668939,0
3998840,Sjoeke Nüsken,Germany Women's,85,2,2,14,19.141577782408635,23.230158433050644,2,1,4.563601204076948,6.032921175524751,16,0,1,1.8549601888278606,17.583879118277807,1.245708667387845,Right Foot,Open Play,Volley,From Goal Kick,Left Defensive Midfield,1,1,0,1,High Pass,,10.245975,1,1,1,444.6618845439148,0.259702110638274,0.23841301150582048,0.07370499,0
3998840,Selina Cerci,Germany Women's,89,2,2,8,23.98270209963839,11.405075705650686,1,1,1.0176404586314778,0.0,16,0,2,4.404895406316477,19.631624140756205,3.162507102305547,Right Foot,Open Play,Normal,Regular Play,Left Wing,1,1,0,1,High Pass,,53.84877,1,1,1,273.52453307244355,0.0,0.042432268657784884,0.011123675,0
3998840,Giovanna Hoffmann,Germany Women's,92,2,2,1,26.941603515752362,12.209638302738608,0,1,2.01791634852205,9.267597392536334,10,0,1,3.649549163373518,23.37237704554634,3.0168033702177013,Right Foot,Open Play,Normal,From Counter,Center Forward,1,1,0,1,Ground Pass,,13.881283,1,1,1,328.94723422312717,0.7590394705187641,0.07489963792772036,0.009287105,0
3998839,Esther Gonzalez Rodríguez,Spain Women's,1,1,0,9,8.215229759416347,47.40257225941613,1,1,0.8061172643512868,0.0,11,0,3,4.955660989318346,3.8288634035900286,3.778175557011025,Right Foot,Open Play,Volley,From Throw In,Center Forward,1,1,0,1,High Pass,Through Ball,43.156693,1,1,1,389.4230222984392,0.0,0.09812473758598293,0.20179321,1
3998839,Victoria López,Spain Women's,6,1,1,23,5.008991914547277,77.19697215999834,0,1,1.4368193261915243,60.62916440837324,14,1,3,2.6361845598885414,3.58219335886077,1.69119627320093,Right Foot,Open Play,Normal,From Throw In,Right Center Midfield,1,1,0,1,Ground Pass,,18.343937,1,1,1,386.67900937696294,0.785382673852976,0.286848002692651,0.5675244,1
3998839,Esther Gonzalez Rodríguez,Spain Women's,15,1,2,0,16.506059493410294,13.506717819969259,0,1,1.307206047844041,6.679912532110259,13,0,1,6.434813372083483,10.077279215199338,5.586950882555755,Right Foot,Open Play,Normal,Regular Play,Center Forward,1,1,0,1,,,,0,0,0,222.9426878971176,0.49456223348608186,0.07919552503527061,0.057982214,0
3998839,Claudia Pina Medina,Spain Women's,17,1,2,4,19.19713520294109,20.184855520751068,0,1,1.488992462699461,15.46616308357765,17,0,2,4.8208010247832975,14.574878735467557,1.5002504349618917,Right Foot,Open Play,Normal,Regular Play,Left Wing,1,1,0,1,Ground Pass,,10.517129,1,1,1,387.49140048369014,0.7662260979612978,0.07756326383904097,0.113796026,0
3998839,Alexia Putellas Segura,Spain Women's,20,1,2,3,15.50290295396317,28.93085343202699,1,1,2.96129359703921,11.021134680726911,18,0,2,2.280504896376445,13.723694869405634,1.3760644924183936,Left Foot,Open Play,Normal,From Throw In,Left Center Midfield,1,1,0,1,Ground Pass,,16.995588,1,1,1,448.5122131320467,0.38094744445133827,0.19101542503574684,0.10457949,0
3998839,Victoria López,Spain Women's,23,1,2,16,29.77549327886945,13.088117772194598,1,0,3.645606898571052,12.715009247055264,17,0,1,,,,Right Foot,Open Play,Normal,Regular Play,Right Center Midfield,1,1,0,1,Ground Pass,,9.604687,1,1,1,389.7051627590321,0.9714925758131551,0.12243649045297941,0.021873645,0
3998839,Carole da Silva Costa,Portugal Women's,26,1,-2,2,14.956603892595407,26.066357759374235,2,1,0.3989160009628931,0.0,14,0,2,5.521966942252908,9.908221959608905,4.294685975114334,Head,Open Play,Normal,From Free Kick,Center Back,1,1,0,1,High Pass,,50.758743,1,1,1,389.86418792964116,0.0,0.02667156286464103,0.023910778,0
3998839,Beatriz Pina Fonseca,Portugal Women's,26,1,-2,6,18.923266102869242,22.256783972760964,1,1,0.6749205696483537,0.0,17,1,4,2.4568904229183333,16.46637740410616,0.9322959724130868,Right Foot,Open Play,Normal,From Free Kick,Left Wing Back,1,1,0,1,Ground Pass,,11.950732,1,1,1,421.17104571063095,0.0,0.03566617760271409,0.032692973,0
3998839,Esther Gonzalez Rodríguez,Spain Women's,28,1,2,12,7.932212806020781,36.87771212745309,0,1,2.0854664478291243,25.241304547035035,13,0,2,2.8300183568434285,5.187223442553743,2.0004354406101683,Left Foot,Open Play,Backheel,From Throw In,Center Forward,1,1,0,1,Low Pass,,20.824024,1,1,1,292.52186039413124,0.6844596123479283,0.2629110563254423,0.064476766,0
3998839,Claudia Pina Medina,Spain Women's,34,1,2,11,14.52446212429225,25.069641345987524,0,1,4.429300745668858,18.85159069285574,16,0,1,3.6919002682247526,11.062741635061606,1.3022986536263943,Right Foot,Open Play,Normal,Regular Play,Left Wing,1,1,0,1,Ground Pass,,9.347192,1,1,1,364.1230561993867,0.7519689026533679,0.30495454549472273,0.21467435,0
3998839,Alexia Putellas Segura,Spain Women's,40,1,2,5,10.292715870944852,37.73446862513221,1,1,1.8758363645251808,0.9357643014597775,13,0,4,6.4713981711181585,3.8476268744107744,3.1518688599830895,Left Foot,Open Play,Normal,Regular Play,Left Center Midfield,1,1,0,1,High Pass,Through Ball,41.691486,1,1,1,388.39016409956884,0.024798661159270503,0.18224892128038336,0.16787322,1
3998839,Esther Gonzalez Rodríguez,Spain Women's,42,1,3,8,14.043147795277246,31.535470539995583,2,1,1.6699686680001886,3.946817112600041,13,1,5,2.936399693108454,11.19689257168131,1.045853931121414,Left Foot,Open Play,Normal,From Throw In,Center Forward,1,1,0,1,Ground Pass,,22.43212,1,1,1,442.8572735867695,0.12515485087163675,0.11891697590491815,0.06441572,0
3998839,Esther Gonzalez Rodríguez,Spain Women's,42,1,3,10,2.247220505424417,123.09573428450841,0,1,0.7866012954012063,96.51342263856709,13,0,3,0.8250656167098036,2.609835871893699,0.8231415833460503,Left Foot,Open Play,Volley,From Throw In,Center Forward,1,1,0,1,High Pass,,22.763567,1,1,1,276.6232582144227,0.7840517236405429,0.350032982300794,0.72276735,1
3998839,Alexia Putellas Segura,Spain Women's,46,2,4,27,11.18033988749895,31.040995336070925,2,1,0.506859358187292,0.0,15,0,2,2.699696650452279,8.487300381100477,1.9527965868282635,Right Foot,Open Play,Half Volley,From Kick Off,Left Center Midfield,1,1,0,1,Ground Pass,,15.17432,1,1,1,347.04887830354266,0.0,0.04533487919754797,0.11348284,0
3998839,Olga  Carmona García,Spain Women's,58,2,4,8,33.107854053079315,13.413890393975782,1,1,5.33356467423583,4.5869895903493365,18,0,0,3.5501106984691195,29.613395139056628,1.3899964117272674,Left Foot,Open Play,Normal,From Throw In,Left Back,1,1,0,1,Ground Pass,,27.61811,1,1,1,444.1051254477528,0.3419581833178961,0.16109665898867773,0.021218397,0
3998839,María Francesca Caldentey Oliver,Spain Women's,60,2,4,15,19.52562418976664,21.408170777563164,4,1,2.456235053078829,0.0,18,0,3,2.7969263391849313,16.82265806617791,1.696638605499139,Left Foot,Open Play,Normal,Regular Play,Left Wing,1,1,0,1,Ground Pass,,4.6010866,1,1,1,418.0078971930426,0.0,0.12579546903120972,0.04153897,0
3998839,Alexia Putellas Segura,Spain Women's,60,2,4,2,12.529964086141673,35.12815323338343,3,1,1.1618908510389918,0.0,19,2,7,2.9488222741798276,9.615716250163628,0.02956592468154895,Left Foot,Open Play,Volley,From Corner,Left Center Midfield,1,1,0,1,High Pass,,5.011986,1,1,1,440.15449842677583,0.0,0.09272898493971427,0.06583432,0
3998839,Andreia Alexandra Norton,Portugal Women's,64,2,-4,10,30.14000663569933,14.138619807157378,1,1,4.228646670184289,5.316749502602686,13,0,1,4.983935204847675,25.453380327949453,3.164226023655033,Right Foot,Open Play,Normal,Regular Play,Left Center Midfield,1,1,0,1,Ground Pass,,8.875246,1,1,1,426.13809480735335,0.37604444953751387,0.14030012406087755,0.020211317,0
3998839,Ana Ines Palma Capeta,Portugal Women's,74,2,-4,3,12.10165277968262,28.6258439739254,0,1,2.5157606261260326,22.575225966556644,18,0,1,4.182168487752317,8.249909172870654,1.6981834753997163,Right Foot,Open Play,Half Volley,From Free Kick,Center Forward,1,1,0,1,High Pass,Through Ball,34.936802,1,1,1,346.4200242978153,0.7886309303970175,0.20788570552525895,0.14030053,0
3998839,Jana Fernandez Velasco,Spain Women's,79,2,4,2,32.63694225873497,13.464706147757349,1,1,3.412947694852681,8.139137137650176,20,0,1,2.575311022432722,30.209067025408093,1.4600668676517472,Right Foot,Open Play,Normal,Regular Play,Right Back,1,1,0,1,Ground Pass,,28.263935,1,1,1,439.44683707519033,0.6044793735811169,0.10457314498999176,0.020843945,0
3998839,Patricia Guijarro Gutiérrez,Spain Women's,84,2,4,10,22.469757453074568,18.544222715394497,1,1,1.7409000741445695,8.588526070505898,18,0,1,1.0048667434087586,21.48381287806916,0.23088327828581612,Left Foot,Open Play,Normal,From Free Kick,Center Defensive Midfield,1,1,0,1,,,,0,0,0,416.6841865707102,0.46313756053933325,0.07747747512540949,0.039412823,0
3998839,Cristina Martín-Prieto Gutierrez,Spain Women's,85,2,4,5,8.122191822408524,52.36267526812022,0,1,1.6121860974018178,40.056637964414485,16,0,2,2.8395854635288145,5.597843303541343,1.2657296138603584,Right Foot,Open Play,Normal,From Throw In,Center Forward,1,1,0,1,Ground Pass,,11.0923395,1,1,1,425.29969286215913,0.7649845574028954,0.19849150729904164,0.43679002,0
3998839,Olga  Carmona García,Spain Women's,86,2,4,1,22.552383466055208,17.487374125347458,4,1,4.138516398508172,2.9940584824141405,19,0,1,1.7358179767740942,21.236364678898774,0.2589626330963597,Left Foot,Open Play,Half Volley,From Corner,Left Back,1,1,0,1,,,,0,0,0,394.38196708920765,0.17121258234387157,0.18350682998705098,0.027190598,0
3998839,Ana Ines Palma Capeta,Portugal Women's,88,2,-4,2,22.599557517792245,13.019819145918175,1,1,1.7051079466298311,0.0,11,1,2,5.792019882530653,16.81714662409274,4.661550311108805,Right Foot,Open Play,Normal,From Free Kick,Center Forward,1,1,0,1,Ground Pass,,17.447063,1,1,1,294.24215165943053,0.0,0.07544873147571268,0.027938487,0
3998839,Andreia Martins Faria,Portugal Women's,89,2,-4,1,15.057224179774975,28.665296892334663,2,1,2.164835689205744,13.293569192039259,19,0,1,2.543475756361605,12.790979148517781,1.692131953804349,Right Foot,Open Play,Volley,From Corner,Center Attacking Midfield,1,1,0,1,,,,0,0,0,431.6198014876899,0.4637513172101165,0.14377388975277228,0.06415349,0
3998839,Salma Paralluelo Ayingono,Spain Women's,90,2,4,5,23.482972554597936,17.263501866469642,2,1,1.9833228888776178,0.15671967946103785,19,0,3,2.5958536486095327,20.893759370160733,1.047135699762606,Right Foot,Open Play,Normal,From Throw In,Left Wing,1,1,0,1,Low Pass,,7.291776,1,1,1,405.39834052655686,0.009078093232371907,0.0844579145279155,0.041598216,0
3998839,Cristina Martín-Prieto Gutierrez,Spain Women's,92,2,4,6,6.109828148156055,64.93153889036815,0,0,2.2795197973511607,64.93153889036813,17,0,2,4.081366709420906,5.70730600720434,2.8077328198431815,Head,Open Play,Normal,From Corner,Center Forward,1,1,0,1,High Pass,,32.25601,1,1,1,396.72054401546086,0.9999999999999998,0.37309065690155613,0.24645637,1
3998836,Sandra María Jessen,Iceland Women's,3,1,0,1,16.807438829280322,26.763368061196623,6,1,3.285075351040574,6.867244771969221,19,0,2,1.3909738426669565,16.072976393301253,1.1308199009676656,Right Foot,Open Play,Volley,From Corner,Center Forward,1,0,0,1,,,,0,0,0,449.82367155407695,0.25659120168532995,0.19545365503979273,0.043727428,0
3998836,Linda Sällström,WNT Finland,7,1,0,4,11.788129622633106,36.56449870334927,1,1,1.5770530180088034,23.42911911675881,11,1,2,3.0465171424593724,9.055254405012471,0.42366849501927106,Left Foot,Open Play,Half Volley,Regular Play,Right Center Forward,1,0,0,1,,,,0,0,0,431.02705030168136,0.640761392815505,0.13378314189732657,0.06937369,0
3998836,Ria Öling,WNT Finland,7,1,0,4,13.961733416735905,29.588768980704234,2,1,3.426418426946598,5.411211590279295,13,2,1,2.212279910468657,11.773055239912448,1.1799534156173266,Right Foot,Open Play,Half Volley,Regular Play,Center Attacking Midfield,1,0,0,1,,,,0,0,0,413.1105046379771,0.18288059208573754,0.24541497281701113,0.08141477,0
3998836,Karólína Lea Vilhjálmsdóttir,Iceland Women's,10,1,0,3,25.628889948649746,13.343332889646032,1,0,0.5556366983197955,0.0,12,0,2,,,,Right Foot,Open Play,Normal,Regular Play,Center Attacking Midfield,1,0,0,1,Ground Pass,,7.50733,1,1,1,341.9748101769368,0.0,0.021680092248750286,0.028363429,0
3998836,Sanni Maija Franssi,WNT Finland,15,1,0,2,22.063544592834575,15.028328388876226,2,1,1.959418378554862,5.8896223271184045,15,1,3,3.831618564311978,18.23231805069426,2.638502956136918,Right Foot,Open Play,Normal,From Throw In,Left Center Forward,1,0,0,1,Ground Pass,,12.611503,1,1,1,331.5781935637324,0.39190135953362765,0.08880795967802965,0.023006067,0
3998836,Saara Katariina Kosola,WNT Finland,15,1,0,2,20.71617725353787,21.169351583820788,2,1,2.3152263587871795,5.216975581951965,18,0,3,2.8254563939707404,17.940665286414507,1.2003783402458055,Right Foot,Open Play,Normal,From Throw In,Left Center Midfield,1,0,0,1,,,,0,0,0,438.5480397528941,0.2464400272863894,0.11175934297394513,0.040811963,0
3998836,Sandra María Jessen,Iceland Women's,26,1,0,2,20.802163349036558,21.76679183322013,5,1,0.9672691974531986,0.0,20,0,1,2.168884695790793,18.645332627240066,0.185035590276442,Left Foot,Open Play,Normal,From Throw In,Center Forward,1,0,0,1,,,,0,0,0,452.79635929912,0.0,0.046498490624437734,0.049674973,0
3998836,Sanni Maija Franssi,WNT Finland,27,1,0,6,16.726027621644057,24.46359141667321,3,1,0.7268670983522512,0.0,18,0,3,3.2638646233296553,13.54221751408414,1.9950070774513904,Left Foot,Open Play,Normal,From Throw In,Left Center Forward,1,0,0,1,Ground Pass,,12.734991,1,1,1,409.1787057598906,0.0,0.04345724608344303,0.07200798,0
3998836,Oona Siren,WNT Finland,29,1,0,3,29.25491411711885,14.729961883271844,1,1,2.8151607359973867,6.160180928286582,17,0,2,3.0139359611577263,26.38539822160756,1.78203236251057,Right Foot,Open Play,Normal,Regular Play,Right Center Midfield,1,0,0,1,Ground Pass,,16.281584,1,1,1,430.92376984355207,0.4182075267473993,0.09622864468947673,0.024380805,0
3998836,Saara Katariina Kosola,WNT Finland,32,1,0,12,18.87326150934173,18.707351427434677,1,1,5.7339339678076895,6.602496980007819,10,0,0,5.0012291127984785,14.192723999202231,4.242919708347806,Right Foot,Open Play,Normal,Regular Play,Left Center Midfield,1,0,0,1,Ground Pass,,22.649725,1,1,1,353.06873563713197,0.3529359570551038,0.3038125638734754,0.0811538,0
3998836,Sanni Maija Franssi,WNT Finland,34,1,0,5,20.209156340629363,22.18253045439798,2,1,1.8084088756632712,4.629088269292637,16,1,2,2.2469107106325,17.963694376361243,0.3975182495846141,Right Foot,Open Play,Normal,Regular Play,Left Center Forward,1,0,0,1,Ground Pass,,14.094325,1,1,1,448.2902259837009,0.20868170467787453,0.08948462989657652,0.05682604,0
3998836,Sandra María Jessen,Iceland Women's,39,1,0,7,8.06597793203031,41.88769139079452,1,1,1.5337117017633217,7.958866738859489,12,0,1,1.8179691399749847,7.9836646441991865,1.0143502516125764,Left Foot,Open Play,Half Volley,Regular Play,Center Forward,1,0,0,1,Ground Pass,,20.041208,1,1,1,337.8651943818447,0.19000490298227737,0.19014578451459593,0.28854948,0
3998836,Linda Sällström,WNT Finland,48,2,0,4,24.08318915758459,12.786701449186797,0,1,1.5079997866315615,9.281086739015361,13,0,2,4.4674313475975165,19.61586390391261,3.3204749135189147,Left Foot,Open Play,Normal,Regular Play,Right Center Forward,1,0,0,1,Ground Pass,,29.068884,1,1,1,307.94454970232664,0.7258390114055268,0.06261628295007776,0.026303,0
3998836,Ingibjörg Sigurðardóttir,Iceland Women's,56,2,0,1,8.7641314458422,47.857717249586095,7,1,2.3579115714160976,10.8981390971714,20,0,3,2.38615046454471,6.727497500034084,1.6467443313934922,Right Foot,Open Play,Volley,From Throw In,Left Center Back,1,0,0,1,,,,0,0,0,419.43132467332214,0.22771957635036708,0.2690411007624397,0.117479876,0
3998836,Agla María Albertsdóttir,Iceland Women's,56,2,0,1,9.121951545584974,46.65123087469091,5,1,0.9363170757479296,1.4475955785529402,20,3,3,1.6719482010233504,7.495848022285709,0.7021550897003692,Left Foot,Open Play,Volley,From Throw In,Right Midfield,1,0,0,1,,,,0,0,0,425.5502675808282,0.031030169009716002,0.10264438164014444,0.07228754,0
3998836,Alexandra Jóhannsdóttir,Iceland Women's,56,2,0,1,6.1000000000000005,66.16056306759731,5,1,2.4422355571604335,10.352475897030393,20,2,7,2.539296639729196,3.8488822425351827,0.4848808473637618,Right Foot,Open Play,Half Volley,From Throw In,Right Defensive Midfield,1,0,0,1,,,,0,0,0,403.57943471234364,0.156475027070932,0.4003664847803989,0.16458614,0
3998836,Ria Öling,WNT Finland,60,2,0,12,16.96496389621858,20.937860883871227,1,1,1.8042867004041452,11.416584016836081,12,1,2,4.104405930719971,12.869803079248381,2.816331109413582,Right Foot,Open Play,Normal,From Throw In,Center Attacking Midfield,1,0,0,1,Ground Pass,,27.008331,1,1,1,355.21005395892263,0.5452602861465404,0.10635370115973622,0.05983996,0
3998836,Joanna Tynnilä,WNT Finland,64,2,0,10,27.600181158825745,16.492432494698317,2,1,5.820651013394015,7.138445182883409,17,0,0,0.9299203923366207,26.87810324577338,0.5755735485334341,Right Foot,Open Play,Normal,From Corner,Left Back,1,0,0,1,Ground Pass,,24.061588,1,1,1,455.194124603378,0.4328315538158573,0.21089176842351043,0.027229844,0
3998836,Guðrún Arnardóttir,Iceland Women's,66,2,0,5,8.786353054595512,40.78582147726598,0,1,2.347017422763565,27.943972359408917,14,1,2,3.4421638419454545,5.365197779875659,2.4865750042565082,Right Foot,Open Play,Backheel,From Corner,Right Center Back,1,0,0,1,Ground Pass,,22.439697,1,1,1,358.3586271209632,0.6851393780307916,0.26712077333792184,0.07539876,0
3998836,Saara Katariina Kosola,WNT Finland,67,2,0,4,25.181342299408904,16.372977524296775,0,1,1.6667980458927694,13.400888875432683,15,0,1,2.1098710813129165,23.13613510989339,0.43973166844138234,Right Foot,Open Play,Normal,From Throw In,Left Center Midfield,1,0,0,1,High Pass,,56.321667,1,1,1,412.29355149984565,0.8184759830975371,0.06619178700143777,0.03419653,0
3998836,Natalia Kuikka,WNT Finland,68,2,0,1,10.547511554864496,18.136677227454985,1,1,0.9953032115593939,9.042671112749327,19,0,1,3.6480569302798873,7.0750485057686,2.9435249500535434,Head,Open Play,Normal,From Corner,Right Center Back,1,0,0,1,High Pass,Inswinging,30.351606,1,1,1,191.29681262342922,0.49858477378980365,0.0943637943776759,0.036259063,0
3998836,Saara Katariina Kosola,WNT Finland,69,2,0,9,18.228000438885232,20.65168095511471,2,1,2.3063764172100423,5.964804484869263,15,0,2,4.143818670434904,14.183516964228565,2.9926746110302034,Right Foot,Open Play,Normal,Regular Play,Left Center Midfield,1,0,0,1,Low Pass,,28.082912,1,1,1,376.4388495135487,0.2888290061149713,0.12652931543110568,0.06489573,1
3998836,Saara Katariina Kosola,WNT Finland,72,2,1,26,20.902152999152985,17.80787219040207,2,1,1.9148810670775724,0.0,11,0,1,3.1735219633325236,17.72918548269809,1.8230303449178393,Right Foot,Open Play,Normal,Regular Play,Left Center Midfield,1,0,0,1,High Pass,,54.819798,1,1,1,372.22286911314563,0.0,0.09161166637499825,0.044327248,0
3998836,Sveindís Jane Jónsdóttir,Iceland Women's,74,2,-1,6,22.50199991111901,15.066895776621545,0,1,1.5477786174502621,8.697598224036598,7,0,2,11.702422309074969,10.800304088184378,8.022943742971847,Right Foot,Open Play,Normal,From Goal Kick,Center Forward,1,0,0,1,High Pass,Through Ball,57.63133,1,1,1,339.0352874263774,0.5772654402728512,0.0687840469097794,0.0623256,0
3998836,Katla Tryggvadóttir,Iceland Women's,88,2,-1,3,21.70023041352326,12.973457804923784,4,1,1.5679857377987276,0.0,16,0,2,1.9756447505991643,19.725163955045005,1.5471070540154415,Left Foot,Open Play,Normal,From Throw In,Right Center Midfield,1,0,0,1,,,,0,0,0,281.52702362696783,0.0,0.07225664004109293,0.027080998,0
3998836,Katla Tryggvadóttir,Iceland Women's,90,2,-1,1,22.784643951574054,14.870728978024239,1,1,2.753505562182116,0.0,13,0,1,3.845076153631347,18.94983559746949,2.797630122881891,Right Foot,Open Play,Normal,Regular Play,Right Center Midfield,1,0,0,1,Ground Pass,,12.384264,1,1,1,338.824265064637,0.0,0.12084918105520331,0.035943866,0
3998836,Sveindís Jane Jónsdóttir,Iceland Women's,95,2,-1,1,26.665520808714763,11.957605246415158,1,0,2.5652759315476534,1.1780757461419704,15,2,3,,,,Right Foot,Open Play,Half Volley,From Counter,Center Forward,1,0,0,1,High Pass,,28.1812,1,1,1,318.8557715206802,0.09852104345852634,0.09620198120073004,0.00941428,0
3835320,Ada Stolsmo Hegerberg,Norway Women's,3,1,0,4,13.579396157414362,24.964718332304546,1,1,1.1239890593713169,0.0,7,1,2,5.604293669751848,8.160604454233992,4.601299261490503,Left Foot,Open Play,Half Volley,Regular Play,Center Forward,1,0,0,1,Low Pass,Through Ball,35.64225,1,1,1,339.0058001926282,0.0,0.0827716524609688,0.15273613,0
3835320,Guro Reiten,Norway Women's,6,1,0,8,12.277621919573837,34.325124451107314,2,1,1.138217431064835,18.39162638954443,15,1,2,2.573067761613437,9.710600988436747,0.75263923554526,Head,Open Play,Normal,From Throw In,Left Wing,1,0,0,1,High Pass,,19.250975,1,1,1,421.43090035301503,0.5358065464770988,0.09270666897228767,0.09134048,0
3835320,Frida Maanum,Norway Women's,8,1,0,19,30.710421683851887,14.837061733229564,2,0,2.3606402646116096,0.0,15,0,2,,,,Right Foot,Open Play,Normal,From Throw In,Right Defensive Midfield,1,0,0,1,Ground Pass,,9.241753,1,1,1,455.6524223768223,0.0,0.07686772552045022,0.023289055,0
3835320,Julie Blakstad,Norway Women's,9,1,0,3,18.11573901335521,18.820599289945367,1,1,0.8101540174046741,0.0,10,0,1,6.482429298328415,11.691184004042308,4.885582107980589,Left Foot,Open Play,Normal,From Throw In,Left Back,1,0,0,1,Ground Pass,,30.736298,1,1,1,340.94906481158864,0.0,0.04472100292499333,0.120957196,1
3835320,Rachel Furness,Northern Ireland W,11,1,-1,3,32.90243152108975,13.862060017873095,1,0,3.859241736220348,12.795949350074476,14,1,2,,,,Left Foot,Open Play,Normal,From Throw In,Center Forward,1,0,0,1,,,,0,0,0,456.0954804793057,0.9230914693469784,0.11729351168914848,0.020758733,0
3835320,Frida Maanum,Norway Women's,12,1,1,2,26.855539465815994,16.37326404917262,1,0,3.676336143860657,9.415137246069888,16,0,1,,,,Left Foot,Open Play,Normal,From Throw In,Right Defensive Midfield,1,0,0,1,Ground Pass,,10.737783,1,1,1,439.71283885678145,0.5750311738572161,0.13689302903560024,0.040226307,0
3835320,Frida Maanum,Norway Women's,12,1,1,1,12.653062870309302,33.891457837247565,1,0,5.784920918208379,33.71129691955176,8,0,0,12.39874765964871,5.784920918208378,8.562984966157345,Right Foot,Open Play,Normal,Regular Play,Right Defensive Midfield,1,0,0,1,Ground Pass,,12.050311,1,1,1,428.83074678113036,0.994684179165117,0.45719530342197434,0.63622487,1
3835320,Maria Thorisdottir,Norway Women's,17,1,2,2,9.154780172128651,47.03247283759231,2,1,1.175678175430465,27.498206497272417,17,1,3,2.661397315709317,6.978990922108198,1.5757176282169212,Right Foot,Open Play,Half Volley,From Corner,Left Center Back,1,0,0,1,Ground Pass,,18.609674,1,1,1,430.57194977976945,0.5846642721131502,0.12842232727878802,0.111834064,0
3835320,Amalie Vevle Eikeland,Norway Women's,21,1,2,17,11.962023240238253,31.407860043640408,0,1,1.290811913587897,6.748074918744312,11,1,3,9.168185818432585,2.809776645554595,5.575046343191865,Right Foot,Open Play,Normal,Regular Play,Right Wing,1,0,0,1,Ground Pass,,8.469357,1,1,1,375.70155176817696,0.21485306255720818,0.10790916282839352,0.21599093,0
3835320,Frida Maanum,Norway Women's,23,1,2,14,27.513814711886106,16.47887420642129,0,1,2.162870403161188,13.65854514212813,18,0,2,3.205761263314254,24.38079945163514,0.9219671178250692,Right Foot,Open Play,Normal,Regular Play,Right Defensive Midfield,1,0,0,1,Ground Pass,,15.301307,1,1,1,453.3966915759545,0.8288518360559991,0.07861034268820663,0.03347694,0
3835320,Ada Stolsmo Hegerberg,Norway Women's,24,1,2,3,9.154780172128659,21.856746605287466,0,0,4.857648336212258,21.856746605287448,18,1,1,3.123505061110693,7.956490769900319,0.5501631025734497,Head,Open Play,Normal,From Corner,Center Forward,1,0,0,1,High Pass,,35.45095,1,1,1,200.09371044932607,0.9999999999999992,0.5306133238459579,0.12013167,0
3835320,Lauren Wade,Northern Ireland W,26,1,-2,5,23.035841638629144,17.594275021745986,1,1,3.2436618232344085,8.825919241231864,12,0,2,3.224129860430765,19.99553453368016,2.308919248305898,Left Foot,Open Play,Normal,From Throw In,Right Wing,1,0,0,1,Ground Pass,,8.373769,1,1,1,405.2989331474289,0.5016358577050374,0.14080934719550528,0.03559984,0
3835320,Ada Stolsmo Hegerberg,Norway Women's,26,1,2,8,8.075270893288968,52.44309127322985,1,1,2.424581421546022,34.340474381042796,10,0,2,2.1285968272472346,7.177163137621619,1.9416287610208869,Right Foot,Open Play,Half Volley,From Goal Kick,Center Forward,1,0,0,1,Low Pass,,6.4195013,1,1,1,423.49216851280966,0.6548140765030048,0.30024768872595886,0.25589296,0
3835320,Caroline Graham Hansen,Norway Women's,30,1,2,0,11.900420160649796,37.156345075648375,0,1,9.736053343614113,31.12450378965948,18,0,0,0.5048166699916135,11.40393002287452,0.0852055884010241,Right Foot,Penalty,Normal,Other,Center Attacking Midfield,1,0,0,1,,,,0,0,0,442.1761180343067,0.837663223503055,0.8181268570506083,0.7835,1
3835320,Lauren Wade,Northern Ireland W,33,1,-3,1,18.764061394058594,22.264886826991404,1,1,0.8675565037507595,5.1375026298608315,12,0,2,3.0408022520199145,15.723498821359238,1.1832938749333408,Left Foot,Open Play,Normal,From Counter,Right Wing,1,0,0,1,High Pass,,58.116608,1,1,1,417.77970335343315,0.23074461010206934,0.046235006672140845,0.05668856,0
3835320,Caroline Graham Hansen,Norway Women's,34,1,3,26,24.813101378102658,17.753268635153336,1,1,5.319780151424015,6.874869034762018,15,0,0,2.114202865960032,22.742432564671475,0.13144438221000598,Left Foot,Open Play,Normal,Regular Play,Center Attacking Midfield,1,0,0,1,Ground Pass,,18.301092,1,1,1,440.51365443674996,0.3872452547216604,0.2143940038111751,0.04922256,0
3835320,Ada Stolsmo Hegerberg,Norway Women's,44,1,3,1,31.360006377550373,14.244380741542063,0,1,1.194254502668168,10.791047409591389,10,1,1,11.490929217286705,19.912744261878036,3.1200002456814104,Right Foot,Open Play,Normal,From Free Kick,Center Forward,1,0,0,1,,,,0,0,0,446.7038708990148,0.7575652185510997,0.03808208736599928,0.06270923,0
3835320,Simone Magill,Northern Ireland W,45,1,-3,2,24.751767613647313,14.148034460711457,0,1,4.480554110219211,10.78411713462964,7,0,1,4.442202113665247,20.441885089089645,3.5612126581404624,Right Foot,Open Play,Normal,Regular Play,Left Wing,1,0,0,1,Ground Pass,,25.90309,1,1,1,350.18886116140396,0.7622342993704683,0.18101956111404263,0.039762076,0
3835320,Caroline Graham Hansen,Norway Women's,46,1,3,14,22.858915109864686,17.694421005330934,1,1,2.354821410652263,10.894863246221743,14,0,3,4.110816340290993,18.79216168920104,1.4263853399534838,Right Foot,Open Play,Normal,From Goal Kick,Center Attacking Midfield,1,0,0,1,Ground Pass,,19.32977,1,1,1,404.47526767906635,0.6157230712968434,0.10301544930433064,0.05846013,0
3835320,Rachel Furness,Northern Ireland W,48,2,-3,2,14.080127840328727,17.539108673485718,1,1,2.8328670433038106,6.074741630107968,16,1,1,3.6037710343299776,10.490918063405989,3.230483786868973,Right Foot,Open Play,Volley,From Corner,Center Forward,1,0,0,1,High Pass,,10.043903,1,1,1,246.9528923280973,0.3463540675411458,0.20119611664248013,0.06280254,0
3835320,Julie Nelson,Northern Ireland W,48,2,-3,2,7.068238818828922,56.44442936198522,1,1,3.317416905143867,30.5172517099648,16,2,2,2.816447753337043,7.539909541397136,2.5180147514851186,Head,Open Play,Normal,From Corner,Right Center Back,1,0,0,1,,,,0,0,0,398.962706723031,0.5406601157087412,0.46934137204117593,0.2613665,1
3835320,Lauren Wade,Northern Ireland W,51,2,-2,8,28.398943642325854,14.47029410006589,1,0,2.256495800734837,2.3678702606616646,12,0,2,,,,Left Foot,Open Play,Normal,From Keeper,Right Wing,1,0,0,1,Low Pass,,44.182575,1,1,1,410.94106663565157,0.16363663684284638,0.07945703295004783,0.024871351,0
3835320,Guro Reiten,Norway Women's,53,2,2,0,21.110187114282052,19.482993334832223,5,1,9.044540135052937,3.8339401200321976,19,1,0,1.071026835532113,20.772987030407723,0.7497184202053191,Left Foot,Free Kick,Normal,From Free Kick,Left Wing,1,0,0,1,,,,0,0,0,411.2896348446183,0.19678393633578756,0.4284443376124257,0.08887432,1
3835320,Karina Sævik,Norway Women's,70,2,3,1,19.241881404893864,20.889423801970747,4,1,1.3340950309976716,0.0,17,0,1,8.033542421456529,11.331971103948083,4.7516267745952945,Right Foot,Open Play,Volley,From Corner,Right Wing,1,0,0,1,,,,0,0,0,401.9518154140882,0.0,0.06933287878275593,0.043618746,0
3835320,Vilde Bøe Risa,Norway Women's,75,2,3,8,21.966565503054863,20.496937728270343,3,1,1.5778165829048556,3.746902313682712,17,0,2,2.6560348957855324,19.531134319481467,1.2939225546550617,Right Foot,Open Play,Normal,From Throw In,Right Defensive Midfield,1,0,0,1,,,,0,0,0,450.247325220087,0.1828030295723057,0.07182809632600193,0.045773756,0
3835320,Karina Sævik,Norway Women's,81,2,3,17,13.520724832641186,25.62179648030252,0,1,1.5184803029136744,18.689575655286898,13,0,1,3.8126720102722795,9.924220760018578,1.6597387993128336,Left Foot,Open Play,Normal,From Throw In,Right Wing,1,0,0,1,,,,0,0,0,346.4252599281048,0.7294404851609463,0.1123076108499613,0.2219604,0
3835320,Guro Reiten,Norway Women's,89,2,3,6,17.53681841155915,18.9322812406765,0,0,2.425448908512724,18.93228124067651,14,0,1,3.539197982592805,16.150606530326893,1.0327398360070745,Right Foot,Open Play,Half Volley,From Free Kick,Left Wing,1,0,0,1,,,,0,0,0,332.0119782343115,1.0000000000000007,0.13830609701210245,0.057143237,0
3835320,Caroline Graham Hansen,Norway Women's,92,2,3,14,11.618089343777664,27.37214223374116,1,1,1.5824193764385086,4.830494761851296,12,0,2,4.771590941388329,6.969287944697495,4.069538426662291,Right Foot,Open Play,Normal,Regular Play,Center Attacking Midfield,1,0,0,1,Ground Pass,,6.303174,1,1,1,318.01199400219474,0.17647485244676353,0.13620306485988679,0.055306565,0
3835326,Tessa Wullaert,Belgium Women's,13,1,0,3,17.488853593074648,23.160886821649157,1,1,1.1663997724787878,10.887755339462132,15,0,2,3.972325255416806,13.516603818835712,1.8206839471196758,Left Foot,Open Play,Normal,Regular Play,Center Forward,1,0,0,1,,,,0,0,0,405.0573587095941,0.47009233382570775,0.06669389541580167,0.092285275,0
3835326,Dagný Brynjarsdóttir,Iceland Women's,22,1,0,2,8.980534505250793,47.76037506808123,0,1,2.4998075006361673,38.304717642598504,17,0,3,1.7093460071642648,7.279559613273373,0.3782497688477733,Head,Open Play,Normal,From Throw In,Center Defensive Midfield,1,0,0,1,High Pass,,25.244604,1,1,1,428.91369628262316,0.8020187778675539,0.2783584316918514,0.14944793,0
3835326,Sveindís Jane Jónsdóttir,Iceland Women's,28,1,0,7,25.598828098176686,12.625563788603321,0,1,3.0530796986659916,9.636072090412382,17,0,1,2.6126759607769507,23.001480530379457,1.670587511685099,Left Foot,Open Play,Normal,Regular Play,Left Wing,1,0,0,1,Low Pass,,7.3979726,1,1,1,323.1996370670208,0.7632191521704992,0.11926638543595876,0.01799788,0
3835326,Berglind Björg Þorvaldsdóttir,Iceland Women's,32,1,0,0,11.900420160649796,37.156345075648375,0,1,9.715145564068184,31.65072915615414,8,0,0,0.9043872564775234,12.492951849242182,0.6949333370550193,Right Foot,Penalty,Normal,Other,Center Forward,1,0,0,1,,,,0,0,0,442.1761180343067,0.8518256866146255,0.8163699628179943,0.7835,0
3835326,Dagný Brynjarsdóttir,Iceland Women's,35,1,0,3,8.354639429682171,50.64406962176387,1,1,1.3953741769428536,25.454942045824716,17,3,6,2.234165275638082,6.125929437367994,0.5582290118751274,Head,Open Play,Normal,From Corner,Center Defensive Midfield,1,0,0,1,High Pass,,32.25027,1,1,1,423.11294094155744,0.502624339551213,0.16701788134451384,0.084366746,0
3835326,Elena Dhont,Belgium Women's,45,1,0,6,16.180543872194168,27.360337589372573,1,1,3.583283757068577,8.08183513337047,10,0,1,3.686521222174666,13.282940795189477,2.590034304634699,Right Foot,Open Play,Normal,Regular Play,Left Wing,1,0,0,1,Ground Pass,,12.515989,1,1,1,442.70514272288614,0.2953850663198561,0.2214563234321409,0.12817551,0
3835326,Guðrún Arnardóttir,Iceland Women's,46,1,0,1,11.395174417269798,38.20276111858581,4,1,0.9394231810074327,0.0,18,2,5,1.3804590355935495,10.257817322095187,0.5145464650184337,Left Foot,Open Play,Volley,From Throw In,Left Center Back,1,0,0,1,,,,0,0,0,435.3271261675784,0.0,0.08244043896192611,0.051034592,0
3835326,Karólína Lea Vilhjálmsdóttir,Iceland Women's,46,1,0,4,17.088007490635068,25.424653489016,6,1,0.8025298820811673,0.0,19,0,4,1.8842686944330438,15.654452951807135,1.5375077560865265,Right Foot,Open Play,Half Volley,From Throw In,Right Wing,1,0,0,1,,,,0,0,0,434.4566692671064,0.0,0.046964509028977586,0.05312637,0
3835326,Glódís Perla Viggósdóttir,Iceland Women's,46,1,0,5,19.743353311937668,22.338492322021782,3,1,3.2182840200150635,2.8691529821495343,18,0,1,1.5408243655324358,19.11060981852329,1.1842273344327907,Right Foot,Open Play,Normal,From Throw In,Right Center Back,1,0,0,1,Ground Pass,,8.949861,1,1,1,441.03674636968293,0.12843986696994136,0.16300594783304378,0.082345836,0
3835326,Sveindís Jane Jónsdóttir,Iceland Women's,46,2,0,1,14.1155942134931,17.22129677748523,1,1,1.202990384491055,0.0,10,0,1,6.145465204746491,8.308937955096562,5.91583694412315,Left Foot,Open Play,Normal,From Counter,Left Wing,1,0,0,1,Ground Pass,,31.331295,1,1,1,243.08883714111786,0.0,0.08522421134358737,0.11731203,0
3835326,Berglind Björg Þorvaldsdóttir,Iceland Women's,49,2,0,3,7.7897368376601746,34.2311325048063,0,1,4.871984693842182,24.820583632901563,17,1,1,3.02631565912302,4.871984693842182,2.2739393946741657,Head,Open Play,Normal,From Corner,Center Forward,1,0,0,1,High Pass,,37.064808,1,1,1,266.6515138675162,0.7250880066388856,0.6254363652297135,0.16673006,1
3835326,Gunnhildur Yrsa Jónsdóttir,Iceland Women's,53,2,1,5,10.25524256173398,40.14203889396347,4,1,1.900347292328055,0.0,18,0,1,3.237026943529019,7.065100592234871,0.863862368431974,Left Foot,Open Play,Half Volley,From Corner,Right Center Midfield,1,0,0,1,,,,0,0,0,411.666345780155,0.0,0.18530495801424907,0.093777135,0
3835326,Sara Björk Gunnarsdóttir,Iceland Women's,53,2,1,6,7.747257579298621,52.22431569404535,1,0,1.7630148320843693,30.859158796288,19,0,4,4.633529904941045,6.002737723025236,2.1129315830438316,Right Foot,Open Play,Volley,From Corner,Left Center Midfield,1,0,0,1,High Pass,,10.647065,1,1,1,404.59522558437675,0.5908963743455345,0.22756631156750304,0.12830317,0
3835326,Justine Vanhaevermaet,Belgium Women's,57,2,-1,10,28.44802277839358,15.392717868078194,2,1,4.76254470389942,9.127632395528925,16,0,1,2.2334888721207866,26.21537843205626,0.6844471881139853,Right Foot,Open Play,Normal,From Corner,Right Defensive Midfield,1,0,0,1,Ground Pass,,12.731457,1,1,1,437.8923885324743,0.5929838040141072,0.16741215166336962,0.022106629,0
3835326,Tinne De Caigny,Belgium Women's,59,2,-1,2,11.200446419674533,35.33662337566317,1,1,0.6329997378281409,0.0,15,1,3,3.36789459778553,10.39866535081891,2.0583658646567713,Head,Open Play,Normal,From Throw In,Center Attacking Midfield,1,0,0,1,High Pass,,28.958763,1,1,1,395.785956771334,0.0,0.05651558108578809,0.05197609,0
3835326,Janice Cayman,Belgium Women's,59,2,-1,1,19.94893480865582,10.210831593995724,0,1,1.9702886729376632,2.9078673019830164,12,0,2,18.06792239402775,1.9702886729376632,16.53552260754239,Left Foot,Open Play,Normal,From Counter,Center Forward,1,0,0,1,Ground Pass,,41.807655,1,1,1,203.6952138107839,0.2847826129747287,0.09876661043990966,0.04381701,0
3835326,Janice Cayman,Belgium Women's,63,2,-1,5,18.32211778152296,19.434409966419665,1,1,2.6928610453718314,9.49481503663129,15,0,1,3.3868730735717745,14.942169647980228,2.0087218204181596,Right Foot,Open Play,Normal,From Throw In,Center Forward,1,0,0,1,Ground Pass,,12.624579,1,1,1,356.07954841914477,0.48855689743281083,0.14697324171158108,0.041881856,0
3835326,Justine Vanhaevermaet,Belgium Women's,66,2,-1,0,11.900420160649796,37.156345075648375,0,1,10.210670554982944,30.41882819244506,10,0,0,2.1239757019760988,10.210670554982944,1.175148417362756,Right Foot,Penalty,Normal,Other,Right Defensive Midfield,1,0,0,1,,,,0,0,0,442.1761180343067,0.8186711618302046,0.858009248173084,0.7835,1
3835326,Tessa Wullaert,Belgium Women's,67,2,0,2,32.512920508622415,13.897732334894497,0,0,2.743235296367518,13.897732334894513,10,0,2,,,,Right Foot,Open Play,Normal,From Counter,Left Wing,1,0,0,1,Ground Pass,,12.175385,1,1,1,451.85586665453616,1.000000000000001,0.08437369677817817,0.021021832,0
3835326,Dagný Brynjarsdóttir,Iceland Women's,69,2,0,1,8.415461959987704,49.06146551283783,0,1,2.4000656369307283,39.17533198299904,18,2,4,2.2224887626512,6.963318850627042,0.8696330176057714,Head,Open Play,Normal,From Corner,Center Defensive Midfield,1,0,0,1,High Pass,Outswinging,47.52189,1,1,1,412.87489672453535,0.7984949404486928,0.28519713455329254,0.058648866,0
3835326,Dagný Brynjarsdóttir,Iceland Women's,70,2,0,1,4.66476151587624,79.79602627826833,2,1,0.3245284756243906,0.0,19,2,7,3.9938341501102843,1.0696308387271511,2.6744232467654,Head,Open Play,Normal,From Corner,Center Defensive Midfield,1,0,0,1,High Pass,Inswinging,44.141815,1,1,1,372.22943250271527,0.0,0.0695702180100477,0.13804959,0
3835326,Gunnhildur Yrsa Jónsdóttir,Iceland Women's,71,2,0,7,8.174350127074318,51.89435530929356,0,0,2.276097483746665,51.89435530929356,13,1,4,6.771492887460641,2.276097483746665,2.4895105470808474,Head,Open Play,Normal,Regular Play,Center Attacking Midfield,1,0,0,1,High Pass,,37.17647,1,1,1,424.2026299169636,1.0,0.27844384548784956,0.17079319,0
3835326,Gunnhildur Yrsa Jónsdóttir,Iceland Women's,74,2,0,1,13.165485179058155,27.642845435853005,4,1,1.134976927372413,0.0,18,1,3,1.3683612885537673,11.950714758950701,0.2966420283729576,Head,Open Play,Normal,From Corner,Center Attacking Midfield,1,0,0,1,High Pass,Outswinging,51.013428,1,1,1,363.9314718927181,0.0,0.08620851506314241,0.026049498,0
3835326,Tessa Wullaert,Belgium Women's,78,2,0,5,25.09900396430105,13.905298988447852,2,1,4.148574884067281,2.7304165577917674,16,0,2,3.095262060518446,22.005487797745054,2.0951615818708618,Right Foot,Open Play,Normal,Regular Play,Left Wing,1,0,0,1,Ground Pass,,20.106218,1,1,1,349.00915443584404,0.1963579898612841,0.16528842698172022,0.02796483,0
3835326,Sari Kees,Belgium Women's,79,2,0,1,7.849203781276163,43.97069209769068,0,1,0.6599855444887582,32.37386631172438,19,1,3,2.1095998383900634,5.938904193800775,0.8549282656706936,Head,Open Play,Normal,From Corner,Right Center Back,1,0,0,1,High Pass,Inswinging,45.161156,1,1,1,345.1349226785236,0.7362601034297716,0.08408312013291296,0.12089812,0
3835326,Dagný Brynjarsdóttir,Iceland Women's,80,2,0,9,10.423531071570714,41.92394194784689,1,1,0.4316516460972231,0.0,14,2,4,1.3720814149257445,9.138681884178341,0.36259217300241886,Head,Open Play,Normal,From Keeper,Right Defensive Midfield,1,0,0,1,High Pass,,36.72125,1,1,1,436.99551153610895,0.0,0.04141126870859683,0.057233337,0
3835326,Karólína Lea Vilhjálmsdóttir,Iceland Women's,86,2,0,0,35.56472971920355,11.654927000031604,1,1,10.462569945036558,3.6250665959715604,17,0,0,1.8692762918993493,35.17339199845407,1.4591467604518442,Right Foot,Free Kick,Normal,From Free Kick,Left Defensive Midfield,1,0,0,1,,,,0,0,0,414.50432865317185,0.3110329730904132,0.2941838733948591,0.007972235,0
3835326,Sveindís Jane Jónsdóttir,Iceland Women's,87,2,0,5,19.303885619221845,19.743333383440724,2,1,2.8518021572083545,9.55599570239228,13,0,2,3.489113326284927,15.994434300979517,2.7026592974501114,Right Foot,Open Play,Normal,From Throw In,Right Wing,1,0,0,1,,,,0,0,0,381.12304937610395,0.4840112617663214,0.14773202729551363,0.051097173,0
3835326,Karólína Lea Vilhjálmsdóttir,Iceland Women's,87,2,0,5,21.12936345468078,20.9496019644078,1,1,2.2384576875864006,11.85811559238093,15,0,1,2.849354146068851,18.563317210260262,1.7102167518439444,Left Foot,Open Play,Half Volley,From Throw In,Left Defensive Midfield,1,0,0,1,,,,0,0,0,442.6517541368669,0.5660305915371187,0.10594061162266181,0.04960326,0
3835326,Sveindís Jane Jónsdóttir,Iceland Women's,90,2,0,1,18.04272706660498,23.095301813642685,3,1,4.235721844491703,6.2899906106787995,18,1,1,1.5011013596261593,16.542038290304294,0.6380009214905229,Left Foot,Open Play,Half Volley,From Corner,Right Wing,1,0,0,1,,,,0,0,0,416.7022271444219,0.2723493575201179,0.2347606228734424,0.048148103,0
3835326,Alexandra Jóhannsdóttir,Iceland Women's,91,2,0,2,12.614673994994874,34.50801331129217,0,1,1.5825147244787563,27.29521063727996,10,0,2,3.235212960711334,9.538643919591156,1.5405639331781273,Head,Open Play,Normal,From Counter,Left Defensive Midfield,1,0,0,1,High Pass,,35.34176,1,1,1,435.30733813689426,0.7909818044595475,0.1254503069287919,0.09728876,0
3835324,Kosovare Asllani,Sweden Women's,24,1,0,11,12.30650234632083,24.455108328944725,1,0,1.1039366369531511,24.07484860803793,14,0,2,4.009090644386599,9.103492831942008,1.3937679021560996,Right Foot,Open Play,Volley,Regular Play,Right Wing,1,0,0,1,Low Pass,,22.455511,1,1,1,300.95684802968833,0.9844507038859964,0.08970352468044551,0.038229287,0
3835324,Kosovare Asllani,Sweden Women's,24,1,0,11,11.359577456930344,19.486683985156333,0,1,1.0238883640222882,14.705149944765994,16,0,2,3.919368963195227,7.5829056933653005,3.0582916579298427,Right Foot,Open Play,Half Volley,Regular Play,Right Wing,1,0,0,1,,,,0,0,0,221.36049610810744,0.7546255666673409,0.09013437057006253,0.12595576,0
3835324,Fridolina Rolfö,Sweden Women's,25,1,0,0,50.6219320058016,8.979396895928064,0,0,4.17612578207418,8.979396895928055,13,0,1,,,,Left Foot,Open Play,Lob,Regular Play,Left Wing,1,0,0,1,,,,0,0,0,454.55441911877637,0.999999999999999,0.08249637294751155,0.009673961,0
3835324,Lieke Martens,Netherlands Women's,27,1,0,3,36.216708851026205,11.88999523941949,1,1,4.760891323187991,0.0,19,1,1,6.908311804651127,29.457513551926127,3.49836051940931,Right Foot,Open Play,Lob,Regular Play,Left Wing,1,0,0,1,Ground Pass,,31.630365,1,1,1,430.61649582614325,0.0,0.1314556588444146,0.008689953,0
3835324,Jill Roord,Netherlands Women's,30,1,0,5,26.061849512266015,17.349597410426206,1,1,5.054497176427826,7.599815147980112,16,0,0,2.4334606691426135,23.89397979263044,1.2955021627290932,Left Foot,Open Play,Normal,Regular Play,Right Wing,1,0,0,1,,,,0,0,0,452.16259680892796,0.4380398558074332,0.1939423821033471,0.030083492,0
3835324,Jonna Ann-Charlotte Andersson,Sweden Women's,35,1,0,6,8.121576201698785,45.70228557301231,0,1,3.347645436351147,25.05240767868494,13,1,1,4.789493513386563,3.347645436351147,3.1397311560417194,Left Foot,Open Play,Normal,Regular Play,Left Wing Back,1,0,0,1,Ground Pass,,23.534231,1,1,1,371.1745948730185,0.5481653130599371,0.4121915935050788,0.5090996,1
3835324,Lieke Martens,Netherlands Women's,36,1,-1,9,18.1463494951464,15.009247495954192,0,1,3.898860095234912,9.923234203497183,9,1,2,4.643586402974061,13.522873482500762,3.5594381983259993,Left Foot,Open Play,Normal,From Kick Off,Left Wing,1,0,0,1,,,,0,0,0,272.3630507207357,0.6611413534337437,0.2148564424088569,0.064492874,0
3835324,Lina Mona Andréa Hurtig,Sweden Women's,37,1,1,11,11.303096920755834,38.21695114479887,1,1,1.2848975813563912,9.538974103233668,12,0,2,3.23516216085009,9.030046014560156,2.5661851157447444,Head,Open Play,Diving Header,Regular Play,Center Forward,1,0,0,1,Low Pass,,14.267796,1,1,1,431.96990280545225,0.2496006043781929,0.11367659592451504,0.16913018,0
3835324,Danielle van de Donk,Netherlands Women's,40,1,-1,3,14.303146506975306,31.242637449000405,1,1,3.159773674328949,18.884873697209176,12,1,2,3.5489964867995494,11.908879768811385,2.3225668195231606,Right Foot,Open Play,Half Volley,Regular Play,Center Attacking Midfield,1,0,0,1,Low Pass,,12.050311,1,1,1,446.86802069736603,0.6044583696890606,0.22091458496827968,0.0761728,0
3835324,Lina Mona Andréa Hurtig,Sweden Women's,48,1,1,9,3.1953090617340894,123.34309890567492,1,1,0.9588089354432466,108.47444627735662,14,0,3,2.4727998870848253,0.9588089354432466,2.073602120697565,Head,Open Play,Normal,Regular Play,Center Forward,1,0,0,1,High Pass,,28.712366,1,1,1,394.1193216356671,0.8794529020250341,0.3000676669827057,0.55485517,0
3835324,Sherida Spitse,Netherlands Women's,51,1,-1,15,27.76706682384728,16.189454602382288,1,1,5.051350356149114,10.44214918797217,18,0,0,1.8058912413584414,26.24214314632675,1.177737568478264,Right Foot,Open Play,Normal,Regular Play,Left Defensive Midfield,1,0,0,1,Ground Pass,,12.065239,1,1,1,449.5336677859909,0.6449969714505146,0.18191875966570753,0.029267801,0
3835324,Jill Roord,Netherlands Women's,51,2,-1,6,16.73230408521193,26.706395625958578,1,1,2.147873327389617,11.480179173255424,16,0,5,3.1753878776934044,13.557752062737121,0.33338387058500984,Right Foot,Open Play,Normal,Regular Play,Center Attacking Midfield,1,0,0,1,,,,0,0,0,446.8595326335127,0.42986628873634697,0.12836685948637014,0.12452298,1
3835324,Fridolina Rolfö,Sweden Women's,56,2,0,2,25.007198963498492,18.1705190723077,0,1,3.4000596178107507,15.431209067359788,11,0,2,2.466797211821611,25.101753377952626,2.466586302167194,Left Foot,Open Play,Normal,Regular Play,Left Midfield,1,0,0,1,Ground Pass,,20.652603,1,1,1,454.39378571124274,0.8492442624205113,0.1359632329383876,0.06451267,0
3835324,Sherida Spitse,Netherlands Women's,57,2,0,9,26.309884074241,15.788377677666857,2,1,6.005122706711617,6.1736081257382125,17,0,0,3.790569489736419,22.72138219235498,2.5426841222553023,Left Foot,Open Play,Normal,From Keeper,Left Defensive Midfield,1,0,0,1,Ground Pass,,7.1589108,1,1,1,415.39038641974935,0.3910223236216961,0.2282458824131043,0.026049517,0
3835324,Lynn Wilms,Netherlands Women's,57,2,0,11,22.276669409945463,14.923991357032396,0,1,2.534435672005674,12.113698604718564,17,0,1,3.6438647145611944,19.225733742375862,0.8569586500193935,Right Foot,Open Play,Normal,From Keeper,Right Back,1,0,0,1,Ground Pass,,23.627949,1,1,1,332.45682173749407,0.8116929523019604,0.11377085260663652,0.04810186,0
3835324,Vivianne Miedema,Netherlands Women's,61,2,0,4,18.107733154649704,23.18816918878965,1,1,1.5716083286250035,9.736810999653216,13,0,3,5.517991894197964,12.655555397970184,2.770254843779682,Right Foot,Open Play,Normal,From Throw In,Center Forward,1,0,0,1,Ground Pass,,18.869287,1,1,1,419.8851800154731,0.4199042589511762,0.08679210783606263,0.07847687,0
3835324,Kosovare Asllani,Sweden Women's,83,2,0,2,23.067076104266015,16.981261227265207,0,1,1.351593313818072,14.571170362219927,9,0,1,2.8172201871175515,22.324729513488627,1.809745291674318,Right Foot,Open Play,Normal,From Counter,Right Center Forward,1,0,0,1,Ground Pass,,39.161842,1,1,1,391.70804507574826,0.8580735062731604,0.0585940458040154,0.059842344,0
3835324,Fridolina Rolfö,Sweden Women's,86,2,0,6,22.7705950734714,19.707978842978726,0,1,1.8715222143000831,15.884192355050962,17,0,1,4.929850945358323,17.984188400543072,1.7766776188904174,Left Foot,Open Play,Normal,From Throw In,Left Midfield,1,0,0,1,Ground Pass,,16.150541,1,1,1,448.76240595000996,0.8059777454403931,0.08219030764288092,0.062871866,0
3835324,Magdalena Lilly Eriksson,Sweden Women's,86,2,0,1,7.406078584514216,56.72511201516505,1,0,0.8440025021913526,0.0,18,2,6,7.667739921316403,3.8062596636961596,4.007208035860941,Head,Open Play,Normal,From Corner,Left Center Back,1,0,0,1,High Pass,Inswinging,43.854305,1,1,1,420.1106372996839,0.0,0.11396078134468147,0.08068369,0
3835324,Victoria Pelova,Netherlands Women's,87,2,0,4,18.787761974221414,15.523234061699538,1,1,2.9695684152569215,10.468251909014757,15,0,2,4.152670589920733,14.78126039727872,2.556715769198462,Left Foot,Open Play,Normal,From Throw In,Right Wing,1,0,0,1,Low Pass,,52.438915,1,1,1,291.6468266213372,0.6743602439676578,0.15805865644516096,0.05750156,0
3835324,Fridolina Rolfö,Sweden Women's,91,2,0,8,19.3747258045114,23.24975328497558,2,1,0.8901381465415908,0.0,17,1,4,2.389671209805715,17.777138464707008,1.8411178559796397,Left Foot,Open Play,Normal,From Throw In,Left Midfield,1,0,0,1,,,,0,0,0,450.45759491894006,0.0,0.04594326420528348,0.037176754,0
3835336,Sarah Puntigam,Austria Women's,10,1,0,4,24.482646915723798,11.170103990854802,1,1,2.00105649099645,0.03907232570978324,17,0,3,3.8107239167462374,20.679670688020202,2.945290580896298,Left Foot,Open Play,Normal,From Free Kick,Center Defensive Midfield,1,0,0,1,,,,0,0,0,273.4737120200154,0.003497937507275901,0.08173366621201755,0.009165313,0
3835336,Laura Feiersinger,Austria Women's,11,1,0,5,21.86801316992469,17.845007072168748,1,1,1.3774329263599945,0.0,19,1,3,2.557375243432613,19.487754884035773,2.012936365422526,Left Foot,Open Play,Half Volley,From Corner,Left Center Midfield,1,0,0,1,High Pass,,8.616263,1,1,1,390.23484967158544,0.0,0.06298848073927413,0.03348525,0
3835336,Barbara Dunst,Austria Women's,13,1,0,3,32.43223704896103,9.169216136194578,1,0,1.7131882683459339,6.1085407376704985,13,0,2,,,,Right Foot,Open Play,Normal,Other,Left Midfield,1,0,0,1,Ground Pass,,6.6730804,1,1,1,297.37819128222105,0.6662009758454308,0.05282362316727135,0.0063589686,0
3835336,Caroline Graham Hansen,Norway Women's,15,1,0,8,13.679546776117988,8.508007100108019,1,1,2.7806261190274197,0.893833391140848,12,0,2,4.543108362461481,9.180449116122784,4.26756744595243,Right Foot,Open Play,Half Volley,From Throw In,Center Attacking Midfield,1,0,0,1,,,,0,0,0,116.3856810974716,0.10505790376332665,0.2032688775831294,0.0129327085,0
3835336,Verena Hanshaw,Austria Women's,28,1,0,3,22.722895942198914,13.74676157624639,0,1,6.001169418380884,10.155060003368304,18,0,0,3.5882460953308417,19.145854120647034,2.8210831638996012,Left Foot,Open Play,Half Volley,From Corner,Left Back,1,0,0,1,Low Pass,,7.566373,1,1,1,312.366232839265,0.7387238039332595,0.26410231484782065,0.03361731,0
3835336,Nicole Billa,Austria Women's,33,1,0,9,19.11910039724673,9.994700827876578,1,1,5.374007886343064,4.857331084980308,11,0,0,5.288309414246267,13.845570417876997,4.695279998545239,Right Foot,Open Play,Normal,Regular Play,Center Forward,1,0,0,1,Ground Pass,,27.197977,1,1,1,191.0896885686173,0.4859906433049554,0.28108058301304567,0.01313982,0
3835336,Nicole Billa,Austria Women's,36,1,0,10,10.40192289915668,42.06265578171582,0,1,2.0105219300829553,33.966085376509575,11,0,1,2.4295110518882472,8.498928850136767,1.3218553291566053,Head,Open Play,Normal,From Throw In,Center Forward,1,0,0,1,High Pass,,31.75736,1,1,1,437.53250237517494,0.8075116690866263,0.19328367933259294,0.118420705,1
3835336,Julia Hickelsberger Füller,Austria Women's,40,1,1,8,19.548913013259842,15.856075493656421,1,1,1.8923258692349356,0.0,14,0,2,5.599749642279433,14.606996666424266,5.332450844682022,Right Foot,Open Play,Normal,From Free Kick,Right Midfield,1,0,0,1,Ground Pass,,14.5,1,1,1,309.9690405571705,0.0,0.09679954419723434,0.024112709,0
3835336,Barbara Dunst,Austria Women's,43,1,1,9,19.6702821535432,17.253702211254552,1,0,1.053320913955786,0.0,14,0,1,,,,Right Foot,Open Play,Volley,Regular Play,Left Midfield,1,0,0,1,High Pass,,11.094143,1,1,1,339.3851906885893,0.0,0.05354884621042671,0.035282504,0
3835336,Sarah Puntigam,Austria Women's,44,1,1,12,21.654098919142303,20.618407571071817,2,1,2.057857725311443,3.615023325135125,16,0,1,2.1796210421987334,19.599010614860724,1.051797335659714,Left Foot,Open Play,Normal,Regular Play,Center Defensive Midfield,1,0,0,1,Ground Pass,,18.436106,1,1,1,446.4730370991817,0.17532989939567886,0.0950331728415764,0.049753845,0
3835336,Nicole Billa,Austria Women's,47,1,1,3,12.175385004179537,10.286544032233731,1,1,0.3269367470904968,0.0,16,0,1,3.015371352429263,9.168553352684627,2.8676868705622525,Head,Open Play,Normal,From Throw In,Center Forward,1,0,0,1,,,,0,0,0,125.24263395489108,0.0,0.026852271774425757,0.017114049,0
3835336,Julia Hickelsberger Füller,Austria Women's,46,2,1,18,15.473848907107756,26.293626172772587,1,1,1.535410344789092,10.410639628017572,14,0,2,3.0696015631314286,12.424447433648359,1.6622158657595634,Left Foot,Open Play,Normal,From Kick Off,Right Midfield,1,0,0,1,Ground Pass,,21.843306,1,1,1,406.863598617457,0.39593776680364967,0.09922614302404212,0.12833671,0
3835336,Julia Hickelsberger Füller,Austria Women's,49,2,1,9,22.663186007267385,12.5965732358185,0,1,1.5454085663618748,9.093176985914914,12,0,1,3.0714068258462706,19.62828140949195,2.131472770548619,Right Foot,Open Play,Normal,From Free Kick,Right Midfield,1,0,0,1,,,,0,0,0,285.47848229752066,0.7218770387535525,0.06819026088681045,0.024772799,0
3835336,Ada Stolsmo Hegerberg,Norway Women's,56,2,-1,16,22.304259682849825,15.94916788302257,1,1,3.9427622400606097,7.977913166076999,17,1,3,2.904583217089462,19.400431799081236,1.8964213350832821,Left Foot,Open Play,Half Volley,Regular Play,Center Forward,1,0,0,1,,,,0,0,0,355.7343821883036,0.5002087397029195,0.17677171518462348,0.029398393,0
3835336,Julia Hickelsberger Füller,Austria Women's,60,2,1,5,8.174350127074318,51.89435530929356,1,1,0.39714372137074794,0.0,15,1,2,0.7160427030480003,7.4607266852896155,0.151732691863252,Head,Open Play,Normal,From Throw In,Right Midfield,1,0,0,1,High Pass,,37.226334,1,1,1,424.2026299169636,0.0,0.04858413393076542,0.09975038,0
3835336,Barbara Dunst,Austria Women's,61,2,1,1,18.506755523321747,19.559276652926492,1,1,1.96195611958723,0.0,13,0,3,4.0838361586177205,14.42394252195877,2.6004061837179435,Right Foot,Open Play,Normal,From Counter,Left Midfield,1,0,0,1,Ground Pass,,11.727319,1,1,1,361.97875122872546,0.0,0.10601297008083466,0.046611957,0
3835336,Nicole Billa,Austria Women's,62,2,1,3,18.13973538947026,24.822708660445954,1,1,1.835611441023401,11.784874292042579,12,0,2,3.5101228338771846,14.83601678400866,1.2905700687150343,Left Foot,Open Play,Normal,From Throw In,Center Forward,1,0,0,1,,,,0,0,0,450.2773667504014,0.47476181802920364,0.10119284551906614,0.09615707,0
3835336,Julia Hickelsberger Füller,Austria Women's,68,2,1,1,20.659622455408034,16.385764883818396,0,1,1.829962247499968,12.47519488888095,11,0,2,3.109958990946539,17.585232483319682,2.418116418092005,Left Foot,Open Play,Normal,From Free Kick,Right Midfield,1,0,0,1,,,,0,0,0,338.5237161427709,0.7613434574055623,0.08857675165409143,0.06594762,0
3835336,Nicole Billa,Austria Women's,71,2,1,1,11.615506876585277,37.96692972623641,1,1,1.1375677863796154,0.0,11,0,2,1.256041966822164,10.649745659680178,0.8187687014193443,Head,Open Play,Normal,From Counter,Center Forward,1,0,0,1,Low Pass,,26.16276,1,1,1,441.005133317929,0.0,0.09793526864270923,0.05771401,0
3835336,Lisa Makas,Austria Women's,71,2,1,1,10.575916035975323,29.577227702241824,0,1,5.802238233815226,17.892275852770354,9,0,0,4.682324226709393,5.894267513822747,3.624043279386264,Right Foot,Open Play,Half Volley,From Counter,Right Midfield,1,0,0,1,,,,0,0,0,312.80627675583287,0.6049341754708876,0.5486274866477925,0.27787772,0
3835336,Sarah Puntigam,Austria Women's,74,2,1,1,15.211837495845135,23.6656479407355,4,1,0.3070990732113329,0.0,18,1,1,2.3024734721028763,13.035475582429315,1.924674818127066,Left Foot,Open Play,Normal,From Corner,Center Defensive Midfield,1,0,0,1,,,,0,0,0,359.99799070835047,0.0,0.02018816420404254,0.07841322,0
3835336,Nicole Billa,Austria Women's,74,2,1,1,11.591807451817001,37.61301079620051,3,1,1.6108131500051495,4.092195095928006,18,1,4,1.6370254959749808,10.17415765515397,1.0157560572378515,Left Foot,Open Play,Half Volley,From Corner,Center Forward,1,0,0,1,,,,0,0,0,436.0027788326704,0.10879732861856888,0.13896134461348877,0.09374324,0
3835336,Maren Nævdal Mjelde,Norway Women's,79,2,-1,1,15.97779709471866,25.082006012334382,3,1,0.6219689535123913,0.0,17,1,3,1.2571551057853338,14.745074940658476,0.8025949805532875,Right Foot,Open Play,Half Volley,From Corner,Right Center Back,1,0,0,1,,,,0,0,0,400.7552027935923,0.0,0.038927077983608796,0.06555226,0
3835336,Ingrid Syrstad Engen,Norway Women's,80,2,-1,1,7.749193506423745,25.276245083353782,4,1,1.2392708068474072,4.829344125486209,20,0,4,2.6670128247882463,5.10478937166693,2.4040851216716845,Right Foot,Open Play,Backheel,From Corner,Left Defensive Midfield,1,0,0,1,Low Pass,Inswinging,32.720024,1,1,1,195.87051426670024,0.1910625612926454,0.1599225526914647,0.075518034,0
3835336,Celin Bizet Ildhusøy,Norway Women's,81,2,-1,1,17.112568480505786,19.42011294218192,2,1,2.783777488204888,3.6442098115075012,19,0,2,2.1378519195250463,14.975018501316775,1.4749980060033323,Right Foot,Open Play,Volley,From Corner,Center Attacking Midfield,1,0,0,1,High Pass,Inswinging,49.10825,1,1,1,332.3280126222448,0.1876513191430524,0.16267443963050304,0.039664324,0
3835336,Lisa Makas,Austria Women's,81,2,1,4,20.248456731316587,12.590382945535156,1,1,3.5569706773359613,8.179599666962494,7,0,1,4.411977630976385,15.863200244154326,3.919714008731461,Left Foot,Open Play,Half Volley,From Goal Kick,Left Midfield,1,0,0,1,High Pass,,44.766617,1,1,1,254.9358243033749,0.6496704430950745,0.17566626062097332,0.02251729,0
3835336,Celin Bizet Ildhusøy,Norway Women's,88,2,-1,7,19.990247622278222,14.610780526867483,1,1,3.682264895748947,7.664458660450075,13,0,1,4.00864259595548,15.98164758579575,3.1385677858732066,Right Foot,Open Play,Normal,Regular Play,Center Attacking Midfield,1,0,0,1,Ground Pass,,14.709181,1,1,1,292.07312068684166,0.5245755794056347,0.18420306568114894,0.037047338,0
3835336,Ada Stolsmo Hegerberg,Norway Women's,89,2,-1,1,8.184130986244053,46.43510755863397,3,1,0.2725801043666386,0.0,20,2,4,2.721472424564383,5.91787785298977,2.423928569131405,Head,Open Play,Normal,From Corner,Center Forward,1,0,0,1,High Pass,Inswinging,38.948685,1,1,1,380.03100262019177,0.0,0.03330593129860619,0.080744825,0
3835336,Ada Stolsmo Hegerberg,Norway Women's,91,2,-1,6,8.560373823613078,43.5227858085068,0,1,1.4047749613331764,30.312888324898367,13,0,3,3.454694478882765,5.216350325125354,2.5947672376792497,Left Foot,Open Play,Half Volley,From Throw In,Center Forward,1,0,0,1,Low Pass,,14.220057,1,1,1,372.57131636586035,0.6964831814367344,0.1641020579566539,0.09309993,0
3835336,Celin Bizet Ildhusøy,Norway Women's,91,2,-1,1,13.946325680981356,30.034408128081143,5,1,1.5048092500734986,0.14404502365005734,19,0,3,1.1005648879284815,12.845777798930785,0.4236712372931919,Right Foot,Open Play,Volley,From Corner,Center Attacking Midfield,1,0,0,1,,,,0,0,0,418.8696373897332,0.004796000075506072,0.10790005084461861,0.065609656,0
3835334,Karólína Lea Vilhjálmsdóttir,Iceland Women's,2,1,0,1,13.101526628603242,33.952599006966814,2,1,1.7218872121548379,13.302827731352814,18,2,4,3.336534230919143,9.978712541969237,0.9754512610191597,Right Foot,Open Play,Half Volley,From Throw In,Left Wing,1,0,0,1,,,,0,0,0,444.8308800000637,0.39180587408413636,0.13142645593648722,0.08741715,1
3835334,Glódís Perla Viggósdóttir,Iceland Women's,6,1,1,2,13.124404748406684,33.2392303732445,1,1,0.688891200801576,0.0,18,0,3,2.078132869385337,11.176765630395352,1.0868162907151557,Right Foot,Open Play,Half Volley,From Free Kick,Right Center Back,1,0,0,1,High Pass,,10.100495,1,1,1,436.24511294399383,0.0,0.05248932915492476,0.0445085,0
3835334,Dagný Brynjarsdóttir,Iceland Women's,6,1,1,2,9.11975876873944,47.30336103761767,2,1,2.165997743422138,21.230905411982214,18,2,6,3.5356460678574484,6.035501099633049,1.6073552448053547,Head,Open Play,Normal,From Corner,Center Defensive Midfield,1,0,0,1,High Pass,,5.515433,1,1,1,431.39524161366126,0.44882445869118015,0.23750603479191904,0.07309449,0
3835334,Sara Björk Gunnarsdóttir,Iceland Women's,6,1,1,2,13.152946437965907,25.116704852838176,1,1,0.8405018927000063,6.003398938902677,18,1,5,5.543068641640167,8.237418624338861,5.098600743950854,Right Foot,Open Play,Half Volley,From Corner,Left Center Midfield,1,0,0,1,,,,0,0,0,330.35867362757887,0.23902016502870582,0.06390217558203554,0.053852536,0
3835334,Martina Piemonte,Italy Women's,8,1,-1,14,9.178235124467012,46.53579957824179,0,1,2.0125705363898017,34.26355745723855,16,1,2,4.153318303047862,5.613199367035891,2.363615485866781,Head,Open Play,Normal,From Free Kick,Right Center Forward,1,0,0,1,High Pass,,31.698738,1,1,1,427.11651023417596,0.7362838452927059,0.2192764196054166,0.11833079,0
3835334,Arianna Caruso,Italy Women's,8,1,-1,14,13.227622613304325,25.78565370572696,0,1,2.480760007067347,24.85969378731118,17,0,1,4.521122038952954,9.484385515783028,1.194192259083053,Right Foot,Open Play,Volley,From Free Kick,Left Midfield,1,0,0,1,,,,0,0,0,341.0828960567084,0.9640901127044095,0.18754390562762213,0.044481393,0
3835334,Valentina Bergamaschi,Italy Women's,10,1,-1,9,29.504236983863862,12.612555769546585,1,1,1.6971654907207538,6.474328215995323,16,0,2,4.081435750433752,25.527174730768316,3.0312642320026555,Right Foot,Open Play,Half Volley,Regular Play,Right Midfield,1,0,0,1,Low Pass,,3.7215588,1,1,1,372.1238343969019,0.5133240505962949,0.057522771785250684,0.012513034,0
3835334,Martina Piemonte,Italy Women's,13,1,-1,3,24.915858403835895,12.528807709151522,1,0,3.6677757618692675,1.4208247468558803,14,0,3,,,,Right Foot,Open Play,Normal,Regular Play,Right Center Forward,1,0,0,1,Ground Pass,,13.634149,1,1,1,312.1659988501069,0.11340462555092576,0.14720647799574102,0.015280467,0
3835334,Arianna Caruso,Italy Women's,17,1,-1,1,8.300602387778854,45.37658655507255,3,1,2.5312253781901743,10.839991798484915,19,2,5,1.594283353603465,6.751341616296677,0.6458154354221293,Head,Open Play,Normal,From Corner,Left Midfield,1,0,0,1,High Pass,Inswinging,35.0464,1,1,1,376.653002708289,0.23888953800719803,0.3049447811061218,0.07433866,0
3835334,Arianna Caruso,Italy Women's,19,1,-1,3,21.552262062252307,20.981846658085598,1,1,3.0340595452857424,3.5234067843793353,14,1,2,3.9750937946634637,17.579798127293778,0.4067628925911748,Right Foot,Open Play,Normal,Regular Play,Left Midfield,1,0,0,1,Ground Pass,,22.853664,1,1,1,452.2062577250536,0.16792643859216985,0.14077684915495453,0.09160962,0
3835334,Sveindís Jane Jónsdóttir,Iceland Women's,22,1,1,2,12.952219886953744,8.986584929202582,1,0,1.515916825231708,4.153554782108361,13,0,2,5.716990090312951,7.717706131069701,5.698853579647675,Right Foot,Open Play,Normal,Regular Play,Right Wing,1,0,0,1,,,,0,0,0,116.39622403581649,0.4621950178883942,0.11703915147075528,0.021883838,0
3835334,Martina Piemonte,Italy Women's,25,1,-1,6,10.948059188732952,38.96527566803198,1,1,2.9574391145049215,16.18299006548691,16,0,2,3.2943739814238175,8.103576768191457,2.207058264469964,Right Foot,Open Play,Volley,From Throw In,Right Center Forward,1,0,0,1,High Pass,,21.470446,1,1,1,426.59414431891,0.4153182490830884,0.27013364318933625,0.14529298,0
3835334,Valentina Bergamaschi,Italy Women's,25,1,-1,1,20.09278477463987,20.99590880293484,1,1,1.5153137244390644,15.525782625915346,16,0,3,3.748975320093031,16.474072715227628,2.1986602300495477,Right Foot,Open Play,Normal,From Counter,Right Midfield,1,0,0,1,Ground Pass,,5.0990195,1,1,1,421.8662767253364,0.739467044348427,0.07541581425545449,0.09360311,0
3835334,Valentina Giacinti,Italy Women's,29,1,-1,5,23.703375287076735,19.154577203164415,0,1,3.1276159183271437,15.574266815471578,13,0,1,4.8532996570641265,19.206749025057242,1.565038111588457,Right Foot,Open Play,Half Volley,From Free Kick,Left Center Forward,1,0,0,1,Low Pass,,6.456005,1,1,1,454.0281319118908,0.813083298591349,0.13194812470578163,0.042171355,0
3835334,Guðrún Arnardóttir,Iceland Women's,39,1,1,1,7.119691004531025,58.223263954037,0,1,1.6004658858840997,47.50569390545874,18,2,5,3.2090334980356903,4.935481413122021,1.4165997309072367,Head,Open Play,Normal,From Throw In,Left Center Back,1,0,0,1,,,,0,0,0,414.5316486279927,0.8159228919725456,0.22479429021084638,0.23314369,0
3835334,Lucia Di Guglielmo,Italy Women's,49,2,-1,10,29.569071679712906,15.02560500834222,3,0,2.9107265234620723,4.092052024379081,15,0,1,,,,Right Foot,Open Play,Half Volley,From Throw In,Right Back,1,0,0,1,,,,0,0,0,444.2931915227243,0.27233858617387935,0.09843821121577846,0.0134284,0
3835334,Sara Björk Gunnarsdóttir,Iceland Women's,53,2,1,7,32.73713487768898,12.559604845560514,0,0,1.8535438387584986,12.559604845560491,13,0,1,,,,Right Foot,Open Play,Normal,From Throw In,Left Center Midfield,1,0,0,1,Ground Pass,,6.207254,1,1,1,411.1654778395906,0.9999999999999981,0.05661899997307725,0.010858779,0
3835334,Glódís Perla Viggósdóttir,Iceland Women's,60,2,1,1,8.50235261559999,50.382242379216144,5,1,1.0632932464873344,0.934727740894623,18,3,5,1.296930841832192,8.289519671184495,1.2519428542681084,Head,Open Play,Normal,From Free Kick,Left Center Back,1,0,0,1,High Pass,,35.007,1,1,1,428.3675902727211,0.01855272208527622,0.1250587095783842,0.07262766,0
3835334,Alexandra Jóhannsdóttir,Iceland Women's,60,2,1,1,7.402702209328697,50.09739973797902,2,1,1.636830739574841,20.659915097509547,19,1,3,1.5378234647087365,5.872179933433302,1.0564378227404774,Left Foot,Open Play,Normal,From Free Kick,Right Center Midfield,1,0,0,1,,,,0,0,0,370.8561317219602,0.41239495873170423,0.2211126009516023,0.4561053,0
3835334,Valentina Bergamaschi,Italy Women's,61,2,-1,6,8.956003573022965,47.95504266691182,1,1,0.6878055019279635,28.890769153559837,15,0,2,3.4349747290638732,7.477773040638172,2.989492652313281,Right Foot,Open Play,Normal,From Goal Kick,Right Midfield,1,0,0,1,Ground Pass,,18.023596,1,1,1,429.485533469331,0.6024552903483075,0.07679826122443194,0.15372357,1
3835334,Barbara Bonansea,Italy Women's,68,2,0,1,25.678006153126457,16.87817052249483,1,1,1.8531469375611602,8.211163193376489,14,0,2,4.546800301854622,21.323886972241056,2.5005020611545703,Right Foot,Open Play,Normal,Regular Play,Left Midfield,1,0,0,1,Ground Pass,,14.787157,1,1,1,433.39776653013985,0.48649604425034354,0.07216864605881902,0.034027133,0
3835334,Lucia Di Guglielmo,Italy Women's,70,2,0,4,25.092827660508892,15.796071176901544,1,1,4.743292436809343,8.749789270337347,18,1,1,2.947947263126547,22.23353502257995,0.8568872029229553,Left Foot,Open Play,Normal,Regular Play,Right Back,1,0,0,1,,,,0,0,0,396.3680917551223,0.5539218690741332,0.18902980967244037,0.03422071,0
3835334,Barbara Bonansea,Italy Women's,72,2,0,3,18.762729012593024,20.852189135672976,2,1,2.788843679002203,2.3100708061109474,18,0,2,5.396379017481748,13.520240294903214,3.686491560121688,Right Foot,Open Play,Normal,Regular Play,Left Midfield,1,0,0,1,Low Pass,,9.558765,1,1,1,391.2439740719684,0.1107831312616949,0.14863742247358624,0.05502242,0
3835334,Barbara Bonansea,Italy Women's,72,2,0,2,21.751781536232844,20.794392268781422,3,1,2.479792632032971,10.51415803754728,17,0,1,3.203004704894782,18.63418697452555,0.8941640610371522,Right Foot,Open Play,Volley,From Throw In,Left Midfield,1,0,0,1,,,,0,0,0,452.31507780926273,0.5056246848498748,0.11400411630202692,0.03512089,0
3835334,Cristiana Girelli,Italy Women's,72,2,0,3,24.44360857156733,11.6602377355765,0,1,8.333243088473164,8.506832879618996,18,0,0,2.672905577084829,21.806148296042846,1.8340539947535177,Right Foot,Open Play,Normal,From Throw In,Right Center Forward,1,0,0,1,Ground Pass,,13.465883,1,1,1,285.0182870598506,0.7295591284270162,0.34091705666430716,0.0125957085,0
3835334,Flaminia Simonetti,Italy Women's,73,2,0,4,16.658931538367032,26.921485314669155,3,1,2.241069533248495,0.0,15,0,1,4.249083699037957,12.740457288994355,1.7658055960164063,Right Foot,Open Play,Half Volley,From Throw In,Right Defensive Midfield,1,0,0,1,,,,0,0,0,448.4831807682269,0.0,0.13452660682872178,0.05700214,0
3835334,Barbara Bonansea,Italy Women's,74,2,0,7,22.769277546729494,14.292466804880952,1,1,2.7558038234551914,7.470876221908518,16,0,1,5.489461002884612,17.404644069474266,4.552842073986696,Right Foot,Open Play,Normal,Regular Play,Left Midfield,1,0,0,1,Ground Pass,,5.8309517,1,1,1,325.4291435077525,0.5227142608690317,0.12103167602922149,0.032479398,0
3835334,Cristiana Girelli,Italy Women's,78,2,0,1,10.92382716816776,39.63882016751258,5,1,1.7382225297906455,0.0,16,2,4,2.5448400492794248,8.473317135221992,1.0896696223829707,Head,Open Play,Normal,From Corner,Right Center Forward,1,0,0,1,High Pass,Straight,43.724823,1,1,1,433.00762065999,0.0,0.15912211929312275,0.039196417,0
3835334,Barbara Bonansea,Italy Women's,82,2,0,4,26.312164487172087,17.28043417456064,1,1,2.666969417677511,11.893873911571804,14,0,2,3.9710553790538157,22.574662916642033,1.356462387112714,Right Foot,Open Play,Normal,Regular Play,Left Midfield,1,0,0,1,Ground Pass,,15.533191,1,1,1,454.6856264107893,0.6882855946456108,0.10135879999449429,0.034421973,0
3835334,Karólína Lea Vilhjálmsdóttir,Iceland Women's,86,2,0,4,12.238055401083942,34.7501298276379,1,1,4.164868047325749,26.736493799750306,11,0,2,3.269443124962573,9.165999342797654,0.07880389738126325,Right Foot,Open Play,Half Volley,Regular Play,Right Center Midfield,1,0,0,1,Ground Pass,,15.045597,1,1,1,425.2740140254922,0.7693926305416537,0.3403210649754748,0.24368617,0
3835334,Cristiana Girelli,Italy Women's,92,2,0,6,29.435013164597017,12.773686169562218,1,1,6.390235611364059,7.038739607861201,13,0,0,5.1606641698602695,24.41461675128628,3.787236680258374,Right Foot,Open Play,Normal,From Free Kick,Left Center Forward,1,0,0,1,Ground Pass,,7.826238,1,1,1,375.9936205614947,0.5510343306095513,0.21709640745294176,0.016737318,0
3844386,Ingrid Filippa Angeldal,Sweden Women's,5,1,0,7,26.501698058803704,17.16512412228314,1,1,2.590256661931282,6.478250578864834,16,0,1,1.2301962896673397,25.828039142091534,1.0080716183937142,Right Foot,Open Play,Normal,From Throw In,Right Defensive Midfield,1,0,0,1,Ground Pass,,18.298906,1,1,1,454.9049366306357,0.3774077328374809,0.09773927150569185,0.041854005,0
3844386,Ingrid Filippa Angeldal,Sweden Women's,6,1,0,1,19.82145302443794,20.910574037742293,4,1,2.7955467300405457,1.4173432538060438,19,0,1,2.3432772958324124,18.039740116072824,2.0880183072493566,Right Foot,Open Play,Volley,From Corner,Right Defensive Midfield,1,0,0,1,,,,0,0,0,414.4779610031404,0.06778117383328773,0.14103641779408937,0.04050959,0
3844386,Ingrid Filippa Angeldal,Sweden Women's,10,1,0,1,17.24905794529081,26.04743576088214,0,1,5.3534202944670115,21.7613368546123,10,0,0,1.203949820588207,16.04511957088,0.09578554353568336,Right Foot,Open Play,Normal,Regular Play,Right Defensive Midfield,1,0,0,1,Ground Pass,,20.796635,1,1,1,449.29372876569613,0.8354502552336965,0.3103601548239077,0.12229541,0
3844386,Amanda Ilestedt,Sweden Women's,13,1,0,6,11.844407963254223,26.36370956059709,1,1,1.985505815129153,17.37308249137037,9,1,2,3.0889795639938287,8.774193702343045,2.526813558810268,Head,Open Play,Normal,From Throw In,Right Back,1,0,0,1,High Pass,,45.79618,1,1,1,312.2625314604577,0.6589771614437744,0.16763233935279276,0.035787504,0
3844386,Fridolina Rolfö,Sweden Women's,15,1,0,1,17.099999999999994,26.331588908881603,2,1,1.45076813357575,1.3084668169388547,21,2,6,6.065035386986691,12.384965459295183,3.218579998155292,Head,Open Play,Normal,From Free Kick,Left Wing,1,0,0,1,High Pass,,34.08988,1,1,1,450.27017034187526,0.04969190509037268,0.08484024172957605,0.022451213,0
3844386,Ingrid Filippa Angeldal,Sweden Women's,17,1,0,4,25.019192632856882,15.399041723198664,2,1,3.800195838615721,4.896046085559728,17,0,1,1.750805433284078,23.269117540636838,0.9104074669098665,Left Foot,Open Play,Normal,Regular Play,Right Defensive Midfield,1,0,0,1,,,,0,0,0,385.27159123410775,0.31794485485313234,0.1518912258433571,0.022417454,0
3844386,Gun Nathalie Björn,Sweden Women's,22,1,0,1,12.22006546627308,30.456154046978654,2,1,1.1502195246571032,12.673484026787285,19,2,3,1.8216190198525288,10.415742231458884,1.2647982672354772,Head,Open Play,Normal,From Corner,Left Defensive Midfield,1,0,0,1,High Pass,Straight,50.326237,1,1,1,372.176196304977,0.41612227227503584,0.09412547975554351,0.029250251,0
3844386,Gun Nathalie Björn,Sweden Women's,22,1,0,1,11.385077953180652,32.07332498409751,3,1,2.0414717388357957,2.9832569511822475,20,1,3,1.8390095464522582,9.55554763782847,1.2754357661483766,Right Foot,Open Play,Half Volley,From Corner,Left Defensive Midfield,1,0,0,1,,,,0,0,0,365.1573051616467,0.0930136477169547,0.1793111779498593,0.08194511,0
3844386,Justine Vanhaevermaet,Belgium Women's,30,1,0,12,26.40681730159846,16.111417405093228,1,1,5.172428222348087,8.655062071125402,14,0,0,4.478961850078639,21.95635484609136,2.048179999214554,Right Foot,Open Play,Normal,From Goal Kick,Right Defensive Midfield,1,0,0,1,Ground Pass,,14.782761,1,1,1,425.4512558860904,0.5372005363345199,0.195874730501316,0.02968611,0
3844386,Ingrid Filippa Angeldal,Sweden Women's,32,1,0,1,16.32329623574846,26.77969242047994,6,1,4.751656014338632,7.283892948822154,19,0,1,4.213167529046555,12.416139915296611,0.3282038395390927,Right Foot,Open Play,Volley,From Corner,Right Defensive Midfield,1,0,0,1,,,,0,0,0,437.1328524817218,0.2719931519172995,0.2910965987330657,0.05860849,0
3844386,Emma Stina Blackstenius,Sweden Women's,33,1,0,2,2.5942243542145684,116.7391641451783,3,0,2.4979106283194,43.382680271755305,16,2,4,,,,Left Foot,Open Play,Half Volley,From Corner,Center Forward,1,0,0,1,Low Pass,,7.236712,1,1,1,302.84758271607365,0.3716206175487436,0.9628737870189611,0.34408844,0
3844386,Emma Stina Blackstenius,Sweden Women's,33,1,0,2,2.86530975637888,111.28091360862025,4,1,1.345745210553406,11.124004511196905,16,2,6,1.5941870303360381,1.345745210553406,1.0483273009840488,Left Foot,Open Play,Normal,From Corner,Center Forward,1,0,0,1,,,,0,0,0,318.85428746153485,0.09996327447778247,0.4696683168573479,0.3033356,0
3844386,Gun Nathalie Björn,Sweden Women's,34,1,0,9,22.343902971504328,19.843996585312183,2,1,4.1073608930917045,7.6729865537024775,17,0,1,3.2122378072931124,20.84507449654067,3.039876495137193,Right Foot,Open Play,Half Volley,Regular Play,Left Defensive Midfield,1,0,0,1,,,,0,0,0,443.3923342690786,0.3866653836950238,0.18382468355371542,0.03455567,0
3844386,Gun Nathalie Björn,Sweden Women's,36,1,0,1,20.769689453624483,21.735740999904987,5,1,5.437801338542609,5.618030246732722,18,0,0,8.247854619503126,12.958804055698842,2.731738822408971,Right Foot,Open Play,Half Volley,From Free Kick,Left Defensive Midfield,1,0,0,1,,,,0,0,0,451.44459061243987,0.258469690394143,0.2618142823312011,0.048201483,0
3844386,Linda Brigitta Sembrant,Sweden Women's,36,1,0,1,11.40175425099138,32.27564431457763,2,0,4.7016210597625445,15.278013664670457,18,1,1,8.753995833286776,5.670476434088579,1.3402869700394575,Other,Open Play,Normal,From Free Kick,Right Center Back,1,0,0,1,,,,0,0,0,367.99896476722125,0.47336045458184645,0.4123594454207553,0.08379779,0
3844386,Magdalena Lilly Eriksson,Sweden Women's,36,1,0,2,8.414867794564577,50.79845505799956,1,1,0.33380195063512463,0.0,19,1,4,4.2208725241358565,6.004928897473629,2.6483926545808103,Head,Open Play,Normal,From Free Kick,Left Center Back,1,0,0,1,High Pass,,17.11432,1,1,1,427.46228348119655,0.0,0.039668115861634524,0.07512606,0
3844386,Emma Stina Blackstenius,Sweden Women's,36,1,0,4,8.860022573334673,46.73301312991529,0,1,0.9389034288643231,38.3541770820692,15,0,2,1.580328178904993,8.213102462625567,1.0284177773617529,Head,Open Play,Normal,Regular Play,Center Forward,1,0,0,1,High Pass,,32.305573,1,1,1,414.05555125099517,0.8207084138881999,0.10597077164228322,0.07135238,0
3844386,Kosovare Asllani,Sweden Women's,46,2,0,12,18.458873205046945,22.96415335722638,3,1,0.425473449595341,0.0,18,0,1,4.717565404980207,14.651289222078656,3.7622047094397075,Left Foot,Open Play,Normal,Regular Play,Center Attacking Midfield,1,0,0,1,Ground Pass,,22.870504,1,1,1,423.89239508229485,0.0,0.02304980617554759,0.061333317,0
3844386,Fridolina Rolfö,Sweden Women's,46,2,0,12,16.01780259586189,14.183531625439576,0,1,1.3315851400814525,8.725705311921748,18,0,2,3.415605628220886,12.6022583286334,2.9979981595676364,Left Foot,Open Play,Volley,Regular Play,Left Wing,1,0,0,1,,,,0,0,0,227.18900968845526,0.6151997642301814,0.0831315738917559,0.040778127,0
3844386,Davina Philtjens,Belgium Women's,47,2,0,8,12.912397143830418,34.1906374080624,1,1,1.8664551939390965,14.782498490333992,15,1,3,2.1577572998202874,10.755852866757312,0.3493995985608862,Head,Open Play,Normal,From Keeper,Left Back,1,0,0,1,High Pass,,35.782955,1,1,1,441.4830888136064,0.432355159510661,0.14454753622807323,0.06041586,0
3844386,Ingrid Filippa Angeldal,Sweden Women's,60,2,0,12,33.903687115120675,12.38035700802876,1,0,5.857162006690884,11.189555763836717,16,0,0,,,,Right Foot,Open Play,Normal,Regular Play,Right Defensive Midfield,1,0,0,1,Ground Pass,,4.3416586,1,1,1,419.7397503736986,0.9038152741944518,0.17275885029267668,0.007136242,0
3844386,Ingrid Filippa Angeldal,Sweden Women's,62,2,0,4,19.147062437878034,18.894056248861965,1,1,1.0104263708741688,0.0,15,0,2,3.0372835506034783,16.149624909019018,1.5140505402406603,Right Foot,Open Play,Normal,Regular Play,Right Defensive Midfield,1,0,0,1,Ground Pass,,5.9,1,1,1,361.76567470173967,0.0,0.0527718742314891,0.02684547,0
3844386,Ingrid Filippa Angeldal,Sweden Women's,62,2,0,6,25.42616762313975,14.239408533583838,1,1,5.239948013315966,8.04299519635975,14,0,0,3.5132053880943683,22.165825948381595,2.9947826233717976,Right Foot,Open Play,Normal,Regular Play,Right Defensive Midfield,1,0,0,1,Ground Pass,,7.7336926,1,1,1,362.0535882292692,0.5648405393658196,0.2060848528563626,0.02930416,0
3844386,Gun Nathalie Björn,Sweden Women's,64,2,0,10,13.648809471891676,24.720922230751984,1,1,2.0463762445039944,7.269531361948467,14,0,2,3.166576050099233,10.737011838620912,2.8576445656714924,Right Foot,Open Play,Normal,From Throw In,Left Defensive Midfield,1,0,0,1,Ground Pass,,21.143557,1,1,1,337.4111574969852,0.2940639226195784,0.14993075027666672,0.06502344,0
3844386,Magdalena Lilly Eriksson,Sweden Women's,70,2,0,1,9.992497185388649,42.78309135232504,2,0,0.9899787311069065,7.380308346275622,18,3,6,5.439605710923522,6.62216061606558,4.284393678912053,Head,Open Play,Normal,From Corner,Left Center Back,1,0,0,1,High Pass,Inswinging,44.85198,1,1,1,427.50991992033335,0.17250526114388742,0.09907220514952812,0.05108923,0
3844386,Kosovare Asllani,Sweden Women's,70,2,0,2,9.936297097007518,24.89886756503852,1,0,1.618685356667557,14.12558845743279,19,1,1,3.0572441072569805,8.209319259316338,0.695640205940208,Head,Open Play,Normal,From Corner,Center Attacking Midfield,1,0,0,1,High Pass,,33.274616,1,1,1,247.4025455052669,0.5673185103914962,0.1629062960642603,0.09371477,0
3844386,Emma Stina Blackstenius,Sweden Women's,72,2,0,2,3.687817782917149,94.76364169072627,0,1,1.4163909071015635,81.46170608785005,17,0,5,2.3784797170066287,2.7066510506578423,1.351226138436985,Head,Open Play,Normal,From Free Kick,Center Forward,1,0,0,1,High Pass,,8.188406,1,1,1,349.4710430010493,0.8596303881367406,0.3840729099096555,0.36278176,0
3844386,Linda Brigitta Sembrant,Sweden Women's,72,2,0,2,10.754068997360951,18.633084092174027,3,1,0.6090884208678423,0.0,18,0,1,3.438681711222834,7.403452270009531,3.360437931313463,Left Foot,Open Play,Half Volley,From Free Kick,Right Center Back,1,0,0,1,,,,0,0,0,200.38147196086823,0.0,0.05663794987900046,0.053305104,0
3844386,Gun Nathalie Björn,Sweden Women's,76,2,0,1,12.656223765404906,32.08746675074081,2,1,3.1972211516175344,15.041754653625642,19,1,3,1.9509799826002026,10.706653607063158,0.8172317983077022,Right Foot,Open Play,Volley,From Corner,Left Defensive Midfield,1,0,0,1,,,,0,0,0,406.10615926236557,0.4687735174132551,0.2526204664899307,0.12621503,0
3844386,Kosovare Asllani,Sweden Women's,78,2,0,3,17.69180601295413,19.298638867521596,1,1,0.31628677911856357,0.0,13,0,2,3.404555683336293,14.294983267557207,2.456478882296196,Left Foot,Open Play,Normal,Regular Play,Center Attacking Midfield,1,0,0,1,Ground Pass,,4.6,1,1,1,341.4277751582489,0.0,0.01787758575280415,0.045540985,0
3844386,Linda Brigitta Sembrant,Sweden Women's,79,2,0,7,10.346980235798268,36.750918125493214,1,0,0.6186602278522619,10.668053440893063,14,1,4,8.238917687121067,3.463876894153199,6.482169005986691,Head,Open Play,Normal,From Corner,Right Center Back,1,0,0,1,High Pass,,38.40638,1,1,1,380.26102349191865,0.2902799163946028,0.05979138006969744,0.046337374,0
3844386,Elena Dhont,Belgium Women's,81,2,0,4,28.104448046528148,10.598285863368972,0,1,4.16334135288621,7.257183539218404,5,0,1,7.564446111104408,20.581434279740527,5.327953959975638,Right Foot,Open Play,Normal,Regular Play,Right Midfield,1,0,0,1,High Pass,,49.654507,1,1,1,297.85897442930695,0.6847506882505902,0.14813816467747795,0.012560572,0
3844386,Fridolina Rolfö,Sweden Women's,84,2,0,6,25.244603383693715,12.839138405113255,1,1,3.8521782312890673,6.6336761550131875,16,0,1,3.3793889946573707,22.026764496936707,2.985414549768265,Left Foot,Open Play,Half Volley,From Throw In,Left Wing,1,0,0,1,,,,0,0,0,324.118956825434,0.5166761153046914,0.15259412765333089,0.01828498,0
3844386,Magdalena Lilly Eriksson,Sweden Women's,86,2,0,1,6.303173803727767,64.78738041175926,1,0,1.092102684169805,20.558355755321806,18,3,7,5.35138595426482,4.472907727658852,3.607474478794316,Head,Open Play,Normal,From Corner,Left Center Back,1,0,0,1,High Pass,Outswinging,38.53518,1,1,1,408.36611902354645,0.3173203735768016,0.17326234658544926,0.11381966,0
3844386,Kosovare Asllani,Sweden Women's,88,2,0,4,24.891765706755315,13.274376412048378,1,1,1.8600523147736239,6.488143443437223,15,0,1,4.366458180707752,20.530248847084344,3.1842882421785887,Right Foot,Open Play,Normal,Regular Play,Center Attacking Midfield,1,0,0,1,Ground Pass,,23.166355,1,1,1,330.42266755198744,0.4887719951611673,0.07472560752364903,0.02886832,0
3844386,Gun Nathalie Björn,Sweden Women's,91,2,0,1,11.038568747804218,24.75110782574111,0,1,6.739272307306985,24.700354742196584,19,0,0,2.4737293903709494,9.942926042819497,0.0578096555329779,Left Foot,Open Play,Half Volley,From Corner,Left Defensive Midfield,1,0,0,1,,,,0,0,0,273.2168053187582,0.997949462145216,0.6105204815295964,0.07412975,0
3844386,Linda Brigitta Sembrant,Sweden Women's,91,2,0,1,5.232590180780453,73.16105794093063,1,1,2.250443309461046,52.27908835508935,19,2,6,3.75713199711065,3.210861781037518,3.365112310827463,Right Foot,Open Play,Normal,From Corner,Right Center Back,1,0,0,1,,,,0,0,0,382.82183339722343,0.7145753468641591,0.430082087782649,0.34019938,1
3835327,Georgia Stanway,England Women's,11,1,0,0,12.0,36.86989764584404,0,1,7.9220347348086335,31.01917175221509,17,0,0,0.33114446550902055,11.756629507337912,0.22226185579837932,Right Foot,Penalty,Normal,Other,Right Center Midfield,1,1,1,1,,,,0,0,0,442.43877175012847,0.8413142897810989,0.6601695612340528,0.7835,1
3835327,Ada Stolsmo Hegerberg,Norway Women's,12,1,-1,3,29.710772457140862,15.330101499164517,1,1,2.949258644606778,6.996993076960965,9,0,1,4.364711911875447,25.359527137246328,0.4336141848802484,Left Foot,Open Play,Normal,From Kick Off,Center Forward,1,1,1,1,Low Pass,,9.492102,1,1,1,455.469157386551,0.4564218363030602,0.0992656333274814,0.034004897,0
3835327,Lauren Hemp,England Women's,14,1,1,14,2.69072480941474,118.7007049563376,0,0,2.735938208108758,118.7007049563376,15,1,3,3.1335654457833977,4.5904095552378825,2.7610670025278026,Right Foot,Open Play,Backheel,From Throw In,Left Wing,1,1,1,1,Ground Pass,,20.010498,1,1,1,319.3909317210368,1.0,1.0168034272906015,0.890772,1
3835327,Caroline Graham Hansen,Norway Women's,19,1,-2,1,13.974262055650737,31.6246169584613,3,1,1.236950164071351,11.559093266608214,19,1,4,2.9128874528136293,11.451365724712234,0.89030219254672,Head,Open Play,Normal,From Corner,Center Attacking Midfield,1,1,1,1,,,,0,0,0,441.93068478711456,0.36550935247029226,0.08851631371627015,0.029501293,0
3835327,Karina Sævik,Norway Women's,20,1,-2,10,12.637246535539301,28.369663691389714,1,1,6.760412062327746,18.259860237193486,14,0,0,0.8955885896356504,12.537485876485572,0.5959924654730031,Right Foot,Open Play,Volley,From Corner,Right Midfield,1,1,1,1,High Pass,,25.33081,1,1,1,358.5144341984298,0.6436403489243834,0.5349592605727576,0.12091407,0
3835327,Ellen White,England Women's,26,1,2,8,10.088111815399346,41.84183711310485,0,1,1.1607789903090298,34.8784683925693,13,0,1,3.0683275495080586,8.327464229953149,1.5149350965583892,Left Foot,Open Play,Volley,Regular Play,Center Forward,1,1,1,1,High Pass,,34.206726,1,1,1,422.10513135872793,0.8335788005265519,0.1150640488081346,0.13045003,0
3835327,Ellen White,England Women's,28,1,2,3,15.487091398968365,28.66960598808327,0,1,3.5598236472895937,15.484614228792369,7,0,1,12.018167028153742,3.5598236472895937,2.554558087160224,Right Foot,Open Play,Normal,From Throw In,Center Forward,1,1,1,1,,,,0,0,0,444.00880830985636,0.5401055820309725,0.22985747004287213,0.4696821,1
3835327,Bethany Mead,England Women's,29,1,3,2,18.681541692269406,15.316248150461044,0,1,5.611600171061044,10.107605754101497,11,1,0,5.536032063199419,13.204710794565086,4.766826980019289,Right Foot,Open Play,Normal,Regular Play,Right Wing,1,1,1,1,Ground Pass,,27.724539,1,1,1,286.13112839198214,0.6599270039769656,0.30038207036109743,0.071923725,0
3835327,Ellen White,England Women's,30,1,3,5,9.660745312862774,41.98844052566956,0,1,1.0265106854122656,32.74909952911342,16,0,3,2.211676439810219,7.449610027900738,0.9226546762042744,Right Foot,Open Play,Half Volley,Regular Play,Center Forward,1,1,1,1,,,,0,0,0,405.63963000277954,0.7799551285809797,0.10625584798778627,0.39287755,0
3835327,Ellen White,England Women's,32,1,3,3,9.104943712072025,47.418355966394586,2,1,0.6579134963901138,0.0,13,1,2,1.0008291625088035,8.105659222020398,0.08534703359823936,Head,Open Play,Normal,From Throw In,Center Forward,1,1,1,1,High Pass,,34.558357,1,1,1,431.74146199301737,0.0,0.07225893066398666,0.06313772,0
3835327,Bethany Mead,England Women's,33,1,3,3,6.888396039717807,59.96671956400489,1,1,2.249574814163291,48.194756111501285,13,0,2,0.5890062174060727,6.318325966746641,0.04876952131263579,Head,Open Play,Normal,Regular Play,Right Wing,1,1,1,1,High Pass,,32.21211,1,1,1,413.07451355955965,0.8036917220402741,0.32657454670034447,0.38601714,1
3835327,Bethany Mead,England Women's,37,1,4,3,9.662815324738432,44.78816601468702,1,1,3.3794769731329755,37.04652861267191,10,0,3,6.359899193913226,3.921075594799795,2.3854098513956288,Left Foot,Open Play,Normal,Regular Play,Right Wing,1,1,1,1,Ground Pass,,29.642706,1,1,1,432.77977693364676,0.8271499351083843,0.3497404078996466,0.44445786,1
3835327,Ellen White,England Women's,40,1,5,8,3.905124837953327,92.1475854282985,0,0,3.073441939774982,92.1475854282985,10,0,1,8.84528724405549,10.481473806251218,7.11167800239064,Left Foot,Open Play,Volley,From Throw In,Center Forward,1,1,1,1,Low Pass,,20.254383,1,1,1,359.84782461347453,1.0,0.7870278332473926,0.54994637,1
3835327,Bethany Mead,England Women's,52,2,6,3,11.186599125739688,28.7999102054168,3,1,1.8147453089074381,0.0,15,0,1,2.2366679184643465,10.305496188078495,0.5229355081428295,Right Foot,Open Play,Volley,Regular Play,Right Wing,1,1,1,1,,,,0,0,0,322.1730503252971,0.0,0.16222493436202776,0.06692304,0
3835327,Ellen White,England Women's,55,2,6,1,7.500666637039671,56.138388736558674,0,1,1.174230304035268,44.91745031872592,18,1,4,1.5463058736115676,6.137181456836601,0.6773867636569832,Head,Open Play,Normal,From Free Kick,Center Forward,1,1,1,1,High Pass,,41.011463,1,1,1,421.07533945346927,0.8001200485021152,0.1565501255897313,0.12001419,0
3835327,Georgia Stanway,England Women's,63,2,6,3,26.850884529191962,16.6775438304677,1,1,6.705378162627527,6.790138195411075,14,0,0,3.429768297431019,23.468496653751444,1.1405293870479198,Right Foot,Open Play,Normal,Regular Play,Right Center Midfield,1,1,1,1,Ground Pass,,13.860014,1,1,1,447.80680362242606,0.40714257833376977,0.24972652782955881,0.033747096,0
3835327,Alessia Russo,England Women's,65,2,6,3,8.168843247363728,44.81303727746096,1,1,1.6159490762681317,9.128073279729206,17,1,3,1.4336047922817983,6.862127207531478,1.2618475764597292,Head,Open Play,Normal,Regular Play,Center Forward,1,1,1,1,High Pass,,33.742702,1,1,1,366.070676957846,0.20369235906088062,0.19781859283315728,0.104985595,1
3835327,Ella Toone,England Women's,67,2,7,6,10.358571330062846,42.06685724862789,0,1,0.7807999455301284,34.31880354780415,14,0,3,2.266347773754452,8.880598163659695,1.4033976039857734,Head,Open Play,Normal,Regular Play,Center Attacking Midfield,1,1,1,1,High Pass,,30.207615,1,1,1,435.7525414414833,0.8158157226951757,0.07537718481158456,0.11382219,0
3835327,Ella Toone,England Women's,70,2,7,18,22.100226243185833,20.51802317070997,1,1,6.701504713509107,10.064883401286279,16,0,0,2.514675235935584,19.650715842117695,0.5473782338867608,Right Foot,Open Play,Normal,From Goal Kick,Center Attacking Midfield,1,1,1,1,Ground Pass,,13.281567,1,1,1,453.4529541356195,0.49053865070462394,0.30323240313322053,0.06602975,0
3835327,Alessia Russo,England Women's,72,2,7,4,14.005713120009277,31.867961550793186,0,1,2.0739843680637504,26.059346138467024,13,0,1,2.286506646151745,11.84178725523374,0.74095531261122,Right Foot,Open Play,Normal,Regular Play,Center Forward,1,1,1,1,Ground Pass,,16.085087,1,1,1,446.33352719989534,0.8177286801646217,0.148081311554265,0.21180089,0
3835327,Alex Greenwood,England Women's,73,2,7,16,23.2606964642076,15.741687152451535,2,1,3.427902405374724,0.7858041819046057,16,1,3,2.841735581318983,20.67978658842223,2.4744278162440594,Left Foot,Open Play,Normal,From Throw In,Left Back,1,1,1,1,Ground Pass,,8.713208,1,1,1,366.16260668769166,0.04991867607928088,0.1473688636386881,0.03043421,0
3835327,Lucy Bronze,England Women's,73,2,7,16,25.797868128975313,14.633872261986085,1,1,6.4996247436777255,7.99754203731836,18,0,0,1.8188739089471708,23.99780347877553,0.8196710082708307,Right Foot,Open Play,Half Volley,From Throw In,Right Back,1,1,1,1,,,,0,0,0,377.5227068309867,0.5465089413205625,0.2519442579977204,0.021191226,0
3835327,Keira Walsh,England Women's,80,2,7,11,22.046541678911915,20.01246212378524,3,1,1.4015431830683138,5.2631165649232745,17,0,1,2.174792001180496,19.883122543489826,0.3156034157847145,Right Foot,Open Play,Normal,From Throw In,Left Defensive Midfield,1,1,1,1,Ground Pass,,13.124405,1,1,1,441.2055803096774,0.2629919563304481,0.06357201975169312,0.04683411,0
3835327,Bethany Mead,England Women's,80,2,7,11,5.024937810560443,74.9494326383949,0,0,3.779237071937237,74.94943263839491,18,0,2,5.046805862718967,3.779237071937237,1.1281845570533449,Left Foot,Open Play,Volley,From Throw In,Right Wing,1,1,1,1,,,,0,0,0,376.6162379447235,1.0000000000000002,0.7520962874395712,0.54838264,1
3835327,Ella Toone,England Women's,82,2,8,18,9.5603347221737,44.307869889015016,1,0,4.048932894888307,35.9164355323462,8,0,1,4.218529922785064,10.069305810238696,3.9294680473887595,Left Foot,Open Play,Half Volley,Regular Play,Center Attacking Midfield,1,1,1,1,Low Pass,,14.905033,1,1,1,423.5980669655048,0.8106107475333799,0.42351371709794233,0.43713966,0
3835327,Frida Maanum,Norway Women's,84,2,-8,4,30.623520372419623,14.872597525380373,0,0,2.7990970447603765,14.872597525380405,10,0,2,,,,Right Foot,Open Play,Normal,Regular Play,Right Defensive Midfield,1,1,1,1,,,,0,0,0,455.4512933092835,1.0000000000000022,0.09140350327852312,0.026050622,0
3835327,Alex Greenwood,England Women's,87,2,8,0,23.21249663435624,18.68379385343178,5,1,8.176055850031974,4.161494704718131,18,1,0,0.5509441891201754,22.77368520367529,0.1792053882202893,Left Foot,Free Kick,Normal,From Free Kick,Left Back,1,1,1,1,,,,0,0,0,433.697501939791,0.222732852725934,0.3522264743349837,0.08200118,0
3835327,Jill Scott,England Women's,90,2,8,38,13.179529581893284,26.666690821245183,0,1,2.767273421687117,21.04923860696037,16,0,3,2.170820294477142,11.899074112289405,0.32589765998797304,Right Foot,Open Play,Normal,From Throw In,Right Center Midfield,1,1,1,1,Ground Pass,,8.080223,1,1,1,351.454440529803,0.7893457327742583,0.2099675412913781,0.12760338,0
3835330,Klara Bühl,Germany Women's,2,1,0,24,12.599206324209474,25.472693013872917,1,1,1.9191594970746964,13.582932116320986,11,0,1,5.105038389189485,7.507591310228546,3.954978164603048,Left Foot,Open Play,Normal,From Corner,Left Wing,1,0,1,1,,,,0,0,0,320.9357149150341,0.5332350257950136,0.15232384069995078,0.30814907,1
3835330,Lucía García Córdoba,Spain Women's,9,1,-1,6,12.34827923234651,16.951565584568986,0,0,5.056530716016496,16.951565584568993,7,0,0,8.59171180087615,5.056530716016496,6.199208623829321,Right Foot,Open Play,Normal,Regular Play,Center Forward,1,0,1,1,Ground Pass,Through Ball,23.597458,1,1,1,209.32266526369304,1.0000000000000004,0.409492741528782,0.27843854,0
3835330,Patricia Guijarro Gutiérrez,Spain Women's,14,1,-1,7,26.700749053163285,17.039622378670213,0,1,4.315698354438796,14.39807579179045,15,0,2,0.670658185509649,26.030593360108934,0.020608293979698544,Right Foot,Open Play,Normal,From Throw In,Left Center Midfield,1,0,1,1,Ground Pass,,13.583077,1,1,1,454.97068109353864,0.8449762249316988,0.1616321079923976,0.038535334,0
3835330,María Francesca Caldentey Oliver,Spain Women's,17,1,-1,28,23.160310878742543,18.84353843784543,2,1,0.9849392424513729,1.9493999223890237,13,0,3,2.3838165428174323,20.83573272987392,1.1442690279968275,Right Foot,Open Play,Normal,From Free Kick,Left Midfield,1,0,1,1,Ground Pass,,6.0,1,1,1,436.4222082760348,0.10345190362303938,0.042527030297999556,0.031002479,0
3835330,Sara Däbritz,Germany Women's,20,1,1,19,22.063544592834575,20.32630768549481,1,1,2.125220613645426,12.262705533076595,15,1,2,2.1082636303738664,20.026124887575627,0.1951072437185104,Left Foot,Open Play,Half Volley,Regular Play,Right Center Midfield,1,0,1,1,,,,0,0,0,448.4703960265909,0.6032923304524935,0.09632271934835074,0.039835602,0
3835330,Sheila García Gómez,Spain Women's,34,1,-1,5,16.77647161950331,20.49096867658558,2,1,0.4770196015853954,0.0,17,0,2,3.62573247218037,13.265721865860506,2.9762875788375354,Right Foot,Open Play,Half Volley,From Throw In,Right Midfield,1,0,1,1,Low Pass,,5.322593,1,1,1,343.7661544588693,0.0,0.0284338454714662,0.052772447,0
3835330,Alexandra Popp,Germany Women's,36,1,1,1,6.040695324215585,65.80360925221223,1,1,1.0751708665799837,57.301629581501196,17,2,6,4.917962518947955,2.4286073437909987,3.2985631931329067,Head,Open Play,Normal,From Corner,Center Forward,1,0,1,1,High Pass,Inswinging,38.654495,1,1,1,397.4995547263478,0.8707976694997895,0.1779879316657309,0.1222736,1
3835330,Aitana Bonmati Conca,Spain Women's,39,1,-2,35,18.800265955565624,19.69629882254068,3,1,2.5285806871913703,3.414042430993022,16,0,2,3.1133708378622,15.723412048443949,2.185765995503367,Right Foot,Open Play,Normal,Regular Play,Right Center Midfield,1,0,1,1,Ground Pass,,8.635392,1,1,1,370.29565620405884,0.17333421175992472,0.13449707005037395,0.053973693,0
3835330,Klara Bühl,Germany Women's,42,1,2,11,20.44162420161372,19.815333550404638,1,1,2.6493989769646062,3.139223827605037,11,0,2,2.8969679160354973,17.663481326920763,0.6230283762332505,Right Foot,Open Play,Normal,Regular Play,Left Wing,1,0,1,1,Ground Pass,,34.758884,1,1,1,405.0576018669998,0.15842397099295522,0.1296080463486583,0.057685792,0
3835330,Giulia Gwinn,Germany Women's,42,1,2,2,17.36231551377869,24.68470144594749,0,1,1.8245851833228712,19.86849944253015,14,1,3,3.090277487877172,14.27996203127962,0.8229413401901553,Left Foot,Open Play,Normal,From Throw In,Right Back,1,0,1,1,Ground Pass,,9.726768,1,1,1,428.58357486796933,0.8048912192045969,0.10508881617056694,0.0796745,0
3835330,Svenja Huth,Germany Women's,43,1,2,1,7.256721022610695,18.124940252172728,3,0,0.5144235306248245,0.0,17,1,3,1.330224411461013,7.4692448107870115,0.1825900858775924,Right Foot,Open Play,Volley,From Corner,Right Wing,1,0,1,1,High Pass,Inswinging,47.286892,1,1,1,131.52763496150462,0.0,0.070889252738526,0.08968712,0
3835330,Alexandra Popp,Germany Women's,45,2,2,1,8.542833253669418,43.249236233554186,1,0,0.4649207397627223,0.0,19,0,1,3.5587755846802565,6.517260461208239,0.397953110628265,Head,Open Play,Normal,From Corner,Center Forward,1,0,1,1,High Pass,Inswinging,48.6659,1,1,1,369.471013491811,0.0,0.054422312359078774,0.0660776,0
3835330,Ona Batlle Pascual,Spain Women's,47,2,-2,15,25.475085868353812,13.297416892618768,1,1,1.8678907327978433,8.873694676483163,18,0,1,4.373250249560096,21.104623720653084,3.0726007230877173,Right Foot,Open Play,Normal,Regular Play,Right Back,1,0,1,1,Ground Pass,,10.560303,1,1,1,338.75283716676165,0.6673246953255141,0.0733222546314638,0.024871005,0
3835330,Irene Paredes Hernandez,Spain Women's,55,2,-2,1,6.43816744112795,55.90743361909434,3,1,0.6522384188930791,22.9081275849058,16,1,4,4.219272722810822,2.3384756047335653,2.419447873331201,Head,Open Play,Normal,From Corner,Right Center Back,1,0,1,1,High Pass,Inswinging,46.303562,1,1,1,359.94141884347533,0.4097510134516687,0.10130808570253784,0.11947561,0
3835330,Patricia Guijarro Gutiérrez,Spain Women's,57,2,-2,12,8.405950273467004,33.36957578870797,1,1,0.42194906730260906,0.0,18,0,2,2.976393556779395,5.5503141977638375,2.083001075005356,Head,Open Play,Normal,Regular Play,Left Center Midfield,1,0,1,1,High Pass,,20.886599,1,1,1,280.5029947265677,0.0,0.05019647435156402,0.113642015,0
3835330,Irene Paredes Hernandez,Spain Women's,66,2,-2,1,9.794896630388704,24.243836289518352,2,1,2.3940616799596475,6.414720451934163,16,1,2,3.090945849955845,6.704004140610041,2.7384970530354806,Head,Open Play,Normal,From Corner,Right Center Back,1,0,1,1,High Pass,Inswinging,48.88077,1,1,1,237.4658703798987,0.2645918069784822,0.24441928999353213,0.05354174,0
3835330,María Francesca Caldentey Oliver,Spain Women's,70,2,-2,6,13.159027319676781,26.043555619561428,0,1,3.6196518373545112,20.94292115715439,13,0,2,3.437898861248981,10.201303380751602,0.9802877722436918,Right Foot,Open Play,Volley,From Throw In,Left Midfield,1,0,1,1,High Pass,Through Ball,31.360006,1,1,1,342.7078598993306,0.8041498427896716,0.27506986264418054,0.17155048,0
3835330,Athenea del Castillo Belvide,Spain Women's,73,2,-2,10,23.988538930080754,13.120585741655615,2,1,1.892724288623287,0.0,20,0,3,3.0008066953213692,21.018574001728894,2.4547592302417485,Right Foot,Open Play,Normal,From Throw In,Left Midfield,1,0,1,1,Ground Pass,,23.217667,1,1,1,314.7436818491682,0.0,0.07890119086201951,0.022020632,0
3835330,Claudia Pina Medina,Spain Women's,82,2,-2,9,9.272000862812735,45.49919972764486,1,1,0.6682059118772522,0.0,12,0,3,0.7391672051002239,8.560506430173941,0.015337351462434867,Head,Open Play,Normal,From Free Kick,Center Forward,1,0,1,1,High Pass,,48.605453,1,1,1,421.8686191320121,0.0,0.07206706748240602,0.07019974,0
3835330,Irene Guerrero Sanmartín,Spain Women's,91,2,-2,4,18.157092278225605,19.389572166606033,1,1,1.4934799616559464,7.071480450509947,20,0,3,4.121192808252777,14.058314014393744,2.9540634026270993,Left Foot,Open Play,Half Volley,From Throw In,Left Center Midfield,1,0,1,1,Low Pass,,9.404786,1,1,1,352.0582510643805,0.36470533695884766,0.08225325612553952,0.047827043,0
3844385,Svenja Huth,Germany Women's,0,1,0,5,24.363292059982367,17.381980351529652,1,1,1.8661022822372517,8.964627165109636,14,0,2,4.011663348585558,20.352198052670836,1.4409293110925603,Right Foot,Open Play,Normal,From Throw In,Right Wing,1,0,0,1,Ground Pass,,24.273853,1,1,1,423.4822638851919,0.5157425669463911,0.07659483281827892,0.035938725,0
3844385,Julia Hickelsberger Füller,Austria Women's,8,1,0,13,18.967867565965342,20.772355165523607,0,1,1.3244925181496898,16.062366768759837,8,0,3,4.624213565682218,14.601797843753975,1.1166273745865354,Right Foot,Open Play,Half Volley,From Keeper,Right Midfield,1,0,0,1,Low Pass,,14.17921,1,1,1,394.00728181284785,0.7732568907457805,0.069828224682793,0.11306979,0
3844385,Alexandra Popp,Germany Women's,8,1,0,11,15.239750654128173,29.349576339113376,1,1,2.075135410439302,16.404059003423516,14,1,1,2.7201178880136014,12.532551314701722,0.04391300338282633,Right Foot,Open Play,Normal,From Keeper,Center Forward,1,0,0,1,Ground Pass,,2.745906,1,1,1,447.28022521238785,0.5589197886159016,0.13616596869169809,0.16299205,0
3844385,Marina Georgieva,Austria Women's,12,1,0,1,9.533624704172073,44.50225808982366,3,1,0.6666599075830992,15.187881416774365,15,1,3,1.2457333979554646,8.481106245905968,0.8882136412369235,Head,Open Play,Normal,From Corner,Left Center Back,1,0,0,1,High Pass,Inswinging,48.483604,1,1,1,424.2678271165844,0.34128338805008596,0.06992722372335024,0.05792584,0
3844385,Lina Magull,Germany Women's,19,1,0,2,13.958868148958208,16.447625884009085,1,1,0.48067794495904703,0.0,13,0,1,4.489297436324556,9.470982586771052,3.9111005934031624,Left Foot,Open Play,Normal,Regular Play,Right Center Midfield,1,0,0,1,Ground Pass,,21.804815,1,1,1,229.590241078275,0.0,0.034435309498565714,0.06713231,0
3844385,Lina Magull,Germany Women's,24,1,0,1,12.73891675143534,32.835678473198584,1,1,3.8403147645375673,14.858565576250452,10,1,1,4.6877752197812015,8.645682245097568,3.35276713771362,Right Foot,Open Play,Normal,Regular Play,Right Center Midfield,1,0,0,1,Ground Pass,,12.020815,1,1,1,418.29097454697427,0.4525128234636125,0.30146321225506595,0.2484349,1
3844385,Sarah Puntigam,Austria Women's,29,1,-1,1,16.875129629131745,24.625987074449583,4,1,3.235214994382328,5.169379987902932,18,1,2,1.3807390789935625,15.797021504051607,1.2112304720504738,Left Foot,Open Play,Volley,From Corner,Center Defensive Midfield,1,0,0,1,,,,0,0,0,415.56672412665955,0.2099156461129781,0.19171497140960247,0.053944573,0
3844385,Giulia Gwinn,Germany Women's,33,1,1,1,22.21215883249532,19.643939340134498,1,1,0.6715641539105045,9.342102507332829,13,1,3,2.3711877642932304,19.928327645068368,1.229501018895533,Left Foot,Open Play,Normal,Regular Play,Right Back,1,0,0,1,Ground Pass,,40.418312,1,1,1,436.3343007189708,0.4755717448305288,0.0302340785051491,0.047546297,0
3844385,Verena Hanshaw,Austria Women's,34,1,-1,16,25.35843055080499,16.21896831893068,1,1,5.3755310396937555,9.235399895561136,15,0,0,2.124527865822691,23.30098509503016,1.3594801475102685,Left Foot,Open Play,Normal,From Keeper,Left Back,1,0,0,1,Ground Pass,,13.85388,1,1,1,411.28758172131,0.5694196889688496,0.21198200846554804,0.03350741,0
3844385,Sara Däbritz,Germany Women's,39,1,1,1,7.615773105863909,29.744881296942197,2,1,0.5515668969422103,0.0,18,3,4,2.7180587143658657,5.012767354929876,2.1799289551908956,Head,Open Play,Normal,From Corner,Left Center Midfield,1,0,0,1,High Pass,Inswinging,33.57261,1,1,1,226.53026701836677,0.0,0.07242428172098785,0.11882442,0
3844385,Sarah Puntigam,Austria Women's,41,1,-1,0,36.70054495508207,12.440075166342815,2,0,1.2158641573787774,0.0,14,0,1,,,,Left Foot,Open Play,Normal,Regular Play,Center Defensive Midfield,1,0,0,1,,,,0,0,0,456.5575378869646,0.0,0.03312932161816338,0.006765043,0
3844385,Svenja Huth,Germany Women's,42,1,1,3,12.423365083583434,15.20534323935506,0,1,1.3910491021899734,14.017775924829438,10,0,2,5.998233820747513,6.6111187901469135,5.054429649169556,Right Foot,Open Play,Normal,Regular Play,Right Wing,1,0,0,1,High Pass,,38.234146,1,1,1,188.90153028370506,0.9218980265140011,0.11197039552738756,0.110355966,0
3844385,Giulia Gwinn,Germany Women's,43,1,1,1,6.576473218982953,62.34373259765942,0,1,1.4665910179884163,48.94521179777143,18,3,5,1.7609310564116365,5.143242880642276,0.6607511758706295,Head,Open Play,Normal,From Corner,Right Back,1,0,0,1,High Pass,Inswinging,41.170498,1,1,1,410.0018877999417,0.7850863231697004,0.22300570064743966,0.1376945,0
3844385,Klara Bühl,Germany Women's,45,1,1,7,25.719447894540817,11.897783629906336,0,1,3.158493498929192,8.960019175236829,15,0,1,2.3784173141507625,23.406392361065258,1.391051190296686,Right Foot,Open Play,Normal,From Free Kick,Left Wing,1,0,0,1,Ground Pass,,13.069813,1,1,1,306.00442612989673,0.7530830492424551,0.12280564932342933,0.012716601,0
3844385,Giulia Gwinn,Germany Women's,45,2,1,3,15.784802817900509,26.60828436784692,2,1,2.4517746928503907,8.479861952590488,17,1,1,3.2304518935080635,12.996126761155095,2.4583838089789367,Left Foot,Open Play,Normal,From Kick Off,Right Back,1,0,0,1,Ground Pass,,16.780048,1,1,1,420.00652206908813,0.3186925483567605,0.15532501236379043,0.10769952,0
3844385,Svenja Huth,Germany Women's,50,2,1,6,14.912075643584972,28.31747498722256,1,1,1.737350925294636,0.0,15,0,3,2.978870165765257,12.436386148563692,2.3374684594124844,Left Foot,Open Play,Half Volley,From Throw In,Right Wing,1,0,0,1,Low Pass,,6.0207973,1,1,1,422.2723290447882,0.0,0.11650631118157097,0.08097593,0
3844385,Lena Oberdorf,Germany Women's,50,2,1,6,26.77778930382417,16.465395932527795,1,1,2.8068376688882615,10.279719581040462,14,0,1,2.02255325818379,24.80575901126551,0.9199317028311143,Right Foot,Open Play,Normal,From Throw In,Center Defensive Midfield,1,0,0,1,,,,0,0,0,440.9069030852728,0.6243226475187653,0.10481961886552799,0.026350489,0
3844385,Barbara Dunst,Austria Women's,52,2,-1,0,39.137194585202444,9.17446903164359,0,0,5.058378952381146,9.174469031643556,12,0,0,,,,Right Foot,Open Play,Normal,Regular Play,Left Midfield,1,0,0,1,,,,0,0,0,359.062979707349,0.9999999999999963,0.12924735679173313,0.007504839,0
3844385,Julia Hickelsberger Füller,Austria Women's,52,2,-1,0,13.678084661238207,22.822873909550562,1,1,2.0111856663783,0.0,4,0,2,4.519141889205998,9.239438012651384,3.821163943948335,Right Foot,Open Play,Half Volley,From Counter,Right Midfield,1,0,0,1,,,,0,0,0,312.1732015475972,0.0,0.14703708276332875,0.057267953,0
3844385,Klara Bühl,Germany Women's,54,2,1,11,24.821361767638773,16.55636010100595,1,1,4.517846508331746,8.503948870607635,16,1,2,2.2075704610917493,22.64958887377121,1.294886184100271,Right Foot,Open Play,Normal,Regular Play,Left Wing,1,0,0,1,Ground Pass,,12.050311,1,1,1,410.9514036223691,0.5136363801419699,0.18201444991716598,0.03916179,0
3844385,Sarah Puntigam,Austria Women's,56,2,-1,1,17.778920102188437,21.399340440646224,5,1,5.3717492319116555,3.2585681940146594,18,0,0,3.3162924006225087,14.473566178947863,2.0610552480086426,Left Foot,Open Play,Volley,From Corner,Center Defensive Midfield,1,0,0,1,,,,0,0,0,380.4571639337791,0.15227423494909623,0.30214147996820334,0.04647078,0
3844385,Sarah Puntigam,Austria Women's,56,2,-1,1,18.439088914585774,22.52939800293686,5,1,1.9442710699620234,0.0,19,0,2,2.823671127486305,15.637589832847459,0.8597814559865,Right Foot,Open Play,Half Volley,From Corner,Center Defensive Midfield,1,0,0,1,,,,0,0,0,415.4215729682439,0.0,0.10544290333260756,0.047629684,0
3844385,Carina Wenninger,Austria Women's,56,2,-1,1,9.167878707749132,39.851089902177684,4,1,0.7325544426467994,0.0,18,1,3,1.563507587872603,7.606955151872612,1.051172211186639,Head,Open Play,Normal,From Corner,Right Center Back,1,0,0,1,High Pass,Inswinging,46.999786,1,1,1,365.34995859477124,0.0,0.07990446492574221,0.054546796,0
3844385,Marina Georgieva,Austria Women's,56,2,-1,1,13.807968713753663,31.730334347668368,4,1,2.1827764997816397,7.564393893191156,19,0,3,3.1361479454950607,10.77328243034591,1.3250966137469717,Right Foot,Open Play,Overhead Kick,From Corner,Left Center Back,1,0,0,1,,,,0,0,0,438.13146394954805,0.23839628698230242,0.15808092740009239,0.035188846,0
3844385,Alexandra Popp,Germany Women's,65,2,1,27,9.40212741883453,42.179011406484484,1,1,2.2476104770667087,22.31056410283563,13,1,2,2.0075080507811944,7.61692672860428,1.6150890805620435,Head,Open Play,Normal,Regular Play,Center Forward,1,0,0,1,Low Pass,,26.347107,1,1,1,396.57243964424214,0.5289494314559887,0.2390533947204598,0.0999524,0
3844385,Linda Dallmann,Germany Women's,71,2,1,0,21.445745498816315,21.089386181321913,0,1,2.370428228541,17.502318522059177,11,0,1,2.2751661134197336,19.17057938539847,0.14852238561572761,Left Foot,Open Play,Normal,Regular Play,Right Center Midfield,1,0,0,1,,,,0,0,0,452.27760877088343,0.8299112345697539,0.1105313978789795,0.078340046,0
3844385,Lena Oberdorf,Germany Women's,77,2,1,10,31.82766092567909,14.228093361443133,1,1,5.285756496233834,6.82527790147712,17,0,0,0.9546333785560335,31.00189685286511,0.5683685351799852,Right Foot,Open Play,Normal,Regular Play,Center Defensive Midfield,1,0,0,1,,,,0,0,0,452.84693112691764,0.47970432355841974,0.1660742996029971,0.019108359,0
3844385,Klara Bühl,Germany Women's,77,2,1,1,23.152537657889685,16.940313925481032,1,1,1.2931934854263298,7.490455644569307,12,1,2,3.0436180449639663,20.160047913805652,1.9977553484889867,Right Foot,Open Play,Normal,From Counter,Left Wing,1,0,0,1,Ground Pass,,12.586501,1,1,1,392.21125609617263,0.4421674638096537,0.05585536689476665,0.05838325,0
3844385,Alexandra Popp,Germany Women's,80,2,1,7,31.03949097520769,13.804788351209274,1,0,3.508138977727942,2.580001982932582,7,1,1,,,,Left Foot,Open Play,Half Volley,Regular Play,Center Forward,1,0,0,1,Low Pass,,70.20178,1,1,1,428.4936034420125,0.18689181733862503,0.11302179473658293,0.0217388,0
3844385,Klara Bühl,Germany Women's,81,2,1,2,10.948972554536793,39.75127672265427,0,1,2.245220228251157,33.4658068238409,7,0,1,5.814053715015008,5.721908819707892,0.8837233068856207,Left Foot,Open Play,Normal,Regular Play,Left Wing,1,0,0,1,Ground Pass,,19.962465,1,1,1,435.23563784413886,0.8418800497235029,0.2050621843344408,0.5951564,0
3844385,Linda Dallmann,Germany Women's,88,2,1,1,26.421392847463586,16.958827763666022,3,1,4.959750813949636,4.557055049069514,14,0,1,1.4666478911234795,25.285710761793933,0.6883431072018311,Right Foot,Open Play,Normal,From Free Kick,Right Center Midfield,1,0,0,1,High Pass,,20.086313,1,1,1,448.07585057629234,0.2687128563704692,0.18771723514287647,0.0326564,0
3844385,Alexandra Popp,Germany Women's,88,2,1,2,11.710678887237924,37.69181740234514,0,0,4.186601306954015,37.69181740234514,7,0,1,11.162222340930738,4.186601306954015,4.426396935858264,Left Foot,Open Play,Volley,From Goal Kick,Center Forward,1,0,0,1,,,,0,0,0,441.39677027527017,1.0,0.3575028695831199,0.81290746,1
3844385,Katharina Naschenweng,Austria Women's,90,2,-2,2,19.277447963877382,19.681376579792886,2,1,2.655114525031774,4.744639314202635,15,0,2,2.965561306885117,16.394230928715718,2.1650714870054344,Left Foot,Open Play,Half Volley,From Throw In,Left Midfield,1,0,0,1,,,,0,0,0,379.40671287443234,0.24107253346668928,0.1377316401012728,0.039159935,0
3835339,Ramona Bachmann,Switzerland Women's,6,1,0,9,18.638669480410876,20.63558055782537,0,1,2.2303084738732104,16.15149660478988,17,0,1,3.3080568790765117,15.337019990373133,1.9636887830482124,Right Foot,Open Play,Half Volley,From Free Kick,Center Forward,1,0,0,1,,,,0,0,0,384.6197655536998,0.782701342447327,0.11966028348843519,0.042656973,0
3835339,Ramona Bachmann,Switzerland Women's,8,1,0,1,15.425303886795875,20.730685578655933,3,1,1.1183664502194637,5.396413237261947,19,0,1,3.100637008709109,12.332043072304385,2.1370026700818414,Right Foot,Open Play,Normal,From Corner,Center Forward,1,0,0,1,Ground Pass,,28.26305,1,1,1,319.7771248323846,0.26031040877963196,0.07250206922515089,0.06518256,0
3835339,Jill Roord,Netherlands Women's,11,1,0,4,22.487774456357396,18.85162532249838,1,1,2.62400019266034,6.7949940415976275,14,1,2,2.037684422604405,20.58979856250932,1.3643735852754233,Right Foot,Open Play,Half Volley,From Throw In,Right Wing,1,0,0,1,,,,0,0,0,423.9310983880993,0.36044605838246613,0.11668563279807011,0.033822455,0
3835339,Sandy Mändly,Switzerland Women's,12,1,0,5,28.90069203323685,13.719035390024638,1,1,2.387546554913311,3.221670134633761,15,0,2,3.6437343897606245,25.358763622949382,1.090440364521129,Left Foot,Open Play,Normal,Regular Play,Right Center Midfield,1,0,0,1,,,,0,0,0,396.4896168001795,0.23483211778696164,0.08261208943258332,0.026377957,0
3835339,Lineth Beerensteyn,Netherlands Women's,18,1,0,1,23.711811402758755,18.76627983715769,1,1,0.68331605032111,0.0,17,1,2,1.9200435439243857,21.86320967303145,0.870642658769377,Right Foot,Open Play,Normal,From Throw In,Center Forward,1,0,0,1,Low Pass,,15.986244,1,1,1,444.9824882300774,0.0,0.02881753901946139,0.0649632,0
3835339,Sherida Spitse,Netherlands Women's,23,1,0,3,28.230657094725935,14.69425846145957,1,1,1.6034168432584783,8.680930034609785,18,1,1,2.959974759825988,25.270875903015472,1.2766806231612762,Right Foot,Open Play,Normal,Regular Play,Left Defensive Midfield,1,0,0,1,Ground Pass,,5.0249376,1,1,1,414.82857188674024,0.5907702016660672,0.05679700751839848,0.029861335,0
3835339,Jackie Groenen,Netherlands Women's,26,1,0,1,14.588008774332431,30.515137660389414,2,1,3.3899029466852975,8.601822424204155,20,1,2,1.8631074057268349,13.032327910503298,0.7879026323493079,Right Foot,Open Play,Normal,From Free Kick,Right Defensive Midfield,1,0,0,1,Ground Pass,,38.189526,1,1,1,445.1550959397228,0.2818870594632731,0.2323759876433461,0.072760865,0
3835339,Sherida Spitse,Netherlands Women's,33,1,0,0,28.59545418418809,15.451470845668739,4,1,12.175538150913301,4.536135504932378,20,0,0,0.3507572120284337,28.899475031679113,0.245706622574275,Right Foot,Free Kick,Normal,From Free Kick,Left Defensive Midfield,1,0,0,1,,,,0,0,0,441.84182664563843,0.2935730552929154,0.425785793521188,0.04546584,0
3835339,Lieke Martens,Netherlands Women's,33,1,0,1,13.046455457326331,33.995924618954334,0,1,1.0857498412735038,25.439548741065057,15,1,2,5.319484378699208,8.042992398350103,0.9751956708850642,Head,Open Play,Normal,From Free Kick,Left Wing,1,0,0,1,High Pass,,35.833645,1,1,1,443.52631627181137,0.7483117175427936,0.08322182563876329,0.08628887,0
3835339,Géraldine Reuteler,Switzerland Women's,35,1,0,17,10.357605900979243,41.795206959761266,1,1,0.9702525262261787,32.923710175522714,15,1,3,2.1678199800532303,8.520284379452722,1.356094042504381,Head,Open Play,Normal,From Free Kick,Left Midfield,1,0,0,1,High Pass,,29.02585,1,1,1,432.898282239072,0.7877388956877359,0.09367536624795193,0.08395434,0
3835339,Lineth Beerensteyn,Netherlands Women's,36,1,0,13,20.983088428541688,17.772498307004458,1,1,2.0790811475580337,9.52845047649288,12,0,2,3.468974111875066,17.5191191920843,1.8931202761996957,Right Foot,Open Play,Normal,From Throw In,Center Forward,1,0,0,1,Ground Pass,,21.15325,1,1,1,372.921903571982,0.5361345553054603,0.0990836575196442,0.026394162,0
3835339,Géraldine Reuteler,Switzerland Women's,37,1,0,11,20.100995000248126,13.784093583407103,1,1,1.3710182510965077,0.0,12,0,1,4.22398006000223,15.903390961285538,3.635587677111687,Right Foot,Open Play,Normal,Regular Play,Left Midfield,1,0,0,1,Ground Pass,,25.588474,1,1,1,277.07399620301845,0.0,0.06820648684702343,0.021617305,0
3835339,Luana Bühler,Switzerland Women's,48,1,0,7,24.067405344157894,18.82346727470139,2,1,2.4145310653582785,4.027835416959837,19,1,2,2.115267206678229,21.952186448295567,0.14458224495373173,Right Foot,Open Play,Normal,From Free Kick,Left Center Back,1,0,0,1,,,,0,0,0,453.03201688272947,0.21397946287893624,0.10032369633664645,0.036939047,0
3835339,Stephanie van der Gragt,Netherlands Women's,48,2,0,1,12.416923934694939,20.0390184626913,1,1,1.9192482666234296,9.496751371451882,18,0,3,3.3640558984943216,9.061575427408107,2.9982591027825265,Head,Open Play,Normal,From Corner,Right Center Back,1,0,0,1,High Pass,Inswinging,50.578453,1,1,1,248.82296797718539,0.47391300073568776,0.15456712763301486,0.03745681,0
3835339,Géraldine Reuteler,Switzerland Women's,52,2,0,5,10.771258050942793,32.93800860053197,1,1,0.5804870914481469,0.0,13,1,3,5.4402397578235195,5.3348400852321936,3.692641741903529,Right Foot,Open Play,Normal,From Goal Kick,Left Midfield,1,0,0,1,,,,0,0,0,354.78379032050293,0.0,0.05389222769547683,0.17762665,1
3835339,Coumba Sow,Switzerland Women's,55,2,1,9,8.22800097228969,50.715530300737136,0,1,1.5666322558985821,25.686956486755093,13,0,3,5.4637142544333805,2.769021387354461,1.4002152859781845,Right Foot,Open Play,Normal,Regular Play,Left Center Midfield,1,0,0,1,Ground Pass,,15.6604595,1,1,1,417.2874326246524,0.506490937478805,0.1904025365547106,0.51846856,0
3835339,Coumba Sow,Switzerland Women's,55,2,1,10,8.220097323024836,37.23962259665027,1,1,1.2170552271076258,14.034832600646643,13,1,4,4.8607002317940715,3.62602160790489,4.433660225415977,Left Foot,Open Play,Normal,Regular Play,Left Center Midfield,1,0,0,1,Ground Pass,,3.8832977,1,1,1,306.1133220171801,0.3768790235245049,0.14805849362617682,0.21862663,0
3835339,Jill Roord,Netherlands Women's,61,2,-1,4,8.852683209061528,47.80641297320067,0,1,1.6953621207329599,37.144023153660605,13,1,1,2.454412427539462,6.457674791313794,1.017038751541655,Head,Open Play,Diving Header,From Throw In,Right Wing,1,0,0,1,High Pass,,39.815197,1,1,1,423.21502941331477,0.7769673741153265,0.19150827841637916,0.3196243,0
3835339,Sherida Spitse,Netherlands Women's,62,2,-1,3,54.509173539873075,8.103907734989935,1,0,1.2876207224679843,4.1364115110666155,13,0,1,,,,Right Foot,Open Play,Normal,Regular Play,Left Defensive Midfield,1,0,0,1,,,,0,0,0,441.7373130776861,0.5104218417007622,0.023622092188319437,0.004663987,0
3835339,Ramona Bachmann,Switzerland Women's,65,2,1,14,29.508303916016594,13.525037600014715,1,1,2.9979643235942794,7.233284547044375,17,0,2,4.487319779069786,25.070174655275302,1.6526086278725458,Right Foot,Open Play,Normal,From Free Kick,Left Midfield,1,0,0,1,Ground Pass,,10.2,1,1,1,399.10091997678586,0.5348069824986295,0.10159731078162837,0.02170121,0
3835339,Ana-Maria Crnogorčević,Switzerland Women's,66,2,1,1,10.026464980241037,36.43472334396616,2,1,2.1101243526504745,2.3477283503059985,17,0,2,2.793810364023437,7.2352535623279906,1.8338924469838602,Right Foot,Open Play,Half Volley,From Corner,Right Midfield,1,0,0,1,High Pass,Outswinging,34.75874,1,1,1,365.31147767304736,0.06443656311431271,0.21045546529199036,0.07114794,0
3835339,Riola Xhemaili,Switzerland Women's,79,2,1,2,31.02579571904644,14.408768847696482,1,0,3.444695650525055,10.645998120378179,12,0,2,,,,Right Foot,Open Play,Normal,Regular Play,Right Center Midfield,1,0,0,1,Ground Pass,,10.016986,1,1,1,447.0435188315912,0.7388555006266303,0.11102682689328704,0.023765089,0
3835339,Victoria Pelova,Netherlands Women's,81,2,-1,6,15.3,26.34499974114725,0,1,0.7872475603737147,19.57817968166684,8,0,1,5.219383662338051,10.166505132256065,3.1071888394901492,Right Foot,Open Play,Normal,Regular Play,Right Wing,1,0,0,1,Ground Pass,,19.05151,1,1,1,403.078496039553,0.7431459432162539,0.05145408891331468,0.111490436,0
3835339,Romée Leuchter,Netherlands Women's,83,2,-1,3,6.900724599634453,60.19479326727489,0,0,1.6239682562368951,60.194793267274875,13,1,4,5.682483123755461,3.133910707198048,2.4757504644870068,Head,Open Play,Normal,From Throw In,Center Forward,1,0,0,1,High Pass,,36.33098,1,1,1,415.38769066939415,0.9999999999999998,0.23533300493152856,0.18267488,1
3835339,Esmee Brugts,Netherlands Women's,84,2,0,4,13.206059215375337,20.998719034387026,0,1,1.968493186860094,12.351616303667477,11,0,2,5.274697686794615,7.958761697305623,4.540002666136417,Right Foot,Open Play,Normal,From Throw In,Left Wing,1,0,0,1,Ground Pass,,16.491512,1,1,1,277.31032701514425,0.5882080846665337,0.14905984857074156,0.2127759,0
3835339,Victoria Pelova,Netherlands Women's,88,2,0,1,7.34098086089318,50.76510220763503,0,1,2.0815826293097346,18.395522506134927,13,0,4,5.308947082894589,2.1525731681546802,3.709728265644962,Right Foot,Open Play,Half Volley,From Free Kick,Right Wing,1,0,0,1,,,,0,0,0,372.66564370753485,0.3623655169824174,0.28355647137002177,0.46498477,1
3835339,Victoria Pelova,Netherlands Women's,94,2,1,4,16.352675622050352,21.05812469719518,0,1,1.5295895140245126,14.883443538132763,9,0,1,5.246988063123901,11.140367693351529,3.881373605846491,Right Foot,Open Play,Normal,Regular Play,Right Wing,1,0,0,1,High Pass,,34.214764,1,1,1,344.35668238192005,0.7067791530418258,0.09353756836966645,0.16870798,0
3835339,Romée Leuchter,Netherlands Women's,94,2,1,4,7.710382610480497,54.80249671524523,0,1,0.6777196779561968,29.32439216332417,9,0,3,7.447605708583515,0.6777196779561968,0.9976711835058722,Left Foot,Open Play,Normal,Regular Play,Center Forward,1,0,0,1,,,,0,0,0,422.54821768414143,0.5350922662464493,0.08789702303942638,0.62952703,1
3835339,Stephanie van der Gragt,Netherlands Women's,96,2,2,1,21.1851362988299,18.783325444504634,0,1,1.5367787262274344,14.86390777976839,9,0,2,3.656700674831217,17.54555111443548,2.084657249198223,Left Foot,Open Play,Half Volley,From Counter,Right Center Back,1,0,0,1,High Pass,Through Ball,58.545197,1,1,1,397.9273096871104,0.7913352629535079,0.07254042195198498,0.07203889,0
3835339,Sherida Spitse,Netherlands Women's,98,2,2,4,30.912780528448103,14.420119446668611,2,1,4.373161457020974,5.606973800343766,17,0,1,1.2902906648742365,31.038469755657367,1.2356818518778496,Right Foot,Open Play,Normal,Regular Play,Left Defensive Midfield,1,0,0,1,Ground Pass,,10.823123,1,1,1,445.76598764887325,0.3888299137244047,0.1414677483637062,0.018749606,0
3835331,Kosovare Asllani,Sweden Women's,15,1,0,4,17.848809484108457,23.82319044385105,1,1,1.5138874892932006,0.0,12,0,2,2.4595133401390714,15.501344203495451,1.4736620664714977,Right Foot,Open Play,Normal,Regular Play,Center Attacking Midfield,1,0,1,1,Ground Pass,,16.772001,1,1,1,425.2155875359306,0.0,0.08481728098678391,0.054719456,0
3835331,Sara Caroline Seger,Sweden Women's,19,1,0,2,16.475739740600414,26.03780428541065,5,1,1.1952186764237775,0.0,20,0,3,1.0324353563451525,15.713204216142213,0.8934805442829585,Right Foot,Open Play,Half Volley,From Corner,Left Defensive Midfield,1,0,1,1,Low Pass,,2.3,1,1,1,428.99208682311604,0.0,0.07254415857750257,0.06536614,0
3835331,Emma Stina Blackstenius,Sweden Women's,23,1,0,2,12.233151678941942,27.508841070394162,0,1,1.7976332839009903,19.163414511339273,15,0,1,4.111249377711241,8.24592371457899,3.4163520651638564,Head,Open Play,Normal,From Free Kick,Center Forward,1,0,1,1,High Pass,,26.261759,1,1,1,336.5198253260394,0.6966274755923292,0.14694768209205017,0.105761014,0
3835331,Fridolina Rolfö,Sweden Women's,27,1,0,1,14.762791064023087,24.116044430248298,1,1,0.4781833125854045,0.0,16,0,3,4.172629370229021,10.62870842447597,3.0347217889746503,Left Foot,Open Play,Normal,Regular Play,Left Wing,1,0,1,1,,,,0,0,0,356.02012521445334,0.0,0.03239111835367886,0.077067405,0
3835331,Ramona Bachmann,Switzerland Women's,31,1,0,7,15.697452022541745,13.848272010926639,0,1,0.8877618189907336,6.572889859917985,6,0,1,6.244962769565697,9.456705763718864,5.6479423686131796,Right Foot,Open Play,Normal,Regular Play,Center Forward,1,0,1,1,,,,0,0,0,217.3825854866286,0.4746361029543475,0.05655451710990396,0.054178484,0
3835331,Emma Stina Blackstenius,Sweden Women's,44,1,0,1,20.008997975910738,22.6008098294737,1,1,0.38156674773679794,0.0,14,0,3,5.971304710399549,14.084409740244336,0.4469370363409695,Head,Open Play,Normal,From Free Kick,Center Forward,1,0,1,1,High Pass,,51.296978,1,1,1,452.21955813188276,0.0,0.019069757925717936,0.027359113,0
3835331,Fridolina Rolfö,Sweden Women's,45,2,0,10,22.94907405539492,19.73552045119982,2,1,0.7790380869250305,0.0,19,0,2,1.917219371265809,21.031871004477452,0.117755674077479,Left Foot,Open Play,Normal,From Throw In,Left Wing,1,0,1,1,Ground Pass,,15.671949,1,1,1,452.91192035634566,0.0,0.03394638428742586,0.044118755,0
3835331,Emma Stina Blackstenius,Sweden Women's,51,2,0,5,12.66688596301395,25.467963888892445,1,1,0.6585793629327039,0.0,8,0,2,11.415708613314774,1.474599120277387,7.861021226110402,Right Foot,Open Play,Normal,Regular Play,Center Forward,1,0,1,1,High Pass,Through Ball,48.695175,1,1,1,322.59979429075787,0.0,0.05199220746564628,0.09000106,0
3835331,Fridolina Rolfö,Sweden Women's,52,2,0,3,16.24130536625674,24.782765264976,0,1,6.564874854338166,19.392095309633042,10,0,0,7.710324065174743,8.789898430336477,2.3110577241286094,Left Foot,Open Play,Normal,Regular Play,Left Wing,1,0,1,1,Ground Pass,Through Ball,20.995476,1,1,1,402.50445848873585,0.782483112852573,0.40420857229724166,0.5041053,1
3835331,Ramona Bachmann,Switzerland Women's,54,2,-1,8,18.06017718628474,21.917881626184567,3,1,2.615513991173027,2.0592507088845187,12,1,2,8.849182634930907,9.256896184701471,3.89069747565145,Right Foot,Open Play,Normal,From Kick Off,Center Forward,1,0,1,1,,,,0,0,0,395.840825716908,0.09395299892597285,0.14482216670384057,0.07314625,1
3835331,Emma Stina Blackstenius,Sweden Women's,65,2,0,16,21.00690362714125,15.956427219449555,1,1,1.4086738452722058,4.778538002507527,16,0,2,2.9025083482285545,18.17723820859658,1.5251654210681167,Right Foot,Open Play,Normal,Regular Play,Center Forward,1,0,1,1,Ground Pass,,23.81932,1,1,1,335.19512883247023,0.29947418283479443,0.0670576621036228,0.061645202,0
3835331,Ramona Bachmann,Switzerland Women's,66,2,0,4,26.21488126999624,14.756587297057976,1,1,1.7365908850874894,4.237941411128782,16,0,2,3.6349516350422317,22.595189384135242,1.687626574593608,Left Foot,Open Play,Normal,From Throw In,Center Forward,1,0,1,1,Ground Pass,,4.7518415,1,1,1,386.8421839427096,0.2871898038358572,0.06624446882676034,0.026582526,0
3835331,Emma Stina Blackstenius,Sweden Women's,68,2,0,0,8.100617260431449,52.557247894160135,1,0,1.1029634492762908,34.143994842807075,14,1,4,11.540737765122193,3.808054269730332,2.082526600436566,Right Foot,Open Play,Normal,Regular Play,Center Forward,1,0,1,1,,,,0,0,0,425.746149452208,0.6496534010221826,0.1361579511556315,0.5090663,0
3835331,Emma Stina Blackstenius,Sweden Women's,68,2,0,0,7.632168761236867,53.35672665987424,2,0,1.5544688230093568,30.72885281449031,14,2,3,11.301390011226149,6.110972935447418,1.7648875104599853,Left Foot,Open Play,Normal,Regular Play,Center Forward,1,0,1,1,,,,0,0,0,407.22754241534653,0.5759133803385894,0.20367327710366823,0.24201378,0
3835331,Johanna Rytting-Kaneryd,Sweden Women's,70,2,0,2,26.730693967796647,16.702329466598613,4,0,4.495566011921199,2.6014520025631542,19,0,1,1.6990744598465768,27.52146765202477,1.3466487774196239,Right Foot,Open Play,Normal,From Corner,Right Wing,1,0,1,1,Ground Pass,,13.619104,1,1,1,446.46485752095975,0.15575384306515738,0.16817992145423372,0.026549898,0
3835331,Ana-Maria Crnogorčević,Switzerland Women's,73,2,0,0,26.692320993124596,16.1433799834779,2,1,3.569448608622507,0.4458699079626635,12,1,3,2.7214493494822145,23.97181301260856,0.8328997737697534,Right Foot,Open Play,Normal,Regular Play,Right Midfield,1,0,1,1,,,,0,0,0,430.90428043297453,0.0276193652394352,0.13372567374496677,0.03160612,0
3835331,Coumba Sow,Switzerland Women's,73,2,0,2,7.700649323271385,40.96975117034216,1,1,1.4170636791348983,28.223304428180164,18,0,2,0.9078868264182245,7.034760535403175,0.18737751044248085,Head,Open Play,Normal,From Corner,Center Attacking Midfield,1,0,1,1,High Pass,,18.46104,1,1,1,315.49368662449234,0.6888815192173026,0.18401872616800347,0.09668324,0
3835331,Lia Wälti,Switzerland Women's,73,2,0,2,28.10160137785745,10.02698926066949,1,1,2.301682649840908,4.661422708023191,19,0,1,3.32226403516273,24.809103320811637,2.3618467524174918,Left Foot,Open Play,Normal,From Corner,Left Defensive Midfield,1,0,1,1,,,,0,0,0,281.77445522339156,0.46488757361169786,0.08190574689649219,0.00927524,0
3835331,Hanna Ulrika Bennison,Sweden Women's,78,2,0,3,21.69469981354893,20.721864366610557,3,1,5.302239938050292,2.478641917359795,18,0,0,1.3072502804367183,20.511887095778096,0.6954219162610684,Right Foot,Open Play,Normal,From Free Kick,Right Wing,1,0,1,1,Ground Pass,,16.319313,1,1,1,449.5546270106923,0.11961481233096317,0.24440254917649973,0.04793221,1
3835331,Kosovare Asllani,Sweden Women's,84,2,1,5,11.513470371699404,37.05192788417636,2,1,1.308582212136103,18.719354016097512,17,1,5,2.7213578092300255,9.579905780660063,2.279956496827971,Left Foot,Open Play,Half Volley,Regular Play,Center Attacking Midfield,1,0,1,1,High Pass,,18.565828,1,1,1,426.59627390880746,0.5052194335100151,0.11365662740164367,0.056700204,0
3835331,Kosovare Asllani,Sweden Women's,95,2,1,3,14.499999999999996,25.535433178195625,1,1,3.524906368339176,10.635734075923887,10,1,2,4.917555268389117,9.617418605847279,3.317960305120039,Left Foot,Open Play,Normal,Regular Play,Center Attacking Midfield,1,0,1,1,Ground Pass,,11.576701,1,1,1,370.2637810838365,0.41650885660344317,0.24309699091994325,0.1042899,0
3845507,Delphine Cascarino,France Women's,4,1,0,1,21.639085008382395,20.911334337573756,6,1,3.7943271741941618,7.706623313843755,18,0,3,1.6068119529924583,20.074076239729184,0.4442748590312178,Left Foot,Open Play,Half Volley,From Corner,Left Wing,1,0,0,1,,,,0,0,0,452.50214136946425,0.36853809467320287,0.17534600805553202,0.03736419,0
3845507,Lina Magull,Germany Women's,18,1,0,0,29.565520458804716,8.692770332862098,2,0,8.36118888406642,0.4131891098218194,17,0,0,3.0365211618191776,29.4761345390271,1.4748541485186166,Right Foot,Free Kick,Normal,From Free Kick,Right Center Midfield,1,0,0,1,,,,0,0,0,257.00627911992507,0.047532500457282495,0.2828020191870639,0.007966516,0
3845507,Alexandra Popp,Germany Women's,21,1,0,0,23.720033726788838,18.603324899794785,6,1,8.49507870784825,1.0974828347263161,19,1,0,1.887022721447189,21.83350776226065,0.5015787710226505,Left Foot,Free Kick,Normal,From Free Kick,Center Forward,1,0,0,1,,,,0,0,0,441.2714940535429,0.05899390784377596,0.35813940256982485,0.078725666,0
3845507,Marina Hegering,Germany Women's,25,1,0,1,17.68191166135607,22.156835741883096,3,1,3.084314742975881,7.169410678925325,16,0,2,2.9845566279151265,14.698214762920633,1.6082824363412556,Left Foot,Open Play,Normal,From Corner,Left Center Back,1,0,0,1,High Pass,Inswinging,52.73566,1,1,1,391.77521228315373,0.3235755665856645,0.1744333306288748,0.057796627,0
3845507,Felicitas Rauch,Germany Women's,25,1,0,0,28.88494417512348,13.469143824833536,2,1,6.6583382366024235,0.0,18,1,0,2.430709131314108,26.631890652953082,0.45821672388063917,Left Foot,Free Kick,Normal,From Free Kick,Left Back,1,0,0,1,,,,0,0,0,389.05546746702584,0.0,0.23051241491879948,0.036031332,0
3845507,Alexandra Popp,Germany Women's,39,1,0,15,10.225947388873067,42.373346598586906,1,1,0.407323234659847,0.0,14,1,2,3.2638358446518976,7.206280540278818,0.5401086801557256,Left Foot,Open Play,Volley,From Goal Kick,Center Forward,1,0,0,1,High Pass,,22.435686,1,1,1,433.3076130076332,0.0,0.03983232253894232,0.16396342,1
3845507,Kadidiatou Diani,France Women's,43,1,-1,2,23.156208670678367,18.295729972369116,1,1,0.5569763478012273,0.0,13,0,3,0.8527466862898241,22.31686333748779,0.17464884002843206,Right Foot,Open Play,Normal,From Counter,Right Wing,1,0,0,1,High Pass,,17.133009,1,1,1,423.6597410225638,0.0,0.024053002618969338,0.040168155,0
3845507,Svenja Huth,Germany Women's,46,2,1,3,21.43944961980134,14.749601766539561,2,1,0.7412515353188224,5.512157705932285,14,2,1,4.346454543849942,17.102262047449692,3.3500057206166645,Left Foot,Open Play,Normal,From Corner,Left Wing,1,0,0,1,,,,0,0,0,316.22334398585775,0.373715697086614,0.03457418676616619,0.044235285,0
3845507,Selma Bacha,France Women's,57,2,-1,1,29.01758087780579,13.558364492878889,0,0,2.354958277160397,13.558364492878873,9,0,1,,,,Left Foot,Open Play,Half Volley,Regular Play,Left Wing,1,0,0,1,High Pass,,59.55065,1,1,1,393.4309382428835,0.9999999999999988,0.08115625789335168,0.019180551,0
3845507,Selma Bacha,France Women's,62,2,-1,7,13.484806264830057,27.951849302892807,2,1,2.229415717696881,10.381564776578271,12,0,1,3.878437311820835,9.615955999541493,2.427166210604277,Right Foot,Open Play,Normal,Regular Play,Left Wing,1,0,0,1,Ground Pass,,11.346365,1,1,1,376.9252725932346,0.3714088704500799,0.16532797534596078,0.14069031,0
3845507,Wendie Renard,France Women's,63,2,-1,1,8.026207074328441,34.113949653202994,2,1,0.7615648871072733,0.0,16,0,4,3.108077456607076,5.199418241449236,1.9909889931421532,Head,Open Play,Normal,From Corner,Left Center Back,1,0,0,1,High Pass,Inswinging,47.607246,1,1,1,273.80562403982213,0.0,0.09488477933034066,0.07166002,0
3845507,Kadidiatou Diani,France Women's,66,2,-1,0,14.294054708164513,10.587321318237157,0,1,0.9324931235803229,6.2003600848832106,9,0,1,5.6963344833278065,8.63800901839054,5.234879449319358,Right Foot,Open Play,Normal,Regular Play,Center Forward,1,0,0,1,,,,0,0,0,151.33575013579835,0.5856401159944773,0.06523643169266025,0.021451205,0
3845507,Selma Bacha,France Women's,67,2,-1,2,27.65519842633569,12.061153100484239,2,1,4.403021361560556,2.1001202421761547,18,0,1,2.8689704453323355,24.929435021422467,1.2780355010821935,Left Foot,Open Play,Normal,From Corner,Left Wing,1,0,0,1,,,,0,0,0,333.5535822443056,0.17412267506096393,0.15921134586283114,0.010763924,0
3845507,Griedge Mbock Bathy Nka,France Women's,74,2,-1,1,8.352843827104639,33.21036783630248,3,1,0.5904883545641301,0.0,14,0,3,1.0634261611573763,7.292093912986454,0.9390462982549863,Head,Open Play,Normal,From Free Kick,Right Center Back,1,0,0,1,High Pass,,44.46324,1,1,1,277.4010159773336,0.0,0.07069309169267829,0.06497681,0
3845507,Svenja Huth,Germany Women's,75,2,1,4,18.027756377319946,14.515148405033726,2,1,2.581408536089922,3.802477412765768,15,0,3,4.588346681364025,13.578562295934162,4.2704929176178155,Right Foot,Open Play,Normal,From Goal Kick,Left Wing,1,0,0,1,Ground Pass,,16.319313,1,1,1,261.6755592265922,0.2619661409350181,0.14319078215065612,0.041476328,0
3845507,Jule Brand,Germany Women's,75,2,1,4,11.311056537742171,38.92349260232434,2,1,2.89522793973049,2.9862253431141568,16,1,3,1.746400574502521,9.575103109721923,0.2521204407384374,Left Foot,Open Play,Normal,From Goal Kick,Right Wing,1,0,0,1,,,,0,0,0,440.26582547127975,0.07672038513151908,0.25596441234908845,0.11260662,0
3845507,Jule Brand,Germany Women's,75,2,1,4,9.563472172804186,45.20427564929933,1,1,0.6833698716456941,0.1256080128689931,16,0,5,3.089596404065065,6.619144580488431,1.1163163186055272,Left Foot,Open Play,Half Volley,From Goal Kick,Right Wing,1,0,0,1,,,,0,0,0,432.30983226384404,0.0027786754917494185,0.07145625138001709,0.071989626,0
3845507,Alexandra Popp,Germany Women's,75,2,1,5,7.532595834106593,55.823495368160806,1,1,0.48658249392985825,0.0,15,2,4,0.21681847520053402,7.67698954291801,0.1493127642938461,Head,Open Play,Normal,From Goal Kick,Center Forward,1,0,0,1,High Pass,,35.129475,1,1,1,420.49582865547677,0.0,0.06459692045691305,0.094399735,1
3845507,Selma Bacha,France Women's,78,2,-2,11,24.635137507227352,17.50821067198645,1,0,4.219644577975515,12.936500152232675,13,0,1,,,,Left Foot,Open Play,Half Volley,Regular Play,Left Wing,1,0,0,1,,,,0,0,0,431.3171774098916,0.7388819105844654,0.17128561091804637,0.03649993,0
3845507,Clara Mateo,France Women's,84,2,-2,4,18.104143172213373,18.448180085756555,1,1,3.27216093642216,0.0,14,0,3,4.790753803951324,13.352065050027472,3.688976959291196,Right Foot,Open Play,Half Volley,From Throw In,Right Wing,1,0,0,1,Low Pass,,25.228556,1,1,1,333.98849353931223,0.0,0.1807409997422216,0.044086725,0
3845507,Charlotte Bilbault,France Women's,86,2,-2,1,26.51358142537518,16.600409667399802,4,1,2.2940447964929636,0.0,18,0,1,1.7599578887672616,24.753653364368198,0.4484517794250493,Right Foot,Open Play,Normal,From Free Kick,Right Defensive Midfield,1,0,0,1,,,,0,0,0,440.1363134111899,0.0,0.08652338436245423,0.025022438,0
3845507,Wendie Renard,France Women's,86,2,-2,3,10.54751155486449,39.45769751521111,0,0,2.3239312650718293,39.4576975152111,17,0,2,4.309122132747929,8.987995731914122,2.51179052007533,Head,Open Play,Normal,From Throw In,Left Center Back,1,0,0,1,High Pass,,51.76118,1,1,1,416.18052047003704,0.9999999999999998,0.22032981457128975,0.06964306,0
3845507,Linda Dallmann,Germany Women's,89,2,2,1,13.723337786413335,32.45591531015867,1,1,2.7784415052260902,8.796949073049637,8,0,2,6.961471766192903,6.762014797272916,0.3739204565312093,Right Foot,Open Play,Normal,Regular Play,Right Center Midfield,1,0,0,1,Ground Pass,,37.775257,1,1,1,445.4034889685316,0.2710430129294859,0.2024610592895892,0.15336789,0
3845507,Charlotte Bilbault,France Women's,90,2,-2,8,33.518054836162555,13.603774555060154,2,0,6.028495845505953,6.394070380871925,16,0,0,,,,Right Foot,Open Play,Normal,From Goal Kick,Right Defensive Midfield,1,0,0,1,Ground Pass,,12.726351,1,1,1,455.9720615152991,0.47002178365956104,0.1798581652477584,0.018520331,0
3845507,Selma Bacha,France Women's,91,2,-2,0,30.886890422960995,14.626841573748706,4,1,9.360796726486129,0.0,20,0,0,0.6726488632847268,30.420339277735405,0.4124343385187217,Left Foot,Free Kick,Normal,From Free Kick,Left Wing,1,0,0,1,,,,0,0,0,451.77765292238666,0.0,0.30306698402787124,0.030732894,0
3835321,Linda Sällström,WNT Finland,0,1,0,3,16.264070831129583,20.151747034211898,0,1,1.6666187445532743,12.91479554308722,9,0,1,6.792235793430645,9.50685675428042,5.198856371104519,Right Foot,Open Play,Normal,From Free Kick,Right Center Forward,1,0,0,1,High Pass,Through Ball,49.084415,1,1,1,327.7494411354278,0.6408772163109031,0.10247242291661388,0.17378725,1
3835321,Lucía García Córdoba,Spain Women's,5,1,-1,2,9.291393867445295,46.3015005414124,5,1,1.0815996195818578,4.579757311671447,18,1,2,2.308255310180346,8.412282740920862,1.8388396911859246,Head,Open Play,Normal,From Corner,Right Wing,1,0,0,1,High Pass,,8.132035,1,1,1,430.2054781839942,0.09891163910714466,0.1164087579336735,0.09157955,0
3835321,Linda Sällström,WNT Finland,6,1,1,1,29.4838939083697,8.583621480113925,0,1,2.7007520650598735,5.67173716075631,11,0,1,5.8886854795669095,23.614377432765668,4.688362424681344,Right Foot,Open Play,Half Volley,From Free Kick,Right Center Forward,1,0,0,1,High Pass,,65.80402,1,1,1,253.07858506928227,0.6607627297984059,0.09160092874615863,0.008673505,0
3835321,María Francesca Caldentey Oliver,Spain Women's,7,1,-1,15,30.55110472634336,13.533002970795943,2,1,1.7861103569258607,9.117784216434337,19,0,2,2.802731675256631,27.82602443938119,1.7363291560293916,Right Foot,Open Play,Normal,From Goal Kick,Left Wing,1,0,0,1,Ground Pass,,10.499524,1,1,1,413.4481910227027,0.6737443445560757,0.05846303670275294,0.02020393,0
3835321,Adelina Engman,WNT Finland,11,1,1,7,18.62310393033342,14.766578049614777,0,1,3.196942288661601,10.206958236192413,7,0,2,3.6821846497121835,15.083073676128276,3.426150150784075,Right Foot,Open Play,Normal,From Goal Kick,Right Midfield,1,0,0,1,High Pass,,58.826015,1,1,1,274.99951771335617,0.6912202814963408,0.17166538406384568,0.06237609,0
3835321,Esther Gonzalez Rodríguez,Spain Women's,14,1,-1,15,23.100865784641055,16.037451318424562,0,1,2.1465183464386626,12.740442793519765,18,0,2,2.39981397079201,20.856610441990618,0.6900910551537294,Right Foot,Open Play,Normal,Regular Play,Center Forward,1,0,0,1,Ground Pass,,17.70706,1,1,1,370.47901043464054,0.7944181740949672,0.09291938953499337,0.042785358,0
3835321,María Francesca Caldentey Oliver,Spain Women's,19,1,-1,4,21.852459815773603,14.760365887865674,2,1,1.6217599691269984,0.0,17,0,2,2.687004157172679,19.180809590519324,1.7338928249721448,Right Foot,Open Play,Normal,Regular Play,Left Wing,1,0,0,1,High Pass,,43.954636,1,1,1,322.5503024307001,0.0,0.07421406939077747,0.03329283,0
3835321,Aitana Bonmati Conca,Spain Women's,20,1,-1,2,23.286262044390032,15.54628928258634,5,1,7.2112761607924725,2.503354882451298,20,0,0,1.3693857405605834,22.077453033316342,1.2453146245938456,Right Foot,Open Play,Normal,From Corner,Right Center Midfield,1,0,0,1,Ground Pass,,19.19427,1,1,1,362.01496605219785,0.16102587806952415,0.3096794215853877,0.029608218,0
3835321,Esther Gonzalez Rodríguez,Spain Women's,24,1,-1,1,10.700467279516348,27.8304148424889,4,1,2.771791909575506,0.0,18,0,3,0.9680946808566785,10.139415331328502,0.0026046322862995908,Head,Open Play,Normal,From Corner,Center Forward,1,0,0,1,High Pass,Inswinging,33.87226,1,1,1,297.79844339741857,0.0,0.2590346605593086,0.057113327,0
3835321,Irene Paredes Hernandez,Spain Women's,25,1,-1,1,5.100980297942734,76.20190872971679,3,1,0.542406776367835,0.0,18,3,8,3.606617396705877,1.555905024622021,0.4341249521493964,Head,Open Play,Normal,From Corner,Right Center Back,1,0,0,1,High Pass,Inswinging,40.573143,1,1,1,388.7044350959158,0.0,0.10633383088866112,0.1587669,1
3835321,Leila Ouahabi El Ouahabi,Spain Women's,28,1,0,22,19.554283418218112,21.565362311155663,2,1,2.810237931258485,0.046287531590511785,16,2,4,2.3313500034251335,17.226521985440712,0.9934025156896382,Right Foot,Open Play,Half Volley,Regular Play,Left Back,1,0,0,1,,,,0,0,0,421.695206648897,0.002146383210383971,0.1437146977546758,0.046195056,0
3835321,Irene Guerrero Sanmartín,Spain Women's,34,1,0,20,25.22102297687388,13.703132224005111,1,1,2.2928734326925855,8.185768650689583,15,0,1,3.373874890821742,21.85848849808814,2.420310245212633,Left Foot,Open Play,Normal,Regular Play,Left Center Midfield,1,0,0,1,Ground Pass,,6.041523,1,1,1,345.60701267677376,0.5973647861581438,0.09091119875649012,0.027972473,0
3835321,Esther Gonzalez Rodríguez,Spain Women's,37,1,0,1,9.552486587271403,27.51636968020834,4,1,0.4932679123788504,0.0,18,1,4,3.448631167073942,6.108009313270804,3.0274815513983597,Right Foot,Open Play,Volley,From Corner,Center Forward,1,0,0,1,Low Pass,Inswinging,34.12521,1,1,1,262.84975230059166,0.0,0.05163764511704473,0.0478569,0
3835321,Aitana Bonmati Conca,Spain Women's,38,1,0,14,13.61910422898657,29.117713998318074,0,1,1.3313513484500612,20.676663755261117,14,0,2,5.521105289115182,8.152676661435596,3.2596354441634077,Right Foot,Open Play,Volley,Regular Play,Right Center Midfield,1,0,0,1,High Pass,,43.41912,1,1,1,396.5571818529151,0.7101060116345488,0.09775616120305808,0.12776138,0
3835321,Aitana Bonmati Conca,Spain Women's,40,1,0,8,12.601983970788092,35.000904934749535,0,1,4.175512001061288,27.49961361424264,14,0,2,3.435665335836349,9.172295985581886,0.6070723960805751,Head,Open Play,Normal,Regular Play,Right Center Midfield,1,0,0,1,High Pass,,32.838543,1,1,1,441.08084295079146,0.7856829320701513,0.3313376695876057,0.091942415,1
3835321,María Francesca Caldentey Oliver,Spain Women's,42,1,1,7,24.633310780323463,13.84440563731597,1,1,0.9779333398048979,2.668665472579537,18,0,2,3.3811110977773464,21.27679571814924,1.9846517628691558,Right Foot,Open Play,Normal,From Throw In,Left Wing,1,0,0,1,Ground Pass,,25.390156,1,1,1,341.03354663286643,0.19276128874658674,0.03969963065565873,0.02919906,0
3835321,Lucía García Córdoba,Spain Women's,44,1,1,17,20.789420386340733,15.67594204479012,1,1,2.7351149980855705,0.0,12,0,1,4.977870713078794,15.965859260870557,4.216239775129381,Right Foot,Open Play,Normal,Regular Play,Right Wing,1,0,0,1,Ground Pass,,14.698639,1,1,1,325.8937491210555,0.0,0.1315628308657716,0.03541213,0
3835321,Irene Guerrero Sanmartín,Spain Women's,47,2,1,16,28.193793643282557,16.04463987632793,2,0,4.820237230298141,9.885510211764313,17,1,1,,,,Right Foot,Open Play,Normal,Regular Play,Left Center Midfield,1,0,0,1,Ground Pass,,10.834205,1,1,1,452.35926575397224,0.6161254031229007,0.17096802549119205,0.026870945,0
3835321,Esther Gonzalez Rodríguez,Spain Women's,49,2,1,1,7.294518489934752,36.96094480516333,2,1,0.9488449985480328,0.0,16,2,6,3.9608233699604614,3.35694526555914,3.3264027856782263,Right Foot,Open Play,Volley,From Corner,Center Forward,1,0,0,1,High Pass,Inswinging,34.399563,1,1,1,269.61229528672175,0.0,0.13007644025541706,0.09829764,0
3835321,Eveliina Summanen,WNT Finland,51,2,-1,1,14.003570973148237,24.16289518404335,0,1,4.164867010034322,18.227905908323322,17,0,1,2.4618943220553984,11.589858155890418,1.3597775002608685,Right Foot,Open Play,Half Volley,From Free Kick,Right Defensive Midfield,1,0,0,1,,,,0,0,0,338.3668176264928,0.7543759044388287,0.2974146393102466,0.11657891,0
3835321,María Francesca Caldentey Oliver,Spain Women's,53,2,1,19,21.47091055358389,20.863024191677795,1,1,2.3130750478832502,3.039459852059715,17,0,4,3.309347036813408,18.51672863934859,1.8426773630610427,Right Foot,Open Play,Normal,From Throw In,Left Wing,1,0,0,1,Ground Pass,,30.770927,1,1,1,447.9481262967708,0.1456864462282581,0.10773064524257707,0.05274156,0
3835321,Ona Batlle Pascual,Spain Women's,55,2,1,1,14.404513181638592,21.232743270189285,0,1,1.1489205423275402,11.101667980052499,10,0,2,7.639027838905777,6.795387887425659,6.122053537498729,Right Foot,Open Play,Normal,From Counter,Right Back,1,0,0,1,High Pass,,39.731598,1,1,1,305.84733031778967,0.5228560360186341,0.07976115040056107,0.2623072,0
3835321,María Francesca Caldentey Oliver,Spain Women's,57,2,1,1,22.337860237721962,20.272892507593873,0,1,2.7831367415599346,16.945795598584773,14,1,2,1.9950702546546322,20.668047331341377,1.1468141032598993,Right Foot,Open Play,Normal,From Counter,Left Wing,1,0,0,1,Ground Pass,,17.935997,1,1,1,452.85303944899266,0.8358844497516658,0.12459280844008727,0.029765505,0
3835321,Esther Gonzalez Rodríguez,Spain Women's,57,2,1,3,24.512241839538056,8.86317561794285,0,0,2.3575643377911923,8.863175617942826,18,0,1,3.5681217737613546,21.719644940272993,1.5900950339337356,Right Foot,Open Play,Normal,From Corner,Center Forward,1,0,0,1,Ground Pass,,9.362158,1,1,1,217.25630421331232,0.9999999999999972,0.09617905833437312,0.008377276,0
3835321,Aitana Bonmati Conca,Spain Women's,59,2,1,14,13.532553343696822,29.250705348746454,0,1,3.3041796132446306,23.26984497535853,17,0,3,2.110876521536648,11.501047819450555,0.5700142080606696,Head,Open Play,Normal,Regular Play,Right Center Midfield,1,0,0,1,High Pass,,19.276152,1,1,1,395.83673047266933,0.795531071744079,0.24416527534204385,0.09862894,0
3835321,María Francesca Caldentey Oliver,Spain Women's,59,2,1,14,8.945389874119524,48.0394743532431,1,1,1.0529648220348298,18.980584266596736,15,0,2,2.155844815827574,6.793724770396156,0.3329176325039924,Right Foot,Open Play,Volley,Regular Play,Left Wing,1,0,0,1,,,,0,0,0,429.7318274375254,0.39510391239981113,0.11771033312714846,0.111671455,0
3835321,Laia Aleixandri López,Spain Women's,60,2,1,1,11.610770861575034,37.99264901499443,3,1,1.7662827101944083,11.645889532699735,19,1,3,0.4019592627354641,11.212620648997559,0.03704892927449066,Head,Open Play,Normal,From Corner,Left Center Midfield,1,0,0,1,High Pass,Straight,46.854027,1,1,1,441.1239421373447,0.30653007449160735,0.15212449985037488,0.056022815,0
3835321,Laia Aleixandri López,Spain Women's,60,2,1,3,13.101526628603242,33.952599006966814,2,1,2.19484545626049,18.650801816545115,18,1,4,2.3235607128538414,11.124026227435866,1.1536621608410158,Head,Open Play,Normal,From Corner,Left Center Midfield,1,0,0,1,High Pass,,23.809662,1,1,1,444.8308800000637,0.5493188257169389,0.1675259317848277,0.04240165,0
3835321,Ona Batlle Pascual,Spain Women's,61,2,1,1,18.17965896269785,23.262323278811795,2,0,1.302759116548985,10.626598352990182,18,0,3,,,,Right Foot,Open Play,Half Volley,From Corner,Left Back,1,0,0,1,,,,0,0,0,422.9011038888257,0.4568158659659455,0.07166026157157661,0.053209126,0
3835321,Patricia Guijarro Gutiérrez,Spain Women's,62,2,1,9,13.75354499756336,25.663376064071677,2,1,0.8747340270336177,5.356932570259374,18,1,4,3.052633356824189,10.801036993815927,2.4657036682724183,Left Foot,Open Play,Normal,Regular Play,Left Center Midfield,1,0,0,1,Ground Pass,,11.800424,1,1,1,352.96239748660025,0.2087384199524316,0.06360062276224708,0.06180174,0
3835321,María Pilar León Cebrián,Spain Women's,62,2,1,9,25.388580109962827,14.759265201925858,4,1,6.073532882979819,3.1324913416765843,19,1,0,2.6040753817134563,23.0052060022406,2.2066025322894873,Left Foot,Open Play,Normal,Regular Play,Left Center Back,1,0,0,1,,,,0,0,0,374.71678694328136,0.21223897658996208,0.23922302297624284,0.024367396,0
3835321,María Pilar León Cebrián,Spain Women's,62,2,1,10,22.45885126180767,17.969139740156994,3,1,1.0258338573640806,8.018534530801704,19,1,2,2.501034291539686,20.58277460307816,2.3090723631157246,Left Foot,Open Play,Normal,Regular Play,Left Center Back,1,0,0,1,Ground Pass,,7.206941,1,1,1,403.56623672682326,0.4462391993581128,0.045676149924397925,0.040850095,0
3835321,Esther Gonzalez Rodríguez,Spain Women's,72,2,1,1,6.797793759742931,58.24011572071155,3,1,0.8610402096056707,4.917027056965254,15,2,8,2.2128680191959713,4.59168933639593,0.8470816939564614,Head,Open Play,Normal,From Corner,Center Forward,1,0,0,1,High Pass,Inswinging,36.373615,1,1,1,395.90429521295914,0.08442680781310062,0.12666465621608272,0.1264249,0
3835321,Lucía García Córdoba,Spain Women's,74,2,1,1,10.44030650891055,40.7026133360583,1,1,0.555002222331234,0.0,18,2,5,4.624937044637295,5.892903557426743,0.7105010182729075,Head,Open Play,Normal,From Free Kick,Right Wing,1,0,0,1,High Pass,,30.205463,1,1,1,424.94775894211887,0.0,0.05315957169050094,0.11892551,1
3835321,Athenea del Castillo Belvide,Spain Women's,85,2,2,4,20.94755355644186,15.039325057406066,0,1,3.7358932693848574,11.096343262726325,15,0,1,3.5321226017915293,17.44073604188301,2.32019362613282,Right Foot,Open Play,Normal,From Throw In,Left Wing,1,0,0,1,Ground Pass,,18.701872,1,1,1,315.0370670927516,0.7378218916321626,0.1783450873782816,0.05569781,0
3835321,Athenea del Castillo Belvide,Spain Women's,86,2,2,1,21.780036730914844,20.216807251175638,6,1,2.64188598463743,1.4738762929885778,19,0,1,1.134705988777654,20.831880508843607,0.35323597305132637,Right Foot,Open Play,Half Volley,From Corner,Left Wing,1,0,0,1,,,,0,0,0,440.32280451243093,0.07290351412450993,0.12129850914748484,0.036115244,0
3835321,Marta Cardona De Miguel,Spain Women's,89,2,2,12,7.240165743959185,40.585744155628355,0,1,1.0168462835064769,27.80946195730059,12,0,1,1.852545505513492,5.392616506792078,1.6208808731529416,Head,Open Play,Normal,Regular Play,Right Wing,1,0,0,1,High Pass,,37.217873,1,1,1,293.8475145286721,0.6852027118355554,0.14044516651499037,0.12746757,0
3835321,Claudia Pina Medina,Spain Women's,89,2,2,1,25.98345627509935,15.790517356719295,1,0,2.2768196675372363,12.11877566228636,10,0,2,,,,Right Foot,Open Play,Normal,From Counter,Center Forward,1,0,0,1,Low Pass,,15.065191,1,1,1,410.2922172995132,0.7674717292989448,0.0876257432202803,0.020592434,0
3835321,María Francesca Caldentey Oliver,Spain Women's,94,2,2,0,12.0,36.86989764584404,0,1,9.905627258155413,30.918866208844072,17,0,0,0.8854411682729986,11.558643420468039,0.7529520015155811,Right Foot,Penalty,Normal,Other,Right Center Midfield,1,0,0,1,,,,0,0,0,442.43877175012847,0.838593763016026,0.8254689381796178,0.7835,1
3844384,Marta Cardona De Miguel,Spain Women's,6,1,0,2,7.242237223399962,25.773723326467742,0,1,3.32730324025203,17.604517752567318,18,0,2,3.981859599898599,3.3273032402520304,3.6154187478110984,Right Foot,Open Play,Volley,From Corner,Right Midfield,1,0,0,1,High Pass,,16.462381,1,1,1,186.65941846055657,0.6830413103134678,0.4594303027663024,0.16186097,0
3844384,María Francesca Caldentey Oliver,Spain Women's,16,1,0,11,26.75070092539633,15.468339652091132,1,1,1.7720283848565248,11.147325839478345,14,0,1,1.9763589577011267,24.836548478902166,1.2464622005190336,Right Foot,Open Play,Normal,Regular Play,Left Midfield,1,0,0,1,High Pass,,54.98118,1,1,1,413.788927845539,0.7206543229719786,0.06624231603494969,0.026983961,0
3844384,Patricia Guijarro Gutiérrez,Spain Women's,19,1,0,1,9.436630754670862,25.21623080164931,1,1,0.4396273905240647,0.0,17,1,2,4.360676247620371,5.2540600535684865,3.377073495449821,Head,Open Play,Normal,From Free Kick,Center Defensive Midfield,1,0,0,1,High Pass,,32.445183,1,1,1,237.95625909972256,0.0,0.046587325704829735,0.097134925,0
3844384,Marta Cardona De Miguel,Spain Women's,22,1,0,17,18.56071119327058,16.675238964946992,2,1,4.390865986294649,0.0,15,0,2,3.164064918366264,15.549453248045424,2.863121094289525,Right Foot,Open Play,Normal,Regular Play,Right Midfield,1,0,0,1,Ground Pass,,7.605919,1,1,1,309.50429450715336,0.0,0.23656776621181483,0.04776189,0
3844384,Olga  Carmona García,Spain Women's,30,1,0,13,32.82209621581169,10.588783865202288,1,1,3.592116275286654,4.337919981332292,16,1,1,2.892934628521283,30.018578320110844,1.3258367452592807,Left Foot,Open Play,Normal,Regular Play,Left Back,1,0,0,1,Ground Pass,,18.72752,1,1,1,347.5460828321039,0.4096712178239763,0.10944201283390884,0.007272514,0
3844384,Aitana Bonmati Conca,Spain Women's,31,1,0,1,21.89360637263765,19.31587596597459,6,1,2.5390336960559616,2.598265633829592,19,0,1,5.292919621455622,18.320652367471062,4.765024594688192,Right Foot,Open Play,Volley,From Corner,Right Center Midfield,1,0,0,1,,,,0,0,0,422.8941851417397,0.13451451222851624,0.11597146915134154,0.02986503,0
3844384,Lauren Hemp,England Women's,39,1,0,9,9.408506789071266,46.03937073682307,0,1,2.474414363027821,37.6262642264366,15,1,3,1.2900385878720413,8.179706475054838,0.3131881618981325,Head,Open Play,Normal,Regular Play,Right Wing,1,0,0,1,High Pass,,35.746887,1,1,1,433.1617321419688,0.8172627823590664,0.26299756364124127,0.1381359,0
3844384,Aitana Bonmati Conca,Spain Women's,52,2,0,14,26.30304164920856,16.9202599000758,2,1,0.8448593102492429,4.1502146180657125,17,0,1,0.5054176727361559,25.886988657725553,0.36706418379324646,Left Foot,Open Play,Normal,From Throw In,Right Center Midfield,1,0,0,1,Ground Pass,,9.876234,1,1,1,445.0543008671272,0.2452807842536225,0.032120213377476975,0.028597679,0
3844384,Esther Gonzalez Rodríguez,Spain Women's,53,2,0,7,9.002777349240619,39.905057850865155,1,1,2.8284790707756975,13.3917210450505,15,1,4,5.721912700146124,3.4229912130720397,4.3016146369531185,Right Foot,Open Play,Half Volley,Regular Play,Center Forward,1,0,0,1,Ground Pass,,10.429286,1,1,1,359.25635093990536,0.3355895659918249,0.31417849859568936,0.21305059,1
3844384,Lucy Bronze,England Women's,61,2,-1,1,8.077747210701762,48.260333667381154,2,1,0.7268357500909104,32.80821474070254,19,3,4,1.936907981783078,7.183315538312002,0.815022904773997,Head,Open Play,Normal,From Corner,Right Back,1,0,0,1,High Pass,Inswinging,42.639183,1,1,1,389.8347756692245,0.679817403808739,0.0899800069415351,0.08728453,0
3844384,Rachel Daly,England Women's,66,2,-1,7,25.489017242726323,15.050879882220531,0,1,1.4308269400378477,11.908864109010654,16,0,2,3.6062284003372067,21.885170638709383,2.08109183581999,Right Foot,Open Play,Normal,Regular Play,Left Back,1,0,0,1,Ground Pass,,8.711487,1,1,1,383.63213683612184,0.7912403927346792,0.056135037550188636,0.034470472,0
3844384,Ella Toone,England Women's,70,2,-1,1,23.104112188093275,15.047057605441395,2,0,0.6469724597206403,0.0,15,2,2,,,,Right Foot,Open Play,Half Volley,From Counter,Center Attacking Midfield,1,0,0,1,,,,0,0,0,347.64890701682015,0.0,0.028002480876718482,0.02245835,0
3844384,Ella Toone,England Women's,75,2,-1,4,19.046521992216842,23.224309703501138,1,1,2.964744975768328,14.082273960490884,15,0,1,2.004659550190985,17.055334765036687,0.21452630820133578,Right Foot,Open Play,Volley,Regular Play,Center Attacking Midfield,1,0,0,1,,,,0,0,0,442.34232552178946,0.6063592046556259,0.1556580764183529,0.05709361,0
3844384,Georgia Stanway,England Women's,75,2,-1,4,17.682194433949643,24.75603127843297,2,1,2.5417330242946425,11.92661012602779,15,2,1,2.7797630406026066,15.013850389893546,1.3775346409043578,Right Foot,Open Play,Volley,Regular Play,Right Defensive Midfield,1,0,0,1,,,,0,0,0,437.74095847819075,0.48176583685358515,0.14374533849794907,0.066524506,0
3844384,Lauren Hemp,England Women's,75,2,-1,4,13.656500283747663,30.392060568943737,2,1,2.2766979606827724,5.220680215389362,16,0,1,3.351773751499918,10.395008095755433,0.7056064303338374,Left Foot,Open Play,Normal,Regular Play,Right Wing,1,0,0,1,,,,0,0,0,415.04918378345633,0.17177776424689473,0.16671166941593568,0.0950652,0
3844384,Sheila García Gómez,Spain Women's,78,2,1,1,12.301625908797583,36.021331199601114,3,1,2.5228090374706102,3.825049739327003,18,0,3,2.650098447145631,10.382803722394701,1.6401565846617956,Left Foot,Open Play,Half Volley,From Free Kick,Left Wing,1,0,0,1,,,,0,0,0,443.12094115439174,0.10618846144612668,0.20507931684594702,0.07640035,0
3844384,Irene Paredes Hernandez,Spain Women's,78,2,1,1,12.126417442921875,34.59841827190076,3,1,0.3389866728143261,0.0,16,2,4,2.1563592782285106,11.070939619301896,1.2328501838056738,Head,Open Play,Normal,From Corner,Right Center Back,1,0,0,1,High Pass,Inswinging,46.388145,1,1,1,419.5548628298843,0.0,0.027954395798257037,0.042559035,0
3844384,Ella Toone,England Women's,83,2,-1,12,4.850773134253965,78.67541612254698,0,1,1.6671571301840225,58.98998934899433,11,1,3,1.9143308956480753,3.5099200887259676,0.7312507084599886,Right Foot,Open Play,Volley,Regular Play,Center Attacking Midfield,1,0,0,1,High Pass,,4.2544093,1,1,1,381.6365948535021,0.749789352967767,0.34368895102747915,0.48005715,1
3844384,María Francesca Caldentey Oliver,Spain Women's,85,2,0,3,33.93287491504367,12.320906780851848,0,1,3.505131388255257,9.991972734739425,11,0,2,4.4485436885471445,29.524094524589835,2.3007958653494356,Right Foot,Open Play,Normal,From Kick Off,Center Forward,1,0,0,1,,,,0,0,0,418.08378863455914,0.8109770581389462,0.10329603362611947,0.008938098,0
3844384,Lauren Hemp,England Women's,89,2,0,9,12.79140336319671,28.21412163726704,1,1,0.5610520714610513,0.0,11,1,2,4.223687166374865,8.597005052667743,2.977123247836026,Head,Open Play,Normal,From Throw In,Left Wing,1,0,0,1,High Pass,,53.235325,1,1,1,360.8982104005787,0.0,0.04386165110509331,0.05011041,0
3844384,Georgia Stanway,England Women's,95,3,0,7,24.103319273494268,17.598245529296896,2,1,3.480519662336163,3.704173402626199,14,0,2,3.3739539841553046,20.776620243769713,1.7162645300815313,Right Foot,Open Play,Normal,From Free Kick,Right Defensive Midfield,1,0,0,1,Ground Pass,,12.175385,1,1,1,424.17613064598623,0.21048538028746278,0.1444000149043203,0.043190163,1
3844384,Aitana Bonmati Conca,Spain Women's,102,3,-1,7,22.555930484021275,19.57239179407626,2,1,3.0018183493357538,5.194548746032173,18,0,2,2.586202636010268,20.31848390187458,1.7392535187462528,Right Foot,Open Play,Normal,Regular Play,Center Attacking Midfield,1,0,0,1,Ground Pass,,8.434453,1,1,1,441.4735087132126,0.2654018374802994,0.133083330411142,0.037754484,0
3844384,Amaiur Sarriegi,Spain Women's,102,3,-1,3,21.4347848134755,21.019759928715125,1,1,1.747070787208972,5.983195527193388,12,0,2,1.878345923786838,19.557210472958907,0.2613328995470994,Left Foot,Open Play,Normal,Regular Play,Center Forward,1,0,0,1,Ground Pass,,24.189667,1,1,1,450.5540309029238,0.28464623513705006,0.08150633665846896,0.04091956,0
3844384,Laia Aleixandri López,Spain Women's,103,3,-1,6,13.285330255586423,31.925092089798884,1,1,2.3183332970766473,13.729789030615615,17,1,4,2.416968493723816,11.791060377588433,2.2311827169832696,Head,Open Play,Normal,From Corner,Right Defensive Midfield,1,0,0,1,High Pass,,16.524527,1,1,1,424.1353918529879,0.4300626288562135,0.17450324925884309,0.05798017,0
3844384,Aitana Bonmati Conca,Spain Women's,105,4,-1,5,15.654072952429981,27.335242929215532,1,1,1.3608081223578987,10.861519766521702,12,0,2,3.2323860092570156,12.691823035668705,2.082575835545306,Left Foot,Open Play,Normal,Regular Play,Center Attacking Midfield,1,0,0,1,Ground Pass,,10.696261,1,1,1,427.90788698633577,0.3973449145722813,0.0869299719308297,0.09188729,0
3844384,Amaiur Sarriegi,Spain Women's,108,4,-1,9,13.092364186807512,20.076592125109574,0,1,2.0082560843393824,14.055591098081079,10,0,2,4.208510009946363,9.005840556236873,3.0139500141510496,Left Foot,Open Play,Normal,Regular Play,Center Forward,1,0,0,1,,,,0,0,0,262.8500557319263,0.7000984534871286,0.15339140094827156,0.05138537,0
3844384,Olga  Carmona García,Spain Women's,108,4,-1,9,28.087185690275202,11.240203072072697,2,1,6.575669809182232,1.2606823056431855,13,0,0,2.8622036789213796,25.22591874394334,2.135858221981387,Left Foot,Open Play,Normal,Regular Play,Left Back,1,0,0,1,,,,0,0,0,315.70567088170765,0.11215832112281537,0.2341163647256751,0.010079904,0
3844384,Irene Paredes Hernandez,Spain Women's,120,4,-1,1,6.711929677819937,61.54329876582094,2,0,0.65509742306854,41.32714610961778,19,3,6,,,,Head,Open Play,Normal,From Corner,Right Center Back,1,0,0,1,High Pass,Outswinging,43.764942,1,1,1,413.0742934572527,0.6715133400124056,0.09760194973933613,0.10559485,0
3847567,Ellen White,England Women's,2,1,0,7,9.767292357659823,33.62340579978993,0,1,2.664904127717851,24.33488585147113,10,0,1,2.4653740341304493,7.410253096424123,1.3321823164180984,Head,Open Play,Normal,From Throw In,Center Forward,1,0,1,1,High Pass,,26.564827,1,1,1,328.40963450678316,0.7237483911169752,0.2728395987479527,0.08726191,0
3847567,Sara Däbritz,Germany Women's,9,1,0,8,15.245327152934431,29.169115572029266,3,1,0.4692906146344225,0.0,14,0,2,1.8534236946378309,13.396830475166428,0.12931442510962654,Left Foot,Open Play,Normal,From Free Kick,Left Center Midfield,1,0,1,1,Low Pass,,13.219683,1,1,1,444.6927096573403,0.0,0.030782587341465686,0.08977049,0
3847567,Sara Däbritz,Germany Women's,11,1,0,14,28.61485628130954,15.59016240824047,2,0,3.8141003071184065,7.499647092927212,14,0,1,,,,Left Foot,Open Play,Normal,Regular Play,Left Center Midfield,1,0,1,1,Ground Pass,,18.282232,1,1,1,446.11025671407566,0.4810499657760547,0.13329091258129697,0.0316203,0
3847567,Georgia Stanway,England Women's,18,1,0,2,23.110170921046866,18.126509699999534,4,0,3.336189451012322,5.088201848390952,17,0,1,,,,Right Foot,Open Play,Half Volley,From Corner,Right Defensive Midfield,1,0,1,1,Low Pass,,8.895505,1,1,1,418.90673736900317,0.2807049968583352,0.14436022400743007,0.029732315,0
3847567,Lucy Bronze,England Women's,18,1,0,1,10.394710193170372,32.74623561747285,1,1,1.946024329536532,21.008684342766124,18,1,2,2.7626071061246376,11.505823992988885,2.445907516513124,Head,Open Play,Normal,From Corner,Right Back,1,0,1,1,High Pass,Straight,49.193497,1,1,1,340.3876291609037,0.6415602876672712,0.18721294710218345,0.048485354,0
3847567,Lucy Bronze,England Women's,19,1,0,1,16.924833824885837,20.441035597655933,1,1,0.49977182105699147,0.0,18,0,1,2.5699041245813534,16.025464033868474,1.0245106688874799,Head,Open Play,Normal,From Corner,Right Back,1,0,1,1,High Pass,Straight,53.325886,1,1,1,345.96113069890265,0.0,0.02952890564409205,0.018688565,0
3847567,Marina Hegering,Germany Women's,24,1,0,1,1.9235384061671397,128.98014873135094,1,1,1.138146522370394,64.80546330975865,16,1,4,2.7283839779556938,2.7290299810427103,2.372488261535729,Left Foot,Open Play,Half Volley,From Corner,Left Center Back,1,0,1,1,,,,0,0,0,248.0982697179034,0.5024452518250704,0.5916942020608131,0.69102216,0
3847567,Georgia Stanway,England Women's,27,1,0,3,16.98146047900474,25.308818356911658,2,1,1.4745425663059377,10.975711958821224,18,2,3,1.2062791247740507,15.781087256319042,0.4908072946548785,Right Foot,Open Play,Volley,From Free Kick,Right Defensive Midfield,1,0,1,1,,,,0,0,0,429.78069869820496,0.4336714501656627,0.08683249406781052,0.02954817,0
3847567,Lina Magull,Germany Women's,32,1,0,4,22.681490250863146,16.368067604779853,1,1,2.3801982740509877,10.92684397690395,15,0,2,1.5999829365625016,21.09574829822643,1.103164955052364,Left Foot,Open Play,Normal,Regular Play,Right Center Midfield,1,0,1,1,Ground Pass,,18.904232,1,1,1,371.2521658032831,0.6675707994823444,0.10494011847217179,0.018058764,0
3847567,Ellen White,England Women's,37,1,0,8,16.434415109762803,25.72100397106432,1,1,4.07742513648355,11.965151139401938,10,0,1,3.4790199687197636,13.032310496084456,1.8508829258122717,Left Foot,Open Play,Normal,From Throw In,Center Forward,1,0,1,1,Ground Pass,,22.594248,1,1,1,422.7096563003285,0.4651898951091693,0.24810284450350598,0.1487018,0
3847567,Tabea Waßmuth,Germany Women's,47,2,0,2,15.63393744390709,19.122950779368068,0,1,2.517004977867478,13.207220946903556,8,0,1,4.042308899748445,11.627556786836374,2.8143151991252537,Left Foot,Open Play,Normal,From Counter,Left Wing,1,0,1,1,,,,0,0,0,298.9670162275547,0.690647646342998,0.16099622931831634,0.1546162,0
3847567,Lina Magull,Germany Women's,49,2,0,4,13.138112497615472,33.78957586657293,1,1,0.7020173069503037,11.781202334674521,13,0,4,1.5823105654829257,11.603006442981666,0.24214306931030194,Right Foot,Open Play,Normal,Regular Play,Left Center Midfield,1,0,1,1,Ground Pass,,4.7169905,1,1,1,443.93124898174796,0.3486638122122548,0.053433650159238455,0.07836537,0
3847567,Tabea Waßmuth,Germany Women's,50,2,0,4,12.026637102698327,36.732826664489366,0,1,1.2990246769009017,30.457984002280075,7,0,2,2.223266441087078,10.962714307659715,1.9342768101216024,Head,Open Play,Normal,Regular Play,Left Wing,1,0,1,1,High Pass,,41.503014,1,1,1,441.77237605013426,0.8291761557169964,0.10801229519176639,0.029754298,0
3847567,Ella Toone,England Women's,61,2,0,3,17.70028248362155,23.68293839507128,0,1,1.8456186707404876,13.012654544429443,4,0,1,11.269661795363998,6.452911110099152,4.783730746973568,Right Foot,Open Play,Lob,From Counter,Center Attacking Midfield,1,0,1,1,High Pass,Through Ball,44.603252,1,1,1,419.1946996349684,0.5494527041938995,0.10427057717571898,0.19716927,1
3847567,Lina Magull,Germany Women's,65,2,-1,3,20.65187642806338,11.350188998975627,1,1,0.5483464563368629,0.0,9,0,2,4.9722133489125495,15.700410723270608,4.493305927484428,Right Foot,Open Play,Normal,From Free Kick,Left Center Midfield,1,0,1,1,Ground Pass,,22.505554,1,1,1,234.40270064200905,0.0,0.02655189509035251,0.013819187,0
3847567,Lea Schüller,Germany Women's,65,2,-1,3,13.881282361511127,31.998095597272616,1,0,7.571847362020157,23.474312136856415,11,0,0,5.054089279142689,12.73761861706615,4.825108869499111,Right Foot,Open Play,Volley,From Free Kick,Center Forward,1,0,1,1,,,,0,0,0,444.1746000163672,0.733615913656351,0.5454717485622762,0.11319413,0
3847567,Lina Magull,Germany Women's,71,2,-1,2,22.343902971504328,19.843996585312183,2,0,3.1847027792136697,11.714268472031362,14,0,1,,,,Left Foot,Open Play,Normal,Regular Play,Left Center Midfield,1,0,1,1,Ground Pass,,10.4,1,1,1,443.3923342690786,0.5903180048268021,0.14253117654848355,0.034207664,0
3847567,Lina Magull,Germany Women's,77,2,-1,4,14.02640367307315,22.37407602226223,3,1,2.6445572604287215,11.034537043752138,15,1,3,4.735515805042552,9.700079158226709,4.395711233100009,Left Foot,Open Play,Half Volley,From Throw In,Left Center Midfield,1,0,1,1,,,,0,0,0,313.8278221002768,0.4931840328410774,0.18854136256648216,0.06337469,0
3847567,Lina Magull,Germany Women's,78,2,-1,10,8.345058418010025,40.86066081144888,0,1,4.571758861973221,28.992776854962816,14,0,2,2.559014380241658,5.80373060250301,2.0051146824292445,Left Foot,Open Play,Half Volley,From Throw In,Left Center Midfield,1,0,1,1,Ground Pass,,16.678429,1,1,1,340.9846014700338,0.7095523243921507,0.5478402466430438,0.3254882,1
3847567,Tabea Waßmuth,Germany Women's,84,2,0,7,22.214409737825576,19.21325546084769,2,1,2.5365953841344613,0.9153663172463513,11,0,3,1.8957127510425271,20.585745265684324,0.2949156195628291,Left Foot,Open Play,Normal,From Keeper,Center Forward,1,0,1,1,Low Pass,,21.122736,1,1,1,426.8111292047854,0.047642437228384474,0.11418693605057957,0.045020197,0
3847567,Millie Bright,England Women's,94,3,0,1,17.47226373427324,24.919664369832415,3,1,4.9098567795050325,9.799190527355728,14,1,1,2.149194482430744,15.801228477432579,0.761387271313481,Left Foot,Open Play,Volley,From Corner,Right Center Back,1,0,1,1,,,,0,0,0,435.40294803928396,0.3932312402737882,0.2810086233917106,0.050924268,0
3847567,Svenja Huth,Germany Women's,100,3,0,2,26.307793522072497,17.162260122769627,6,0,1.3337966269466037,0.0,18,0,1,,,,Right Foot,Open Play,Normal,From Free Kick,Right Wing,1,0,1,1,Ground Pass,,9.666437,1,1,1,451.50119568192196,0.0,0.05069967672612054,0.031933554,0
3847567,Ella Toone,England Women's,106,4,0,14,30.60065358779122,12.069246936439036,1,0,2.9911869036613234,8.208530568266168,13,0,1,,,,Right Foot,Open Play,Normal,Regular Play,Center Attacking Midfield,1,0,1,1,Ground Pass,,14.244297,1,1,1,369.3268445674814,0.6801195311932237,0.09774911817095047,0.010038815,0
3847567,Chloe Kelly,England Women's,109,4,0,1,4.060788100849391,89.12272693743441,2,1,0.7048457260792008,54.50765387882615,16,1,6,1.1985094690283888,3.520430374469396,1.0887270611221993,Right Foot,Open Play,Half Volley,From Corner,Right Wing,1,0,1,1,,,,0,0,0,361.9085090627831,0.6116021777149099,0.17357362870812418,0.364242,0
3847567,Chloe Kelly,England Women's,109,4,0,1,3.7854986461495423,93.22914262022589,1,1,1.6184068024748963,27.848718948915707,15,1,5,2.17104200344077,1.6184068024748965,0.37482480020083386,Right Foot,Open Play,Half Volley,From Corner,Right Wing,1,0,1,1,,,,0,0,0,352.9187931705477,0.29871259314653376,0.42752803626573077,0.5717141,1
3847567,Lena Oberdorf,Germany Women's,114,4,-1,1,11.498260738042074,37.38467137626656,4,1,1.2260614542482509,12.347529440774458,16,2,4,3.786039230556148,8.103831522350795,2.271416027108536,Head,Open Play,Normal,From Corner,Center Defensive Midfield,1,0,1,1,High Pass,Straight,42.761784,1,1,1,429.85869909033113,0.33028321464966026,0.10663016626434799,0.038221817,0
3847567,Alessia Russo,England Women's,116,4,1,3,20.640009689920205,17.845618512570567,0,1,6.2401282515736565,13.54933427275699,9,0,0,4.667156790835873,16.007098672585382,3.1852270966529943,Right Foot,Open Play,Normal,Regular Play,Center Forward,1,0,1,1,Ground Pass,,15.088075,1,1,1,368.3337390220759,0.7592527131078564,0.3023316531978712,0.0947187,0
3835335,Lauren Wade,Northern Ireland W,0,1,0,5,14.31258187749506,14.715931700075663,1,1,1.8373887263911264,7.852262798188722,11,0,2,5.0784009123473455,9.256666005194393,4.397834640140374,Right Foot,Open Play,Normal,From Throw In,Right Wing,1,0,1,1,High Pass,,51.206444,1,1,1,210.622977360958,0.5335892390794631,0.12837577050163224,0.070298955,0
3835335,Bethany Mead,England Women's,5,1,0,15,7.951100552753693,53.234683085880505,0,1,1.4609494302847987,39.763229900718905,15,1,3,2.9303141539671462,5.1155255055469855,0.9128814330517727,Head,Open Play,Normal,Regular Play,Right Wing,1,0,1,1,High Pass,,20.206186,1,1,1,423.27431810981216,0.7469421737060242,0.18374178776783678,0.14217462,0
3835335,Georgia Stanway,England Women's,10,1,0,16,28.229948636155896,16.11328279861636,2,1,0.8743846388295249,3.6733028141363593,18,0,2,3.138210520553935,25.12102070416199,0.5463433191520437,Right Foot,Open Play,Normal,From Corner,Right Defensive Midfield,1,0,1,1,Ground Pass,,13.948835,1,1,1,454.8771457647942,0.22796737697992764,0.030973653197145554,0.026201064,0
3835335,Lauren Wade,Northern Ireland W,13,1,0,1,17.492855684535904,24.07970303842065,0,0,2.0819036923162137,24.07970303842066,10,0,3,11.782558279761602,6.641540030385266,6.881180834603228,Left Foot,Open Play,Normal,From Counter,Right Wing,1,0,1,1,Ground Pass,Through Ball,34.95883,1,1,1,421.2227701775731,1.0000000000000004,0.11901451254506522,0.19223715,0
3835335,Bethany Mead,England Women's,15,1,0,2,4.299999999999997,85.85993869391784,1,1,1.061878001476386,41.47762237582353,17,1,4,3.0133483333529587,2.0867377775247595,1.338995575231003,Right Foot,Open Play,Half Volley,From Corner,Right Wing,1,0,1,1,Low Pass,,6.140033,1,1,1,369.19773638384646,0.4830846959218913,0.246948372436369,0.36120874,0
3835335,Georgia Stanway,England Women's,16,1,0,1,14.504137340772798,30.128156670775066,6,1,0.7338455819653826,7.392399036006242,19,0,2,3.5963433138666443,10.909821647330382,0.9444859784266484,Right Foot,Open Play,Normal,From Corner,Right Defensive Midfield,1,0,1,1,,,,0,0,0,436.98292217724173,0.2453651286000189,0.050595603497386794,0.087097816,0
3835335,Francesca Kirby,England Women's,16,1,0,1,17.15925406304132,24.688434104985916,5,1,3.4832326828642564,7.968824040128165,20,1,3,2.3184929112465267,14.990782855174347,0.07578300685368333,Left Foot,Open Play,Normal,From Corner,Center Attacking Midfield,1,0,1,1,,,,0,0,0,423.6351132261075,0.3227755963072131,0.20299441164908572,0.064583376,0
3835335,Millie Bright,England Women's,22,1,0,9,35.08974209081622,12.90275194364541,1,0,8.26088154006429,6.978119171431891,16,0,0,,,,Right Foot,Open Play,Normal,Regular Play,Right Center Back,1,0,1,1,Ground Pass,,23.023466,1,1,1,452.75423796429516,0.5408240972088599,0.23542155193629505,0.013770942,0
3835335,Rachel Daly,England Women's,23,1,0,2,15.373028328862212,28.89428062280308,1,1,4.590286176450148,15.175699410866208,18,2,1,1.6091668057288748,13.821027272104677,0.16541411515120075,Left Foot,Open Play,Volley,From Corner,Left Back,1,0,1,1,,,,0,0,0,444.19259455644624,0.5252146474582827,0.2985934897311078,0.061783683,0
3835335,Ellen White,England Women's,24,1,0,14,20.63128692059708,19.068268079660935,0,1,3.744030310969842,5.879328904946391,10,0,1,15.407088181123042,5.224602812954491,7.964017404828944,Right Foot,Open Play,Normal,From Corner,Center Forward,1,0,1,1,Ground Pass,Through Ball,29.467949,1,1,1,393.4029098303475,0.3083305143594842,0.18147342554923315,0.25969952,0
3835335,Georgia Stanway,England Women's,28,1,0,4,15.337861650177967,27.882260347635558,0,1,3.958230300309501,21.0932913841708,14,0,3,5.303147182951374,10.133375695476333,2.4893687778027243,Right Foot,Open Play,Volley,From Throw In,Right Defensive Midfield,1,0,1,1,High Pass,Through Ball,38.989872,1,1,1,427.6542517062772,0.7565129627648546,0.25806924006669296,0.11840826,0
3835335,Lucy Bronze,England Women's,32,1,0,1,8.93196506934504,46.15297802256124,0,0,2.0374814226674736,46.15297802256125,18,2,2,4.925515249074237,5.527153422576516,0.9969553724357354,Head,Open Play,Normal,From Free Kick,Right Back,1,0,1,1,High Pass,,28.4271,1,1,1,412.23678754376635,1.0000000000000002,0.22811121705571977,0.15241107,0
3835335,Millie Bright,England Women's,36,1,0,6,38.24133888869478,11.504815326258846,0,1,4.436819566388885,9.576836231476191,16,0,1,2.587370071195372,35.663342768361524,0.49678764095281736,Right Foot,Open Play,Normal,From Free Kick,Right Center Back,1,0,1,1,High Pass,,17.44133,1,1,1,439.9595417433141,0.8324198137816091,0.11602155403875083,0.00596171,0
3835335,Georgia Stanway,England Women's,38,1,0,14,10.6075444849409,31.52263735219333,2,1,4.240026942151722,12.164415516558329,12,0,1,1.3861541296045767,9.351547344819329,0.5275489835016174,Right Foot,Open Play,Normal,From Throw In,Right Defensive Midfield,1,0,1,1,Ground Pass,,18.4,1,1,1,334.3777779960504,0.38589459951110133,0.39971804484733636,0.21860695,0
3835335,Millie Bright,England Women's,39,1,0,1,9.008884503644166,47.85490479684276,2,1,1.4664064097986607,21.44047753159385,19,3,3,0.8081741905799138,8.328747327391413,0.44985005035394465,Head,Open Play,Normal,From Corner,Right Center Back,1,0,1,1,High Pass,Straight,40.94142,1,1,1,431.1193102476436,0.44803093063531474,0.16277336103104523,0.06461658,0
3835335,Lauren Hemp,England Women's,39,1,0,3,17.657009939398,24.821558661119518,2,1,1.3462689967614823,0.0,13,1,2,3.9437650362092103,13.72492531568971,1.2394563028985672,Left Foot,Open Play,Normal,Regular Play,Left Wing,1,0,1,1,Ground Pass,,23.569683,1,1,1,438.2745079907379,0.0,0.07624558186137499,0.07128114,0
3835335,Francesca Kirby,England Women's,39,1,0,3,20.000249998437525,22.517553436706002,3,1,4.525448185573037,6.433935371212191,14,1,2,3.5584588099950265,16.57000180311035,1.2022486575561828,Right Foot,Open Play,Half Volley,Regular Play,Center Attacking Midfield,1,0,1,1,,,,0,0,0,450.3566980872961,0.2857297703010751,0.2262695809265673,0.043977603,1
3835335,Georgia Stanway,England Women's,42,1,1,19,17.27078457974623,23.30531196726919,1,1,3.2879945535598476,11.506723617787147,14,0,1,3.6719212850607685,13.857838950934383,2.712500210097325,Right Foot,Open Play,Normal,Regular Play,Right Defensive Midfield,1,0,1,1,Ground Pass,,5.9464273,1,1,1,402.501022550488,0.4937382358986483,0.19037899166525069,0.073029995,0
3835335,Bethany Mead,England Women's,43,1,1,3,16.514841809717705,27.209455062476767,1,1,1.7152448973898589,17.09013491318174,18,0,5,1.7823890569375493,14.735933899184559,0.18049776736111767,Left Foot,Open Play,Normal,From Corner,Right Wing,1,0,1,1,,,,0,0,0,449.3598460854264,0.6280954496861612,0.10386081302822835,0.06435156,1
3835335,Marissa Callaghan,Northern Ireland W,45,1,-2,1,28.188827574058486,15.504942791447158,1,0,3.188269520713921,10.997393529051465,15,0,1,,,,Left Foot,Open Play,Normal,From Throw In,Left Defensive Midfield,1,0,1,1,,,,0,0,0,437.066158893745,0.7092830768210154,0.11310401301145317,0.025177483,0
3835335,Alessia Russo,England Women's,47,2,2,41,8.321658488546616,51.27185736237738,0,1,0.834892031148029,37.83371253988669,15,0,2,3.198553226710566,5.128146672925955,0.08985530256089191,Head,Open Play,Normal,Regular Play,Center Forward,1,0,1,1,High Pass,,22.408033,1,1,1,426.66688704317903,0.7379040761579387,0.1003276008378762,0.09441377,1
3835335,Alessia Russo,England Women's,52,2,3,37,13.464768843169939,32.768499078769835,0,1,1.184802770485729,25.515717350824584,9,0,4,8.905243796921647,4.830940193735292,0.09509656831608027,Right Foot,Open Play,Normal,Regular Play,Center Forward,1,0,1,1,Ground Pass,Through Ball,19.220041,1,1,1,441.2202654332629,0.7786660380595763,0.08799280435376543,0.1884835,1
3835335,Bethany Mead,England Women's,56,2,4,9,17.218594600024705,22.886236518738695,1,1,1.5373902724900712,0.0,12,0,2,6.005595030292795,11.214198529734992,2.985675300167891,Right Foot,Open Play,Normal,From Corner,Right Wing,1,0,1,1,High Pass,,18.573368,1,1,1,394.0688285364423,0.0,0.08928662926345135,0.11679035,0
3835335,Ella Toone,England Women's,57,2,4,1,24.61097316239242,18.245276703541688,1,1,4.11658349065663,2.4433660971882913,13,1,2,5.398274130528714,19.21423114251012,0.7430562980864934,Right Foot,Open Play,Normal,From Counter,Right Defensive Midfield,1,0,1,1,Ground Pass,,14.140014,1,1,1,449.0340152912881,0.1339177331694836,0.16726618096301477,0.059963886,0
3835335,Ella Toone,England Women's,59,2,4,17,25.667294364618957,16.630284169450267,2,1,3.172237646887029,1.6284014181966644,18,0,1,2.6766072929661533,23.085983277223008,0.2909851959569778,Right Foot,Open Play,Normal,From Throw In,Right Defensive Midfield,1,0,1,1,Ground Pass,,8.634813,1,1,1,426.8543991445427,0.09791783481295095,0.1235906520501746,0.030965762,0
3835335,Rachel Daly,England Women's,61,2,4,12,34.74665451521916,10.723024017938657,2,1,1.908679222667126,2.101459489894485,19,1,2,4.125471678099901,31.42755443301909,0.09974772385916708,Right Foot,Open Play,Normal,From Throw In,Left Back,1,0,1,1,Ground Pass,,11.717508,1,1,1,372.58921090971177,0.19597638561462996,0.05493130919499365,0.007150483,0
3835335,Ella Toone,England Women's,62,2,4,15,20.447249203743766,19.70390729536085,0,1,2.3456585860891055,15.930991336361384,16,1,2,2.490310547721242,18.2265812500017,2.0045499980798382,Right Foot,Open Play,Normal,Regular Play,Right Defensive Midfield,1,0,1,1,,,,0,0,0,402.8907027557081,0.8085194016372695,0.11471756238289646,0.07363594,0
3835335,Keira Walsh,England Women's,72,2,4,34,26.38787600395302,16.753623300896482,2,0,4.154022303197702,11.25175660919109,16,0,1,,,,Right Foot,Open Play,Normal,Regular Play,Center Defensive Midfield,1,0,1,1,Ground Pass,,3.3970575,1,1,1,442.09253428099447,0.6716013847935218,0.15742162433139412,0.032873753,0
3835335,Kirsty McGuinness,Northern Ireland W,79,2,-4,1,28.252610498854796,10.940260114384698,0,0,3.272436662005628,10.940260114384728,14,0,1,,,,Left Foot,Open Play,Normal,From Free Kick,Left Wing,1,0,1,1,,,,0,0,0,309.09090776786746,1.0000000000000027,0.11582776261111427,0.009271215,0
3835335,Bethany Mead,England Women's,83,2,4,4,17.102631376487075,24.70414048828427,3,1,3.832011497632564,13.207706843043214,15,0,2,8.125006297606587,9.015994138711932,2.453426192494632,Right Foot,Open Play,Normal,Regular Play,Left Midfield,1,0,1,1,,,,0,0,0,422.5058082440753,0.53463535188795,0.22405976093835855,0.19784568,0
3835335,Lauren Wade,Northern Ireland W,85,2,-4,1,30.112621938316835,10.133019733912416,1,1,1.2772115764329977,0.618188874353283,11,0,2,3.7197114934451467,26.63200318541985,1.8184928588669322,Left Foot,Open Play,Normal,From Counter,Right Wing,1,0,1,1,Ground Pass,,24.407375,1,1,1,305.13179234080843,0.061007369035745156,0.04241449246927942,0.0074976613,0
3835335,Alessia Russo,England Women's,87,2,4,11,4.973932046178353,75.74450356014833,1,1,0.6137620515075418,15.255028651864034,13,1,3,1.9745024781423473,3.2418683524966583,0.25898672866730266,Head,Open Play,Normal,From Goal Kick,Center Forward,1,0,1,1,High Pass,,30.184101,1,1,1,376.74801357969216,0.20140113057510625,0.12339574521914042,0.23212619,0
3835335,Alessia Russo,England Women's,88,2,4,4,7.98310716450681,52.58748689134175,0,1,3.123434320817921,46.257386052712604,9,1,3,3.69073041461077,6.806207350345357,3.479545679324204,Right Foot,Open Play,Normal,Regular Play,Center Forward,1,0,1,1,Ground Pass,,8.13941,1,1,1,419.8115433656783,0.8796272419005564,0.39125546688197116,0.24430622,0
3835323,Coumba Sow,Switzerland Women's,1,1,0,3,28.155638866841578,14.825952824757032,2,0,1.0545677330566803,0.0,13,2,2,,,,Right Foot,Open Play,Normal,Regular Play,Center Attacking Midfield,1,0,1,1,,,,0,0,0,417.4341735906888,0.0,0.037454938886100964,0.021459144,1
3835323,Rahel Kiwic,Switzerland Women's,4,1,1,1,8.232860985101105,39.31229674144722,0,0,1.0709491474638535,39.31229674144721,18,2,2,4.307573338077185,5.150131223570764,1.289206535151692,Head,Open Play,Normal,From Free Kick,Left Center Back,1,0,1,1,High Pass,,38.96473,1,1,1,323.65267407737815,0.9999999999999998,0.13008225808767274,0.104610674,1
3835323,Ana-Maria Crnogorčević,Switzerland Women's,23,1,2,6,9.019977827023745,47.76753097205606,1,1,1.5286600028845105,1.984156913009378,17,1,3,1.6619701448622128,7.385110573021232,0.16075469458979086,Right Foot,Open Play,Half Volley,From Free Kick,Right Midfield,1,0,1,1,Low Pass,,5.4626,1,1,1,430.8620702196156,0.04153777414558243,0.16947491803191175,0.12083356,0
3835323,Rahel Kiwic,Switzerland Women's,23,1,2,6,10.259142264341596,33.911713536439215,1,1,2.2404789761538595,12.044456465472054,16,0,3,4.0749666847686505,6.21586811034348,3.0558490189102656,Left Foot,Open Play,Normal,From Free Kick,Left Center Back,1,0,1,1,,,,0,0,0,347.90509359792856,0.3551709780907975,0.21838852785395577,0.0683111,0
3835323,Dolores Isabel Jacome Silva,Portugal Women's,37,1,-2,1,15.592947123619703,28.6309569000471,1,1,4.973804155188611,21.952493418365044,17,0,1,3.435322264191441,12.9517670340949,1.6793487103324836,Right Foot,Open Play,Volley,From Corner,Center Defensive Midfield,1,0,1,1,High Pass,Inswinging,42.957188,1,1,1,446.4409970410691,0.766739773840005,0.318977811940018,0.053384364,0
3835323,Diana Micaela Abreu de Sousa e Silva,Portugal Women's,40,1,-2,1,9.247702417357518,21.368136228666444,0,0,2.135711377530475,21.368136228666447,19,1,2,2.4874905475038296,7.377899741337185,1.338083633179977,Right Foot,Open Play,Backheel,From Corner,Center Attacking Midfield,1,0,1,1,High Pass,Inswinging,34.63178,1,1,1,197.60616505626342,1.0000000000000002,0.23094508031766264,0.06737864,0
3835323,Andreia Alexandra Norton,Portugal Women's,42,1,-2,9,28.433958570695005,15.138392192903671,1,1,2.583580987727876,10.169275794642665,14,0,2,3.325602910706168,25.292806404895245,0.08582258759084027,Right Foot,Open Play,Normal,From Throw In,Right Center Midfield,1,0,1,1,Ground Pass,,13.392908,1,1,1,430.4444164399557,0.6717540188587301,0.09086251502070491,0.028576924,0
3835323,Jéssica da Silva,Portugal Women's,51,2,-2,8,22.450167037240497,18.23712625327916,0,1,0.68017033881167,14.621556355587742,13,0,3,3.430683687275399,19.01950355277154,1.5184228404770934,Right Foot,Open Play,Normal,From Throw In,Right Center Forward,1,0,1,1,,,,0,0,0,409.4265306653611,0.8017467309554149,0.030296894347529735,0.07576792,0
3835323,Ramona Bachmann,Switzerland Women's,52,2,2,4,18.042172818150256,15.321510074864808,0,1,3.0960523893414287,9.817831526196493,9,0,1,5.594095623713639,12.497346156988252,4.13714086838057,Left Foot,Open Play,Normal,From Free Kick,Center Forward,1,0,1,1,High Pass,,16.92956,1,1,1,276.4333326057411,0.6407874601278897,0.17160086096874258,0.070966974,0
3835323,Diana Catarina Ribeiro Gomes,Portugal Women's,54,2,-2,2,31.932428658027252,13.965300958632756,1,0,3.544307407506379,9.307611063836971,13,0,1,,,,Right Foot,Open Play,Normal,From Throw In,Right Center Back,1,0,1,1,Ground Pass,,29.430767,1,1,1,445.9459765494201,0.6664812374189044,0.11099398186913048,0.021966072,0
3835323,Joana Filipa Gaspar Silva Marchão,Portugal Women's,54,2,-2,1,25.57596527992639,15.552586779300492,3,1,7.9055711011158065,4.942198479517166,18,0,0,5.567622800022772,20.260825211607486,3.945726083204903,Left Foot,Open Play,Normal,From Corner,Left Back,1,0,1,1,Ground Pass,,33.92462,1,1,1,397.7724194804316,0.31777340642104107,0.30910157308199787,0.025363065,0
3835323,Diana Catarina Ribeiro Gomes,Portugal Women's,57,2,-2,1,4.3566041821583905,85.04894674008327,2,1,0.6928237825788136,39.60700286137866,18,2,4,1.628511717824676,4.074913900405788,1.4103943542601343,Head,Open Play,Normal,From Corner,Right Center Back,1,0,1,1,High Pass,Inswinging,42.26405,1,1,1,370.52459705601296,0.46569657096896205,0.15902839771768484,0.17189945,0
3835323,Diana Catarina Ribeiro Gomes,Portugal Women's,57,2,-2,1,2.751363298439515,112.06214472714575,0,1,1.6782349040514328,70.16639339053624,19,1,6,1.4570110890428911,1.6782349040514328,1.1167459050680222,Other,Open Play,Normal,From Corner,Right Center Back,1,0,1,1,,,,0,0,0,308.323672146686,0.6261382339360069,0.609964850880752,0.35512412,1
3835323,Carole da Silva Costa,Portugal Women's,64,2,-1,2,18.59247159470736,13.376833068848908,1,1,3.6601342327827435,6.040497020381483,16,0,1,5.383796215741831,13.254190446122568,4.858476229396402,Right Foot,Open Play,Half Volley,From Corner,Left Center Back,1,0,1,1,Low Pass,,13.652839,1,1,1,248.7083888597154,0.4515640577475843,0.1968610904762473,0.03953896,0
3835323,Jéssica da Silva,Portugal Women's,64,2,-1,3,8.29276793356718,46.289295577011934,0,0,0.977425808999349,46.28929557701193,13,0,1,,,,Right Foot,Open Play,Volley,Regular Play,Right Center Forward,1,0,1,1,High Pass,,29.444185,1,1,1,383.86638602845767,0.9999999999999999,0.1178648452277265,0.22494501,1
3835323,Dolores Isabel Jacome Silva,Portugal Women's,69,2,0,0,19.897989848223364,21.49237460199796,6,1,8.143925935536414,2.531806701598222,17,0,0,1.619940133573106,18.59766838999692,0.4251087754846026,Right Foot,Free Kick,Normal,From Free Kick,Center Defensive Midfield,1,0,1,1,,,,0,0,0,427.65505164476906,0.1178002314068573,0.4092838521708042,0.094720095,0
3835323,Jéssica da Silva,Portugal Women's,73,2,0,1,5.60446250768082,37.90843127106583,1,1,0.5897739133783783,0.0,16,0,4,1.53719255304423,4.095435029975751,1.394365744187887,Head,Open Play,Normal,From Corner,Right Center Forward,1,0,1,1,High Pass,Inswinging,27.097786,1,1,1,212.4563817836836,0.0,0.10523291262455645,0.107588395,0
3835323,Diana Micaela Abreu de Sousa e Silva,Portugal Women's,77,2,0,1,6.228964600958978,65.31282627020734,0,1,2.54502133556257,53.70557518342937,19,1,2,1.7097064433237692,5.9335882709657275,1.569798209981478,Other,Open Play,Normal,From Free Kick,Center Attacking Midfield,1,0,1,1,High Pass,,50.25734,1,1,1,406.8312828257051,0.8222822108668622,0.4085785517501178,0.32638654,0
3835323,Géraldine Reuteler,Switzerland Women's,79,2,0,1,13.904315876734099,31.905075573319973,2,1,2.151797323899265,13.221915965543666,17,1,3,4.324796782308402,11.978652761656523,3.2255718575866013,Right Foot,Open Play,Volley,From Corner,Right Center Midfield,1,0,1,1,,,,0,0,0,443.61824884251416,0.41441418733388763,0.15475751147885225,0.055006504,0
3835323,Diana Micaela Abreu de Sousa e Silva,Portugal Women's,82,2,0,1,9.918165152889928,43.87600222209635,0,1,3.174215018102892,36.46497784618228,18,1,3,4.3086235993015,6.563022860199186,1.9386397890278602,Right Foot,Open Play,Volley,From Free Kick,Center Attacking Midfield,1,0,1,1,High Pass,,37.142967,1,1,1,435.1694362873171,0.8310916218300806,0.32004054874786975,0.17164268,0
3835323,Coumba Sow,Switzerland Women's,83,2,0,6,11.58360910942699,34.88580842370409,2,1,2.4873278895300777,22.2179573528446,20,1,2,1.3396442376545514,10.344843390140614,1.0003664400495254,Right Foot,Open Play,Normal,From Throw In,Left Center Midfield,1,0,1,1,,,,0,0,0,404.1035682465435,0.63687666580626,0.21472823072956052,0.11313222,0
3835323,Telma Raquel Velosa Encarnação,Portugal Women's,87,2,0,3,23.454637068179082,19.314698194043952,1,1,1.93158158353947,12.83170779856783,11,0,2,3.16195160415208,20.292735073321097,0.2321319853703372,Right Foot,Open Play,Normal,From Keeper,Left Center Forward,1,0,1,1,Ground Pass,,14.115594,1,1,1,453.0192362227149,0.6643493814738833,0.0823539318866736,0.047863103,0
3835323,Telma Raquel Velosa Encarnação,Portugal Women's,89,2,0,3,17.12687945890903,25.721817019580403,0,1,0.9241905557997225,18.96630235373482,4,0,1,7.155502038030131,10.183499074358249,0.2624466914888117,Right Foot,Open Play,Normal,From Counter,Left Center Forward,1,0,1,1,Ground Pass,Through Ball,38.972427,1,1,1,440.5344595584683,0.7373624631299168,0.053961409491848716,0.085291274,0
3835323,Francisca Ramos Ribeiro Nazareth Sousa,Portugal Women's,89,2,0,5,8.300602387778847,47.03609361667003,1,1,1.0058187782261538,24.023186278281127,9,0,2,2.9742615228527014,5.327288643192611,1.489008164633617,Right Foot,Open Play,Normal,From Counter,Center Attacking Midfield,1,0,1,1,High Pass,,24.018744,1,1,1,390.4279109863206,0.510739400981358,0.12117419088848806,0.102696195,0
3835325,Aïssatou Tounkara,France Women's,0,1,0,1,7.922752047110908,53.497387304058364,1,1,0.5684024112446356,0.0,17,1,6,0.8847258598479925,7.4854899940012904,0.7085737512058756,Head,Open Play,Normal,From Corner,Right Center Back,1,1,0,1,High Pass,Outswinging,38.910408,1,1,1,423.8465347783135,0.0,0.07174305189216516,0.08898436,0
3835325,Charlotte Bilbault,France Women's,2,1,0,8,30.31600237498341,14.45555625818234,2,1,10.77548169676085,5.705970053847449,17,0,0,1.5561220225916745,28.78602821623886,0.6950486348145262,Right Foot,Open Play,Normal,From Throw In,Center Defensive Midfield,1,1,0,1,Ground Pass,,12.731065,1,1,1,438.2346778547621,0.3947250421869912,0.3554387403549195,0.021202957,0
3835325,Barbara Bonansea,Italy Women's,3,1,0,2,13.507035203922436,29.97567875762775,0,1,1.0174967140317563,21.721478833343955,9,0,2,5.188490527049633,8.336898582937875,2.6807025046854847,Right Foot,Open Play,Normal,From Counter,Left Wing,1,1,0,1,Low Pass,Through Ball,16.292944,1,1,1,404.882548240748,0.7246367633232194,0.07533087007400971,0.28973737,0
3835325,Barbara Bonansea,Italy Women's,3,1,0,1,14.239382009062052,30.951122402286426,3,1,2.8953876002010537,12.6703131699628,17,0,2,1.8972154565467143,12.433004263827407,0.20075939677594334,Left Foot,Open Play,Half Volley,From Corner,Left Wing,1,1,0,1,,,,0,0,0,440.72485549539476,0.40936522447492296,0.2033366053638007,0.07086604,0
3835325,Onema Grace Geyoro,France Women's,8,1,0,4,9.055385138137417,47.48955292199916,1,1,3.5335162348685154,17.911680663222207,12,1,1,2.372998727770388,6.866969854084573,1.0396238027011222,Right Foot,Open Play,Half Volley,From Throw In,Right Center Midfield,1,1,0,1,,,,0,0,0,430.0361917466616,0.3771709683736517,0.39021159022677604,0.2289337,1
3835325,Aurora Galli,Italy Women's,9,1,-1,6,27.682666056577716,13.663181538982963,1,1,5.383589032998765,5.291447321393541,15,0,0,2.7350952856783923,24.99042661463117,1.1518748411518516,Right Foot,Open Play,Normal,From Kick Off,Right Center Midfield,1,1,0,1,,,,0,0,0,378.23329181406297,0.38727783176241226,0.19447509217485803,0.022857245,0
3835325,Marie-Antoinette Katoto,France Women's,11,1,1,15,6.789698078707185,60.68286375090132,1,1,3.3365620710759463,25.12294170766487,11,0,3,3.4550433027093344,3.3365620710759467,0.4802025844166522,Right Foot,Open Play,Normal,From Free Kick,Center Forward,1,1,0,1,,,,0,0,0,412.0183234199446,0.414003890963233,0.4914153814202082,0.6915849,1
3835325,Marie-Antoinette Katoto,France Women's,13,1,2,20,22.56102834535695,18.483746773964377,0,1,2.9651295569096634,15.063718313595777,15,0,2,2.7409829767491343,20.106599836171316,2.0656449108391826,Right Foot,Open Play,Normal,Regular Play,Center Forward,1,1,0,1,Ground Pass,,12.0,1,1,1,417.01233489581034,0.8149710390327385,0.13142705693731757,0.030553946,0
3835325,Marie-Antoinette Katoto,France Women's,14,1,2,10,6.296824596572469,64.50751617475093,1,1,1.4254945360412292,37.62061843528373,12,0,2,2.570433274956691,4.003920034252787,1.3253126180086525,Head,Open Play,Normal,Regular Play,Center Forward,1,1,0,1,High Pass,,12.322743,1,1,1,406.19251451296805,0.5831974421921537,0.22638307835621851,0.31292418,0
3835325,Kadidiatou Diani,France Women's,17,1,2,15,23.689026995636603,13.690265844945165,1,1,1.6216922675912742,0.0,15,0,2,4.396508655530047,19.303366211881265,3.3254494518896607,Right Foot,Open Play,Normal,From Free Kick,Right Wing,1,1,0,1,Ground Pass,,13.601471,1,1,1,324.30907717834776,0.0,0.0684575296355558,0.02889171,0
3835325,Onema Grace Geyoro,France Women's,18,1,2,5,7.27323861838727,26.50290827355695,0,1,4.3923718439677835,23.872091376956035,16,1,1,1.671953698494359,8.542551151063531,1.4990053683059728,Right Foot,Open Play,Half Volley,From Corner,Right Center Midfield,1,1,0,1,Low Pass,,25.223997,1,1,1,192.7619759548099,0.9007347846716962,0.6039086677100833,0.28225008,0
3835325,Delphine Cascarino,France Women's,24,1,2,11,27.158792314828723,12.259499330456002,1,0,1.4101569510204095,10.176353198684433,13,0,3,,,,Right Foot,Open Play,Normal,Regular Play,Left Wing,1,1,0,1,High Pass,,42.895687,1,1,1,332.95319619963635,0.8300790207152705,0.0519226677929439,0.010697087,0
3835325,Onema Grace Geyoro,France Women's,36,1,2,7,20.53606583550024,21.227945270408668,1,1,1.9760144606870542,2.301340149589689,15,0,2,2.6912752321416398,17.845277326237813,0.7142087463252267,Right Foot,Open Play,Normal,Regular Play,Right Center Midfield,1,1,0,1,Ground Pass,,12.900388,1,1,1,435.9384816255083,0.10841087633656711,0.09622166565473131,0.05497642,0
3835325,Delphine Cascarino,France Women's,37,1,2,8,25.518032839543103,15.084694040187983,1,1,3.2469560680192298,8.9791212320801,17,0,2,2.34571110632065,23.251273717023018,1.7216575982891484,Right Foot,Open Play,Normal,Regular Play,Left Wing,1,1,0,1,Ground Pass,,10.840664,1,1,1,384.9317178919771,0.5952471563664677,0.12724162902509087,0.033288725,1
3835325,Onema Grace Geyoro,France Women's,39,1,3,5,6.963476143421476,44.56467061997867,0,0,2.55299640542716,44.56467061997868,9,0,1,12.898602425217527,8.470920038586092,3.932591903986321,Right Foot,Open Play,Normal,Regular Play,Right Center Midfield,1,1,0,1,Low Pass,Through Ball,10.632027,1,1,1,310.3250207016574,1.0000000000000002,0.3666267181569973,0.9445721,1
3835325,Kadidiatou Diani,France Women's,42,1,4,16,13.160547101089675,32.66886053401196,2,1,2.1374069473014314,3.6209652593864887,13,1,2,1.8063257378307274,11.416600635602654,0.08641494523039484,Right Foot,Open Play,Half Volley,From Free Kick,Right Wing,1,1,0,1,,,,0,0,0,429.940077796794,0.11083843146646195,0.16241018940044347,0.07776138,0
3835325,Onema Grace Geyoro,France Women's,44,1,4,2,13.341664064126334,32.69946112100191,1,1,4.6159686019095405,14.03125334906859,13,0,1,3.247995643666588,10.566978117349962,2.1083334670203016,Right Foot,Open Play,Half Volley,Regular Play,Right Center Midfield,1,1,0,1,Low Pass,,25.143587,1,1,1,436.2652253543674,0.42909738778712553,0.3459814742541123,0.111661874,1
3835325,Valentina Bergamaschi,Italy Women's,48,2,-5,3,11.829623831720092,36.10645729444945,1,1,0.5192426003049359,0.0,15,0,1,2.6004241638057795,9.321734008689385,0.16523711576896716,Head,Open Play,Normal,From Throw In,Left Wing,1,1,0,1,High Pass,,36.71512,1,1,1,427.12580768940296,0.0,0.0438934160283806,0.075976536,0
3835325,Lisa Boattin,Italy Women's,56,2,-5,17,18.179658962697843,21.518158832834047,1,1,1.2039151226522267,1.225497927485717,15,0,2,8.106403893401849,10.248047198199963,3.1152763873756015,Left Foot,Open Play,Half Volley,Regular Play,Left Back,1,1,0,1,,,,0,0,0,391.19278908608726,0.05695180228969027,0.06622319621740401,0.090510614,0
3835325,Valentina Giacinti,Italy Women's,74,2,-5,1,11.56633044660233,33.37910909829205,1,1,1.5311488459271596,9.268780294241196,15,1,4,3.6314007517870177,8.214544169381382,2.856691776217282,Right Foot,Open Play,Half Volley,From Corner,Center Forward,1,1,0,1,High Pass,Outswinging,33.583923,1,1,1,386.07380584403614,0.27768207554453467,0.13237982893502256,0.07040054,0
3835325,Martina Piemonte,Italy Women's,75,2,-5,14,7.017834423809103,54.83725148520815,1,1,0.338971958677177,0.0,12,0,3,2.930533065947939,4.0989061987147455,1.4158010680011657,Head,Open Play,Normal,Regular Play,Center Attacking Midfield,1,1,0,1,High Pass,,29.80604,1,1,1,384.8387511799706,0.0,0.04830150416874492,0.16194932,1
3835325,Valentina Giacinti,Italy Women's,81,2,-4,8,20.158620984581265,15.900024479687522,0,1,2.316498409093801,11.420346140971557,9,0,2,4.8508932575834045,15.352095742510881,3.882671404696744,Left Foot,Open Play,Normal,From Free Kick,Center Forward,1,1,0,1,Low Pass,,14.578408,1,1,1,320.5225671315847,0.718259657748401,0.11491353554717965,0.028945494,0
3835325,Valentina Bergamaschi,Italy Women's,81,2,-4,9,27.197426348829403,12.647787966767138,0,0,4.087985578180963,12.64778796676715,16,1,2,,,,Right Foot,Open Play,Normal,From Free Kick,Left Wing,1,1,0,1,Ground Pass,,7.3756356,1,1,1,343.98728170176,1.0000000000000009,0.15030780948716177,0.01499441,0
3835325,Martina Piemonte,Italy Women's,82,2,-4,6,18.754199529705335,23.904190093880185,1,1,3.9637185062119746,7.309807686918841,18,0,2,3.375741805244994,15.463832130470175,1.102244976684915,Right Foot,Open Play,Normal,From Throw In,Center Attacking Midfield,1,1,0,1,,,,0,0,0,448.3039506166347,0.30579608253660334,0.21135098301229668,0.07262998,0
3835325,Selma Bacha,France Women's,83,2,4,3,8.485281374238577,50.19442890773479,1,1,1.7178777339331461,14.162223153774516,13,0,1,2.466024416325634,7.060738215100539,1.567102834054701,Left Foot,Open Play,Half Volley,Regular Play,Left Wing,1,1,0,1,High Pass,,26.600752,1,1,1,425.9138527013444,0.28214731120473346,0.2024538324855844,0.13568094,0
3835325,Flaminia Simonetti,Italy Women's,90,2,-4,2,13.04185569618066,28.1357513415786,0,1,1.4793696635002977,20.218173518985136,16,0,3,4.4474087645608416,8.69074773568166,2.0960529502384304,Left Foot,Open Play,Normal,From Counter,Left Defensive Midfield,1,1,0,1,Ground Pass,,9.128527,1,1,1,366.9424089004895,0.7185936950298184,0.11343245148261645,0.19441628,0
3835325,Flaminia Simonetti,Italy Women's,91,2,-4,2,5.536244214266559,41.14436633872824,0,1,0.595312199908132,0.0,14,1,3,4.997948570821463,0.5953121999081319,4.709295585476532,Left Foot,Open Play,Normal,From Counter,Left Defensive Midfield,1,1,0,1,,,,0,0,0,227.785260092448,0.0,0.10752997463046324,0.10335203,0
3835325,Ouleymata Sarr,France Women's,92,2,4,4,11.164676439557034,35.25484303179518,1,1,0.5755005051487555,0.0,15,0,2,3.2735153857363337,8.02862864024789,2.304820755031912,Head,Open Play,Normal,From Throw In,Center Forward,1,1,0,1,High Pass,,22.900873,1,1,1,393.6089153773652,0.0,0.0515465457744684,0.045645263,0
3835325,Martina Piemonte,Italy Women's,94,2,-4,5,10.920164833920781,33.98359495666344,0,1,1.1819534612681197,25.111239785236297,17,0,2,3.273399520146102,7.7570923586622404,2.496611131591912,Head,Open Play,Normal,From Corner,Center Attacking Midfield,1,1,0,1,High Pass,,29.888124,1,1,1,371.1064585759637,0.7389224070395923,0.10823586266726257,0.09176408,0
3844387,Onema Grace Geyoro,France Women's,0,1,0,4,11.79915251193915,21.605527242638452,1,1,1.097155540085352,0.0,14,0,2,4.871911864820875,6.938670446532683,4.296781746672252,Right Foot,Open Play,Normal,Regular Play,Center Attacking Midfield,1,1,0,1,Ground Pass,,12.617845,1,1,1,254.92691103674724,0.0,0.09298596140487028,0.05479004,0
3844387,Sherida Spitse,Netherlands Women's,8,1,0,10,29.769951293208393,15.172915345525267,0,1,0.8714405528459486,12.741709901957293,18,1,2,1.5149725258114832,28.282304969161974,0.4767309817097072,Right Foot,Open Play,Normal,Regular Play,Left Defensive Midfield,1,1,0,1,Ground Pass,,5.903389,1,1,1,451.6969508122614,0.8397667562097765,0.029272488364626776,0.020470222,0
3844387,Wendie Renard,France Women's,13,1,0,1,12.215563842901394,33.68609733719684,3,1,1.4307831830060946,0.9687118314915598,17,2,4,2.0100284456470803,10.552838205501473,1.6686716225260838,Head,Open Play,Normal,From Corner,Left Center Back,1,1,0,1,High Pass,Straight,49.963287,1,1,1,411.4946726407187,0.028757021681519914,0.11712788712880734,0.029739615,0
3844387,Kadidiatou Diani,France Women's,14,1,0,2,19.821705274773915,18.43038814638042,1,1,2.7027590279610307,7.054308258717741,10,0,2,5.277253682511871,14.551406189668002,3.4021381677974176,Right Foot,Open Play,Normal,From Counter,Right Wing,1,1,0,1,Ground Pass,,29.07989,1,1,1,365.32172193723943,0.38275418850053633,0.13635350695082202,0.064573444,0
3844387,Charlotte Bilbault,France Women's,17,1,0,6,26.62048083712989,16.47168524586015,1,1,7.143403154182455,8.5354714606973,18,0,0,2.797889911793077,23.841301672303608,1.0566397476713831,Right Foot,Open Play,Normal,From Throw In,Right Defensive Midfield,1,1,0,1,Ground Pass,,11.344161,1,1,1,438.48418144265526,0.5181905392978858,0.26834237885812084,0.03426345,0
3844387,Sandie Toletti,France Women's,18,1,0,9,9.551963149007644,43.73941611410466,1,1,0.6272930394467214,0.0,10,0,2,2.045365992050929,7.508467462037919,0.7577767055913185,Head,Open Play,Normal,Regular Play,Left Defensive Midfield,1,1,0,1,High Pass,,29.546574,1,1,1,417.7972908810388,0.0,0.06567163520850591,0.0641485,0
3844387,Wendie Renard,France Women's,19,1,0,1,9.208691546577073,46.93058744116698,5,1,0.5958430191108377,0.0,17,1,4,1.8733652286260025,7.343198623431578,0.07194771618355134,Head,Open Play,Normal,From Corner,Left Center Back,1,1,0,1,High Pass,Inswinging,41.742664,1,1,1,432.1693038453705,0.0,0.06470441713647322,0.05912901,0
3844387,Delphine Cascarino,France Women's,20,1,0,6,21.652944372532797,18.645350216987485,1,1,2.701066391050062,11.5197473184976,14,0,1,4.196577349791254,17.49671469747366,1.5012602530519317,Right Foot,Open Play,Normal,From Throw In,Left Wing,1,1,0,1,Ground Pass,,31.85781,1,1,1,403.7267310548223,0.6178348587950974,0.12474360736253588,0.064076126,0
3844387,Sandie Toletti,France Women's,22,1,0,13,15.182226450688974,28.07248693585296,2,1,2.5707979390543887,16.861035560690528,14,0,1,3.6508471274864056,11.60047572057527,0.626883333995579,Right Foot,Open Play,Normal,From Throw In,Left Defensive Midfield,1,1,0,1,,,,0,0,0,426.2028536941275,0.6006249321344005,0.16932944238476466,0.15454192,0
3844387,Melvine Malard,France Women's,25,1,0,1,14.516542288024374,23.926443077925722,0,1,1.0690482432638782,16.789722835850522,12,0,1,4.914205378387516,9.640198919860074,3.6359257993813543,Left Foot,Open Play,Normal,From Counter,Center Forward,1,1,0,1,Ground Pass,,11.365298,1,1,1,347.3292227427168,0.7017224742168442,0.0736434491115563,0.24997437,0
3844387,Delphine Cascarino,France Women's,26,1,0,1,25.686767021172596,17.257441375557796,3,1,5.739352023686037,7.076032711497325,19,0,0,2.241604156613059,23.44656298063103,0.5882396974510797,Right Foot,Open Play,Volley,From Corner,Left Wing,1,1,0,1,,,,0,0,0,443.2878759954974,0.4100279153501463,0.22343613810781693,0.022715455,0
3844387,Melvine Malard,France Women's,36,1,0,8,7.61642960973184,55.35731287151087,1,1,4.769507121057596,33.262657374387054,13,0,1,3.000008253898574,5.44220972994885,1.5597781585705732,Right Foot,Open Play,Normal,From Free Kick,Center Forward,1,1,0,1,Ground Pass,,14.705441,1,1,1,421.62507686976494,0.6008719652197094,0.6262129850137906,0.38853532,0
3844387,Onema Grace Geyoro,France Women's,40,1,0,6,5.536244214266565,70.59959876974345,1,0,2.1751243142832513,38.574689533074576,11,0,1,4.638036470774765,5.799080414447342,3.488404213069707,Right Foot,Open Play,Half Volley,From Free Kick,Center Attacking Midfield,1,1,0,1,Low Pass,,11.1004505,1,1,1,390.8566202185331,0.5463868096316484,0.3928880717866614,0.5736529,0
3844387,Victoria Pelova,Netherlands Women's,46,2,0,3,24.690889007891148,17.922677357627162,1,1,0.6862344807074164,14.185419918026625,13,0,2,2.5152542739612365,22.252847238858326,0.0038994626838046997,Right Foot,Open Play,Normal,Regular Play,Left Wing,1,1,0,1,Ground Pass,,26.379726,1,1,1,442.526837361416,0.7914788418589641,0.027793024402162983,0.031299025,0
3844387,Kadidiatou Diani,France Women's,50,2,0,6,12.114866899805374,36.50999010978734,1,1,0.7159904090438937,0.0,15,1,3,3.805994097803447,8.488079074493358,1.1456393682063322,Right Foot,Open Play,Volley,From Goal Kick,Right Wing,1,1,0,1,High Pass,,26.708052,1,1,1,442.3136706932842,0.0,0.05910014653610401,0.05448974,0
3844387,Vivianne Miedema,Netherlands Women's,55,2,0,1,9.660227740586652,41.66296233594837,0,1,1.941938572827673,31.82822273444635,15,1,2,2.901828250046895,6.9996173516599764,2.119087945644317,Right Foot,Open Play,Volley,From Corner,Center Forward,1,1,0,1,High Pass,Inswinging,46.656727,1,1,1,402.4737045127453,0.763945263368461,0.20102409849705488,0.108230874,0
3844387,Stephanie van der Gragt,Netherlands Women's,58,2,0,1,12.238055401083951,26.67288501370908,2,1,1.0035264421176853,0.0,16,0,1,4.826814095643865,7.484211601704524,3.0295827466357963,Head,Open Play,Normal,From Corner,Right Center Back,1,1,0,1,High Pass,Straight,49.175705,1,1,1,326.4242445045136,0.0,0.0820004820397202,0.02376241,0
3844387,Wendie Renard,France Women's,63,2,0,1,12.589678312014176,31.463707015081557,0,0,3.6152766927939575,31.463707015081557,17,0,2,5.313624265698516,8.782855022123083,0.4606947283880345,Head,Open Play,Normal,From Corner,Left Center Back,1,1,0,1,High Pass,Outswinging,46.922062,1,1,1,396.11794982334055,1.0,0.2871619594397375,0.029353354,0
3844387,Selma Bacha,France Women's,64,2,0,7,20.362956563328424,12.338444333885548,0,1,1.83700485740775,8.06514691899284,14,0,1,4.305857585973273,16.093163455556475,3.8775962748818102,Left Foot,Open Play,Normal,Regular Play,Left Wing,1,1,0,1,Ground Pass,,8.17435,1,1,1,251.2472060299571,0.6536599510234214,0.09021307154954136,0.016714497,0
3844387,Wendie Renard,France Women's,65,2,0,1,7.816009211867653,53.07513799703344,3,1,0.3801432575137867,0.0,17,1,6,1.6255940191185478,6.212219849167483,0.6796592563991695,Head,Open Play,Normal,From Corner,Left Center Back,1,1,0,1,High Pass,Inswinging,40.94008,1,1,1,414.83576750596023,0.0,0.04863649046582311,0.07803243,0
3844387,Wendie Renard,France Women's,75,2,0,1,10.694391053257783,37.39649163346034,0,0,2.1664610937634103,37.39649163346036,16,1,3,4.668346374943657,7.208617235328753,0.3282708498159792,Head,Open Play,Normal,From Free Kick,Left Center Back,1,1,0,1,High Pass,,38.554897,1,1,1,399.93270554810783,1.0000000000000004,0.20257919155700327,0.040398106,0
3844387,Onema Grace Geyoro,France Women's,86,2,0,13,4.780167361086849,73.55031014698919,0,1,1.7841558227429817,71.98499174674939,13,0,3,3.473863595667038,1.7841558227429817,2.0172927465209938,Head,Open Play,Normal,Regular Play,Center Attacking Midfield,1,1,0,1,High Pass,,30.259708,1,1,1,351.58279196245263,0.9787177185641837,0.3732412880073983,0.31794897,0
3844387,Delphine Cascarino,France Women's,92,2,0,1,14.993665329064806,19.99984865876385,0,1,2.279644916659349,13.149582635210093,11,0,1,4.975806866551574,10.042807541394213,3.5786649053330706,Right Foot,Open Play,Normal,Regular Play,Right Wing,1,1,0,1,High Pass,,25.573814,1,1,1,299.87103742145075,0.6574841069833797,0.1520405362283444,0.115112536,0
3844387,Wendie Renard,France Women's,93,2,0,1,14.383671297690306,24.35230116416142,5,1,1.7523961710022244,1.3892891451874292,15,0,2,3.823877590766938,10.753652807103457,3.2102128981824407,Head,Open Play,Normal,From Corner,Left Center Back,1,1,0,1,High Pass,Straight,50.263706,1,1,1,350.2754952876588,0.05704960429907979,0.12183232880770989,0.022911832,0
3844387,Vivianne Miedema,Netherlands Women's,93,3,0,17,10.221545871344508,38.50786400163137,2,1,0.556224387953235,0.0,13,0,2,3.2330293392702654,7.569701037446421,2.7967562145319675,Right Foot,Open Play,Volley,Regular Play,Center Forward,1,1,0,1,High Pass,,6.8963757,1,1,1,393.6098983001709,0.0,0.05441685582144446,0.0625385,0
3844387,Selma Bacha,France Women's,95,3,0,15,25.601757752154434,17.758975536035017,1,1,3.783290950618043,3.448111725632742,9,0,3,3.9647341829332117,21.876796132353398,1.2986633501790408,Left Foot,Open Play,Normal,From Free Kick,Left Wing,1,1,0,1,,,,0,0,0,454.66098960000545,0.194161634979232,0.14777465622647226,0.041508093,0
3844387,Esmee Brugts,Netherlands Women's,96,3,0,11,23.56374333589636,18.458851941899503,1,1,2.6991757106069576,4.091101530135073,11,0,2,3.100981666963731,20.587860906668748,1.6668703025979,Right Foot,Open Play,Normal,From Goal Kick,Left Wing,1,1,0,1,,,,0,0,0,434.959649434232,0.2216335849603266,0.11454783190135616,0.046125688,0
3844387,Eve Perisset,France Women's,101,3,0,0,12.0,36.86989764584404,0,1,10.097163387445159,30.983468358253027,14,0,0,0.39582684807508545,11.685383318010633,0.23701645724170106,Right Foot,Penalty,Normal,Other,Right Back,1,1,0,1,,,,0,0,0,442.43877175012847,0.8403459281570712,0.8414302822870966,0.7835,1
3844387,Clara Mateo,France Women's,103,3,1,1,21.627991122617,20.931628498469358,1,1,2.7352186352844887,10.567218866713974,10,1,2,4.765358983192014,16.997718392469086,1.2340126523237558,Right Foot,Open Play,Half Volley,From Free Kick,Center Attacking Midfield,1,1,0,1,,,,0,0,0,452.7090753468123,0.5048445641717132,0.1264666061576192,0.05864601,0
3844387,Clara Mateo,France Women's,104,3,1,9,24.15698656703688,18.254259195094367,2,1,0.5085093421876639,0.0,11,0,2,4.659080993192669,19.627336479891895,0.17926390654628221,Right Foot,Open Play,Normal,Regular Play,Center Attacking Midfield,1,1,0,1,Ground Pass,,7.528612,1,1,1,440.9678941671041,0.0,0.021050197663376773,0.038465053,0
3844387,Selma Bacha,France Women's,105,3,1,4,15.492256130079953,15.185190655954752,0,1,1.1800979788109178,8.61632446479995,10,0,2,5.022347256258946,10.472523466944622,4.440303045401464,Right Foot,Open Play,Normal,Regular Play,Left Wing,1,1,0,1,Ground Pass,,15.811388,1,1,1,235.25286302614785,0.5674162847221893,0.0761734100509496,0.060583834,0
3844387,Sandie Toletti,France Women's,106,3,1,2,6.726812023536849,61.014543561671196,1,0,1.348793034677146,57.76252941637353,12,0,3,4.5913387900913545,4.348927132038475,2.2059013527422877,Head,Open Play,Normal,Regular Play,Left Defensive Midfield,1,1,0,1,High Pass,,21.50279,1,1,1,410.4333652412626,0.9467010001966064,0.20050999343489495,0.17030084,0
3844387,Kadidiatou Diani,France Women's,107,3,1,8,6.082762530298219,66.37062226934319,0,0,0.8166938959211029,66.37062226934319,15,0,2,4.216082508191714,4.573558198129649,3.581417336621115,Head,Open Play,Normal,Regular Play,Center Forward,1,1,0,1,High Pass,,18.101105,1,1,1,403.7167342525373,1.0,0.13426364942789618,0.27563637,0
3844387,Victoria Pelova,Netherlands Women's,105,4,-1,6,13.36899397860587,28.837413401838077,1,1,3.253884654957225,16.388537289499205,11,0,1,3.549651687553261,9.828182829193898,1.7548751956727031,Left Foot,Open Play,Normal,From Kick Off,Right Wing,1,1,0,1,Ground Pass,,24.016869,1,1,1,385.52720612774147,0.5683081579173328,0.24339038974543267,0.20869632,0
3844387,Ouleymata Sarr,France Women's,106,4,1,8,12.48078523170718,21.550775237658712,1,1,1.1326047335519163,13.007895209431506,12,0,2,4.382878029738212,8.098985500898873,3.60829090801073,Right Foot,Open Play,Normal,Regular Play,Center Forward,1,1,0,1,Ground Pass,,8.96772,1,1,1,268.97059731801164,0.6035929132934844,0.09074787463488732,0.13801019,0
3844387,Ouleymata Sarr,France Women's,107,4,1,4,18.120706387997128,15.733919626201931,0,1,5.024540788332442,10.673966220953185,10,0,0,4.56100341264888,13.592473672266799,3.8918796014060817,Right Foot,Open Play,Normal,From Counter,Center Forward,1,1,0,1,Ground Pass,Through Ball,27.365854,1,1,1,285.1097378787507,0.6784047760850176,0.2772817284684122,0.078463495,0
3844387,Marion Torrent,France Women's,113,4,1,7,18.471870506258966,18.497822360405173,1,1,4.091986162553725,8.593768468679732,14,0,1,3.662302950821184,14.91294924386215,2.993405326131608,Right Foot,Open Play,Normal,Regular Play,Right Back,1,1,0,1,Ground Pass,,12.89496,1,1,1,341.6893792891859,0.46458271148039587,0.22152527331583477,0.07063018,0
3844387,Clara Mateo,France Women's,115,4,1,5,16.688319268278637,24.13237959458083,1,1,0.9024241831554041,2.1214142653949652,12,1,3,3.126778010336841,13.696893171988297,0.7019747117579485,Right Foot,Open Play,Normal,Regular Play,Center Attacking Midfield,1,1,0,1,Ground Pass,,4.8010416,1,1,1,402.72885537765745,0.08790738008577283,0.054075198865037484,0.052475397,0
3844387,Stephanie van der Gragt,Netherlands Women's,118,4,-1,3,11.01635148313633,39.869698560839105,2,1,0.3876869764734405,0.0,16,1,3,2.351186715267964,9.145142249884445,1.1849680618620226,Head,Open Play,Normal,From Throw In,Right Center Forward,1,1,0,1,High Pass,,35.21775,1,1,1,439.21861287289823,0.0,0.0351919577971805,0.0451849,0
3844387,Vivianne Miedema,Netherlands Women's,121,4,-1,1,16.85852899869974,23.388333961697654,5,0,2.5685140075741337,0.0,21,3,4,,,,Right Foot,Open Play,Volley,From Free Kick,Center Attacking Midfield,1,1,0,1,,,,0,0,0,394.2929063245539,0.0,0.15235694690635448,0.05015034,0
3835342,Melvine Malard,France Women's,0,1,0,2,25.993268359327192,13.239551659915538,1,1,1.5076417312387786,3.4788781054201054,12,1,3,4.512021513725312,21.481969673590555,2.947813798922482,Right Foot,Open Play,Normal,Regular Play,Center Forward,1,1,1,1,Low Pass,,8.112336,1,1,1,344.13921925336035,0.26276404177286916,0.05800123748954371,0.019765297,0
3835342,Melvine Malard,France Women's,0,1,0,4,17.245579143653018,25.793578262562352,1,1,3.072553981868652,20.487666490051453,11,0,3,3.9265205758145383,13.32623991778324,0.4536651183464002,Left Foot,Open Play,Normal,From Counter,Center Forward,1,1,1,1,Ground Pass,,9.759098,1,1,1,444.82519532502715,0.7942933036083607,0.17816473174224828,0.13462496,1
3835342,Karólína Lea Vilhjálmsdóttir,Iceland Women's,5,1,-1,1,24.41823089414956,18.30895908268018,1,1,3.264226315025829,14.658733663073946,14,0,2,3.2294027006560833,21.20499995603285,0.8881916315327416,Right Foot,Open Play,Normal,Regular Play,Center Attacking Midfield,1,1,1,1,Ground Pass,,5.903389,1,1,1,447.0723903124213,0.8006317342715974,0.1336798857040833,0.045563348,0
3835342,Sandy Baltimore,France Women's,8,1,1,9,26.981660438156872,12.726158689185693,1,1,4.435491617069283,7.509820938820213,12,0,2,3.6499337798495137,23.342214590185026,2.62047042597775,Left Foot,Open Play,Normal,Regular Play,Left Wing,1,1,1,1,Ground Pass,,10.2,1,1,1,343.37289243370793,0.5901090126435271,0.1643891274681045,0.018412571,0
3835342,Sveindís Jane Jónsdóttir,Iceland Women's,10,1,-1,1,7.810249675906654,46.8476102659946,2,1,0.762985945790703,0.0,17,2,3,2.745029548964977,5.695532107839221,0.341105704265523,Head,Open Play,Normal,From Corner,Right Midfield,1,1,1,1,High Pass,Straight,45.83503,1,1,1,365.89153289698555,0.0,0.09769033993169132,0.08687667,0
3835342,Melvine Malard,France Women's,11,1,1,7,17.647946056127886,25.480656215162618,1,1,3.083155778413409,10.586475647576924,12,0,2,4.015473809383339,14.016024883773959,1.7935364794483064,Right Foot,Open Play,Normal,Regular Play,Center Forward,1,1,1,1,Ground Pass,,12.306502,1,1,1,449.6812463599296,0.41547107571261427,0.17470337729998028,0.08946012,0
3835342,Sandy Baltimore,France Women's,13,1,1,8,16.6379085224075,25.9981519399253,1,1,3.9503668319222145,18.27550658959622,14,0,1,3.084739399649523,14.00526705088521,0.6094769706571768,Right Foot,Open Play,Normal,From Throw In,Left Wing,1,1,1,1,,,,0,0,0,432.5548737281282,0.702954065036083,0.23743169561258037,0.18416835,0
3835342,Wendie Renard,France Women's,14,1,1,1,9.166242414424785,46.94410391354617,3,1,0.43222555698423604,0.0,17,2,6,2.998625028279924,7.42040072961754,1.905370257078694,Head,Open Play,Normal,From Corner,Left Center Back,1,1,1,1,High Pass,Straight,43.63588,1,1,1,430.3010363995115,0.0,0.04715406133096031,0.060334,0
3835342,Sandy Baltimore,France Women's,19,1,1,8,5.632051136131484,70.66439235785693,1,1,0.6344548201450821,0.0,13,0,2,1.695318185027819,4.110834044715796,0.4664125925078437,Left Foot,Open Play,Volley,From Throw In,Left Wing,1,1,1,1,Low Pass,,27.452686,1,1,1,397.98547126310905,0.0,0.11265075632478605,0.24473548,0
3835342,Clara Mateo,France Women's,19,1,1,8,19.769167913698336,22.17887220631868,2,1,1.7319936699333052,9.564297013367478,14,0,3,2.868018819089215,17.059912270661084,1.5489765873933266,Right Foot,Open Play,Half Volley,From Throw In,Left Center Midfield,1,1,1,1,,,,0,0,0,438.4578487831711,0.4312345967998609,0.08761085329915086,0.04519759,0
3835342,Berglind Björg Þorvaldsdóttir,Iceland Women's,40,1,-1,1,4.887739763939977,68.47076568807388,1,0,2.7003048503094917,54.94361630703313,15,1,3,3.6918115539516365,4.561029911972666,0.2040894625530001,Other,Open Play,Normal,From Corner,Center Forward,1,1,1,1,,,,0,0,0,334.6672841210157,0.8024390519792758,0.5524649389542771,0.5391202,0
3835342,Selma Bacha,France Women's,46,2,1,2,25.685015086622002,11.656636605529394,1,1,1.2407802442236906,7.184428795533092,16,0,2,5.669295542989948,20.411481533378538,5.28624664409503,Left Foot,Open Play,Normal,From Throw In,Left Back,1,1,1,1,Ground Pass,,5.3366656,1,1,1,299.4008870722928,0.6163380603393878,0.04830755364710488,0.00941027,0
3835342,Sandy Baltimore,France Women's,54,2,1,3,14.993331851193046,22.479434397103127,0,1,1.212895317203792,15.386549857474797,13,0,4,5.298663819768776,9.69970081386162,3.5393536209878818,Left Foot,Open Play,Normal,Regular Play,Left Wing,1,1,1,1,Ground Pass,,6.7416615,1,1,1,337.0416197428909,0.6844722863426504,0.08089564942880123,0.08421647,0
3835342,Agla María Albertsdóttir,Iceland Women's,55,2,-1,4,27.528893911670334,12.76019363022615,1,1,3.2651613748998423,6.5157869335422625,12,0,2,5.314802974162404,22.234874937650588,3.1037587347223194,Right Foot,Open Play,Normal,From Keeper,Left Midfield,1,1,1,1,Ground Pass,,21.66218,1,1,1,351.2740167388672,0.5106338604539485,0.11860852039230102,0.020319303,0
3835342,Sara Björk Gunnarsdóttir,Iceland Women's,59,2,-1,1,4.716990566028304,80.56239022499577,2,1,0.4479124987482486,0.0,16,1,6,4.342424868625854,0.4479124987482486,0.6024196347023505,Head,Open Play,Normal,From Corner,Right Defensive Midfield,1,1,1,1,High Pass,Inswinging,40.250465,1,1,1,380.0120346679959,0.0,0.09495725982029893,0.16722566,0
3835342,Onema Grace Geyoro,France Women's,66,2,1,11,17.949373248110923,21.011172983922616,1,1,2.4428282360682503,12.17413860469866,16,0,1,2.8285483238917544,15.560138154557658,2.560949455631011,Right Foot,Open Play,Normal,Regular Play,Right Center Midfield,1,1,1,1,Ground Pass,,14.450605,1,1,1,377.1373862690516,0.5794126112813454,0.13609546151286062,0.046729196,0
3835342,Clara Mateo,France Women's,75,2,1,8,18.487833837418595,21.204663460172043,3,1,3.250096771275877,4.512028725077968,15,1,1,2.9318823869482618,15.72901050723092,2.2283208521907767,Right Foot,Open Play,Normal,Regular Play,Left Center Midfield,1,1,1,1,Ground Pass,,4.8104053,1,1,1,392.02829463004235,0.21278473641200435,0.1757965156901085,0.053942043,0
3835342,Berglind Björg Þorvaldsdóttir,Iceland Women's,76,2,-1,3,22.561028345356956,19.646461454712558,0,1,1.6750745596144268,15.897589593587014,11,0,3,4.295020583253505,18.34343876197377,1.651662936503044,Left Foot,Open Play,Normal,Regular Play,Center Forward,1,1,1,1,High Pass,,31.5601,1,1,1,443.24437376573286,0.8091833549890324,0.07424637449911081,0.07984126,0
3835342,Delphine Cascarino,France Women's,80,2,1,6,21.429419030855687,10.331691315472328,0,1,2.4534331769870144,6.117168393234435,14,0,1,5.140498565791397,16.31749063363016,4.292005268702027,Right Foot,Open Play,Normal,Regular Play,Right Wing,1,1,1,1,,,,0,0,0,221.40214249670913,0.5920781222018904,0.11448901967217949,0.0105655575,0
3835342,Ouleymata Sarr,France Women's,81,2,1,2,22.368057582186257,15.860050417001128,1,1,1.081699954649986,0.0,14,0,2,4.220433570844871,18.148576952164497,2.7597645942790976,Left Foot,Open Play,Normal,Regular Play,Center Forward,1,1,1,1,Ground Pass,,21.700691,1,1,1,354.7585209838584,0.0,0.048359136714286856,0.023932833,0
3835342,Marion Torrent,France Women's,81,2,1,2,17.415510328439986,25.46179679928264,2,1,1.6253714580717171,8.665661694753076,14,0,2,3.1472677193484877,14.285041920005558,0.8825276437227458,Right Foot,Open Play,Normal,From Counter,Right Back,1,1,1,1,,,,0,0,0,443.430185138547,0.3403397554015992,0.09332895949752577,0.07338124,0
3835342,Sandy Baltimore,France Women's,82,2,1,1,11.016805344563375,39.60979795437984,1,1,1.5541649507405535,13.502545821649996,16,1,3,9.440212171457251,1.7225720651841314,0.732625046417354,Left Foot,Open Play,Half Volley,From Corner,Left Wing,1,1,1,1,,,,0,0,0,436.3734338008873,0.340889035515945,0.14107219853053954,0.1058431,0
3835342,Glódís Perla Viggósdóttir,Iceland Women's,94,2,-1,1,7.144928271158502,49.88425118500366,2,1,2.514342007796816,16.79920087867458,19,0,3,1.9262607601755628,5.344348993364165,0.8271952499800221,Head,Open Play,Normal,From Corner,Right Center Back,1,1,1,1,High Pass,Inswinging,33.988968,1,1,1,356.41939657730467,0.33676361736637234,0.35190584319037993,0.12572964,0
3835342,Ouleymata Sarr,France Women's,95,2,1,2,29.438919817140032,14.095659179490143,1,1,1.4347377411344928,4.095792878472722,11,0,2,3.6407415939522676,25.875182869894665,2.138326582197408,Right Foot,Open Play,Normal,Regular Play,Center Forward,1,1,1,1,Ground Pass,,17.50457,1,1,1,414.9609803547442,0.2905712195732071,0.04873608644768123,0.024522906,0
3835342,Dagný Brynjarsdóttir,Iceland Women's,101,2,-1,0,11.900420160649796,37.156345075648375,0,1,10.217936432594046,31.070795364083324,17,0,0,0.7058582217298975,11.303377262659955,0.37196996122985126,Right Foot,Penalty,Normal,Other,Left Center Midfield,1,1,1,1,,,,0,0,0,442.1761180343067,0.836217752333412,0.8586198045663052,0.7835,1
3835337,Irene Paredes Hernandez,Spain Women's,7,1,0,1,14.534441853748634,21.268204684722082,2,1,1.4980526514361565,11.558866559319899,18,0,1,3.8647373929503046,10.693662756173097,2.670742546373951,Head,Open Play,Normal,From Corner,Right Center Back,1,0,0,1,High Pass,Straight,51.83676,1,1,0,309.1214843237174,0.5434810662520639,0.10306915576877057,0.025008036,0
3835337,Pernille Mosegaard Harder,Denmark Women's,12,1,0,2,23.21228123214088,18.28983654746604,0,1,2.070041162262048,11.323564432201453,6,0,1,21.273452598695897,2.070041162262048,8.431886434310087,Right Foot,Open Play,Half Volley,From Goal Kick,Center Forward,1,0,0,1,High Pass,,64.80625,1,1,0,424.54882962967037,0.6191178583151565,0.08917870421954761,0.22630103,0
3835337,Pernille Mosegaard Harder,Denmark Women's,15,1,0,4,17.353962083628048,12.6495895953937,0,1,4.171364983566558,7.422015244064704,7,0,1,4.205782970629091,13.156922189259864,3.6175624547710683,Right Foot,Open Play,Normal,From Counter,Center Forward,1,0,0,1,Ground Pass,,33.94186,1,1,0,219.52049821191812,0.5867396082768885,0.2403696034061223,0.034347247,0
3835337,Kathrine Møller Kühl,Denmark Women's,18,1,0,11,13.124404748406688,27.11244642795573,1,1,2.494586900830211,2.2402005908505993,13,1,2,3.0652341602790463,10.059781110598973,1.9440826177572177,Right Foot,Open Play,Half Volley,Regular Play,Left Wing,1,0,0,1,,,,0,0,0,355.83472063998414,0.08262628002985084,0.19007238413102548,0.078801714,0
3835337,María Francesca Caldentey Oliver,Spain Women's,20,1,0,2,13.695254652615994,29.23011086866937,0,0,2.954350841225009,29.23011086866937,17,0,2,,,,Head,Open Play,Normal,From Throw In,Left Center Midfield,1,0,0,1,High Pass,,32.9079,1,1,0,400.3138118706255,1.0,0.21572076724113232,0.09411103,0
3835337,María Francesca Caldentey Oliver,Spain Women's,32,1,0,11,14.90838690133846,30.02410584455442,1,1,2.470011094821806,3.385040976464801,17,1,1,2.853387870717781,12.857071377791996,1.7629246468658266,Right Foot,Open Play,Normal,From Throw In,Left Center Midfield,1,0,0,1,Ground Pass,,16.40762,1,1,0,447.6109862973546,0.11274410615224893,0.16567929925403604,0.106799826,0
3835337,Patricia Guijarro Gutiérrez,Spain Women's,33,1,0,10,27.86269907959385,15.4679346418045,2,0,3.268579325280501,7.692053570591268,17,0,1,,,,Left Foot,Open Play,Normal,Regular Play,Center Defensive Midfield,1,0,0,1,Ground Pass,,12.681088,1,1,0,430.97840830742405,0.4972902813929855,0.11731021879622391,0.030266402,0
3835337,Athenea del Castillo Belvide,Spain Women's,40,1,0,4,30.87150789967993,12.468583976466467,2,1,2.5093804245329907,0.0,13,0,2,3.8362640524310727,27.258925980892887,0.9632711864224248,Right Foot,Open Play,Normal,Regular Play,Left Midfield,1,0,0,1,Ground Pass,,23.836527,1,1,0,384.9239887273071,0.0,0.08128467299645598,0.010105763,0
3835337,Irene Paredes Hernandez,Spain Women's,46,1,0,7,9.97647232241938,34.959321863185394,0,1,1.026169054822407,31.91093201241646,16,0,2,3.0644582462771304,7.847765994029806,0.19745246084168855,Head,Open Play,Normal,From Corner,Right Center Back,1,0,0,1,High Pass,,41.06215,1,1,0,348.7707069786198,0.9128018025435699,0.10285890860603844,0.056857035,0
3835337,Kathrine Møller Kühl,Denmark Women's,49,2,0,5,13.452880732393337,28.720326797869493,1,1,1.5770138769141226,6.055320989501159,17,1,2,3.3082314314295274,10.181415086458694,1.420763667584282,Right Foot,Open Play,Half Volley,From Throw In,Left Wing,1,0,0,1,Low Pass,,27.188417,1,1,0,386.37113100709854,0.2108374682543776,0.11722499502406304,0.05646029,0
3835337,Olga  Carmona García,Spain Women's,53,2,0,46,13.870832707519758,16.663479082887935,1,1,4.588158793812061,6.257252049946862,14,0,1,3.1642415143424176,10.875065555767337,2.2389760768709266,Left Foot,Open Play,Half Volley,From Goal Kick,Left Back,1,0,0,1,,,,0,0,0,231.13633068399332,0.37550694058676864,0.3307774587552119,0.044360686,0
3835337,María Pilar León Cebrián,Spain Women's,63,2,0,1,5.966573556070518,29.74488129694233,1,1,1.0371952947219267,5.809695513657021,17,0,3,0.8648094966116449,5.3006072274815175,0.7940378465813751,Left Foot,Open Play,Half Volley,From Corner,Left Center Back,1,0,0,1,High Pass,Inswinging,33.952465,1,1,0,177.47502217479266,0.19531748860111395,0.1738343263474331,0.09505976,0
3835337,Athenea del Castillo Belvide,Spain Women's,66,2,0,11,21.300938946440837,18.868539544356146,2,1,3.335345364385467,1.9555787939261835,15,1,1,4.238580522705902,17.542686469415717,0.2834101822615125,Right Foot,Open Play,Normal,Regular Play,Left Midfield,1,0,0,1,,,,0,0,0,401.9176088428349,0.10364229776920522,0.15658208179328958,0.04404368,0
3835337,Olga  Carmona García,Spain Women's,70,2,0,28,30.60065358779122,12.069246936439036,2,1,0.4358332418692999,0.0,17,0,1,3.439474383172994,27.312227848327648,1.2001870960429173,Left Foot,Open Play,Normal,Regular Play,Left Back,1,0,0,1,Ground Pass,,11.78813,1,1,0,369.3268445674814,0.0,0.014242612191890724,0.009017637,0
3835337,Pernille Mosegaard Harder,Denmark Women's,71,2,0,1,25.573814733042852,17.47002314664533,0,0,2.7282681876936907,17.470023146645357,7,0,2,,,,Left Foot,Open Play,Normal,From Counter,Center Forward,1,0,0,1,High Pass,,57.90216,1,1,0,446.77513533427805,1.0000000000000013,0.10668209714402169,0.03417923,0
3835337,Nadia Nadim,Denmark Women's,75,2,0,4,41.69148594137656,10.860228825122853,1,0,0.6106067011140227,0.0,5,0,1,,,,Left Foot,Open Play,Normal,From Free Kick,Center Forward,1,0,0,1,,,,0,0,0,452.77907738274195,0.0,0.014645836849581519,0.006887087,0
3835337,Aitana Bonmati Conca,Spain Women's,76,2,0,11,18.406792224611007,24.512785971774154,2,0,1.7570151037102852,5.632941313511258,16,0,2,,,,Left Foot,Open Play,Normal,From Free Kick,Right Center Midfield,1,0,0,1,,,,0,0,0,451.2017582288062,0.2297960468466312,0.09545471488296851,0.06096039,0
3835337,Nadia Nadim,Denmark Women's,77,2,0,3,14.089002803605377,31.354581162921974,0,1,1.1152790124700154,25.220193897292916,9,1,3,2.8879467997813975,11.21347290391481,0.7052834112580086,Right Foot,Open Play,Normal,Regular Play,Center Forward,1,0,0,1,Ground Pass,,11.462984,1,1,0,441.75478191028003,0.804354354671361,0.07915954223421798,0.21036667,0
3835337,Karen Holmgaard,Denmark Women's,78,2,0,1,6.7416615162732665,59.7011712445909,2,1,0.3668571739993274,0.0,18,4,6,2.383234363598696,4.659007829181547,1.6720952902642807,Head,Open Play,Normal,From Corner,Right Center Midfield,1,0,0,1,High Pass,Inswinging,38.81469,1,1,0,402.48508865609864,0.0,0.05441643326556729,0.114754096,0
3835337,Aitana Bonmati Conca,Spain Women's,84,2,0,1,20.854016399725015,21.66497155057499,6,1,2.9198042412998992,3.8100822371833973,17,1,2,6.182004738335441,15.010079269503427,2.130791728386285,Right Foot,Open Play,Half Volley,From Corner,Center Attacking Midfield,1,0,0,1,,,,0,0,0,451.8016720152667,0.17586370830393624,0.14001160185806702,0.04070577,0
3835337,Marta Cardona De Miguel,Spain Women's,84,2,0,1,25.501568579207042,17.696677780652564,5,1,1.1968781774029658,5.833728937937022,17,1,1,4.365679149204019,21.215253557563056,1.2892607934201976,Right Foot,Open Play,Half Volley,From Corner,Right Wing,1,0,0,1,,,,0,0,0,451.29304204744085,0.32965107972497104,0.04693351209693243,0.023779254,0
3835337,Sanne Troelsgaard-Nielsen,Denmark Women's,86,2,0,2,29.48525055006316,15.358803578340167,3,0,2.0416002105375135,4.144032273327596,16,0,1,,,,Right Foot,Open Play,Half Volley,From Throw In,Left Center Midfield,1,0,0,1,,,,0,0,0,452.8581716565664,0.2698147842174204,0.06924140620989705,0.011861457,0
3835338,Alexandra Popp,Germany Women's,0,1,0,14,7.915806970865326,53.5618766220168,0,1,1.4445652004941574,38.43282702444006,17,1,3,3.752162700113346,4.557793567885318,1.4786655019199202,Head,Open Play,Normal,From Kick Off,Center Forward,1,1,0,1,High Pass,,29.496101,1,1,1,423.9854763371891,0.7175407108242005,0.1824912110427881,0.1477498,0
3835338,Sara Däbritz,Germany Women's,5,1,0,14,20.394361965994424,19.08871890223061,0,1,1.5194393536705872,14.558737419920687,14,0,3,5.238912480446919,15.181705856161646,3.14732219285375,Left Foot,Open Play,Normal,From Goal Kick,Right Center Midfield,1,1,0,1,Ground Pass,,3.9115214,1,1,1,389.3022427592108,0.7626880302700371,0.07450291194223686,0.09721213,0
3835338,Klara Bühl,Germany Women's,7,1,0,1,22.291253890259288,15.879283599168597,2,1,2.153701180598326,7.188833978927972,18,0,2,6.978561064844593,15.315304265668962,4.35426586705551,Right Foot,Open Play,Normal,From Free Kick,Left Wing,1,1,0,1,Ground Pass,,18.200275,1,1,1,353.9691423044975,0.4527177774760798,0.09661642145395144,0.03735426,0
3835338,Marina Hegering,Germany Women's,7,1,0,1,10.679419459877014,40.855376258895724,2,1,1.2875804062882863,14.025854972609478,16,1,5,3.1671388410035446,7.977351557768474,1.0671385239545614,Head,Open Play,Normal,From Corner,Left Center Back,1,1,0,1,High Pass,Inswinging,46.253433,1,1,1,436.31170025984835,0.3433050006375974,0.12056651685288465,0.056876663,0
3835338,Klara Bühl,Germany Women's,11,1,0,3,25.247970215445044,17.5045630317903,5,1,5.138513566103045,2.9473810704203984,19,0,0,4.056358487143128,21.275514356521807,0.23199202033606525,Left Foot,Open Play,Normal,From Corner,Left Wing,1,1,0,1,Ground Pass,,20.161348,1,1,1,441.9546860610219,0.16837787181934305,0.20352184838049442,0.033183303,0
3835338,Giulia Gwinn,Germany Women's,12,1,0,2,10.42353107157071,38.46318917935982,2,0,0.648723451041768,19.91529351713381,16,0,2,9.859227993568988,12.405473456020932,7.247655010264182,Head,Open Play,Normal,From Corner,Right Back,1,1,0,1,,,,0,0,0,400.92224752275945,0.5177754092169972,0.06223643855306439,0.09120792,0
3835338,Sophia Kleinherne,Germany Women's,12,1,0,3,24.095850265139017,10.043694258852977,1,1,1.9017008524315313,5.704936721741821,18,0,1,4.936968151011006,19.20352213725183,3.883596223243323,Right Foot,Open Play,Normal,From Corner,Left Back,1,1,0,1,Ground Pass,,9.702062,1,1,1,242.01135297015773,0.5680117867699155,0.07892233855647923,0.009405585,0
3835338,Sara Däbritz,Germany Women's,17,1,0,3,18.86054081939327,20.171381259200928,1,1,2.089951936454316,0.0,13,0,1,6.1576568047812605,12.826754405968698,4.251184132480326,Left Foot,Open Play,Normal,Regular Play,Right Center Midfield,1,1,0,1,Ground Pass,,7.7155685,1,1,1,380.44315962270355,0.0,0.11081081695734471,0.05611978,0
3835338,Giulia Gwinn,Germany Women's,23,1,0,9,16.920106382644292,16.79895826600342,1,1,2.4785829132371022,7.966746424679178,15,0,1,7.115031450628899,9.849909276437051,6.022704165247106,Right Foot,Open Play,Normal,From Free Kick,Right Back,1,1,0,1,Low Pass,,19.35691,1,1,1,284.24016097837955,0.4742405034008408,0.1464874308225092,0.06743054,0
3835338,Juliette Kemppi,WNT Finland,24,1,0,1,20.89258241577618,20.354195056890934,1,1,1.3931531484798754,9.356139672370361,6,0,1,1.975649492471017,18.941578150421197,0.4247496033257505,Right Foot,Open Play,Normal,From Counter,Left Center Forward,1,1,0,1,High Pass,,57.58967,1,1,1,425.2516977328779,0.459666405191633,0.06668171127700771,0.08057947,0
3835338,Alexandra Popp,Germany Women's,26,1,0,20,7.569015788066506,45.214279271804386,0,1,1.8345938103483048,29.489905267598193,14,0,4,5.445245428242944,2.224843557828989,3.549867436729606,Left Foot,Open Play,Half Volley,Regular Play,Center Forward,1,1,0,1,High Pass,,15.226622,1,1,1,342.2275936543355,0.6522254858983916,0.24238208265343691,0.1350417,0
3835338,Giulia Gwinn,Germany Women's,26,1,0,9,21.944703233354517,20.621966558589747,1,1,7.410876539318284,13.413280345699865,17,0,0,4.490451026171092,17.50857228550375,0.9043402994008716,Left Foot,Open Play,Normal,Regular Play,Right Back,1,1,0,1,,,,0,0,0,452.5429362164131,0.6504365288145995,0.3377068470925702,0.059487674,0
3835338,Marina Hegering,Germany Women's,27,1,0,13,33.700593466584536,13.537567086071517,2,0,4.889092964514057,9.876009563232003,16,0,1,,,,Right Foot,Open Play,Normal,Regular Play,Left Center Back,1,1,0,1,,,,0,0,0,456.22404489431165,0.7295261770775042,0.14507438776595388,0.018598223,0
3835338,Svenja Huth,Germany Women's,29,1,0,4,17.269916039170546,25.330030508972015,2,1,1.8487942652897844,0.0,17,0,2,3.7857193752579867,13.491110058119625,1.1585906822184384,Right Foot,Open Play,Normal,From Throw In,Right Wing,1,1,0,1,,,,0,0,0,437.4475001595751,0.0,0.10705288092289879,0.06821676,0
3835338,Svenja Huth,Germany Women's,29,1,0,5,17.112568480505786,19.12504723295335,0,1,2.70815331221192,12.884779622032902,10,0,1,6.144634902490591,11.023394162912751,4.8186528333281515,Right Foot,Open Play,Normal,Regular Play,Right Wing,1,1,0,1,Ground Pass,,24.358366,1,1,1,327.27868046682187,0.6737123032999273,0.15825522131858705,0.13818167,0
3835338,Linda Dallmann,Germany Women's,37,1,0,7,8.881441324469812,42.49063526014829,1,1,1.5813351062157273,28.75982855712356,14,2,5,3.793810284731319,5.240374952988867,1.5076676775613862,Right Foot,Open Play,Normal,Regular Play,Left Center Midfield,1,1,0,1,,,,0,0,0,377.3780839024551,0.6768509903662756,0.1780493782984179,0.07964893,0
3835338,Sara Däbritz,Germany Women's,38,1,0,1,25.088044961694404,17.719995113198852,3,0,4.349433960937068,10.30142070551062,19,0,1,,,,Left Foot,Open Play,Normal,From Corner,Right Center Midfield,1,1,0,1,,,,0,0,0,444.5600341209379,0.5813444439291939,0.1733667955226478,0.035281677,0
3835338,Sophia Kleinherne,Germany Women's,39,1,0,9,3.8118237105091803,92.76839612296094,1,1,0.528037441063058,0.0,14,1,4,3.3703750011061295,3.7021083251259417,3.0839486550332893,Head,Open Play,Normal,From Corner,Left Back,1,1,0,1,High Pass,,19.97248,1,1,1,353.6167719274104,0.0,0.1385261966882837,0.6254968,1
3835338,Klara Bühl,Germany Women's,44,1,1,3,16.772000476985447,10.088041354087329,0,1,2.220305715103199,6.652310317682623,14,0,1,5.615214438079724,11.221573613902143,4.971238951519638,Right Foot,Open Play,Normal,Regular Play,Left Wing,1,1,0,1,Ground Pass,,38.887016,1,1,1,169.1966344026016,0.6594253615928463,0.1323816868566099,0.012923666,0
3835338,Sara Däbritz,Germany Women's,44,1,1,7,6.661080993352358,47.719913315569634,1,1,0.3569231339481898,0.0,13,0,3,3.103031678609367,4.115547263067308,1.450369661973049,Head,Open Play,Normal,Regular Play,Right Center Midfield,1,1,0,1,High Pass,,31.58259,1,1,1,317.866207590763,0.0,0.053583364967997364,0.12741877,0
3835338,Alexandra Popp,Germany Women's,47,2,1,5,6.985699678629197,57.35535986508351,2,1,0.24880698461251977,0.0,14,0,5,3.0906299820307024,4.634997811890728,0.41622846172446515,Head,Open Play,Normal,From Corner,Center Forward,1,1,0,1,High Pass,,24.207438,1,1,1,400.6673189771758,0.0,0.03561661623869624,0.15396634,1
3835338,Linda Dallmann,Germany Women's,49,2,2,3,14.417003849621466,30.983515967839086,1,1,1.312818428359273,12.215394465391576,19,1,3,6.020865943074204,8.399317473270996,0.44139677369825847,Left Foot,Open Play,Normal,From Corner,Left Center Midfield,1,1,0,1,Ground Pass,,7.253275,1,1,1,446.68946898314425,0.3942546248808936,0.09106042018527605,0.13855335,0
3835338,Linda Dallmann,Germany Women's,54,2,2,3,21.497209121185943,17.609244344648527,0,1,3.2446241259900317,14.243686803131721,12,0,2,5.367375749460895,16.589364158301372,1.2785142297759862,Right Foot,Open Play,Normal,From Throw In,Left Center Midfield,1,1,0,1,Ground Pass,,18.995262,1,1,1,378.54960814297027,0.8088755272147948,0.1509323423193752,0.037028674,0
3835338,Svenja Huth,Germany Women's,58,2,2,6,17.189822570346678,24.198671988087348,1,1,2.800174800509669,8.684055023399257,12,0,2,5.42209048356352,11.769915638759942,2.323643589925908,Left Foot,Open Play,Normal,From Free Kick,Right Wing,1,1,0,1,Ground Pass,,42.81927,1,1,1,415.9708779132398,0.35886494216187936,0.16289724859290367,0.09252482,0
3835338,Alexandra Popp,Germany Women's,60,2,2,2,9.585405573057404,42.854565820713695,0,1,1.0173882701160035,31.67258169429911,10,0,2,3.7873346014511964,6.158493085082056,2.592372365340424,Left Foot,Open Play,Backheel,Regular Play,Center Forward,1,1,0,1,Ground Pass,,16.327278,1,1,1,410.7783940488244,0.7390713471886399,0.10613930337759228,0.08959829,0
3835338,Nicole Anyomi,Germany Women's,62,2,2,7,16.61384964419745,26.351354204813095,2,1,1.1110060895654685,10.12952686219743,14,0,2,5.275662916161474,11.456264764631117,2.1744005541568328,Right Foot,Open Play,Normal,From Corner,Right Back,1,1,0,1,,,,0,0,0,437.79743667975504,0.38440251622238314,0.06687228507292398,0.10390438,1
3835338,Jule Brand,Germany Women's,73,2,3,4,16.834488409215176,20.051893066093275,1,1,2.7629150546174026,13.52487910658555,16,0,2,3.8254950321397008,13.192070083994349,1.788285789394692,Right Foot,Open Play,Normal,From Goal Kick,Left Wing,1,1,0,1,High Pass,,64.86208,1,1,1,337.5633614039694,0.6744938775608886,0.16412230579605774,0.06538097,0
3835338,Sara Däbritz,Germany Women's,82,2,3,5,20.33420763147657,14.446575423766383,1,1,1.1986495458770063,7.460364635745696,16,0,3,4.166272605304488,16.179049113021186,3.4011428963638792,Left Foot,Open Play,Normal,Regular Play,Right Center Midfield,1,1,0,1,,,,0,0,0,293.7596642306522,0.5164105967613947,0.058947443028050085,0.0368965,0
3835338,Alexandra Popp,Germany Women's,82,2,3,5,22.85278976405288,19.573125830410202,2,1,4.666834094312151,2.069312372040022,17,1,1,3.946417700114964,18.91028676330788,0.532797814243537,Left Foot,Open Play,Normal,Regular Play,Left Center Midfield,1,1,0,1,,,,0,0,0,447.30052962771725,0.10572212072662358,0.20421288352518852,0.05030477,0
3835338,Laura Freigang,Germany Women's,85,2,3,4,7.640026177965621,40.97559059170618,1,1,0.6028677501833908,0.0,9,0,3,5.470542324230087,2.4030168322890026,4.836825015607765,Right Foot,Open Play,Normal,Regular Play,Center Forward,1,1,0,1,Low Pass,,19.822462,1,1,1,313.05458477823703,0.0,0.0789091210082636,0.14371045,0
3835338,Tabea Waßmuth,Germany Women's,87,2,3,3,25.89903473104741,13.069495821697648,1,1,2.686280022506197,2.5681560172484574,12,0,2,4.18055805396623,21.794416221383035,2.2638627631380146,Left Foot,Open Play,Normal,Regular Play,Right Wing,1,1,0,1,High Pass,,50.571533,1,1,1,338.48732620342645,0.19650000675503254,0.10372124098068879,0.019283894,0
3835338,Sara Däbritz,Germany Women's,87,2,3,3,21.684326136636106,20.386791160440104,1,1,1.9604985715650758,4.060857006113662,15,0,3,4.1343907556328094,17.551665973507824,1.0577014635450581,Left Foot,Open Play,Normal,Regular Play,Right Center Midfield,1,1,0,1,,,,0,0,0,442.0738284024733,0.1991905922886786,0.09041085986309595,0.04788743,0
3835329,Natalia Kuikka,WNT Finland,1,1,0,4,40.02561679724623,10.235847430820963,1,1,8.082257247151563,4.379465340740193,20,0,0,1.9647487199622988,38.06133285438059,0.9157367199248725,Right Foot,Open Play,Normal,From Throw In,Left Center Back,1,1,0,1,Ground Pass,,10.604244,1,1,1,409.6961068611172,0.42785566806645337,0.20192711303096333,0.0055862656,0
3835329,Pernille Mosegaard Harder,Denmark Women's,5,1,0,6,19.085072700935672,23.58033496468373,1,1,1.677312455410131,7.769612168737394,15,1,3,2.261260530148765,16.89197889641335,0.30844580096162133,Left Foot,Open Play,Normal,Regular Play,Left Wing,1,1,0,1,,,,0,0,0,450.03240711340436,0.32949541134059135,0.08788609200990355,0.04197843,0
3835329,Nadia Nadim,Denmark Women's,8,1,0,12,21.693316943243143,12.309765747700332,1,1,3.742738912227753,3.7193383261950044,17,0,1,3.163483260447851,18.53212530079277,2.6577280367609575,Left Foot,Open Play,Normal,Regular Play,Right Wing,1,1,0,1,High Pass,,84.41001,1,1,1,267.0396498619417,0.3021453374845771,0.17252958236031815,0.012628172,0
3835329,Nadia Nadim,Denmark Women's,9,1,0,13,7.981227975693969,52.24756708070638,1,1,1.6535119300652732,24.055487400744994,15,0,5,2.9316262451793875,6.099847233922074,2.449838946264819,Right Foot,Open Play,Half Volley,Regular Play,Right Wing,1,1,0,1,Ground Pass,,6.7052217,1,1,1,416.99974404648106,0.4604135416216928,0.20717512832622728,0.33773264,0
3835329,Emmi Alanen,WNT Finland,14,1,0,6,26.60075186907318,16.860238207181375,1,1,5.7032354170589565,10.416819424506743,13,0,0,4.539802870498755,22.06798021588482,0.5574706848854163,Right Foot,Open Play,Half Volley,Regular Play,Left Defensive Midfield,1,1,0,1,,,,0,0,0,448.49501300269895,0.6178334669121015,0.21440128629182495,0.033128116,0
3835329,Signe Kallesøe Bruun,Denmark Women's,17,1,0,8,12.20040982918197,30.28994503113773,3,1,1.3392082243487782,4.831852694581678,14,0,2,2.4507457087317497,10.12720456007423,2.2449574337245295,Left Foot,Open Play,Volley,Regular Play,Center Forward,1,1,0,1,High Pass,,8.852683,1,1,1,369.54974308327434,0.15952002189553618,0.10976747856006829,0.07749134,0
3835329,Eveliina Summanen,WNT Finland,18,1,0,3,24.025195108468935,18.59376081276261,2,1,0.825612838916576,3.2201658347689803,17,0,2,2.10589691284955,21.921171855456326,0.47745592319824937,Right Foot,Open Play,Normal,Regular Play,Right Defensive Midfield,1,1,0,1,Ground Pass,,15.743253,1,1,1,446.71873132682566,0.17318528872107916,0.034364459276567776,0.03917209,0
3835329,Signe Kallesøe Bruun,Denmark Women's,26,1,0,1,23.22154172315008,18.43363478995404,1,1,2.5926279379108927,4.389417640278706,11,0,2,3.589147282248259,19.632425148391505,1.2236643483845882,Left Foot,Open Play,Normal,From Counter,Center Forward,1,1,0,1,Ground Pass,,15.123822,1,1,1,428.0574193842286,0.23812002843144373,0.11164753696462124,0.04835452,0
3835329,Sara Gedsted Thrige Andersen,Denmark Women's,27,1,0,1,19.360010330575754,19.633084292672493,1,1,1.8527072048988114,0.0,10,0,1,4.519218759543478,14.889326731301303,3.0020669862404574,Right Foot,Open Play,Normal,Regular Play,Right Wing Back,1,1,0,1,Ground Pass,,34.48188,1,1,1,380.096714727204,0.0,0.09569763513879866,0.048557527,0
3835329,Katrine Veje,Denmark Women's,32,1,0,3,18.900264548413077,23.898892490454838,0,1,1.293223434646794,19.619799874103194,16,0,4,2.911948754473155,16.071378496240428,0.6216027886485591,Left Foot,Open Play,Normal,Regular Play,Left Center Back,1,1,0,1,Ground Pass,,6.43506,1,1,1,451.6953904836791,0.8209501708892701,0.06842356260856554,0.12536152,0
3835329,Linda Sällström,WNT Finland,32,1,0,1,37.995394457749754,11.836464590241265,1,0,4.077482749063746,4.294808647514398,9,0,1,,,,Right Foot,Open Play,Normal,From Counter,Left Center Forward,1,1,0,1,Ground Pass,,12.010828,1,1,1,449.7311410914042,0.362845562099287,0.10731518404415669,0.0063448776,0
3835329,Janni Thomsen,Denmark Women's,33,1,0,6,17.585505395068974,16.56022497353037,1,1,2.5047997044777546,3.9236703760693765,14,0,2,3.843417447176474,13.85074236748558,3.4481249627680413,Right Foot,Open Play,Normal,Regular Play,Right Wing Back,1,1,0,1,Ground Pass,,27.81079,1,1,1,291.2199256155743,0.23693339808733974,0.1424354687685068,0.043370724,0
3835329,Emma Wilhelmina Koivisto,WNT Finland,38,1,0,10,17.112568480505786,19.12504723295335,1,1,1.1162453014542801,12.90474509381127,13,0,2,3.984179374217669,13.154430801507669,3.105746712579979,Left Foot,Open Play,Normal,Regular Play,Right Back,1,1,0,1,Ground Pass,,17.404022,1,1,1,327.27868046682187,0.6747562469584802,0.06522955935725716,0.06389766,0
3835329,Sanne Troelsgaard-Nielsen,Denmark Women's,43,1,0,4,26.248809496813376,17.298746057741816,3,1,1.2329874233868383,0.0,19,0,2,1.3664184199334837,24.915176101551385,0.2079299686012348,Left Foot,Open Play,Normal,From Throw In,Right Defensive Midfield,1,1,0,1,Ground Pass,,14.280056,1,1,1,454.07148980341634,0.0,0.046973079809068057,0.03172725,0
3835329,Katrine Veje,Denmark Women's,45,1,0,1,22.514217730136664,19.47580375136125,5,1,2.1718184443668984,1.828021532875411,19,0,1,2.1726672389857473,21.687344801248337,2.1429021245905133,Left Foot,Open Play,Half Volley,From Corner,Left Center Back,1,1,0,1,,,,0,0,0,438.48248612755964,0.09386116004314546,0.09646430848271428,0.028504057,0
3835329,Nadia Nadim,Denmark Women's,45,2,0,10,14.287407042567239,30.405615043005405,1,1,2.1289576616551726,20.23151214612656,14,1,1,2.388927748865232,12.36544392784519,1.7890655670611437,Right Foot,Open Play,Normal,From Free Kick,Left Wing,1,1,0,1,Ground Pass,,16.81071,1,1,1,434.41739849902376,0.6653873673501196,0.1490093797504512,0.18122123,0
3835329,Janni Thomsen,Denmark Women's,46,2,0,10,16.468454693747077,27.207081369756725,3,1,2.114684341649104,11.011675348776624,16,2,1,1.2633345105758234,15.24240111074758,0.40378034027723686,Right Foot,Open Play,Volley,From Free Kick,Right Wing Back,1,1,0,1,,,,0,0,0,448.0585868869288,0.40473563478283103,0.1284081828547053,0.09184712,0
3835329,Sanne Troelsgaard-Nielsen,Denmark Women's,60,2,0,5,20.505608988762077,20.79411495550366,1,1,3.5201255754365586,10.388754098234415,15,0,3,1.4835408902359846,19.02631636182606,0.6207096521911311,Left Foot,Open Play,Normal,From Throw In,Right Defensive Midfield,1,1,0,1,,,,0,0,0,426.39599054492777,0.4996006860818466,0.17166647317647252,0.049158853,0
3835329,Sofie Junge Pedersen,Denmark Women's,60,2,0,6,17.681911661356082,24.501408356244102,3,1,3.4118334101622754,10.549731121980559,16,0,1,1.8893100884385998,16.14163709756837,1.4615342391032229,Right Foot,Open Play,Normal,From Throw In,Left Defensive Midfield,1,1,0,1,Ground Pass,,11.684606,1,1,1,433.23173813392,0.4305765190551585,0.19295613933072953,0.06430611,0
3835329,Katrine Veje,Denmark Women's,61,2,0,7,30.010164944565034,13.721721420875095,0,1,2.5367139056345747,11.24377521038506,17,0,1,2.268429970814253,27.748905027673445,0.8314073374317132,Left Foot,Open Play,Normal,Regular Play,Left Center Back,1,1,0,1,Ground Pass,,17.45623,1,1,1,411.7911231638329,0.8194143333415665,0.0845284892742312,0.025257876,0
3835329,Stine Larsen,Denmark Women's,64,2,0,6,4.957822102496216,71.9958383940866,1,1,0.5001708632334257,0.0,12,0,2,1.9656089501617446,3.0769587626070494,1.1296307406258919,Head,Open Play,Normal,From Goal Kick,Center Forward,1,1,0,1,High Pass,,38.986794,1,1,1,356.9425588779483,0.0,0.10088519775277828,0.20867765,0
3835329,Karen Holmgaard,Denmark Women's,68,2,0,2,14.446106741956461,25.133496566802453,0,1,1.4398297859621836,0.0,6,0,1,13.027601700681407,1.4398297859621836,7.93156396014848,Right Foot,Open Play,Normal,From Counter,Right Defensive Midfield,1,1,0,1,Low Pass,,24.45915,1,1,1,363.0811742026245,0.0,0.09966905351601915,0.4064756,0
3835329,Karen Holmgaard,Denmark Women's,71,2,0,8,5.457105459856898,37.04247477308288,2,1,1.4246839637449944,18.148203919867147,15,1,3,1.7276240590178809,3.748777685900098,1.7158656663083178,Head,Open Play,Normal,Regular Play,Right Defensive Midfield,1,1,0,1,High Pass,,36.78383,1,1,1,202.14469133080198,0.4899295749282561,0.2610695311324172,0.13240376,0
3835329,Pernille Mosegaard Harder,Denmark Women's,71,2,0,8,3.0000000000000027,110.03101268089765,0,0,2.499940012482517,94.62001548529244,14,0,3,4.8261067545555045,6.5775696399352785,4.670241316466914,Head,Open Play,Normal,Regular Play,Center Forward,1,1,0,1,,,,0,0,0,330.09303804269325,0.8599395132325207,0.8333133374941716,0.7527447,1
3835329,Olga Ahtinen,WNT Finland,81,2,-1,4,35.243439105739945,12.614872249299554,1,0,4.444925080154692,7.772653798380558,15,0,1,,,,Right Foot,Open Play,Normal,From Free Kick,Right Defensive Midfield,1,1,0,1,Ground Pass,,7.4464755,1,1,1,444.5914819448775,0.6161500207671258,0.12612063955559794,0.0112890955,0
3835329,Natalia Kuikka,WNT Finland,83,2,-1,1,11.83300469027203,35.60317661971493,2,1,0.7049010075243791,0.0,18,0,6,2.5946635641477496,9.272177243677799,1.236596236204221,Head,Open Play,Normal,From Free Kick,Left Center Back,1,1,0,1,High Pass,,38.46375,1,1,1,421.29255592967024,0.0,0.05957075366528686,0.050424516,0
3835329,Jenny Danielsson,WNT Finland,92,2,-1,22,23.326594264915737,18.27434553702471,2,1,2.026910505670163,0.0,17,1,3,3.0852576360459976,20.287340513198114,1.5461534160192585,Right Foot,Open Play,Normal,From Throw In,Center Forward,1,1,0,1,Ground Pass,,5.903389,1,1,1,426.2782437990491,0.0,0.08689268920490159,0.030975968,0
3835322,Klara Bühl,Germany Women's,4,1,0,14,9.982484660644364,32.65033086413747,1,1,0.6059772646818762,5.052913602870573,11,1,3,3.3432780900888175,6.642431747763361,2.396398465329824,Head,Open Play,Normal,Regular Play,Left Wing,1,0,0,1,High Pass,,24.187807,1,1,1,325.93142701621554,0.1547584195669086,0.0607040516747221,0.04704318,0
3835322,Rikke Marie Madsen,Denmark Women's,7,1,0,3,11.116204388189336,39.53997874577429,0,1,0.9917454812545049,32.91160326517818,16,0,2,3.0962516804809073,10.37860504803727,2.9345965646143384,Head,Open Play,Normal,From Free Kick,Left Attacking Midfield,1,0,0,1,High Pass,,37.226334,1,1,1,439.5344852426893,0.8323626949014357,0.0892161970598712,0.067156754,0
3835322,Felicitas Rauch,Germany Women's,9,1,0,13,22.17746604100658,20.29803407786247,2,1,2.7856322999278724,2.0701244043901386,18,1,1,2.4810833986735537,20.300089102609263,1.2938708585531131,Right Foot,Open Play,Normal,From Goal Kick,Left Back,1,0,0,1,Ground Pass,,24.662928,1,1,1,450.15896146098925,0.10198644836486241,0.12560642837992322,0.045190185,0
3835322,Felicitas Rauch,Germany Women's,12,1,0,5,27.074896121684386,15.703431225479777,2,0,4.537531854926937,0.0,15,0,1,,,,Left Foot,Open Play,Normal,Regular Play,Left Back,1,0,0,1,Ground Pass,,8.039901,1,1,1,425.16876918387993,0.0,0.16759184724231724,0.025958505,0
3835322,Lina Magull,Germany Women's,17,1,0,2,5.950630218724741,65.80535162519934,0,1,3.064110982697179,49.929598483416946,14,1,4,2.397065113199187,4.34469938592277,2.1450884059815394,Other,Open Play,Normal,Regular Play,Left Center Midfield,1,0,0,1,Low Pass,,17.700283,1,1,1,391.5833139347184,0.7587467774322633,0.5149220956555822,0.37160137,0
3835322,Lina Magull,Germany Women's,20,1,0,4,16.29355700883021,21.366119272975737,0,1,2.358027816966307,14.382808053653685,10,0,1,6.454499476427388,9.851703385243626,4.5083223908671215,Right Foot,Open Play,Normal,Regular Play,Left Center Midfield,1,0,0,1,,,,0,0,0,348.13008243169605,0.6731595883135093,0.14472148811265617,0.22776052,1
3835322,Signe Kallesøe Bruun,Denmark Women's,28,1,-1,2,21.423351745233525,21.131062426113214,1,0,3.0914684499512752,9.984567116417335,14,0,1,,,,Left Foot,Open Play,Half Volley,From Free Kick,Center Forward,1,0,0,1,High Pass,,29.793455,1,1,1,452.69818310511107,0.47250663100018425,0.1443036779078743,0.049237784,0
3835322,Janni Thomsen,Denmark Women's,33,1,-1,1,27.809530740377483,12.16030269540908,0,1,2.0257030807642904,9.484598695004838,17,0,1,2.600477554012637,25.69835211622752,0.39271183186514236,Left Foot,Open Play,Normal,Regular Play,Right Wing Back,1,0,0,1,Ground Pass,,35.999027,1,1,1,338.17231162027394,0.7799640298909328,0.07284204468157789,0.012848552,0
3835322,Lina Magull,Germany Women's,35,1,1,4,30.850769844527388,14.338813614269325,1,1,3.9389259099374194,6.449816716759619,15,0,1,2.943445372158917,28.18093994271212,1.811547996448759,Left Foot,Open Play,Normal,Regular Play,Left Center Midfield,1,0,0,1,Ground Pass,,8.556284,1,1,1,442.3634386573989,0.4498152281121124,0.12767674614888563,0.02375164,0
3835322,Klara Bühl,Germany Women's,38,1,1,10,19.338303958723994,20.69081279852837,2,1,3.799431571761599,4.86368680617714,15,1,3,4.651381626838536,14.81326744790708,3.0372625679277334,Right Foot,Open Play,Half Volley,Regular Play,Left Wing,1,0,0,1,High Pass,,12.776933,1,1,1,400.12522705099826,0.23506504328931285,0.19647180951706886,0.048602607,0
3835322,Lea Schüller,Germany Women's,45,1,1,12,13.078226179417452,31.76558642386172,1,0,1.5729438339346693,0.0,11,1,1,8.112421519985135,5.574686471837576,1.311140820369097,Right Foot,Open Play,Normal,From Throw In,Center Forward,1,0,0,1,High Pass,Through Ball,45.768986,1,1,1,415.43752397309595,0.0,0.12027195526027624,0.21356723,0
3835322,Lina Magull,Germany Women's,45,1,1,12,15.307514494521968,26.152070215578313,1,1,3.0839567228492055,14.87109493570276,11,2,1,6.421303532387411,8.966488631985017,2.404063520577715,Head,Open Play,Normal,From Throw In,Left Center Midfield,1,0,0,1,,,,0,0,0,400.32319388672124,0.5686393013293578,0.2014668497588454,0.11212299,0
3835322,Svenja Huth,Germany Women's,52,2,1,1,20.761743664731057,21.75141006544761,2,1,2.840422338788902,3.6466964421436106,11,0,1,2.7053683139147564,18.268037377850565,0.7865061672680937,Left Foot,Open Play,Normal,From Free Kick,Right Wing,1,0,0,1,High Pass,,38.25768,1,1,1,451.5972001252743,0.16765333517096592,0.13681039438002793,0.05722736,0
3835322,Rikke Marie Madsen,Denmark Women's,54,2,-1,1,27.673995013369506,15.730210034138414,0,0,2.328513470227615,15.73021003413838,13,0,3,,,,Right Foot,Open Play,Normal,Regular Play,Left Attacking Midfield,1,0,0,1,Ground Pass,,12.030794,1,1,1,435.31775404400145,0.9999999999999979,0.08414085024958246,0.03238672,0
3835322,Lina Magull,Germany Women's,55,2,1,5,28.908303305451877,15.699710566355655,0,1,4.965767376700275,13.053999932973362,18,0,1,3.711252830109125,25.98963144062828,2.423756904137605,Right Foot,Open Play,Normal,From Goal Kick,Left Center Midfield,1,0,0,1,Ground Pass,,15.380507,1,1,1,453.85199486001693,0.8314802924423315,0.17177650740103348,0.030169113,0
3835322,Lea Schüller,Germany Women's,56,2,1,1,3.9812058474788814,90.27545835613516,2,1,0.30846094559365883,0.0,17,1,7,4.113289238320978,0.3084609455936589,0.547187118075044,Head,Open Play,Normal,From Corner,Center Forward,1,0,0,1,High Pass,Inswinging,40.250465,1,1,1,359.40518269128154,0.0,0.07747927572973733,0.17462303,1
3835322,Lina Magull,Germany Women's,57,2,2,0,19.949185447030167,19.491646344506876,2,1,0.33377797662154796,0.0,13,0,3,3.6836166036993503,16.265587701980103,1.948265012401862,Right Foot,Open Play,Normal,Regular Play,Left Center Midfield,1,0,0,1,,,,0,0,0,388.8424675944953,0.0,0.016731408783973053,0.048278183,0
3835322,Klara Bühl,Germany Women's,59,2,2,9,21.302582003128173,19.51940508029757,2,1,1.7486176268547942,0.0,12,1,2,5.3593892157436,16.01829298989144,2.896497112490124,Right Foot,Open Play,Normal,From Throw In,Left Wing,1,0,0,1,High Pass,,50.0145,1,1,1,415.81372737531564,0.0,0.08208477388318557,0.048602965,0
3835322,Sara Däbritz,Germany Women's,59,2,2,9,22.200900882621855,20.087994291740998,1,1,3.125576854581219,16.398944801903497,15,0,2,4.5397476664471625,18.618983929539255,1.7914196084601244,Right Foot,Open Play,Normal,From Throw In,Center Defensive Midfield,1,0,0,1,,,,0,0,0,445.9715702016155,0.8163555088546485,0.14078603706698312,0.057036996,0
3835322,Lena Lattwein,Germany Women's,61,2,2,1,5.799999999999997,0.0,1,0,1.2039816489004471,0.0,19,3,7,3.5940071994816694,2.475296062707753,3.4853273406784098,Head,Open Play,Normal,From Corner,Center Defensive Midfield,1,0,0,1,High Pass,Straight,33.92418,1,1,1,0.0,0.0,0.2075830429138703,0.02145576,0
3835322,Rikke Læntver Sevecke,Denmark Women's,66,2,-2,1,4.622769732530482,79.43801171526844,2,1,0.5619803310360061,0.0,18,4,6,3.2373795426290988,1.391977970453768,1.941523808155182,Head,Open Play,Normal,From Corner,Right Center Back,1,0,0,1,High Pass,Inswinging,31.005968,1,1,1,367.22363616974485,0.0,0.12156788322839103,0.15136848,0
3835322,Kathrin Julia Hendrich,Germany Women's,67,2,2,1,6.935416353759877,57.50674541547372,5,0,1.1888576843227954,0.0,19,1,3,6.042723349969133,9.62508148151885,5.705859924985667,Left Foot,Open Play,Half Volley,From Corner,Right Center Back,1,0,0,1,,,,0,0,0,398.8332226059823,0.0,0.17141835813192144,0.1683499,0
3835322,Nadia Nadim,Denmark Women's,75,2,-2,1,5.672741841473133,64.81010704592991,3,1,0.9781544760514813,24.620020960581797,16,3,5,1.3257224002353647,4.426277999609034,1.1267331095088622,Head,Open Play,Normal,From Corner,Center Forward,1,0,0,1,High Pass,Inswinging,43.155186,1,1,1,367.65100598979933,0.37987934417596275,0.17243063467127,0.13759083,0
3835322,Lena Lattwein,Germany Women's,77,2,2,2,11.428473213863695,24.404393944406827,0,1,3.245891171027829,13.778497178827648,18,1,1,4.973396443266969,6.479788779628574,4.291127424735208,Right Foot,Open Play,Half Volley,From Free Kick,Right Center Midfield,1,0,0,1,Low Pass,,8.376157,1,1,1,278.9049624942308,0.5645908359869556,0.28401791825440786,0.16972962,1
3835322,Alexandra Popp,Germany Women's,80,2,3,11,25.714781741247577,17.415434609313092,1,0,3.5719258251491492,14.578610391302131,13,1,2,,,,Left Foot,Open Play,Normal,Regular Play,Center Forward,1,0,0,1,Low Pass,,8.949302,1,1,1,447.8340999074554,0.8371086176342715,0.13890554705427002,0.031296756,0
3835322,Alexandra Popp,Germany Women's,85,2,3,17,8.616263691415208,47.69780563331629,0,0,1.8900025262397133,47.69780563331629,11,0,1,4.096121174267101,8.508570216110877,3.267064431314985,Head,Open Play,Normal,From Throw In,Center Forward,1,0,0,1,High Pass,,24.924286,1,1,1,410.9768708385229,1.0,0.21935291141597865,0.42699826,1
3835322,Jule Brand,Germany Women's,92,2,4,1,8.202438661763955,51.984999975910505,5,1,0.3111728628951015,0.0,18,2,4,2.279764042812702,5.949509570577929,0.24173340067046212,Head,Open Play,Normal,From Free Kick,Left Wing,1,0,0,1,,,,0,0,0,426.4037736342066,0.0,0.03793662784040655,0.0816366,0
3835322,Giulia Gwinn,Germany Women's,92,2,4,1,10.881176406988361,39.093858886229484,5,1,1.436121905917099,7.998133244531828,18,1,3,1.3185020973536294,10.310555551573598,1.291039277254022,Head,Open Play,Normal,From Free Kick,Right Back,1,0,0,1,,,,0,0,0,425.3871749709725,0.20458797039729198,0.13198222804243478,0.055437844,0
3835332,Jill Roord,Netherlands Women's,0,1,0,3,27.6278844647939,16.06481464494001,1,1,2.6263730455642955,3.8816679799590665,16,1,2,5.777787247839,21.936855865812575,0.4365784147809748,Right Foot,Open Play,Normal,From Kick Off,Center Attacking Midfield,1,0,0,1,,,,0,0,0,443.83684295873167,0.24162544453519036,0.09506240149914742,0.046524774,0
3835332,Tatiana Vanessa Ferreira Pinto,Portugal Women's,1,1,0,3,31.223388669393326,14.09668203149378,1,0,7.299611721617187,11.320714709665332,17,0,0,,,,Right Foot,Open Play,Normal,Regular Play,Right Center Midfield,1,0,0,1,,,,0,0,0,440.14618201818337,0.8030765455568492,0.23378665906217344,0.02399033,0
3835332,Damaris Berta Egurrola Wienke,Netherlands Women's,6,1,0,1,6.93108938046538,51.3052723331728,3,1,1.783186657264516,5.879755752967481,19,2,4,1.9150080795484907,6.383478189132404,0.7107945218599312,Head,Open Play,Normal,From Corner,Left Defensive Midfield,1,0,0,1,High Pass,Inswinging,34.10132,1,1,1,355.6014282303383,0.11460334358591381,0.25727364911643746,0.1352026,1
3835332,Lineth Beerensteyn,Netherlands Women's,8,1,1,7,20.724140512938042,15.465133999886298,0,1,3.8672596693048327,9.407833031412634,13,0,1,9.368181465276445,11.356042082222535,6.760449960481914,Right Foot,Open Play,Normal,From Throw In,Center Forward,1,0,0,1,Ground Pass,Through Ball,29.861347,1,1,1,320.5016100650592,0.6083253485861683,0.18660651653517354,0.09043277,0
3835332,Danielle van de Donk,Netherlands Women's,12,1,1,2,25.292291315734914,16.50436138175504,2,1,3.2995184724318203,5.315120317630282,13,0,3,5.620629044263629,19.677639605023554,2.0782806416040955,Right Foot,Open Play,Normal,From Throw In,Right Wing,1,0,0,1,High Pass,,26.593233,1,1,1,417.4331160475137,0.32204337960667484,0.13045549852492463,0.032201495,0
3835332,Lineth Beerensteyn,Netherlands Women's,15,1,1,1,6.33245607959503,62.951451612031725,1,1,2.1798453268901588,14.251688952693394,19,2,7,4.247373469121655,2.1798453268901588,2.015275322192153,Head,Open Play,Normal,From Corner,Center Forward,1,0,0,1,High Pass,Inswinging,41.864662,1,1,1,398.63730247994266,0.2263917445546166,0.3442337853576654,0.13980106,0
3835332,Lieke Martens,Netherlands Women's,15,1,1,1,17.039366185395508,24.04459842237865,4,1,3.4667712422250383,6.538684066021451,19,0,3,1.5644730533109243,15.588305915742,1.145285508787623,Right Foot,Open Play,Half Volley,From Corner,Left Wing,1,0,0,1,,,,0,0,0,409.70471729969296,0.2719398324380333,0.20345658427109914,0.05719727,0
3835332,Stephanie van der Gragt,Netherlands Women's,15,1,1,1,8.560373823613078,43.5227858085068,0,1,0.8518058528155282,30.02746905692595,18,1,3,3.6016577909738423,5.106521546120281,2.759702340190735,Head,Open Play,Normal,From Corner,Right Center Back,1,0,0,1,,,,0,0,0,372.57131636586035,0.6899252540736235,0.09950568402350522,0.18128072,1
3835332,Damaris Berta Egurrola Wienke,Netherlands Women's,22,1,2,1,5.830951894845301,65.77225468204583,0,0,0.7559251374274013,65.77225468204583,21,2,4,5.520560443309459,6.062942851498427,3.0498415013544644,Head,Open Play,Normal,From Corner,Left Defensive Midfield,1,0,0,1,High Pass,Inswinging,38.40885,1,1,1,383.5148530665228,1.0,0.12964009154245587,0.15799479,0
3835332,Lieke Martens,Netherlands Women's,22,1,2,1,20.715453169071637,21.843003511359438,1,1,1.370635269432208,0.0,14,0,4,3.6656810781294276,17.107535450859036,0.728240943466048,Right Foot,Open Play,Normal,Regular Play,Left Wing,1,0,0,1,Ground Pass,,12.110326,1,1,1,452.48771631143376,0.0,0.06616487016941434,0.04175056,0
3835332,Danielle van de Donk,Netherlands Women's,23,1,2,9,9.77445650662992,33.17501806164355,1,1,3.7082895884344715,10.147399645515213,10,0,1,2.3051902411065486,7.714708152131991,0.9688265947643444,Right Foot,Open Play,Volley,From Counter,Right Wing,1,0,0,1,High Pass,,31.878048,1,1,1,324.2677711501969,0.305874728588241,0.3793857577573929,0.089412436,0
3835332,Diana Micaela Abreu de Sousa e Silva,Portugal Women's,25,1,-2,8,21.5870331449229,16.44191558096889,0,0,3.0625690503666583,16.441915580968907,12,0,2,,,,Right Foot,Open Play,Normal,Regular Play,Center Attacking Midfield,1,0,0,1,Ground Pass,,39.920547,1,1,1,354.93217661239964,1.000000000000001,0.14187077167141657,0.055946354,0
3835332,Tatiana Vanessa Ferreira Pinto,Portugal Women's,30,1,-2,10,16.274212730574703,22.051062719076725,2,1,3.465055654002845,7.976016053094869,12,0,1,3.4420902167423866,12.892755817303991,2.591325929705846,Right Foot,Open Play,Normal,Regular Play,Right Center Midfield,1,0,0,1,,,,0,0,0,358.86368562549967,0.3617066512714914,0.21291694482357187,0.06547042,0
3835332,Tatiana Vanessa Ferreira Pinto,Portugal Women's,30,1,-2,10,15.915401345866206,18.803568027994928,1,1,1.084879209477612,0.0,12,1,2,4.106409761280443,12.39837497433259,1.6432847059224258,Head,Open Play,Normal,Regular Play,Right Center Midfield,1,0,0,1,,,,0,0,0,299.2663318998372,0.0,0.06816536924841005,0.03267786,0
3835332,Stephanie van der Gragt,Netherlands Women's,31,1,2,1,9.700515450222225,31.14680951791698,0,1,2.7042470026350105,23.934599670867115,18,0,2,0.5562711080139824,9.53969562268875,0.181809483927438,Head,Open Play,Normal,From Corner,Right Center Back,1,0,0,1,High Pass,Inswinging,45.87472,1,1,1,302.14010695368233,0.7684446670885795,0.27877353698488877,0.07428403,0
3835332,Jill Roord,Netherlands Women's,32,1,2,4,6.937578828380981,59.059829094429716,1,1,0.736903805835074,41.59817151640915,15,1,3,0.6534253037019293,6.289073366030129,0.2419685632147548,Head,Open Play,Normal,Regular Play,Center Attacking Midfield,1,0,0,1,High Pass,,32.80747,1,1,1,409.7322199333147,0.7043395173036917,0.10621916147755611,0.10239719,0
3835332,Carole da Silva Costa,Portugal Women's,37,1,-2,0,11.900420160649796,37.156345075648375,0,1,10.323054297717686,31.336459982705307,8,0,0,0.41815007755867645,11.818876368301503,0.40789439041967057,Right Foot,Penalty,Normal,Other,Left Center Back,1,0,0,1,,,,0,0,0,442.1761180343067,0.8433676649009991,0.8674529267338086,0.7835,1
3835332,Lieke Martens,Netherlands Women's,43,1,1,13,27.72002886001383,15.792403528857285,1,1,0.8537786857071874,8.156860364054403,14,0,1,3.581349844494627,24.14762270218686,0.779004334879879,Right Foot,Open Play,Normal,From Free Kick,Left Wing,1,0,0,1,Ground Pass,,11.672618,1,1,1,437.7658815889082,0.5165053153023517,0.030800064820234153,0.028758409,0
3835332,Jill Roord,Netherlands Women's,45,1,1,1,17.14701140140753,24.857158423515916,5,1,1.794274753186735,5.957229794511073,20,1,1,1.4773249752403654,15.924432521038229,0.32261169654791644,Right Foot,Open Play,Half Volley,From Corner,Center Attacking Midfield,1,0,0,1,,,,0,0,0,426.2259788946206,0.23965851981195418,0.10464066951279044,0.053002268,0
3835332,Tatiana Vanessa Ferreira Pinto,Portugal Women's,45,2,-1,6,9.202716990106783,45.37702224898027,1,1,3.2369117151416527,29.941100816199583,17,1,3,2.565651789374634,6.889398183659126,0.1294529014114545,Head,Open Play,Normal,From Kick Off,Right Center Midfield,1,0,0,1,High Pass,,28.51561,1,1,1,417.5918936111442,0.6598295642211832,0.3517343539545372,0.10212499,0
3835332,Diana Micaela Abreu de Sousa e Silva,Portugal Women's,46,2,-1,5,6.525335240430178,62.19368951046369,2,1,2.0747546306290303,25.032251472705433,16,3,5,1.6917842163672472,6.160096118066015,1.3867375298009605,Head,Open Play,Normal,From Corner,Center Forward,1,0,0,1,High Pass,,28.836262,1,1,1,405.83467389500146,0.4024886072805492,0.3179537225572879,0.12721564,1
3835332,Lynn Wilms,Netherlands Women's,57,2,0,6,23.84617369726221,17.665186201579235,2,1,3.1735548205098367,4.821244022600714,17,0,1,2.9730988133438823,21.509589795627313,2.5383094066877305,Right Foot,Open Play,Normal,From Throw In,Right Back,1,0,0,1,Ground Pass,,18.404346,1,1,1,421.24709855733806,0.27292347601576394,0.13308444620086762,0.047891397,0
3835332,Jéssica da Silva,Portugal Women's,59,2,0,6,25.908299828433357,9.699811020823265,0,1,2.154614326915093,6.432403626789874,15,0,1,4.926456588633912,21.045509338655997,3.717385557573799,Left Foot,Open Play,Normal,Regular Play,Right Midfield,1,0,0,1,,,,0,0,0,251.3056122066314,0.6631473142085945,0.0831630921821619,0.010552884,0
3835332,Danielle van de Donk,Netherlands Women's,61,2,0,2,23.963513932643515,16.597968441321164,1,1,0.9124385122741139,7.106584644934251,17,0,2,4.246282525053655,19.717504862996297,2.1464842664091606,Right Foot,Open Play,Normal,From Throw In,Right Wing,1,0,0,1,Ground Pass,,21.253,1,1,1,397.7456479971771,0.4281599082476976,0.038076156728883336,0.042786773,1
3835332,Sherida Spitse,Netherlands Women's,64,2,1,0,37.64425586991992,6.3532524694750565,0,0,12.275262845268905,6.353252469475063,20,0,0,4.07756862274161,36.243720956313304,0.5792420877944551,Right Foot,Free Kick,Normal,From Free Kick,Right Defensive Midfield,1,0,0,1,,,,0,0,0,239.1634615671196,1.0000000000000009,0.3260859475529598,0.0069387397,0
3835332,Fátima Alexandra Figueira Pinto,Portugal Women's,70,2,-1,11,22.408034273447555,20.235564144927228,2,1,2.967121636567545,0.0,14,0,1,2.9997895436340842,19.443759744039774,0.3490337033095585,Right Foot,Open Play,Half Volley,Regular Play,Center Defensive Midfield,1,0,0,1,,,,0,0,0,453.4392149020758,0.0,0.13241329428362406,0.030492565,0
3835332,Sherida Spitse,Netherlands Women's,76,2,1,5,23.38931379925457,17.476192124861125,2,1,3.547092593185741,0.0,12,0,1,3.7265588290654277,19.671017805543396,1.8730633370855259,Right Foot,Open Play,Normal,From Throw In,Right Defensive Midfield,1,0,0,1,Ground Pass,,16.40122,1,1,1,408.7561416244383,0.0,0.15165441037003782,0.04100499,0
3835332,Andreia Alexandra Norton,Portugal Women's,80,2,-1,1,35.14541221838208,9.827724011163184,1,1,1.5954041096885547,2.572473746657075,17,0,1,6.27104955026416,29.003170114582847,3.20691405279689,Right Foot,Open Play,Normal,From Throw In,Right Center Midfield,1,0,0,1,Low Pass,,17.105846,1,1,1,345.39941154082146,0.2617568160985224,0.04539437750154234,0.0054597873,0
3835341,Cristiana Girelli,Italy Women's,0,1,0,0,26.23928352680385,16.12302877494745,1,0,3.281623925111656,0.0,9,0,1,,,,Right Foot,Open Play,Normal,Regular Play,Center Forward,1,0,1,1,,,,0,0,0,423.0567233366631,0.0,0.12506530225032342,0.031489607,0
3835341,Cristiana Girelli,Italy Women's,2,1,0,1,8.58020978764506,43.771188381441924,3,1,0.5497598115322194,0.0,19,1,3,1.327517753074305,7.3725718207174324,1.1390372695027295,Head,Open Play,Normal,From Corner,Center Forward,1,0,1,1,High Pass,Inswinging,48.218773,1,0,1,375.56597896730375,0.0,0.06407300347409192,0.0695448,0
3835341,Tessa Wullaert,Belgium Women's,4,1,0,2,28.309715646752796,14.832575061263269,2,0,0.6454262323209123,4.385509758323425,17,0,2,,,,Right Foot,Open Play,Normal,From Throw In,Center Attacking Midfield,1,0,1,1,Ground Pass,,23.413885,1,0,1,419.90598229348006,0.295667457620128,0.02279875362841889,0.024983507,0
3835341,Hannah Eurlings,Belgium Women's,5,1,0,1,21.458098704218877,20.97658429354765,1,1,4.419712924232249,8.28612157877762,12,0,2,3.8689228758932943,17.618457915083443,0.8931717804002375,Right Foot,Open Play,Normal,Regular Play,Center Forward,1,0,1,1,Ground Pass,,19.901005,1,0,1,450.11761624831286,0.39501767603443483,0.2059694563415951,0.052304603,0
3835341,Elena Dhont,Belgium Women's,7,1,0,3,8.805112151472004,48.84635706621487,0,1,2.3906736083382953,38.077301989191696,18,0,1,2.7778020968127923,6.393898484089618,1.2554752823086872,Right Foot,Open Play,Half Volley,From Throw In,Right Wing,1,0,1,1,Low Pass,,27.346846,1,0,1,430.097652158869,0.779532073140584,0.27150972835009624,0.2029459,0
3835341,Manuela Giugliano,Italy Women's,17,1,0,7,19.243960091415698,23.436452221922888,2,1,2.761400613725045,5.635214657366106,15,0,1,1.6284472072960143,17.657159923328333,0.45713098003568575,Right Foot,Open Play,Normal,From Throw In,Right Center Midfield,1,0,1,1,,,,0,0,0,451.0101512430548,0.24044657459266905,0.1434944055489309,0.06329775,0
3835341,Tinne De Caigny,Belgium Women's,24,1,0,3,32.770260908329675,13.808034098563132,2,1,2.173321494700241,4.846789105723333,18,0,1,2.7301907664000518,30.049518806917472,0.5643307894174825,Right Foot,Open Play,Normal,Regular Play,Right Defensive Midfield,1,0,1,1,Ground Pass,,14.763469,1,0,1,452.4928800410266,0.3510122491823577,0.06631993259924938,0.018503532,0
3835341,Lucia Di Guglielmo,Italy Women's,36,1,0,21,12.599206324209472,27.529760558142115,3,1,0.5753743360060526,0.0,11,0,2,1.9555713241182917,10.660904929881951,1.485532535429833,Head,Open Play,Normal,Regular Play,Right Back,1,0,1,1,,,,0,0,0,346.85313332811666,0.0,0.04566750644447074,0.05690582,0
3835341,Manuela Giugliano,Italy Women's,39,1,0,13,35.48098082071577,12.238551580200072,1,0,4.727796141456367,10.999794369676945,15,0,1,,,,Right Foot,Open Play,Normal,Regular Play,Center Attacking Midfield,1,0,1,1,Ground Pass,,9.935794,1,0,1,434.2358138904195,0.8987823679619712,0.13324874431588477,0.0069603007,0
3835341,Barbara Bonansea,Italy Women's,40,1,0,2,20.669300907384365,13.034703258738212,0,1,1.3426193088598755,8.662551000952208,14,0,1,5.001323858009039,15.729465902157731,4.443667298931409,Right Foot,Open Play,Normal,Regular Play,Right Wing,1,0,1,1,Ground Pass,,12.151132,1,0,1,269.41820389332366,0.664576003688078,0.0649571707759215,0.040684987,0
3835341,Lucia Di Guglielmo,Italy Women's,47,1,0,6,21.720036832381293,12.854245683387992,1,1,3.238761140639945,0.0,16,1,2,3.8008163948991966,17.96868270800664,3.3447959025303646,Right Foot,Open Play,Normal,From Throw In,Right Back,1,0,1,1,,,,0,0,0,279.19468969566543,0.0,0.14911398012969487,0.02264988,0
3835341,Tinne De Caigny,Belgium Women's,48,2,0,4,17.311845655504204,25.74334186464544,2,1,0.7022089545021977,17.81046488525954,18,1,5,2.6238609516485045,14.68835607956562,0.44933961682083634,Left Foot,Open Play,Normal,From Free Kick,Left Defensive Midfield,1,0,1,1,Low Pass,,11.6400175,1,0,1,445.6647610176217,0.6918474290907624,0.04056233913331675,0.071744,1
3835341,Cristiana Girelli,Italy Women's,51,2,-1,5,18.642961138188326,23.939396443697586,1,1,6.4027933097087315,13.185345953901907,15,0,0,1.7051620955001512,16.93781698063646,0.26703178994338117,Right Foot,Open Play,Normal,Regular Play,Center Forward,1,0,1,1,Ground Pass,,14.59863,1,0,1,446.3012375715379,0.5507802164065482,0.34344293603622983,0.10324986,0
3835341,Elena Linari,Italy Women's,51,2,-1,1,9.055385138137414,38.65980825409008,3,1,1.8613388395245363,17.500306577008644,16,1,3,2.9925973952250877,6.284071988654762,2.629450998070567,Head,Open Play,Normal,From Corner,Left Center Back,1,0,1,1,High Pass,Outswinging,45.92004,1,0,1,350.0794531073294,0.45267442771543415,0.2055504885910785,0.07714049,0
3835341,Cristiana Girelli,Italy Women's,52,2,-1,15,9.486832980505138,44.21517539700812,0,1,0.8350590506962078,36.08996140190104,15,1,3,1.1149248963989917,8.469017776458728,0.0824775408263605,Head,Open Play,Normal,Regular Play,Center Forward,1,0,1,1,High Pass,,37.282303,1,0,1,419.461984195156,0.8162347220801281,0.08802295269793439,0.06285801,0
3835341,Agnese Bonfantini,Italy Women's,54,2,-1,1,19.4164878389476,22.83365417791755,2,1,3.9193113850367487,9.80916704157699,16,0,1,1.2916592605883739,18.3066402245998,0.8587083629665528,Left Foot,Open Play,Volley,From Corner,Right Wing,1,0,1,1,,,,0,0,0,443.34936866427114,0.42959252010847415,0.20185480595388566,0.04351374,0
3835341,Martina Rosucci,Italy Women's,54,2,-1,2,16.500303027520435,27.253079503631128,2,1,2.031944485244782,7.416387550847569,17,0,3,1.692953261052312,14.962583655683552,0.6647731195872808,Right Foot,Open Play,Normal,From Corner,Left Defensive Midfield,1,0,1,1,Ground Pass,,8.514693,1,0,1,449.6840702430198,0.2721302577882778,0.12314588900917477,0.07744146,0
3835341,Lisa Boattin,Italy Women's,55,2,-1,4,32.79283458318295,13.216762860055034,2,0,5.722796703150148,2.6633893919513563,18,1,0,,,,Left Foot,Open Play,Normal,From Corner,Left Back,1,0,1,1,,,,0,0,0,433.41511819494076,0.20151601569556088,0.17451363311194062,0.017758617,0
3835341,Barbara Bonansea,Italy Women's,56,2,-1,4,21.64901845350038,15.601112285012563,1,1,1.3747898515182748,0.0,12,0,2,3.509021730968578,18.179796053594888,2.728487827840617,Right Foot,Open Play,Normal,From Throw In,Left Wing,1,0,1,1,Ground Pass,,19.162724,1,0,1,337.74876775336844,0.0,0.06350356504481561,0.023412267,0
3835341,Janice Cayman,Belgium Women's,60,2,1,1,21.852459815773603,20.1770375242501,1,1,2.244551140651376,7.571447032840661,9,0,3,2.8379101303579377,19.015435261302585,0.6239523149787445,Right Foot,Open Play,Normal,Regular Play,Right Wing,1,0,1,1,Ground Pass,,11.715375,1,0,1,440.9179017000314,0.3752506790821395,0.102713889400735,0.069293045,0
3835341,Agnese Bonfantini,Italy Women's,67,2,-1,1,20.5526154053444,17.4819712218239,2,1,2.1984886872942235,7.213589957174327,19,1,2,3.067073619698054,17.50569089904944,2.1664684105353516,Right Foot,Open Play,Half Volley,From Free Kick,Right Midfield,1,0,1,1,,,,0,0,0,359.3002310494454,0.41263023864088766,0.10696880391789647,0.032617055,0
3835341,Lisa Boattin,Italy Women's,68,2,-1,6,22.724656213021127,17.398020290201682,1,1,6.291399831786245,6.772488534762917,18,0,0,2.635287079160283,20.41049405616673,2.2188667423853943,Left Foot,Open Play,Half Volley,Regular Play,Left Back,1,0,1,1,Low Pass,,8.149233,1,0,1,395.3640298819993,0.38926776850450545,0.2768534658043056,0.031171849,0
3835341,Agnese Bonfantini,Italy Women's,68,2,-1,6,15.867261893597147,22.818877227469702,0,1,3.150134363607084,17.67560338107482,18,0,2,2.531225409668229,13.372421482090552,1.8669541212224061,Right Foot,Open Play,Normal,Regular Play,Right Midfield,1,0,1,1,,,,0,0,0,362.07310108610176,0.774604429695457,0.1985304323286077,0.070364006,0
3835341,Arianna Caruso,Italy Women's,68,2,-1,6,10.028459502834925,43.1219506775792,2,1,1.880382788421049,23.405000343171178,18,2,3,1.9455978600408725,9.120079741473027,1.444691269975948,Left Foot,Open Play,Half Volley,Regular Play,Right Defensive Midfield,1,0,1,1,,,,0,0,0,432.4467360533481,0.5427630238290765,0.18750464993047908,0.14378488,0
3835341,Valentina Giacinti,Italy Women's,77,2,-1,4,18.47836572860274,16.95167889165999,1,1,3.0967338539318083,5.567784687654751,12,0,1,2.990124416137793,15.492873152472404,2.111797466871309,Right Foot,Open Play,Normal,Regular Play,Left Center Forward,1,0,1,1,Ground Pass,,7.553807,1,0,1,313.23932227392845,0.3284503395350433,0.1675869987321639,0.060075395,0
3835341,Manuela Giugliano,Italy Women's,78,2,-1,7,19.709134937891115,18.30331955821533,2,1,2.9991616872942988,7.958303658168009,18,0,1,3.9680234642704035,15.795354349147287,2.906557726413432,Left Foot,Open Play,Volley,From Corner,Left Defensive Midfield,1,0,1,1,,,,0,0,0,360.74259498420747,0.43480110986730686,0.15217114788373406,0.03729663,0
3835341,Barbara Bonansea,Italy Women's,85,2,-1,15,15.871042813879619,28.184319067815967,3,1,3.079801229080764,3.199945738146085,17,0,3,1.5570720614208595,14.315307291674838,0.08606376676784322,Right Foot,Open Play,Normal,Regular Play,Left Midfield,1,0,1,1,Ground Pass,,5.9933295,1,0,1,447.3145346053509,0.1135363863305161,0.1940515985746949,0.08083406,0
3835341,Tessa Wullaert,Belgium Women's,90,2,1,5,23.78613041249039,15.222133226268413,1,1,1.130005902063235,6.179613171359966,9,0,1,6.095941989492676,17.69095310838115,3.832447241778681,Right Foot,Open Play,Normal,Regular Play,Center Forward,1,0,1,1,Ground Pass,,15.81455,1,0,1,362.07564607632355,0.40596236279787506,0.047506924517232735,0.046478845,0
3835341,Janice Cayman,Belgium Women's,90,2,1,5,20.436486977951954,16.21445444464142,1,1,0.5138436830717479,0.0,10,0,1,3.1358367838629175,17.314889921950538,1.9895113146049184,Left Foot,Open Play,Half Volley,Regular Play,Left Wing,1,0,1,1,,,,0,0,0,331.36648711250956,0.0,0.02514344484089226,0.05694871,0
3835341,Marie Minnaert,Belgium Women's,94,2,1,3,92.80086206496145,4.745548101457432,0,0,1.567154584235544,4.745548101457373,15,0,1,,,,Left Foot,Open Play,Normal,From Corner,Left Wing,1,0,1,1,,,,0,0,0,440.39095478599086,0.9999999999999875,0.01688728476615359,0.0067192744,0
3835340,Fridolina Rolfö,Sweden Women's,0,1,0,1,16.104968177553157,26.398126788868804,1,1,1.3073614924931014,14.23351088619314,15,0,2,4.87271314056241,11.80961169593383,0.2900526202552385,Right Foot,Open Play,Half Volley,Regular Play,Left Midfield,1,0,0,1,,,,0,0,0,425.1409918817456,0.5391863975816242,0.08117752721270698,0.06186174,0
3835340,Tatiana Vanessa Ferreira Pinto,Portugal Women's,0,1,0,2,26.212210894924528,17.34527368572628,1,1,5.866366771098553,8.053351148088234,11,0,0,1.5573123385744583,24.716274648261585,0.3743827501017307,Right Foot,Open Play,Normal,Regular Play,Right Center Midfield,1,0,0,1,Ground Pass,,34.090763,1,1,1,454.6579718804421,0.4642965740411161,0.22380282207459495,0.038374286,0
3835340,Johanna Rytting-Kaneryd,Sweden Women's,3,1,0,6,11.892854997854803,27.03086025984301,0,1,1.3699906972468365,10.077175456162973,14,0,3,9.715544722700193,2.2739990374190073,7.5742115479230705,Right Foot,Open Play,Normal,From Throw In,Right Midfield,1,0,0,1,Low Pass,,23.43075,1,1,1,321.4741015375887,0.37280261742663084,0.11519443375824823,0.19387196,0
3835340,Carole da Silva Costa,Portugal Women's,16,1,0,1,12.074767078498864,18.408459791284944,3,1,1.6878390783677544,0.0,18,0,2,4.089220203594807,8.12113939423101,3.959097198298423,Left Foot,Open Play,Half Volley,From Corner,Left Center Back,1,0,0,1,,,,0,0,0,222.2778642536775,0.0,0.13978233015966274,0.08741277,0
3835340,Gun Nathalie Björn,Sweden Women's,20,1,0,2,19.602295783912666,22.32259386091459,0,1,1.689946038148135,18.26523660917688,15,0,1,2.7130215303614067,16.949284764561913,1.2146601055268391,Right Foot,Open Play,Normal,From Throw In,Left Defensive Midfield,1,0,0,1,,,,0,0,0,437.57408752580085,0.8182398839033721,0.08621163851302818,0.099871084,0
3835340,Ingrid Filippa Angeldal,Sweden Women's,20,1,0,1,10.52235715037273,41.29537255792285,5,1,3.0219431031129522,4.522852352266867,18,1,1,5.375885303371806,5.686585082086137,0.9114559554263053,Right Foot,Open Play,Half Volley,From Corner,Right Defensive Midfield,1,0,0,1,,,,0,0,0,434.5246587121654,0.10952443511492478,0.28719259952185777,0.21157888,1
3835340,Diana Micaela Abreu de Sousa e Silva,Portugal Women's,39,1,-1,5,12.175795661885914,31.42343172600819,0,0,2.0817180785531253,31.42343172600821,14,0,3,5.773530705914713,9.328939461411636,5.712886209109911,Right Foot,Open Play,Volley,From Throw In,Right Wing,1,0,0,1,High Pass,,25.949373,1,1,1,382.6052836910987,1.0000000000000007,0.17097183102945465,0.057143588,0
3835340,Ingrid Filippa Angeldal,Sweden Women's,44,1,1,1,17.44505660638566,24.99175874094291,4,1,4.653934502391488,4.825587370952031,19,0,1,4.820077139515271,12.837397976574605,2.424605628587422,Right Foot,Open Play,Normal,From Free Kick,Right Defensive Midfield,1,0,0,1,Ground Pass,,21.600231,1,1,1,435.9826459288827,0.19308714608574074,0.2667766925266349,0.07096124,1
3835340,Andreia Alexandra Norton,Portugal Women's,47,1,-2,1,31.710723738193042,13.238325402883177,2,1,1.7560958460770648,0.0,16,0,1,2.26231561947659,30.18667697991521,0.8733311696017765,Right Foot,Open Play,Normal,From Throw In,Left Center Midfield,1,0,0,1,Low Pass,,13.709121,1,1,1,419.79687960713153,0.0,0.05537861136742165,0.020392306,0
3835340,Kosovare Asllani,Sweden Women's,48,1,2,3,14.286357128393503,30.950316283783106,2,1,2.234478720941209,6.248642348096731,14,1,3,2.96219970424835,11.32787734099147,0.6068414939713023,Right Foot,Open Play,Half Volley,From Throw In,Right Center Forward,1,0,0,1,,,,0,0,0,442.1672716668583,0.2018926815093907,0.15640647233298413,0.08458521,0
3835340,Emma Stina Blackstenius,Sweden Women's,49,1,2,2,24.85658866377283,9.285469642459468,0,0,6.272140339745439,9.285469642459507,10,0,0,,,,Right Foot,Open Play,Normal,Regular Play,Left Center Forward,1,0,0,1,Low Pass,,40.205723,1,1,1,230.80509945256475,1.0000000000000042,0.25233311073320186,0.010734292,0
3835340,Johanna Rytting-Kaneryd,Sweden Women's,50,1,2,2,10.435037134576955,34.566335661051674,0,1,0.8974309900616546,4.04020246073975,8,0,1,9.627025774232173,0.8974309900616546,5.889003919095117,Right Foot,Open Play,Normal,Regular Play,Right Midfield,1,0,0,1,,,,0,0,0,360.7009962293259,0.11688257906064746,0.0860017054551706,0.43992132,0
3835340,Emma Stina Blackstenius,Sweden Women's,49,2,2,3,13.547324459095234,22.793277794774955,0,1,0.7038027294367012,16.308595893314145,17,0,1,7.584208281746138,6.071788024886583,5.174617878343128,Right Foot,Open Play,Normal,From Throw In,Left Center Forward,1,0,0,1,Ground Pass,,40.392326,1,1,1,308.787929772107,0.7155002470532196,0.05195141900983931,0.31243443,0
3835340,Amanda Ilestedt,Sweden Women's,49,2,2,1,4.3829214001622265,80.88179245024146,2,1,0.6036454853309893,0.0,19,2,7,3.381692687921914,1.162157991244048,3.0397576376990543,Head,Open Play,Normal,From Corner,Right Center Back,1,0,0,1,High Pass,Inswinging,34.9657,1,1,1,354.4985390136429,0.0,0.1377267421014318,0.20432204,0
3835340,Kosovare Asllani,Sweden Women's,53,2,2,0,11.900420160649796,37.156345075648375,0,1,9.824144974616958,30.153420082442306,10,0,0,2.0916727457447974,9.82414497461696,0.24761825409647287,Right Foot,Penalty,Normal,Other,Right Center Forward,1,0,0,1,,,,0,0,0,442.1761180343067,0.8115281527569926,0.8255292537570819,0.7835,1
3835340,Fridolina Rolfö,Sweden Women's,58,2,3,5,9.889893831583835,41.350618919853176,1,1,1.9186589886139933,15.779379260103461,16,1,2,2.7880076427110003,7.107240463365678,1.0209896062756556,Head,Open Play,Normal,Regular Play,Left Midfield,1,0,0,1,High Pass,,36.147476,1,1,1,408.95323098762975,0.38159959082323425,0.19400198033336483,0.07217045,0
3835340,Fridolina Rolfö,Sweden Women's,58,2,3,5,16.38108665504215,26.169524465442915,2,1,1.0909712672390242,9.534499373599898,17,0,2,4.729993225897435,11.666888196741356,1.835107055473344,Right Foot,Open Play,Normal,From Throw In,Left Midfield,1,0,0,1,Low Pass,,23.280035,1,1,1,428.685247989666,0.3643359811979116,0.06659944423792055,0.08732081,0
3835340,Jéssica da Silva,Portugal Women's,68,2,-3,4,19.54942454396037,22.22208921449875,0,1,2.0727235581328567,17.561632544103027,9,1,2,4.818577274087668,14.756900039689574,1.8150366031104355,Left Foot,Open Play,Normal,Regular Play,Right Wing,1,0,0,1,Low Pass,,17.886868,1,1,1,434.4290563079989,0.7902781945742968,0.10602478622692794,0.15629965,0
3835340,Olivia Alma Charlotta Schough,Sweden Women's,69,2,3,4,17.335801106380977,15.405124695334601,1,1,1.7270365246986739,0.0,13,0,1,6.499166198706439,10.848828101347816,5.532690324354753,Left Foot,Open Play,Normal,From Goal Kick,Right Midfield,1,0,0,1,Ground Pass,,24.74126,1,1,1,267.0601777373185,0.0,0.0996225391662451,0.035962693,0
3835340,Andreia Alexandra Norton,Portugal Women's,75,2,-3,6,13.13697073148905,18.89694857312651,0,1,0.8763638241415047,10.726232579137628,16,0,1,4.715467140038182,8.421933849522041,4.081867668497296,Right Foot,Open Play,Normal,Regular Play,Center Forward,1,0,0,1,High Pass,,19.643064,1,1,1,248.24866031961676,0.5676171757376469,0.06670973408206494,0.09606132,0
3835340,Fátima Alexandra Figueira Pinto,Portugal Women's,80,2,-3,1,20.340353979220712,13.896168705330052,0,0,1.1849906747217265,13.89616870533008,16,0,1,,,,Right Foot,Open Play,Half Volley,From Throw In,Left Defensive Midfield,1,0,0,1,High Pass,,18.221416,1,1,1,282.65299042138247,1.000000000000002,0.058258114678450955,0.035909507,0
3835340,Emma Stina Blackstenius,Sweden Women's,90,2,3,4,17.734147850968196,24.621581958800302,1,1,2.5382631145703205,8.551817139278553,13,2,2,5.101180177434921,12.633666970301565,1.2830703539908086,Right Foot,Open Play,Normal,Regular Play,Left Center Forward,1,0,0,1,Ground Pass,,21.505814,1,1,1,436.64277478209567,0.3473301249931239,0.143128563937835,0.10946821,1
3835328,Marie Therese Höbinger,Austria Women's,3,1,0,9,20.047942537826664,20.044116246759025,1,1,1.616846589944306,10.1458301778979,14,0,4,3.771174104037015,16.286713043753053,1.585410013801166,Left Foot,Open Play,Normal,From Throw In,Right Center Midfield,1,0,0,1,Ground Pass,,11.66619,1,1,1,401.84329073654277,0.5061749818747134,0.08064900360192191,0.04441301,0
3835328,Julia Hickelsberger Füller,Austria Women's,7,1,0,9,9.5524865872714,36.65610841596691,1,1,0.5052377389588132,0.0,11,0,2,2.9639479615308306,8.200152359821866,0.6027465061996722,Head,Open Play,Normal,From Throw In,Right Midfield,1,0,0,1,High Pass,,35.857773,1,1,1,350.1569839850902,0.0,0.05289070383328649,0.114845894,0
3835328,Nicole Billa,Austria Women's,9,1,0,13,16.843990026119112,18.81163643145094,0,1,1.3186438579751165,11.701343243316494,8,0,1,7.193019551777068,9.675982703973004,5.592055024899523,Right Foot,Open Play,Normal,Regular Play,Center Forward,1,0,0,1,Ground Pass,Through Ball,22.522211,1,1,1,316.86301642633856,0.6220268654434106,0.07828571828470351,0.04262572,0
3835328,Lauren Wade,Northern Ireland W,11,1,0,1,31.271232786700303,13.56028299614147,2,1,2.2861278999536703,0.0,10,0,2,1.3934399264963102,29.92256647955153,0.18747949179715562,Left Foot,Open Play,Normal,From Counter,Right Wing,1,0,0,1,Low Pass,,47.650078,1,1,1,424.0467662258738,0.0,0.07310642070132789,0.019879915,0
3835328,Barbara Dunst,Austria Women's,14,1,0,10,25.710892633278988,11.973685475188724,1,1,2.7235639220630965,0.0,12,0,3,4.142351085976684,21.568546439304185,3.089482550588002,Right Foot,Open Play,Normal,Regular Play,Left Midfield,1,0,0,1,Ground Pass,,12.822637,1,1,1,307.8541416772294,0.0,0.10593035259063086,0.01045926,0
3835328,Sarah Zadrazil,Austria Women's,15,1,0,2,8.765842800324453,33.323407478795424,0,0,1.157452804485014,33.32340747879543,9,0,4,8.690096901480619,1.157452804485014,7.729788911319652,Right Foot,Open Play,Half Volley,Regular Play,Left Center Midfield,1,0,0,1,Low Pass,,25.912352,1,1,1,292.1077515302769,1.0000000000000002,0.13204124587337715,0.113564424,0
3835328,Katharina Schiechtl,Austria Women's,18,1,0,1,5.323532661682468,71.83060427094586,0,0,3.1238160072102463,71.83060427094586,15,1,4,3.7558696509354625,3.1238160072102463,0.46827359409954283,Right Foot,Open Play,Half Volley,From Free Kick,Right Back,1,0,0,1,,,,0,0,0,382.3925679447685,1.0,0.5867938088733327,0.5247745,1
3835328,Barbara Dunst,Austria Women's,41,1,1,15,32.20077638815561,8.028796657586396,0,1,1.5503458926684435,4.840785073209839,11,0,1,10.668783463919318,21.569496738620437,9.234295337771016,Right Foot,Open Play,Normal,From Throw In,Left Midfield,1,0,0,1,,,,0,0,0,258.5334858369107,0.6029278458105911,0.04814622709652138,0.007628636,0
3835328,Kirsty McGuinness,Northern Ireland W,45,1,-1,3,36.905419656196834,9.315852237913132,1,0,2.199773614119067,6.023509754916945,15,0,1,,,,Left Foot,Open Play,Normal,Regular Play,Left Wing,1,0,0,1,Ground Pass,,9.5692215,1,1,1,343.80543629530456,0.6465870863003604,0.05960570654965308,0.006480252,0
3835328,Lauren Wade,Northern Ireland W,53,2,-1,1,27.81258707851537,16.30556010219979,0,0,2.6525895510784685,16.305560102199774,17,0,2,,,,Left Foot,Open Play,Half Volley,Regular Play,Right Wing,1,0,0,1,,,,0,0,0,453.4998102063977,0.9999999999999989,0.09537370772413822,0.023489473,0
3835328,Barbara Dunst,Austria Women's,63,2,1,3,23.099134182908237,18.063190961489695,1,1,1.9630156413493252,9.52044580736101,17,0,3,2.185494388436858,21.04708807401733,0.184449926178182,Right Foot,Open Play,Half Volley,From Throw In,Left Midfield,1,0,0,1,,,,0,0,0,417.2440717909457,0.5270633426651128,0.08498221733357526,0.032533538,0
3835328,Laura Feiersinger,Austria Women's,66,2,1,2,15.570806016388484,28.077739634417316,3,1,3.5457784440666216,13.83491512119332,15,0,2,1.20732761444,14.37440079629361,0.4431577394019115,Left Foot,Open Play,Half Volley,From Corner,Left Center Midfield,1,0,0,1,High Pass,,6.9892774,1,1,1,437.19303722617457,0.49273607139780823,0.22771964664736313,0.072442524,0
3835328,Rachel Furness,Northern Ireland W,68,2,-1,2,9.33434518324665,46.287196299202975,0,1,1.2897310322586464,37.900367299773876,19,1,4,1.3928633436304818,8.20528903983051,0.6612786362336251,Head,Open Play,Normal,From Corner,Left Defensive Midfield,1,0,0,1,High Pass,,29.631908,1,1,1,432.06066782145746,0.8188088786969041,0.13817048833521445,0.06263353,0
3835328,Katharina Naschenweng,Austria Women's,74,2,1,3,29.575834730401105,15.217907166656405,0,0,0.9309661212014952,15.217907166656438,12,0,1,,,,Left Foot,Open Play,Normal,From Throw In,Left Midfield,1,0,0,1,,,,0,0,0,450.08230730361635,1.0000000000000022,0.031477255999288904,0.029868845,0
3835328,Katharina Schiechtl,Austria Women's,80,2,1,1,10.176934705499495,40.65405763662293,3,1,1.1961705319139262,16.405237004143494,16,2,3,1.1868419630428688,9.031728185683377,0.1695927757523279,Head,Open Play,Normal,From Corner,Right Back,1,0,0,1,High Pass,Outswinging,42.94415,1,1,1,413.7336900815247,0.4035325858682541,0.11753740851530961,0.047226246,0
3835328,Barbara Dunst,Austria Women's,82,2,1,4,32.034044390304516,11.939186681604047,2,1,3.7362029647001314,0.0,12,0,1,4.262516315769857,28.184488469857122,0.7256460372445801,Left Foot,Open Play,Normal,From Corner,Right Midfield,1,0,0,1,Ground Pass,,21.444813,1,1,1,382.4604361426365,0.0,0.11663225907968516,0.010076945,0
3835328,Barbara Dunst,Austria Women's,85,2,1,3,22.42699266508998,19.118017745167563,1,1,2.9578060371673365,6.6682597445786955,13,1,3,5.307577233355292,17.27401862412198,2.80794442848574,Right Foot,Open Play,Normal,From Throw In,Right Midfield,1,0,0,1,Ground Pass,,27.022398,1,1,1,428.759643741933,0.34879451590969585,0.13188598584470396,0.04819829,0
3835328,Laura Feiersinger,Austria Women's,85,2,1,3,21.645322820415497,17.283345414576974,2,1,2.996761203697138,1.5117119861884247,12,0,2,5.495232871782863,16.4736716597011,4.373166423093359,Right Foot,Open Play,Normal,From Throw In,Left Center Midfield,1,0,0,1,,,,0,0,0,374.1035909152665,0.08746639900591406,0.13844844119721994,0.04302554,0
3835328,Katharina Naschenweng,Austria Women's,87,2,1,1,13.328165665236908,16.016531213198036,0,1,1.9438651551916075,0.4844539862754286,8,0,3,9.27468522842512,4.05465795554213,8.385600747024291,Left Foot,Open Play,Normal,From Free Kick,Left Midfield,1,0,0,1,High Pass,,49.896393,1,1,1,213.47098139194128,0.0302471227899975,0.1458464130785589,0.15294062,1
3835328,Sarah Puntigam,Austria Women's,91,2,2,4,17.18400418994362,25.29668348706984,0,1,1.3677992051237755,17.481543192345978,7,0,2,8.401289743422955,8.80448219569087,1.9283460449185839,Left Foot,Open Play,Normal,Regular Play,Center Defensive Midfield,1,0,0,1,Ground Pass,,15.231546,1,1,1,434.69831503348576,0.6910606760479691,0.07959723414896717,0.11025988,0
3835328,Laura Feiersinger,Austria Women's,93,2,2,6,17.617321022221287,9.109405749991238,1,1,4.944493518791508,0.0,8,0,1,3.5079598321717937,14.118448236685218,3.2228839365481434,Right Foot,Open Play,Normal,Regular Play,Left Center Midfield,1,0,0,1,,,,0,0,0,160.4833254192641,0.0,0.2806609195890148,0.011011234,0
3835333,Wendie Renard,France Women's,2,1,0,1,13.930183056945085,31.801004776421387,4,1,1.2782555523906047,10.087042834308738,17,0,4,2.39271842916417,11.879694963015039,1.4139397019415583,Head,Open Play,Normal,From Corner,Left Center Back,1,0,0,1,High Pass,Straight,37.69456,1,1,1,442.9938179303349,0.3171925826000221,0.0917615760801731,0.022540087,0
3835333,Kadidiatou Diani,France Women's,5,1,0,13,5.622277118748238,60.86033330030261,1,1,0.8659895587452134,0.0,14,0,2,1.9422046025637065,3.8800597329729265,0.9727020252438834,Head,Open Play,Normal,From Corner,Right Wing,1,0,0,1,High Pass,,31.236036,1,1,1,342.1736593536828,0.0,0.15402825944979748,0.2841951,1
3835333,Delphine Cascarino,France Women's,10,1,1,3,25.246187831036984,13.117726794440255,2,1,2.1111936434639724,3.5393736492601167,16,1,2,2.0007918896397294,23.348342439887507,0.8918404648382889,Right Foot,Open Play,Normal,From Free Kick,Left Wing,1,0,0,1,High Pass,,57.21136,1,1,1,331.1725945686654,0.26981608206386987,0.08362425478228154,0.028898234,0
3835333,Delphine Cascarino,France Women's,11,1,1,1,19.742846805868705,22.86215606167096,3,1,1.7680670520901185,0.0,12,0,3,4.142834154384841,15.691912158934182,1.039709365542862,Right Foot,Open Play,Normal,Regular Play,Left Wing,1,0,0,1,Ground Pass,,20.524376,1,1,1,451.36404477743235,0.0,0.08955481797916538,0.053408995,0
3835333,Kadidiatou Diani,France Women's,15,1,1,19,6.407027391856544,63.92944699935901,1,1,0.8715537952308853,9.730379460404885,12,0,3,2.476027477917671,4.354601106379714,1.2338388560579858,Right Foot,Open Play,Half Volley,Regular Play,Right Wing,1,0,0,1,Low Pass,,21.247587,1,1,1,409.5977180711343,0.15220496840059397,0.13603091448284535,0.41137934,0
3835333,Wendie Renard,France Women's,16,1,1,1,8.807383266328308,48.17423171499144,3,1,1.0147707673368977,1.4176040354839587,17,0,5,1.7523076733746927,7.077701218501247,0.12845423187252436,Head,Open Play,Normal,From Corner,Left Center Back,1,0,0,1,High Pass,Straight,42.75348,1,1,1,424.2889222748381,0.029426603912871774,0.11521819099396856,0.06856911,0
3835333,Charlotte Bilbault,France Women's,23,1,1,1,31.269793731331198,14.369354711847846,4,0,6.69100031554373,5.698092057271649,19,0,0,1.0608348235090912,32.2718687762189,0.5210908076689122,Right Foot,Open Play,Half Volley,From Corner,Center Defensive Midfield,1,0,0,1,,,,0,0,0,449.32675789181417,0.3965447420247374,0.21397647752436533,0.012961233,0
3835333,Delphine Cascarino,France Women's,25,1,1,2,24.4724334711528,18.443794859521944,2,1,1.9791421764272328,2.3656151496406492,18,0,2,2.039827189499827,22.55623546628773,0.4383458291262059,Right Foot,Open Play,Normal,From Throw In,Left Wing,1,0,0,1,Ground Pass,,6.090156,1,1,1,451.36454265524077,0.1282607601992145,0.08087230796888967,0.039481416,0
3835333,Wendie Renard,France Women's,27,1,1,1,9.998499887483128,43.325531316562966,5,1,0.6103073430996919,0.0,17,0,4,1.2115402539095987,8.831324857379098,0.46642299621607464,Head,Open Play,Normal,From Corner,Left Center Back,1,0,0,1,High Pass,Outswinging,42.007736,1,1,1,433.19031999380155,0.0,0.06103989098041802,0.048533883,0
3835333,Clara Mateo,France Women's,29,1,1,0,19.011838417154713,21.25890911216439,2,1,1.6579792336871366,5.12367472127722,15,1,2,4.162460963820882,14.999258238578744,2.7618372524384043,Right Foot,Open Play,Normal,From Counter,Left Center Midfield,1,0,0,1,,,,0,0,0,404.17094496544735,0.24101305924232222,0.08720772801177991,0.06336114,0
3835333,Onema Grace Geyoro,France Women's,30,1,1,8,21.15183207195064,20.907459574241997,1,1,3.65468449092739,6.91632071124741,16,0,2,3.423893674905442,17.753956165323423,1.1479157235089446,Right Foot,Open Play,Normal,Regular Play,Right Center Midfield,1,0,0,1,Ground Pass,,12.946815,1,1,1,442.23107396546334,0.3308063653878026,0.1727833541083116,0.07217791,0
3835333,Janice Cayman,Belgium Women's,35,1,-1,16,16.37681287674742,24.549988279145225,1,1,0.7808657488044085,5.466771237938284,13,0,1,11.333050108913838,5.04582972926926,5.503067880170946,Right Foot,Open Play,Normal,From Free Kick,Left Wing,1,0,0,1,Ground Pass,Through Ball,15.487091,1,1,1,402.05056417390375,0.22267917914169466,0.047681179157461034,0.29530796,1
3835333,Ouleymata Sarr,France Women's,40,1,0,1,10.299999999999997,42.44731300553242,2,1,1.6688604005812886,25.974271718714796,17,1,5,3.598258140836858,7.799510814649205,2.228018910274379,Head,Open Play,Normal,From Corner,Center Forward,1,0,0,1,High Pass,Straight,35.322655,1,1,1,437.2073239569838,0.6119179255311027,0.1620252816098339,0.05547998,0
3835333,Griedge Mbock Bathy Nka,France Women's,40,1,0,2,5.462600113499066,70.91437992081033,1,1,1.8580851402618295,57.425654692330276,18,0,4,3.8547996349091207,3.4137926153018294,3.40548933741875,Head,Open Play,Normal,From Corner,Right Center Back,1,0,0,1,Low Pass,,16.76723,1,1,1,387.37689980413444,0.8097885754124504,0.340146652080603,0.26959726,1
3835333,Kadidiatou Diani,France Women's,49,1,1,12,10.988175462741758,39.25781661203496,0,1,1.8261928083860595,31.9453690380247,14,1,3,1.6068878078738225,9.408836087237459,0.6271698615540018,Head,Open Play,Normal,From Throw In,Right Wing,1,0,0,1,High Pass,,38.4,1,1,1,431.3717772171783,0.8137326982222303,0.16619618193923433,0.08001032,0
3835333,Kadidiatou Diani,France Women's,45,2,1,10,16.64361739526597,12.109297859122233,0,1,2.993319679586443,6.694978138620881,13,0,1,3.95476347319024,12.703447094077541,3.453166570728442,Right Foot,Open Play,Normal,From Throw In,Right Wing,1,0,0,1,Ground Pass,Through Ball,35.4938,1,1,1,201.54252049254376,0.5528791360580324,0.17984790256220673,0.022382017,0
3835333,Delphine Cascarino,France Women's,50,2,1,0,28.425692603699208,11.476498395271138,0,1,1.7847068486962165,8.763334020454,15,0,1,3.0922893226226784,25.343602616229116,2.0126011316905803,Right Foot,Open Play,Normal,Regular Play,Left Wing,1,0,0,1,,,,0,0,0,326.2274155508246,0.7635895304150357,0.06278499080314272,0.010327446,0
3835333,Wendie Renard,France Women's,52,2,1,1,11.788553770501277,37.04023433968608,6,1,0.5419892722865891,0.0,18,2,6,1.132362562659562,10.749800811320847,0.2369499820702572,Head,Open Play,Normal,From Corner,Left Center Back,1,0,0,1,High Pass,Outswinging,38.5488,1,1,1,436.6507941853572,0.0,0.04597589177078016,0.037459716,0
3835333,Marie Minnaert,Belgium Women's,58,2,-1,5,12.020399327809372,36.76487407664503,0,1,0.7431024938944939,30.334676179546715,15,0,1,2.8877130508591344,10.698120373397268,2.3092634454655254,Right Foot,Open Play,Volley,Regular Play,Left Wing,1,0,0,1,High Pass,,33.102264,1,1,1,441.9284676379001,0.8250994173489333,0.06182011708839949,0.053395294,0
3835333,Ouleymata Sarr,France Women's,67,2,1,4,11.321660655575222,36.29853954546039,0,1,4.999351532282552,27.290710714160767,12,0,1,3.9707008119966374,7.640664209772699,2.6779160740689107,Right Foot,Open Play,Normal,Regular Play,Center Forward,1,0,0,1,Ground Pass,,12.815616,1,1,1,410.95974702668025,0.751840461238993,0.4415740485756989,0.36904913,0
3835333,Selma Bacha,France Women's,80,2,1,10,11.384638773364744,29.69923898885338,1,1,0.8715095903746507,12.720744901734413,14,1,2,3.3430636505857585,8.049387951053356,2.4819403658598986,Left Foot,Open Play,Volley,Regular Play,Left Wing,1,0,0,1,High Pass,,36.70218,1,1,1,338.1151077319261,0.42831888408011803,0.07655136080501876,0.062833995,0
3835333,Wendie Renard,France Women's,85,2,1,1,13.752454326410254,32.335868276493784,4,1,0.45326843260401833,0.0,16,0,4,2.2819804168240707,12.223703854262867,1.4452808764664695,Head,Open Play,Normal,From Corner,Left Center Back,1,0,0,1,High Pass,Outswinging,36.687874,1,1,1,444.697551577299,0.0,0.03295909383487719,0.026582262,0
3835333,Onema Grace Geyoro,France Women's,85,2,1,1,11.36001760562016,25.696999727332443,3,1,3.591843294627204,6.5483999904898,13,0,1,5.042373144769704,6.360483579466169,4.313625190106521,Right Foot,Open Play,Normal,From Corner,Left Center Midfield,1,0,0,1,,,,0,0,0,291.91836931411297,0.25483130559886485,0.31618289859429494,0.09472457,0
3835333,Wendie Renard,France Women's,89,2,1,0,11.900420160649796,37.156345075648375,0,1,9.706824119744601,30.87941677727006,15,0,0,1.2100517825970873,10.959075366540558,0.737318925252481,Right Foot,Penalty,Normal,Other,Left Center Back,1,0,0,1,,,,0,0,0,442.1761180343067,0.8310671223017544,0.8156707064714748,0.7835,0
3835333,Wendie Renard,France Women's,89,2,1,0,7.805767098754609,54.24490333086379,0,1,4.660867442981996,43.90261626886658,12,1,1,3.1779140584556957,6.006544174343202,2.1677435031716357,Left Foot,Open Play,Normal,Other,Left Center Back,1,0,0,1,,,,0,0,0,423.4230816951809,0.8093408518231657,0.5971056251121848,0.8489482,0
3835333,Melvine Malard,France Women's,93,2,1,5,12.231925441237783,22.446097792973465,0,1,4.185044901300421,13.20188665372663,12,0,1,4.786659702957563,7.445693848486818,3.9803430613633424,Right Foot,Open Play,Half Volley,From Throw In,Center Forward,1,0,0,1,Low Pass,,18.12319,1,1,1,274.55899465038334,0.5881595445003965,0.342141138891452,0.17523615,0
3835333,Wendie Renard,France Women's,95,2,1,1,7.116881339463232,57.50496143806325,1,1,1.0206362875630193,29.147993347837467,12,2,6,3.107167819842486,4.432603064158012,2.01139996994187,Head,Open Play,Normal,From Corner,Left Center Back,1,0,0,1,High Pass,Straight,38.473495,1,1,1,409.2559869851051,0.5068778870364401,0.1434106090688309,0.090357274,0
3835319,Sarah Zadrazil,Austria Women's,4,1,0,3,17.779201331893397,24.758188080513218,3,1,0.6124750903084449,0.0,14,1,4,2.7561250247204403,15.233457980509627,1.5450606272959888,Right Foot,Open Play,Normal,Regular Play,Right Center Midfield,1,0,0,1,,,,0,0,0,440.1808104963278,0.0,0.034448965331741334,0.05104586,0
3835319,Ellen White,England Women's,9,1,0,12,8.828363381737299,48.33275486433858,0,1,1.8103298231470346,39.62457198682172,16,2,3,1.4494375729661142,7.903044445974663,1.2070817463740582,Head,Open Play,Normal,From Throw In,Center Forward,1,0,0,1,High Pass,,24.71639,1,1,1,426.69912318281206,0.8198285427354767,0.20505837207516336,0.13683231,0
3835319,Lauren Hemp,England Women's,11,1,0,20,10.121264743103998,36.51617187365894,0,1,1.7166545627354466,27.624212332718226,16,0,1,2.3814651597770986,7.740024291134934,1.4813250869079866,Head,Open Play,Normal,Regular Play,Left Wing,1,0,0,1,High Pass,,43.471947,1,1,1,369.5898429379901,0.7564925597429626,0.169608700721426,0.10498791,0
3835319,Bethany Mead,England Women's,15,1,0,10,7.7794601355106945,53.055844986276476,0,0,1.6037632268782052,53.05584498627646,13,0,2,6.930767587157513,1.6037632268782052,3.3179793623903606,Right Foot,Open Play,Lob,From Throw In,Right Wing,1,0,0,1,High Pass,Through Ball,19.92009,1,1,1,412.7458310265728,0.9999999999999998,0.20615353751316878,0.3614148,1
3835319,Lauren Hemp,England Women's,22,1,1,3,6.476109943476868,62.76591063786632,1,1,1.5810560413312464,40.251666859777174,20,2,4,1.2874873590029678,6.049064531478718,1.0112675441423065,Left Foot,Open Play,Volley,From Corner,Left Wing,1,0,0,1,High Pass,,8.637129,1,1,1,406.47893799326664,0.6412982214503803,0.2441366893290288,0.16642128,0
3835319,Ellen White,England Women's,25,1,1,7,8.551023330572786,49.63546342690261,0,1,1.672269091428302,39.16951584986752,16,0,1,3.3292750135970257,6.5785363685644835,2.7214491707889508,Head,Open Play,Normal,Regular Play,Center Forward,1,0,0,1,High Pass,,25.60078,1,1,1,424.43400578723646,0.789143752179364,0.1955636216602728,0.15914714,0
3835319,Lauren Hemp,England Women's,35,1,1,22,10.151354589413172,41.42040010192284,0,1,0.9071487729590823,31.53958284748785,17,1,2,3.3323380519515045,6.967056097769522,1.8187879874096993,Right Foot,Open Play,Half Volley,Regular Play,Right Wing,1,0,0,1,Low Pass,,24.239843,1,1,1,420.4731686699842,0.7614504632953486,0.08936233730867267,0.12506282,0
3835319,Verena Hanshaw,Austria Women's,42,1,-1,8,15.990622251807467,19.9907830624018,2,1,0.9796481153886989,6.3291118544010265,15,0,1,2.2733895655247105,13.78734790850739,1.9738182417894805,Left Foot,Open Play,Half Volley,Regular Play,Left Back,1,0,0,1,,,,0,0,0,319.6650604686981,0.31660149753236394,0.06126391455954545,0.05396139,0
3835319,Ellen White,England Women's,43,1,1,9,13.448048185517477,31.444324960084725,1,1,0.7634799460183667,0.0,16,1,3,1.5998269935750464,11.915680553812251,0.9436333397779109,Head,Open Play,Normal,From Goal Kick,Center Forward,1,0,0,1,High Pass,,33.055256,1,1,1,422.8647972242893,0.0,0.05677254687714284,0.061391678,0
3835319,Lauren Hemp,England Women's,45,1,1,2,10.049875621120892,34.85607665538327,0,1,1.4891352540640876,17.928336077474995,9,0,3,8.663823444112664,1.4891352540640876,5.480146717292882,Left Foot,Open Play,Half Volley,Regular Play,Right Wing,1,0,0,1,Low Pass,,21.302582,1,1,1,350.29923502685733,0.5143532433305598,0.14817449590465678,0.12653162,0
3835319,Nicole Billa,Austria Women's,47,2,-1,3,7.716216689544168,24.671576985812855,0,0,2.166073538700285,24.671576985812845,12,0,1,3.8374576058914833,5.0018203529215715,2.3285376857418782,Right Foot,Open Play,Volley,Regular Play,Center Forward,1,0,0,1,Low Pass,,11.088733,1,1,1,190.37123409530295,0.9999999999999996,0.2807170438377418,0.068972066,0
3835319,Francesca Kirby,England Women's,51,2,1,19,25.518032839543103,15.084694040187983,1,1,2.523719239227441,4.768953776303066,13,0,2,3.485650607548756,22.118354209008174,2.4587912734096165,Right Foot,Open Play,Half Volley,From Throw In,Center Attacking Midfield,1,0,0,1,,,,0,0,0,384.9317178919771,0.316145210741287,0.09889944319362462,0.022087768,0
3835319,Ellen White,England Women's,52,2,1,11,14.441952776546534,30.888877303071396,1,1,0.5798349924868996,0.0,15,1,2,3.6451139419401084,11.064694629502034,1.4574101070837813,Head,Open Play,Normal,From Free Kick,Center Forward,1,0,0,1,High Pass,,30.51639,1,1,1,446.0957073314972,0.0,0.04014934832279337,0.027852124,0
3835319,Katharina Naschenweng,Austria Women's,56,2,-1,2,18.280043763623762,15.460932997055282,1,1,3.1916647964546483,9.387785527487871,16,0,1,3.451488634370501,14.880673137631867,3.0471915293213243,Left Foot,Open Play,Normal,From Throw In,Left Wing,1,0,0,1,,,,0,0,0,282.6265318126253,0.6071939855942643,0.1745983126586315,0.0570774,0
3835319,Georgia Stanway,England Women's,58,2,1,9,19.416487838947596,21.307161211634696,1,1,1.1919364817259048,6.500546778412546,16,0,2,1.723573771052321,17.745951657907522,0.33981256293422035,Left Foot,Open Play,Normal,Regular Play,Right Defensive Midfield,1,0,0,1,Ground Pass,,10.4,1,1,1,413.710236548201,0.3050874170353086,0.061387851995302445,0.08381101,0
3835319,Julia Hickelsberger Füller,Austria Women's,64,2,-1,3,17.30462365958879,16.803964187988253,1,1,1.0684313832377688,0.0,15,0,1,3.0608883296208296,14.244462337029638,2.4425577673664094,Left Foot,Open Play,Normal,From Free Kick,Right Wing,1,0,0,1,High Pass,,38.916576,1,1,1,290.78627626234424,0.0,0.0617425379630104,0.043922916,0
3835319,Alessia Russo,England Women's,70,2,1,1,8.720091742636658,43.00601954762126,0,1,3.656363752164683,32.59028476838662,20,0,2,2.707488180523412,6.610162551035419,2.5350286802180335,Left Foot,Open Play,Volley,From Free Kick,Center Forward,1,0,0,1,,,,0,0,0,375.01643594088284,0.7578075141852845,0.41930335827626547,0.37489152,0
3835319,Alessia Russo,England Women's,70,2,1,1,8.213403679352428,40.53153595269453,1,1,2.485377384318978,11.334000898465336,19,1,3,3.335762184393544,5.029449027528299,2.9291846138514543,Right Foot,Open Play,Normal,From Free Kick,Center Forward,1,0,0,1,,,,0,0,0,332.9018665236665,0.27963413258489783,0.3026001742209429,0.20126033,0
3835319,Chloe Kelly,England Women's,75,2,1,2,23.5732899697942,18.901842395759427,0,1,1.5201262575313041,15.612005901488205,12,0,2,2.699290691008947,20.902066505147175,0.17498669061472327,Right Foot,Open Play,Normal,Regular Play,Right Wing,1,0,0,1,High Pass,,43.265343,1,1,1,445.5786117585865,0.8259515434850262,0.06448511257780007,0.054750934,0
3835319,Barbara Dunst,Austria Women's,77,2,-1,9,29.502542263337244,11.845391459584732,0,0,2.699935601481502,11.845391459584746,14,0,1,,,,Right Foot,Open Play,Normal,From Throw In,Left Wing,1,0,0,1,Ground Pass,,18.25267,1,1,1,349.4691621621726,1.000000000000001,0.09151535407972984,0.011456413,0
3835319,Nicole Billa,Austria Women's,80,2,-1,3,16.81576641131768,24.36218398962426,0,1,1.702756596964876,19.38793437487513,15,1,4,2.989252395698289,13.82651414180929,1.314752693099173,Left Foot,Open Play,Normal,From Throw In,Center Forward,1,0,0,1,,,,0,0,0,409.66879523906493,0.7958208665993312,0.10125952961732705,0.10853588,0
3835319,Lauren Hemp,England Women's,81,2,1,3,27.261694738221983,16.194831763097532,0,0,5.592582739714918,16.19483176309753,9,1,0,,,,Left Foot,Open Play,Normal,Regular Play,Left Wing,1,0,0,1,,,,0,0,0,441.49855986242625,0.9999999999999998,0.20514435340198767,0.03835215,0
3835319,Alessia Russo,England Women's,84,2,1,1,23.760681808399347,17.484470081123316,1,1,3.0033474089462375,2.9488956242917745,10,0,1,3.608315932280202,20.181218255113595,1.111710510589269,Right Foot,Open Play,Normal,From Counter,Center Forward,1,0,0,1,Ground Pass,,6.5795135,1,1,1,415.4429301860494,0.16865799252763616,0.12639988335202407,0.034278616,0
3835319,Julia Hickelsberger Füller,Austria Women's,86,2,-1,8,23.157288269570767,17.175135965365246,1,1,2.7151929340088135,6.168468169275821,17,0,2,2.856991193334924,20.37676148661269,1.9199529505280992,Left Foot,Open Play,Normal,Regular Play,Right Wing,1,0,0,1,Ground Pass,,14.5725765,1,1,1,397.7295746190356,0.3591510531104341,0.11725003819107102,0.05041778,0
3835319,Barbara Dunst,Austria Women's,87,2,-1,4,22.418073066166947,14.826706530809933,0,1,2.642612180030661,11.255353753375381,14,0,1,3.2387574572258626,19.25490743046656,1.7457070807944035,Right Foot,Open Play,Normal,Regular Play,Left Wing,1,0,0,1,Ground Pass,,25.547798,1,1,1,332.38619033831174,0.7591270340440561,0.11787864961591438,0.026600422,0
