match_id,tiratore,squadra,minuto,periodo,differenza_reti,possesso_passaggi_precedenti,distanza,angolo,difensori_cono,portiere_cono,distanza_min_difensore,angolo_libero,n_giocatori_visibili,compagni_vicini_5m,avversari_vicini_5m,gk_distanza_da_porta,gk_distanza_da_tiratore,gk_offset_laterale,body_part,shot_type,shot_technique,play_pattern,position_tiratore,primo_tocco,porta_sguarnita,tiro_deviato,sotto_pressione,assist_altezza,assist_tecnica,assist_lunghezza,assist_cross,assist_cutback,assist_through_ball,distanza_x_angolo,angolo_libero_su_angolo_tot,pressione_relativa,xg_statsbomb_benchmark,goal
3857276,Mark Anthony Kaye,Canada,2,1,0,3,23.510423220350585,19.30345396765998,2,1,0.894676122383936,7.364612903163171,20,0,2,2.4110996696442974,21.11373561938688,0.17793477381278677,Left Foot,Open Play,Normal,Regular Play,Left Defensive Midfield,1,1,0,1,Ground Pass,,12.317468,1,0,1,453.8323723942418,0.38151788356122524,0.038054445638796744,0.038882375,0
3857276,Hakim Ziyech,Morocco,3,1,0,20,36.444615514503646,12.41215796309145,1,0,13.087464368893874,7.974553483578464,8,0,0,22.733358107021672,14.661895973748873,0.9783434251801424,Left Foot,Open Play,Lob,From Throw In,Right Wing,1,1,0,1,,,,0,0,0,452.3563246701527,0.6424792133077455,0.3591055683845954,0.024477394,1
3857276,Abdelhamid Sabiri,Morocco,8,1,1,0,33.23853185686757,13.708899258828232,3,1,10.4004096225813,3.689173355498703,20,1,0,1.786484256686733,31.784339516724796,1.0842347365184253,Right Foot,Free Kick,Normal,From Free Kick,Left Center Midfield,1,1,0,1,,,,0,0,0,455.6636847371504,0.26910791930453176,0.3129021963836355,0.02207015,0
3857276,Sofiane Boufal,Morocco,9,1,1,1,15.423683088030561,25.112519365201305,5,1,0.7586096496729567,0.0,18,0,2,1.7827737434757138,13.847393087920295,1.525199907675237,Left Foot,Open Play,Half Volley,From Corner,Left Wing,1,1,0,1,,,,0,0,0,387.3275402308953,0.0,0.049184727496227564,0.06158555,0
3857276,Hakim Ziyech,Morocco,15,1,1,11,26.5,14.69731927951188,1,0,2.9040190556093317,11.0904418632924,12,0,2,,,,Left Foot,Open Play,Normal,From Goal Kick,Right Wing,1,1,0,1,High Pass,,51.656754,1,0,1,389.47896090706485,0.7545894358267441,0.10958562473997478,0.022624016,0
3857276,Youssef En-Nesyri,Morocco,22,1,1,6,18.110770276274838,17.637995562297313,0,1,2.4308556672983905,12.056632253074902,5,0,1,5.841490029325703,12.323535316473027,3.7822576151541014,Right Foot,Open Play,Half Volley,From Throw In,Center Forward,1,1,0,1,High Pass,Through Ball,63.158928,1,0,1,319.4376857627217,0.6835602271522825,0.1342215505037253,0.10405799,1
3857276,Abdelhamid Sabiri,Morocco,32,1,2,10,13.418271125595869,30.543325053353197,2,1,0.9191727145453402,6.0452206145394385,13,1,3,5.171863404368139,8.707267055456608,3.652370788513025,Right Foot,Open Play,Normal,Regular Play,Left Center Midfield,1,1,0,1,Ground Pass,,8.0062475,1,0,1,409.8386166430981,0.19792280650451854,0.06850157564576131,0.09711841,0
3857276,Youssef En-Nesyri,Morocco,47,1,2,1,14.803040228277437,27.468303307985806,1,1,2.7272953696065434,14.083268302738828,15,1,1,2.2800443586328716,12.550060769959526,0.7340337845998874,Right Foot,Open Play,Volley,From Free Kick,Center Forward,1,1,0,1,,,,0,0,0,406.6143988706401,0.5127098002680212,0.1842388676615727,0.094470315,0
3857276,Alphonso Davies,Canada,57,2,-2,3,14.948244044034075,29.881515261612027,0,1,2.563675530929189,24.023545239300994,10,0,3,3.282754797678792,11.742103575522844,0.8813879084906588,Left Foot,Open Play,Volley,Regular Play,Center Attacking Midfield,1,1,0,1,High Pass,,28.650305,1,0,1,446.6761825361053,0.8039600746138664,0.17150345708681186,0.051903803,0
3857276,Atiba Hutchinson,Canada,70,2,-2,1,8.132035415564786,51.22281001579047,2,1,0.42082007741636446,0.0,18,2,5,5.044504362715927,3.4114701539179477,2.4792067999263168,Head,Open Play,Normal,From Corner,Left Defensive Midfield,1,1,0,1,High Pass,Outswinging,43.013138,1,0,1,416.54570513315474,0.0,0.05174843147029478,0.086874224,0
3857276,Alistair Johnston,Canada,70,2,-2,1,2.0000000000000027,141.34019174590983,1,0,1.0771271248418572,120.8303195463551,15,2,4,2.9854052566977205,4.431432012301262,2.825189039556527,Head,Open Play,Normal,From Corner,Right Back,1,1,0,1,,,,0,0,0,282.68038349182007,0.8548900214001001,0.538563562420928,0.638813,0
3857271,Harry Maguire,England,7,1,0,2,11.555085460523431,17.38733096845362,0,0,4.364911366953743,17.38733096845363,17,0,2,4.12660267400631,9.82336164786426,0.7920543340967328,Left Foot,Open Play,Half Volley,From Free Kick,Left Center Back,1,0,1,1,,,,0,0,0,200.91209527088722,1.0000000000000004,0.3777480817312811,0.23307544,0
3857271,Bukayo Saka,England,26,1,0,2,24.316660954991335,14.725423038485348,2,1,1.7469983717405886,0.0,16,0,2,2.713947602864835,21.6187290758235,1.4829010744457918,Left Foot,Open Play,Normal,Regular Play,Right Wing,1,0,1,1,Ground Pass,,34.338463,1,1,1,358.0731194456665,0.0,0.07184367849575139,0.028282227,0
3857271,Mason Mount,England,29,1,0,21,11.241441188744437,25.566026642844232,1,1,2.8004942480654575,13.176958112848231,15,0,2,4.194659246653301,7.14383482671482,3.7653547577926574,Right Foot,Open Play,Normal,From Free Kick,Center Attacking Midfield,1,0,1,1,Ground Pass,,18.901058,1,1,1,287.3989849354068,0.5154089173468173,0.24912235015466433,0.06697492,0
3857271,Harry Maguire,England,31,1,0,1,9.525754563287887,45.47891071324955,1,1,0.8032170284681396,22.659816367846663,18,1,3,1.0725117368157404,8.45892148201854,0.18202572431167852,Head,Open Play,Normal,From Corner,Left Center Back,1,0,1,1,High Pass,Outswinging,40.43192,1,1,1,433.2209412600992,0.49824888090921426,0.08432056727177559,0.06988547,0
3857271,Jude Bellingham,England,34,1,0,19,8.246211251235321,50.9061411137705,1,1,0.8730561305693476,0.0,15,0,2,3.185802915038922,5.4651782476437125,0.5091343074848496,Head,Open Play,Normal,Regular Play,Right Defensive Midfield,1,0,1,1,High Pass,,31.470144,1,1,1,419.78279360934727,0.0,0.10587360715971952,0.08285139,1
3857271,Bukayo Saka,England,42,1,1,2,15.970597985047403,28.01672827153534,4,1,1.516529107848025,0.0,19,0,2,2.474818734046084,13.539013817194448,0.19313191768176097,Left Foot,Open Play,Half Volley,From Corner,Right Wing,1,0,1,1,Low Pass,,8.9196415,1,1,1,447.4439040810029,0.0,0.09495756572596012,0.061030492,1
3857271,Raheem Sterling,England,45,1,2,7,9.425497334358543,44.66771668590186,0,1,2.4059106125125704,36.20826554010243,10,0,3,1.3360565575361474,8.134975172538033,0.07853398953474766,Right Foot,Open Play,Volley,Regular Play,Left Wing,1,0,1,1,Low Pass,,19.474342,1,1,1,421.01544455485055,0.8106137547776329,0.25525556128930843,0.1885282,1
3857271,Alireza Jahanbakhsh,Iran,55,1,-3,2,16.198765385053264,23.824260582895455,0,1,3.2296498803571176,19.143711351087425,11,0,1,1.5088938050491176,14.693586941953674,0.9024943381463686,Right Foot,Open Play,Volley,Regular Play,Right Wing,1,0,1,1,High Pass,,35.802235,1,1,1,385.9236076546958,0.8035385310061454,0.19937629835278325,0.11232807,0
3857271,Kieran Trippier,England,50,2,3,0,28.853076092507013,14.344583727393728,5,1,9.50411016254064,0.6345825879210354,20,2,0,0.962102755778399,29.173053764154208,0.9555210018452698,Right Foot,Free Kick,Normal,From Free Kick,Right Back,1,0,1,1,,,,0,0,0,413.8853658018291,0.04423848052900821,0.32939677322685207,0.042866398,0
3857271,Luke Shaw,England,58,2,3,9,26.653705183332384,14.284082510742753,2,1,4.9695147507323325,0.0,14,1,1,3.6654287555051135,22.989446472936105,2.119802257509974,Left Foot,Open Play,Normal,From Free Kick,Left Back,1,0,1,1,,,,0,0,0,380.72372405573157,0.0,0.18644742697311617,0.021548782,0
3857271,Saeid Ezatolahi Afagh,Iran,60,2,-3,2,36.47862387755328,12.42272342794132,1,0,9.046070621165192,8.081731308329529,16,0,0,,,,Right Foot,Open Play,Normal,Regular Play,Left Defensive Midfield,1,0,1,1,Ground Pass,,9.702062,1,1,1,453.16385546274074,0.6505603505711166,0.24798278168414112,0.0065368367,0
3857271,Bukayo Saka,England,61,2,3,2,15.993123522314209,26.1256220040187,1,1,2.589373118513268,8.883336999260374,13,0,3,4.769236172157681,11.378822894461111,2.7694458496706247,Left Foot,Open Play,Normal,Regular Play,Right Wing,1,0,1,1,,,,0,0,0,417.8302998075612,0.34002394269862435,0.1619054035880156,0.080026746,1
3857271,Mehdi Taremi,Iran,64,2,-4,7,13.04185569618066,28.1357513415786,1,1,1.858351732084493,2.193786387467168,16,0,2,5.015053417729981,8.393276331197564,4.122236935532719,Right Foot,Open Play,Normal,From Throw In,Center Forward,1,0,1,1,Ground Pass,,17.383326,1,1,1,366.9424089004895,0.07797148762205694,0.14249135823736464,0.065701395,1
3857271,Mehdi Torabi,Iran,69,2,-3,13,18.208239892971534,22.701044480927578,3,1,2.357222644416261,6.90800522299308,15,0,3,3.1057820856579577,15.246428876811768,2.0373642931865206,Right Foot,Open Play,Normal,From Throw In,Left Attacking Midfield,1,0,1,1,Ground Pass,,6.3245554,1,1,1,413.3460637297468,0.304303408981771,0.129459116217277,0.045791544,0
3857271,Ahmad Nourollahi,Iran,69,2,-3,13,22.80087717610882,19.41576391397008,2,1,3.5522615588376585,8.693773684296376,15,0,1,1.8027281538800763,21.18654014738922,1.1242923922313395,Left Foot,Open Play,Volley,From Throw In,Right Defensive Midfield,1,0,1,1,,,,0,0,0,442.6964482827576,0.44776881933762136,0.1557949517205322,0.028478073,0
3857271,Marcus Rashford,England,70,2,3,6,12.860015552090129,28.88171452268812,0,1,2.574047652635847,22.594485042915746,11,0,2,6.626820311821963,6.46347037748637,2.9209079734210306,Left Foot,Open Play,Normal,From Goal Kick,Right Wing,1,0,1,1,Ground Pass,,20.524376,1,1,1,371.41929793279655,0.7823110717740313,0.20015898442809338,0.40810898,1
3857271,Mehdi Taremi,Iran,76,2,-4,2,20.860728654579642,15.874241022660303,0,1,2.8612645462372597,10.10773064313649,4,0,1,8.93900520380332,11.928178025960953,6.070216286902827,Right Foot,Open Play,Half Volley,From Counter,Center Forward,1,0,1,1,High Pass,,49.436222,1,1,1,331.14823457111345,0.6367378842684709,0.13716033574930347,0.06202265,0
3857271,Marcus Rashford,England,83,2,4,25,15.634896865665606,21.762481321457567,2,1,3.268859090013016,3.6199900612509146,15,0,4,5.2563683854823395,10.539576849096973,4.295535896418883,Left Foot,Open Play,Normal,Regular Play,Right Wing,1,0,1,1,Ground Pass,,56.303463,1,1,1,340.25415100196324,0.16634086930526826,0.2090745540631908,0.0776978,0
3857271,Jack Grealish,England,89,2,4,35,8.000624975587845,53.12437320590988,1,0,4.055957848068506,36.11033956518924,7,0,1,10.539474312356566,9.771211846268791,9.22821537074941,Right Foot,Open Play,Normal,From Free Kick,Left Wing,1,0,1,1,Ground Pass,,13.146102,1,1,1,425.02818708365237,0.6797320586772044,0.5069551266862743,0.6262809,1
3857271,Sardar Azmoun,Iran,97,2,-5,3,13.155227098001763,24.868530632594197,0,1,4.591772234416486,13.992238317441444,6,0,1,6.824250577629832,6.331043040851564,4.913625534616429,Right Foot,Open Play,Normal,Regular Play,Left Center Forward,1,0,1,1,Ground Pass,Through Ball,26.313875,1,1,1,327.1511680653901,0.5626483737282962,0.34904545548392407,0.35130003,0
3857271,Mehdi Taremi,Iran,102,2,-5,0,12.0,36.86989764584404,0,1,10.101968088692031,30.83374402510502,8,0,0,0.9087788163423034,11.39579038248862,0.6612404125546405,Right Foot,Penalty,Normal,Other,Right Center Forward,1,0,1,1,,,,0,0,0,442.43877175012847,0.8362850453581496,0.8418306740576692,0.7835,1
3857296,Ivan Perišić,Croatia,0,1,0,4,23.555254190944318,14.244958956433392,0,1,2.716855419099685,10.781864015962627,13,0,1,3.7322194301835334,19.85663217528923,2.8803643373370917,Right Foot,Open Play,Half Volley,From Kick Off,Left Wing,1,0,0,1,High Pass,,53.596455,1,1,1,335.5436291583574,0.7568897916054197,0.11533967738476643,0.03397081,0
3857296,Yannick Ferreira Carrasco,Belgium,9,1,0,14,19.103141102970476,18.625378017827895,2,1,1.430765188881202,4.35644255934228,17,0,3,3.5921016387890234,15.643832518714962,2.8984764527711633,Right Foot,Open Play,Normal,From Free Kick,Left Wing,1,0,0,1,Ground Pass,,29.502033,1,1,1,355.80322437073085,0.233898208947618,0.0748968549815466,0.05519996,0
3857296,Yannick Ferreira Carrasco,Belgium,10,1,0,11,11.208925015361643,12.347191172580523,1,1,3.5547474380084894,6.186418438580927,14,0,2,6.043655601222389,5.19552811179964,5.699720631060401,Right Foot,Open Play,Normal,From Free Kick,Left Wing,1,0,0,1,Ground Pass,,31.287218,1,1,1,138.3987400037903,0.5010385238319741,0.3171354463641043,0.020840297,0
3857296,Dries Mertens,Belgium,12,1,0,3,16.00781059358212,26.234998993306302,0,1,1.9077289369324486,20.481139159303087,10,0,1,4.128831275365252,11.954381428057784,0.9246513965309617,Right Foot,Open Play,Normal,From Counter,Center Attacking Midfield,1,0,0,1,Ground Pass,Through Ball,23.228,1,1,1,419.9648948076649,0.7806800055349239,0.11917488189779672,0.1934709,0
3857296,Axel Witsel,Belgium,24,1,0,18,27.772288346479478,16.1275758259598,4,1,2.206213252898607,0.0,18,0,1,1.7410806568576382,26.651860739284956,1.4945457640254176,Right Foot,Open Play,Normal,Regular Play,Left Defensive Midfield,1,0,0,1,Ground Pass,,13.014607,1,1,1,447.89968616826746,0.0,0.07943937587621493,0.025340356,0
3857296,Marcelo Brozović,Croatia,32,1,0,8,20.48414020651099,21.820987746144404,2,1,0.8702353965351306,0.0,18,0,2,1.8594208161294674,18.643412863164844,0.5532264808524872,Left Foot,Open Play,Normal,From Throw In,Center Defensive Midfield,1,0,0,1,Ground Pass,,22.116283,1,1,1,446.9841724365802,0.0,0.0424833743453153,0.054300383,0
3857296,Marko Livaja,Croatia,32,1,0,10,8.190848551890088,50.69109814692395,1,1,0.48367905975826103,0.0,14,0,2,1.7344639361410954,6.491218418421776,0.8141098552148591,Head,Open Play,Normal,From Throw In,Center Forward,1,0,0,1,High Pass,,38.45205,1,1,1,415.20310785045035,0.0,0.059051154064696895,0.104244776,0
3857296,Dries Mertens,Belgium,41,1,0,28,9.7082439194738,17.58512191234613,0,1,4.213551794604419,12.526165365744525,15,0,1,2.9011007983131774,6.908832236775211,2.476279965801851,Left Foot,Open Play,Volley,Regular Play,Center Attacking Midfield,1,0,0,1,Ground Pass,,8.104937,1,1,1,170.72065287873977,0.7123160947181253,0.4340179160674405,0.108029366,0
3857296,Borna Sosa,Croatia,44,1,0,14,28.887713651308573,13.783964268719156,1,1,4.2506929132816955,8.510823249540477,20,0,1,2.7336250014006676,26.422994559697578,0.2497985019578124,Left Foot,Open Play,Normal,Regular Play,Left Back,1,0,0,1,Ground Pass,,23.407692,1,1,1,398.18721277462794,0.61744379799755,0.14714535613963844,0.024362085,0
3857296,Ivan Perišić,Croatia,48,1,0,8,11.672617529928752,37.41861851980215,0,1,0.7171266999872536,30.80437116145863,12,0,1,2.822145550209206,10.400749185676302,2.063051261423098,Head,Open Play,Normal,From Throw In,Left Wing,1,0,0,1,High Pass,,28.03159,1,1,1,436.77322247995926,0.8232364630232615,0.061436665610650816,0.08771692,0
3857296,Josip Juranović,Croatia,48,1,0,9,20.44162420161373,18.594770463760774,2,1,5.871057457283416,6.925593866327215,17,1,0,2.527902712401383,18.089079218979183,2.054529964666756,Right Foot,Open Play,Volley,From Throw In,Right Back,1,0,0,1,,,,0,0,0,380.1073099354644,0.37244847307066575,0.2872109084570655,0.041306578,0
3857296,Yannick Ferreira Carrasco,Belgium,47,2,0,1,22.398660674245676,17.463444458959952,2,1,7.504445408478704,8.291760886622017,19,0,0,2.3309960792373907,20.537211492556732,0.1497296666663459,Left Foot,Open Play,Half Volley,From Corner,Left Wing,1,0,0,1,,,,0,0,0,391.1577666397798,0.47480672590725775,0.33503991678874934,0.026916144,0
3857296,Romelu Lukaku Menama,Belgium,48,2,0,3,6.315853069855248,39.935071482956886,0,0,1.1896420649062764,39.935071482956886,20,1,3,1.9467865684319123,6.113383326250969,0.28634010090500794,Head,Open Play,Normal,From Corner,Center Forward,1,0,0,1,High Pass,,29.6,1,1,1,252.22404382052204,1.0,0.1883580969583166,0.1189759,0
3857296,Mateo Kovačić,Croatia,49,2,0,18,19.386851214160586,19.693655503981205,0,1,2.2704586190640947,15.240249514687678,15,1,3,3.9654903528955416,15.442617636019683,2.5035593109738414,Right Foot,Open Play,Normal,From Keeper,Left Center Midfield,1,0,0,1,Ground Pass,,11.080162,1,1,1,381.7979691186183,0.773865954525647,0.11711332562379709,0.07960723,0
3857296,Borna Sosa,Croatia,49,2,0,4,25.732858372128035,17.391882342783873,3,1,5.3791316080410585,2.5197371890052245,20,0,0,2.2117869988484626,24.428578030553563,1.959621083634488,Left Foot,Open Play,Half Volley,From Corner,Left Back,1,0,0,1,,,,0,0,0,447.5428451515717,0.1448800733205683,0.2090374699247303,0.024012579,0
3857296,Kevin De Bruyne,Belgium,50,2,0,12,20.519746587129184,20.667883128006274,3,1,1.9259928429606923,1.951848392867856,16,1,3,2.6808516923624914,17.911264347114574,0.41884101991809786,Left Foot,Open Play,Normal,From Goal Kick,Right Wing,1,0,0,1,Ground Pass,,8.021222,1,1,1,424.09972427909156,0.09443871831377736,0.09386045947413175,0.048855886,0
3857296,Marcelo Brozović,Croatia,53,2,0,19,19.535864454894238,22.99877628185034,1,1,0.9450284506712741,12.338142168727513,16,0,2,1.6211107677650003,18.112733839087547,0.9115331048015491,Left Foot,Open Play,Normal,Regular Play,Center Defensive Midfield,1,0,0,1,Ground Pass,,6.7029843,1,1,1,449.3009760706647,0.5364695067912919,0.048374027822174,0.10219261,0
3857296,Luka Modrić,Croatia,53,2,0,10,19.333132182861632,17.848277051090633,0,1,1.8863930063840804,13.656199510949964,16,0,2,2.9869324855988406,16.40481907505302,2.36385956174621,Left Foot,Open Play,Normal,From Throw In,Right Center Midfield,1,0,0,1,Ground Pass,,13.296992,1,1,1,345.06309946507105,0.765127046821334,0.09757306723720244,0.071706615,0
3857296,Yannick Ferreira Carrasco,Belgium,59,2,0,13,8.095060222135476,49.30789998932022,0,0,2.1206112657217853,49.30789998932022,10,0,4,6.423406176865039,2.4455998518300124,1.4425461449549175,Right Foot,Open Play,Normal,From Keeper,Left Wing,1,0,0,1,Ground Pass,,22.580744,1,1,1,399.1504198405804,1.0,0.26196361824747094,0.09935363,0
3857296,Romelu Lukaku Menama,Belgium,59,2,0,13,10.606601717798211,37.63166466531086,1,1,4.3893187155257865,10.29433055977559,12,1,2,5.531447462078748,5.075552683643982,2.6998763940812864,Right Foot,Open Play,Normal,From Keeper,Center Forward,1,0,0,1,,,,0,0,0,399.14407908269243,0.2735550141438462,0.4138289371383081,0.19960539,0
3857296,Romelu Lukaku Menama,Belgium,61,2,0,11,7.212489168102791,56.87409587707282,1,0,1.5657327444710492,55.284061386495566,13,1,2,8.112293003890539,6.623244525515871,4.5212033366937305,Head,Open Play,Normal,Regular Play,Center Forward,1,0,0,1,,,,0,0,0,410.2038004590273,0.9720429051916019,0.2170863217924121,0.30245224,0
3857296,Luka Modrić,Croatia,67,2,0,14,13.337541002748592,33.314373638946826,0,1,1.6245353005609904,27.055176702734606,15,0,5,2.4329675644568876,10.990089763863352,0.7557073257486593,Right Foot,Open Play,Half Volley,From Free Kick,Right Center Midfield,1,0,0,1,High Pass,,21.936728,1,1,1,444.3318243903401,0.8121172259143188,0.12180170994235048,0.07160131,0
3857296,Kevin De Bruyne,Belgium,68,2,0,4,21.949259668608413,7.920404104353242,1,1,0.6990319961952669,0.0,14,0,1,4.742990911853529,17.232587647438937,4.552165258631682,Right Foot,Open Play,Normal,From Goal Kick,Right Wing,1,0,0,1,Ground Pass,,21.125576,1,1,1,173.84700636676115,0.0,0.03184763435073916,0.0061408128,0
3857296,Jan Vertonghen,Belgium,77,2,0,1,8.18596359630313,49.24999082943623,2,1,1.3701114965005226,12.932290491594795,18,1,4,2.792947115675085,6.950155382331132,1.365112794118204,Head,Open Play,Normal,From Corner,Left Center Back,1,0,0,1,High Pass,Outswinging,44.124935,1,1,1,403.158632048028,0.26258462740393634,0.16737327015713577,0.07045005,0
3857296,Thomas Meunier,Belgium,86,2,0,13,16.18208886392607,17.17737330356256,2,1,5.192526653444417,4.313125350491683,15,0,0,3.37232793786679,12.914565445080747,3.0999082714413646,Right Foot,Open Play,Volley,From Corner,Right Back,1,0,0,1,,,,0,0,0,277.96578124708066,0.2510934165701078,0.3208811110301007,0.04308796,0
3857296,Romelu Lukaku Menama,Belgium,86,2,0,13,5.889821729050887,62.56316501096378,0,0,2.411302754419992,62.563165010963786,15,0,4,5.526336422458692,3.0867954530778143,5.236033912431594,Left Foot,Open Play,Half Volley,From Corner,Center Forward,1,0,0,1,,,,0,0,0,368.4858887197706,1.0000000000000002,0.4094016534535351,0.4909717,0
3857296,Romelu Lukaku Menama,Belgium,89,2,0,6,3.7483329627982607,95.35582504285524,1,0,2.38589562066612,87.43569623089114,17,0,2,6.076764968111167,7.650530872635056,4.882536946115053,Other,Open Play,Normal,Regular Play,Center Forward,1,0,0,1,High Pass,,19.075901,1,1,1,357.4253822029582,0.9169413215353692,0.6365217936468925,0.5721495,0
3857274,Cody Mathès Gakpo,Netherlands,5,1,0,5,21.385976713725288,19.373733507092282,1,1,1.2058914219222534,0.0,15,0,3,6.780248895126923,14.644718217182184,3.38709489431524,Left Foot,Open Play,Normal,From Throw In,Right Center Forward,1,1,0,1,Ground Pass,,1.6401219,1,1,1,414.3262136405949,0.0,0.05638701650452679,0.059259485,1
3857274,Enner Remberto Valencia Lastra,Ecuador,10,1,-1,4,16.401219466856727,22.345955827829535,3,1,5.643692669683855,5.986480090670447,15,0,0,1.2585458044746276,15.84679032229349,0.5179646347066722,Left Foot,Open Play,Half Volley,From Free Kick,Left Attacking Midfield,1,1,0,1,Low Pass,,12.175796,1,1,1,366.5009257289183,0.26789993396545236,0.34410201516347744,0.062208217,0
3857274,Moisés Isaac Caicedo Corozo,Ecuador,23,1,-1,3,25.287348615463824,17.919232984967277,2,1,2.8863515310611483,0.0,13,0,1,2.774500632605206,22.72518024457852,1.220028925639852,Right Foot,Open Play,Normal,From Throw In,Left Defensive Midfield,1,1,0,1,,,,0,0,0,453.12989141258595,0.0,0.11414211805883337,0.030668529,0
3857274,Michael Steveen Estrada Martínez,Ecuador,26,1,-1,6,9.569221493935652,39.90610035192735,1,1,1.2706455660652878,21.16061004116621,12,0,3,4.091212113144541,5.481344984243763,2.410827897388593,Left Foot,Open Play,Backheel,Regular Play,Center Forward,1,1,0,1,Low Pass,,21.731314,1,1,1,381.8703132268163,0.5302600317884534,0.13278463319827427,0.069653474,0
3857274,Enner Remberto Valencia Lastra,Ecuador,31,1,-1,3,25.467822835884505,13.784289075527175,2,1,1.3881321914472928,3.7000259006645533,10,0,1,4.356828487388963,21.112482495072783,2.742915766449201,Right Foot,Open Play,Normal,Regular Play,Left Attacking Midfield,1,1,0,1,High Pass,,50.886932,1,1,1,351.0558320941443,0.2684234116385177,0.05450533405986302,0.029882463,0
3857274,Enner Remberto Valencia Lastra,Ecuador,46,1,-1,1,12.58769240170731,28.8270034123387,1,0,1.073560290044662,13.845477065572828,19,0,2,5.558299881251151,8.501393143422906,0.5480506688961455,Head,Open Play,Normal,From Free Kick,Left Attacking Midfield,1,1,0,1,High Pass,,42.96382,1,1,1,362.8654518174866,0.48029539760093853,0.08528650492754744,0.024015462,0
3857274,Angelo Smit Preciado Quiñónez,Ecuador,47,1,-1,1,23.924046480476505,15.586767146318527,3,1,2.3585831778567456,1.7696457418856002,20,0,1,2.688986921855444,21.40274605410661,2.2028699478960476,Right Foot,Open Play,Half Volley,From Corner,Right Wing Back,1,1,0,1,,,,0,0,0,372.8985416888886,0.11353513690640954,0.09858629809056318,0.022953799,0
3857274,Pervis Josué Estupiñán Tenorio,Ecuador,48,2,-1,2,18.14745161172775,19.928469609294094,0,1,3.7427549781206255,15.01677194041345,11,0,1,4.276503175965646,14.002489037888925,1.8769506403892748,Left Foot,Open Play,Normal,Regular Play,Left Wing Back,1,1,0,1,Ground Pass,,20.424006,1,1,1,361.65093793045156,0.7535336247500931,0.2062413532323116,0.08083876,0
3857274,Enner Remberto Valencia Lastra,Ecuador,48,2,-1,2,4.428317965096905,83.56353273014273,0,1,0.3730031863358807,0.0,11,0,1,4.058147570022262,0.3730031863358807,1.7807484093747874,Right Foot,Open Play,Half Volley,From Counter,Left Attacking Midfield,1,1,0,1,,,,0,0,0,370.0458932158543,0.0,0.08423134681741812,0.790909,1
3857274,Enner Remberto Valencia Lastra,Ecuador,58,2,0,4,18.172781845386247,24.61885606004722,0,1,4.392807703224765,20.08993559951282,14,0,1,3.0057512043109775,15.185260727527004,0.11213663980776545,Right Foot,Open Play,Normal,From Throw In,Left Attacking Midfield,1,1,0,1,Ground Pass,,38.46154,1,1,1,447.39310046220334,0.8160385499030488,0.2417245604222131,0.09564507,0
3857274,Gonzalo Jordy Plata Jiménez,Ecuador,58,2,0,4,20.208908926510603,17.85480273308231,2,1,4.026070921907247,6.83311889722388,14,0,1,3.116043621003446,17.149520014678696,2.338844399658356,Left Foot,Open Play,Normal,From Throw In,Right Attacking Midfield,1,1,0,1,,,,0,0,0,360.82608233367296,0.3827048105417105,0.19922257735674867,0.046335444,0
3857274,Michael Steveen Estrada Martínez,Ecuador,63,2,0,6,15.033628969746465,29.57889831273375,0,1,0.911844855185499,24.088802537483105,12,0,2,2.505416963507206,12.528241472234814,0.34429892455974453,Left Foot,Open Play,Normal,Regular Play,Center Forward,1,1,0,1,Ground Pass,,20.468758,1,1,1,444.67818256749894,0.8143914720147927,0.060653675637498246,0.13418972,0
3857274,Teun Koopmeiners,Netherlands,65,2,0,21,23.517227727774376,19.292802377508437,1,1,2.4611141303298587,4.482983998587147,15,1,1,5.8462285701356915,17.883410965442224,1.142163669607399,Left Foot,Open Play,Normal,Regular Play,Right Defensive Midfield,1,1,0,1,Ground Pass,,4.8259716,1,1,1,453.7132270188128,0.2323656206530894,0.10465154136442824,0.04520454,0
3857274,Moisés Isaac Caicedo Corozo,Ecuador,72,2,0,2,19.86454127333425,19.544459130522323,2,1,1.4092002491526319,2.3007406523120424,16,0,3,1.9841464261948814,17.88052783443191,1.040272330763102,Right Foot,Open Play,Half Volley,Regular Play,Left Defensive Midfield,1,1,0,1,,,,0,0,0,388.2417150632551,0.11771830762607322,0.07094048786539628,0.03323832,0
3857274,Angelo Smit Preciado Quiñónez,Ecuador,80,2,0,1,30.50409808533929,12.192703602993044,5,1,4.2566934141214325,0.10860694462346453,19,0,1,1.9544894161788617,28.551998659112463,1.0698980153809998,Right Foot,Open Play,Half Volley,From Corner,Right Wing Back,1,1,0,1,,,,0,0,0,371.92742663116957,0.008907535864055932,0.13954496875183012,0.007451811,0
3857274,Angelo Smit Preciado Quiñónez,Ecuador,91,2,0,2,21.176638071233114,21.322399188745546,0,0,2.9532026989478646,21.32239918874555,14,0,1,,,,Head,Open Play,Normal,From Throw In,Right Wing Back,1,1,0,1,High Pass,,18.660118,1,1,1,451.536730430419,1.0000000000000002,0.1394556911731693,0.033830326,0
3857255,Sergio Busquets i Burgos,Spain,6,1,0,65,23.795167576632025,18.490850782873057,3,1,4.723967050910621,2.280478803079468,18,0,1,1.4405170463535595,22.35520352228361,0.40654169802578366,Left Foot,Open Play,Normal,Regular Play,Center Defensive Midfield,1,1,0,1,,,,0,0,0,439.9928930129619,0.12333011768132031,0.1985263199217718,0.03268242,0
3857255,Junya Ito,Japan,7,1,0,4,14.773286702694158,13.350999898526387,1,1,1.8717726106018926,0.0,15,0,3,4.429796504448198,10.507510147011013,4.350812693188736,Right Foot,Open Play,Normal,Regular Play,Right Wing Back,1,1,0,1,Ground Pass,,10.259142,1,1,1,197.23814926857094,0.0,0.12669980947845164,0.04214545,0
3857255,Álvaro Borja Morata Martín,Spain,8,1,0,4,11.016805344563362,37.48177273436113,1,1,0.5747468683645991,0.0,20,1,4,3.5559813594588445,7.926483539477752,2.6523200967232228,Head,Open Play,Normal,From Corner,Center Forward,1,1,0,1,High Pass,,27.358545,1,1,1,412.929394183619,0.0,0.052170012121365884,0.06376064,0
3857255,Álvaro Borja Morata Martín,Spain,11,1,0,32,4.997999599839924,76.56768014107615,0,1,2.7853185701926626,54.003423137458086,14,0,4,2.3377593131052152,3.066853341763495,1.6725879446407816,Head,Open Play,Normal,Regular Play,Center Forward,1,1,0,1,High Pass,,28.100712,1,1,1,382.68523470576986,0.7053031127227133,0.5572866733086316,0.33106714,1
3857255,Álvaro Borja Morata Martín,Spain,22,1,1,16,19.200260414900626,19.14118965899011,1,0,1.0187972015645306,2.284392138218966,10,0,1,,,,Right Foot,Open Play,Normal,Regular Play,Center Forward,1,1,0,1,,,,0,0,0,367.51582610361305,0.11934431343696798,0.053061634558554165,0.10093839,0
3857255,Daichi Kamada,Japan,35,1,-1,17,19.474342094150447,15.976639620181574,1,1,2.619321469194121,1.2738013470039116,16,1,2,3.421794403849752,16.102240867285392,2.8698657192043058,Right Foot,Open Play,Normal,Regular Play,Left Wing,1,1,0,1,,,,0,0,0,311.13454547837387,0.07972899040639654,0.13450115318560069,0.03356069,0
3857255,Daniel Olmo Carvajal,Spain,41,1,1,39,17.857211428439776,24.432551727684654,1,1,0.34494604833523673,0.0,15,0,4,3.906800024593311,14.03366112494663,1.7173803911809884,Right Foot,Open Play,Normal,From Goal Kick,Left Wing,1,1,0,1,Ground Pass,,10.7354555,1,1,1,436.2972419375564,0.0,0.019316904530002278,0.10385344,0
3857255,Ritsu Doan,Japan,47,2,-1,1,25.09760944791356,14.258048610138198,2,1,3.7820776984507694,5.530783439902713,15,1,1,4.159453746410898,21.02713972764168,3.1802084150377112,Left Foot,Open Play,Normal,Regular Play,Right Wing,1,1,0,1,High Pass,,10.040916,1,1,1,357.8429355066152,0.3879060586152052,0.15069473872800204,0.027777622,1
3857255,Ao Tanaka,Japan,50,2,0,5,1.3152946437965882,143.9153714102249,0,0,1.7563410237360104,129.56167348614363,15,0,1,4.905587933184755,5.519634409805125,4.78972364355193,Other,Open Play,Normal,From Free Kick,Right Defensive Midfield,1,1,0,1,Low Pass,,7.9075913,1,1,1,189.29111717586545,0.9002629268616023,1.3353213532949129,0.87261814,1
3857255,Takuma Asano,Japan,69,2,1,1,19.84792180556947,22.42906943984362,0,1,2.5003893652430396,17.710452296575024,7,0,2,5.3138021161946964,14.57511117204017,1.5394952992487205,Right Foot,Open Play,Normal,From Counter,Center Forward,1,1,0,1,Ground Pass,,33.439648,1,1,1,445.170416413704,0.7896204674953516,0.12597738895471727,0.13121767,0
3857255,Marco Asensio Willemsen,Spain,73,2,-1,20,22.43412579085711,14.011618093365078,1,1,2.1762155735681334,0.0,19,0,4,3.7842287238226544,18.65990326953457,2.9470622817951906,Left Foot,Open Play,Normal,From Throw In,Center Forward,1,1,0,1,Ground Pass,,13.3764715,1,1,1,314.3384028400016,0.0,0.09700469694500138,0.016301522,0
3857255,Daniel Olmo Carvajal,Spain,79,2,-1,24,34.283815423607685,13.090802740862163,2,0,2.3922124332419274,1.4217044428665837,17,0,1,,,,Right Foot,Open Play,Normal,From Throw In,Right Center Midfield,1,1,0,1,Ground Pass,,15.536408,1,1,1,448.802664914576,0.10860330500808921,0.06977672711406153,0.01649772,0
3857255,Ko Itakura,Japan,82,2,1,1,16.0312195418814,27.973679912416454,0,1,1.8415988336029316,22.936692510396437,17,1,5,2.3878591455436573,13.654407983122356,0.0629576570905499,Head,Open Play,Normal,From Free Kick,Right Center Back,1,1,0,1,High Pass,,30.686316,1,1,1,448.4522040702658,0.8199383342559701,0.11487577902553037,0.0504811,0
3857255,Marco Asensio Willemsen,Spain,84,2,-1,15,26.165817395984405,15.513282710220668,2,1,1.2697349431531433,2.8379450820185084,20,0,1,1.4354939176254875,24.829846263201947,0.16664457095645702,Left Foot,Open Play,Normal,Regular Play,Right Wing,1,1,0,1,Ground Pass,,12.592855,1,1,1,405.91772260791606,0.18293646386968604,0.048526477271373374,0.02842248,0
3857255,Jordi Alba Ramos,Spain,88,2,-1,37,25.640007800310823,15.410481908788809,1,1,3.3723955358710165,8.571605325847843,18,0,2,1.7721341063959806,23.875823528461385,1.0342138661537064,Right Foot,Open Play,Normal,From Throw In,Left Back,1,1,0,1,,,,0,0,0,395.12487634789386,0.5562191615149517,0.1315286470322421,0.0241939,0
3857255,Marco Asensio Willemsen,Spain,88,2,-1,42,33.38637446623997,10.397981534622968,1,1,2.843342839606898,5.570334025395553,18,0,1,2.6531826106042113,30.803110591317154,1.2594329087009797,Left Foot,Open Play,Normal,From Throw In,Right Wing,1,1,0,1,Ground Pass,,26.596617,1,1,1,347.15090520797094,0.5357130138044176,0.08516476811467094,0.007735879,0
3857255,Daniel Olmo Carvajal,Spain,89,2,-1,47,15.0,19.008707120638544,0,1,1.5016072584261264,11.670287860407312,16,0,1,5.701810475714426,9.375582200064915,4.966680137683497,Right Foot,Open Play,Normal,From Throw In,Right Center Midfield,1,1,0,1,Ground Pass,Through Ball,11.920151,1,1,1,285.1306068095782,0.6139443249002661,0.10010715056174176,0.12373556,0
3857255,Daniel Olmo Carvajal,Spain,95,2,-1,22,30.897249068485042,12.401549489960772,2,1,1.9232760802522837,0.0,19,0,2,3.5355930788092573,27.531032367988058,2.71462559551226,Right Foot,Open Play,Normal,From Throw In,Right Center Midfield,1,1,0,1,Ground Pass,,11.73925,1,1,1,383.1737634264616,0.0,0.06224748604606391,0.008523117,0
3857272,Harry Kane,England,9,1,0,13,11.400438588054403,37.92402484465676,2,1,2.4116617153093167,24.060669606412638,13,2,1,3.5116146283319267,9.114353716112106,2.893078981740736,Right Foot,Open Play,Normal,From Throw In,Center Forward,1,0,1,1,Ground Pass,,11.870131,1,1,0,432.3505162533588,0.6344439891327258,0.2115411347275974,0.10607713,0
3857272,John Stones,England,9,1,0,1,10.890362712049582,40.10090754621224,1,1,0.7180346183430908,1.522011178039577,17,1,3,2.6186018188317535,10.033859283124663,2.1927478994830096,Head,Open Play,Normal,From Corner,Right Center Back,1,0,1,1,High Pass,Outswinging,42.78551,1,1,0,436.7134282606175,0.037954531983736606,0.06593303063713621,0.04222343,0
3857272,Mason Mount,England,10,1,0,2,28.800694436072195,14.236924910102802,3,0,9.635930164061724,6.281355586729526,19,0,0,,,,Right Foot,Open Play,Normal,From Corner,Center Attacking Midfield,1,0,1,1,,,,0,0,0,410.0333240451754,0.4412017079806435,0.33457284113236335,0.019677445,0
3857272,Haji Wright,United States,16,1,0,4,12.522779244241276,34.06027953083906,0,1,1.7899709865407643,27.749407577375756,14,1,1,1.6276370921819716,10.90019001031155,0.39197322957925707,Head,Open Play,Normal,Regular Play,Left Center Forward,1,0,1,1,High Pass,,22.60553,1,1,0,426.5293615618474,0.8147146165447856,0.1429371988142249,0.048006557,0
3857272,Weston McKennie,United States,25,1,0,15,9.513148795220223,45.571035373114775,0,1,3.470102242833014,36.84656502357725,17,1,3,2.0703948654572533,7.888318910061977,1.0736721380925047,Right Foot,Open Play,Half Volley,From Free Kick,Right Midfield,1,0,1,1,High Pass,,31.10402,1,1,0,433.524040256685,0.8085522903285923,0.3647690493999767,0.18268152,0
3857272,Yunus Dimoara Musah,United States,28,1,0,15,30.838450025901107,13.007907952913959,3,1,5.704815969362499,0.8774995156488895,17,0,0,3.313760961105286,27.734128582243997,2.472875083452621,Right Foot,Open Play,Normal,From Free Kick,Left Defensive Midfield,1,0,1,1,Ground Pass,,16.420109,1,1,0,401.14371934745867,0.06745892720222678,0.18499035991014606,0.016826272,0
3857272,Christian Pulisic,United States,32,1,0,2,20.695893312442443,14.781859954365276,1,1,0.9536463953972462,0.0,14,0,2,5.030176827893813,15.749455116364828,4.2674982315118015,Left Foot,Open Play,Normal,Regular Play,Left Midfield,1,0,1,1,Ground Pass,,15.744205,1,1,0,305.9237965750091,0.0,0.04607901582213465,0.023374733,0
3857272,Sergino Dest,United States,40,1,0,3,15.981239000778388,20.85445803957836,1,1,1.3376193636853406,6.48797294589707,10,0,1,4.22866108279285,11.757693269384367,3.088122261342022,Left Foot,Open Play,Normal,From Throw In,Right Back,1,0,1,1,Ground Pass,,12.001667,1,1,0,333.2800781622061,0.3111072430452978,0.08369935294880392,0.056137927,0
3857272,Christian Pulisic,United States,42,1,0,11,10.384603988597735,41.05847554506833,1,1,0.46174240207729467,0.0,16,1,3,2.327763645893992,8.435908924571036,0.556019756954818,Head,Open Play,Normal,From Throw In,Left Midfield,1,0,1,1,High Pass,,29.26568,1,1,0,426.3760089110592,0.0,0.04446413195768336,0.05394238,0
3857272,Bukayo Saka,England,44,1,0,11,7.839005038906401,50.12198779098566,2,1,0.9450734956398253,0.0,14,0,4,4.007587869179677,5.450885691287059,3.7731506557936427,Left Foot,Open Play,Normal,From Throw In,Right Wing,1,0,1,1,Ground Pass,,11.384199,1,1,0,392.90651485354175,0.0,0.12056038884389722,0.08680134,0
3857272,Mason Mount,England,45,1,0,6,21.12865353021816,20.297986829751274,0,1,2.2226323662956307,15.619951846413723,10,0,3,6.507685294759005,14.701479740319888,1.3666388812617498,Right Foot,Open Play,Normal,Regular Play,Center Attacking Midfield,1,0,1,1,,,,0,0,0,428.86913108674594,0.7695320712061535,0.10519517313854507,0.0710417,0
3857272,Haji Wright,United States,48,2,0,1,17.864489917151285,19.609510488974866,3,1,2.2539484640490155,2.940249115278505,12,0,2,4.105555305879535,13.776965425183246,2.9348013495630667,Right Foot,Open Play,Normal,From Counter,Left Center Forward,1,0,1,1,Ground Pass,,22.308743,1,1,0,350.31390241056386,0.1499399547444906,0.1261692035150162,0.0422633,0
3857272,Weston McKennie,United States,48,2,0,1,25.01699422392706,15.261875702643,1,1,7.804041768458167,6.946515019964601,14,0,0,4.808060150416157,20.264224962397723,3.1906083166908275,Right Foot,Open Play,Normal,Regular Play,Right Midfield,1,0,1,1,,,,0,0,0,381.8062562993127,0.45515473689525776,0.3119496170724671,0.032319076,0
3857272,Christian Pulisic,United States,57,2,0,12,26.144406667583798,14.255561598402597,1,0,2.439352111247289,9.66504925674515,11,1,3,,,,Right Foot,Open Play,Normal,Regular Play,Left Midfield,1,0,1,1,Low Pass,,3.6359317,1,1,0,372.7031997034284,0.6779844617155009,0.09330302049928785,0.025169194,0
3857272,Christian Pulisic,United States,61,2,0,15,24.700202428320303,18.397328487216683,1,1,2.4956877142135863,14.957894326651601,16,0,3,3.4521429522824074,21.25293485688077,0.18408195441233488,Left Foot,Open Play,Normal,From Corner,Left Midfield,1,0,1,1,Ground Pass,,11.4337225,1,1,0,454.4177377745558,0.8130470865400398,0.10103916036542789,0.033566043,0
3857272,Marcus Rashford,England,86,2,0,9,24.260667756679744,11.60635691203253,1,1,2.7829589948064517,3.5100617440470705,16,1,2,3.9785002757577366,20.28263841737694,3.198601658557699,Right Foot,Open Play,Normal,From Throw In,Right Wing,1,0,1,1,Ground Pass,,11.543396,1,1,0,281.57796890826467,0.30242579740143294,0.11471073355102575,0.009332121,0
3857272,Harry Maguire,England,90,2,0,1,10.404806581575647,41.21141573849215,0,1,0.8440754961276646,34.35809299539098,18,0,4,0.36687486160642685,10.038333585831253,0.07168914040962449,Head,Open Play,Normal,From Corner,Left Center Back,1,0,1,1,High Pass,Outswinging,43.683636,1,1,0,428.79680971191334,0.8337032926364611,0.0811236123910573,0.05556727,0
3857272,Harry Kane,England,92,2,0,1,8.836288813749805,48.5935661878652,1,1,1.1931481686083978,30.257068388729657,20,1,6,1.4194115559190743,7.63037477704525,0.5800791787324755,Head,Open Play,Normal,From Free Kick,Center Forward,1,0,1,1,High Pass,,33.260937,1,1,0,429.38678532604405,0.6226558526648217,0.13502819948028252,0.06991791,0
3857278,Yunus Dimoara Musah,United States,8,1,0,6,19.582900704441105,23.001288013573745,3,1,4.716553223137364,1.8214356338732487,18,1,1,1.2396832840991097,18.533215486492168,0.7363001485711891,Left Foot,Open Play,Volley,From Free Kick,Right Center Midfield,1,1,0,1,,,,0,0,0,450.43193924406603,0.07918841904846222,0.24085059176487175,0.045798708,0
3857278,Christian Pulisic,United States,10,1,0,9,10.83374358197572,38.00037766267307,0,1,1.2414274153033238,28.15724268298962,13,0,1,4.168753643921766,6.993661929973037,2.794963214392048,Head,Open Play,Normal,From Free Kick,Left Wing,1,1,0,1,High Pass,,33.744038,1,1,1,411.6863476156378,0.7409727064541218,0.11458896049272455,0.080380306,0
3857278,Joshua Sargent,United States,27,1,0,6,22.43680012836055,19.01799794568375,1,1,2.693042629242939,13.095232074505882,16,0,3,3.320180523048595,19.13067919273192,0.9010296865797969,Right Foot,Open Play,Normal,From Corner,Center Forward,1,1,0,1,Ground Pass,,19.075901,1,1,1,426.7030187488778,0.6885704852795993,0.12002792795033553,0.040954046,0
3857278,Timothy Weah,United States,27,1,0,6,11.086027241532467,37.62553320126747,0,0,3.897646496584699,37.62553320126746,14,1,2,8.405533018156657,4.080258821517602,5.407758466436434,Head,Open Play,Normal,From Corner,Right Wing,1,1,0,1,,,,0,0,0,417.1176860464355,0.9999999999999997,0.351581897794968,0.12157792,0
3857278,Sergino Dest,United States,29,1,0,11,20.418863827353377,20.462177909934333,2,1,1.0905738713526132,7.00474669275938,15,0,2,2.5888753768686286,18.241701546732923,0.3181389551678251,Left Foot,Open Play,Normal,Regular Play,Right Back,1,1,0,1,Ground Pass,,5.517246,1,1,1,417.8144243540275,0.3423265462548145,0.05341011530189384,0.05512647,0
3857278,Timothy Weah,United States,32,1,0,7,18.069310999592652,16.232565988396946,3,1,1.5169030421585905,4.636090685725409,16,0,2,3.2451720089862857,15.190563898748877,3.1528782801692543,Right Foot,Open Play,Normal,From Throw In,Right Wing,1,1,0,1,Ground Pass,,8.276473,1,1,1,293.3112831657545,0.28560430242755774,0.08394913575801463,0.04585104,0
3857278,Sergino Dest,United States,36,1,0,1,20.838665984174707,18.998159971032276,1,1,4.638724471905387,10.468782440644269,19,0,1,4.0960911803423095,19.305600191900982,4.0906725264302395,Right Foot,Open Play,Normal,From Corner,Right Back,1,1,0,1,Ground Pass,,34.557922,1,1,1,395.8963099502598,0.5510419144068004,0.22260179588406118,0.043695714,0
3857278,Christian Pulisic,United States,37,1,0,11,5.069516742254635,76.10140378561155,0,1,2.569226038888364,60.932145189567834,16,0,4,2.522833084223823,3.4970004200879354,1.03795021286831,Right Foot,Open Play,Half Volley,Regular Play,Left Wing,1,1,0,1,Low Pass,,20.188362,1,1,1,385.797340600238,0.8006704496703153,0.5067990046218326,0.5303789,1
3857278,Joshua Sargent,United States,41,1,1,4,17.867568385205637,8.699303851819641,1,1,1.5080440316282269,0.0,12,0,1,4.58165066852906,13.285946669688402,4.328964478397012,Right Foot,Open Play,Half Volley,Regular Play,Center Forward,1,1,0,1,High Pass,,55.852036,1,1,1,155.43540647607023,0.0,0.08440118986066894,0.011004616,0
3857278,Joshua Sargent,United States,46,2,1,9,17.861690849412884,14.788225130220384,0,1,2.3918230436019505,12.47922952633832,13,0,1,4.077211815921334,14.159458290637122,2.2851509346083034,Left Foot,Open Play,Normal,Regular Play,Center Forward,1,1,0,1,Ground Pass,Through Ball,29.567719,1,1,1,264.1427054875151,0.8438625606825845,0.1339079857426023,0.05674209,0
3857278,Saman Ghoddos,Iran,51,2,-1,16,6.041522986797291,66.52363166507008,1,1,0.8206154221587741,18.95386456765616,12,0,1,1.7644548602153078,5.738097168430831,1.5170640711472458,Head,Open Play,Diving Header,From Throw In,Left Wing,1,1,0,1,High Pass,,38.04379,1,1,1,401.90404986975705,0.28491926993830025,0.13582923113130382,0.39133456,0
3857278,Yunus Dimoara Musah,United States,68,2,1,0,23.235533133543548,19.35223211535262,1,1,8.902063216799526,8.378948700120057,20,1,0,4.383128553247003,20.13779136450113,3.319566722508519,Right Foot,Free Kick,Normal,From Free Kick,Right Midfield,1,1,0,1,,,,0,0,0,449.65943052430134,0.43297065941415736,0.3831228302632844,0.080397844,0
3857278,Saeid Ezatolahi Afagh,Iran,69,2,-1,7,34.407557309405156,11.311064615225673,1,1,3.826608135923192,4.3571553516067825,17,0,1,4.351483492661844,30.268892771644314,1.1333328769811075,Right Foot,Open Play,Normal,From Throw In,Center Defensive Midfield,1,1,0,1,Ground Pass,,7.6661596,1,1,1,389.1861039787621,0.3852117815454501,0.11121417604606315,0.006830182,0
3857278,Morteza Pouraliganji,Iran,92,2,-1,1,10.017983829094554,40.48026160930495,1,1,0.6909780961000072,0.0,18,3,4,1.8722083912483027,8.190688085038293,1.137247469098412,Head,Open Play,Diving Header,From Free Kick,Left Center Back,1,1,0,1,High Pass,,29.213867,1,1,1,405.530606199534,0.0,0.06897376836377457,0.21722858,0
3857278,Mehdi Taremi,Iran,97,2,-1,10,8.914033879226627,48.28963264068045,0,1,0.786926579154481,6.49749049487613,12,0,2,7.564232979504795,1.3650418569593434,0.2370868168054301,Left Foot,Open Play,Volley,From Free Kick,Left Center Forward,1,1,0,1,High Pass,,16.565325,1,1,1,430.4554213744335,0.1345524937665911,0.08827951405797821,0.30539662,0
3857278,Haji Wright,United States,99,2,1,3,21.936727194365165,14.371319607648829,0,1,4.690598674878384,8.990876363083672,9,0,1,9.168709670197913,12.783371500217642,6.99759479027221,Left Foot,Open Play,Normal,Regular Play,Center Forward,1,1,0,1,Ground Pass,,28.969812,1,1,1,315.2597176560234,0.6256124425970229,0.2138239963198907,0.057746947,0
3857277,Noussair Mazraoui,Morocco,6,1,0,11,24.446063077722755,17.627066047516358,1,1,1.6691985314563362,8.811649958359823,16,0,2,2.1937758236241027,22.279195091642812,0.4009002810582132,Right Foot,Open Play,Half Volley,Regular Play,Left Back,1,0,0,1,,,,0,0,0,430.91236847277,0.49989317193268124,0.06828087312666087,0.026111592,0
3857277,Hakim Ziyech,Morocco,12,1,0,9,18.398369492974094,24.179710638133933,1,1,1.5042467040284282,0.0,14,1,3,1.6289020007106532,16.981889284503428,1.0172131950757972,Left Foot,Open Play,Normal,Regular Play,Right Midfield,1,0,0,1,High Pass,,13.971399,1,1,1,444.86725055358454,0.0,0.08175978336574144,0.052363984,0
3857277,Ivan Perišić,Croatia,16,1,0,7,37.64797471312367,11.958121842954466,1,0,1.789695119179094,6.678797078820963,10,0,1,,,,Left Foot,Open Play,Normal,From Throw In,Left Wing,1,0,0,1,,,,0,0,0,450.1990687600016,0.5585155567515817,0.04753762009288712,0.00976612,0
3857277,Sofiane Boufal,Morocco,18,1,0,2,24.24417455802527,18.055943073869507,2,1,1.6930138553124903,10.220903678980655,14,0,2,3.4001014664621465,20.89630066501942,1.4568476206624155,Left Foot,Open Play,Normal,From Throw In,Left Midfield,1,0,0,1,Ground Pass,,14.46271,1,1,1,437.7514356926597,0.566068669864844,0.06983177964093941,0.04188839,0
3857277,Hakim Ziyech,Morocco,20,1,0,0,25.63220630378899,17.653555277241857,4,1,9.427691169138459,2.1268672406426163,18,1,0,1.3726208269673925,24.37974012553987,0.6725348241415929,Left Foot,Free Kick,Normal,From Free Kick,Right Midfield,1,0,0,1,,,,0,0,0,452.4995708616061,0.12047812507118466,0.3678064641569635,0.06625415,0
3857277,Youssef En-Nesyri,Morocco,24,1,0,13,8.780091115700339,16.071666022757807,0,1,2.021129857012188,6.325686496143443,11,0,2,3.956126818176991,4.829981977981374,3.7861899871224836,Left Foot,Open Play,Half Volley,From Throw In,Center Forward,1,0,0,1,High Pass,,40.183704,1,1,1,141.1106920609188,0.3935924556412597,0.23019463356115455,0.03416934,0
3857277,Nikola Vlašić,Croatia,45,1,0,14,6.824954212300618,54.199861722744444,0,1,1.1551154035857276,41.59577513734447,14,0,1,1.4248620705087363,5.465986368207848,1.1621390218216305,Right Foot,Open Play,Normal,From Free Kick,Right Wing,1,0,0,1,Ground Pass,,12.472369,1,1,1,369.9115745707557,0.7674516837353702,0.1692488136409564,0.44776994,0
3857277,Nikola Vlašić,Croatia,46,1,0,1,16.00781059358212,26.234998993306302,2,1,0.7708696632035962,0.0,14,0,1,4.849999245466455,11.24166481892127,1.1304646921103512,Right Foot,Open Play,Half Volley,From Throw In,Right Wing,1,0,0,1,,,,0,0,0,419.9648948076649,0.0,0.048155846091323354,0.06879163,0
3857277,Luka Modrić,Croatia,46,1,0,1,21.211553455605276,21.347866861570235,1,1,1.9060010403173444,12.467818112503597,15,0,1,5.109165656024921,16.232201872432213,1.1654196776834027,Left Foot,Open Play,Normal,From Throw In,Right Center Midfield,1,0,0,1,,,,0,0,0,452.8214190973415,0.5840310975026631,0.08985673983315318,0.073204115,0
3857277,Sofiane Boufal,Morocco,50,2,0,2,26.037665025881257,17.443677293911854,2,1,0.6201661835823834,0.0,13,0,2,1.527514369845423,25.358123024000136,1.386105772005621,Left Foot,Open Play,Normal,Regular Play,Left Midfield,1,0,0,1,Ground Pass,,22.507776,1,1,1,454.19262619844767,0.0,0.0238180414014061,0.042848527,0
3857277,Noussair Mazraoui,Morocco,50,2,0,2,11.778370006074697,17.033155861429492,0,1,0.6452847924917269,2.3061179830413994,11,0,2,7.56987726102437,4.22937110534543,7.068465129861323,Head,Open Play,Diving Header,From Counter,Left Back,1,0,0,1,,,,0,0,0,200.62281210705655,0.13538994193456882,0.05478557662553656,0.07962643,0
3857277,Dejan Lovren,Croatia,51,2,0,2,7.39797269527267,56.448262077422804,3,1,1.2621861044930103,15.549813600203732,15,0,2,0.7133044869395007,6.746052451419607,0.16605612857546959,Left Foot,Open Play,Normal,From Corner,Right Center Back,1,0,0,1,,,,0,0,0,417.6027015443696,0.27547019213587226,0.17061243079466237,0.2503287,0
3857277,Achraf Hakimi Mouh,Morocco,64,2,0,1,32.626676202150904,13.514332786558045,2,1,5.047439222521991,0.0,21,1,0,0.6217690939499858,32.03497501465685,0.3370349871829177,Right Foot,Open Play,Normal,From Free Kick,Right Back,1,0,0,1,Ground Pass,,0.781025,1,1,1,440.92775991514105,0.0,0.15470283246901012,0.019376563,0
3857273,Neco Williams,Wales,2,1,0,4,26.63174797117155,13.309599491295854,2,1,0.9897152886665566,0.0,16,0,1,2.570071585320503,24.247333229073416,0.8287712939632428,Right Foot,Open Play,Normal,From Goal Kick,Left Wing Back,1,0,0,1,Ground Pass,,10.748954,1,1,1,354.45789924942426,0.0,0.037162986437762474,0.023614733,0
3857273,Sardar Azmoun,Iran,6,1,0,14,24.4393125926242,17.421349031288116,2,1,1.1285867493216688,1.5011225383350575,12,0,1,3.544923725385279,20.914008280193624,1.5918120569618281,Right Foot,Open Play,Normal,Regular Play,Center Forward,1,0,0,1,Ground Pass,,7.106335,1,1,1,425.76579476086107,0.08616568875573846,0.046179152750076814,0.035244513,0
3857273,Kieffer Roberto Francisco Moore,Wales,11,1,0,21,9.529428104561159,41.93258056945671,0,1,2.1514491651803933,31.37175023744106,15,0,1,3.0437683480208126,6.519597329100324,1.7567337043020999,Right Foot,Open Play,Volley,From Throw In,Left Center Forward,1,0,0,1,High Pass,,23.689028,1,1,1,399.593511775356,0.748147378754265,0.2257689697192453,0.12850787,0
3857273,Ahmad Nourollahi,Iran,19,1,0,2,25.22399651125888,17.536620160618412,2,1,1.3032499596684686,5.971748592385012,14,1,1,3.260134859348229,22.074193809450385,1.5165800083224852,Right Foot,Open Play,Normal,From Counter,Left Defensive Midfield,1,0,0,1,,,,0,0,0,442.34364575071095,0.34053018983644473,0.05166706866165143,0.017788952,0
3857273,Sardar Azmoun,Iran,22,1,0,1,11.672617529928756,34.67904563750227,1,1,0.5235369664258057,0.0,19,1,2,2.1201121105389142,9.635485732741952,0.4564063886108656,Head,Open Play,Normal,From Free Kick,Center Forward,1,0,0,1,High Pass,,32.90289,1,1,1,404.7952360295083,0.0,0.044851719426551036,0.07202582,0
3857273,Gareth Frank Bale,Wales,28,1,0,4,31.296325662927263,14.479502384308418,0,0,3.971050130574867,14.479502384308402,13,0,2,,,,Left Foot,Open Play,Volley,From Throw In,Right Center Forward,1,0,0,1,High Pass,,7.0035706,1,1,1,453.15522205644805,0.9999999999999989,0.12688550641198304,0.02170084,0
3857273,Harry Wilson,Wales,41,1,0,14,20.57692882818036,15.893002624555416,0,1,2.4524688860167156,11.458354067689873,12,1,2,5.131504820721893,15.50790315164434,3.119374382854801,Left Foot,Open Play,Normal,From Goal Kick,Left Center Midfield,1,0,0,1,Ground Pass,,7.420243,1,1,1,327.02918387156046,0.7209684877284417,0.11918537049406659,0.030164797,0
3857273,Mehdi Taremi,Iran,48,1,0,2,14.350261321662401,31.061697940118073,1,1,2.3039337761852656,24.75384613974575,17,1,3,3.7035165484461525,12.104234137912385,2.4650515339343926,Left Foot,Open Play,Normal,From Free Kick,Center Attacking Midfield,1,0,0,1,Ground Pass,,5.531727,1,1,1,445.7434825352371,0.796925080768835,0.16054995268325659,0.08566745,0
3857273,Ahmad Nourollahi,Iran,49,1,0,3,34.58612438536587,12.830702135163994,2,0,5.354287864328309,3.8425741281408756,20,0,0,,,,Right Foot,Open Play,Half Volley,From Free Kick,Left Defensive Midfield,1,0,0,1,,,,0,0,0,443.76425999836135,0.29948276311472194,0.15481028763644367,0.011584845,0
3857273,Sardar Azmoun,Iran,50,2,0,2,13.93161871427725,24.190144048086786,0,1,0.6307706512319762,16.46494397036837,7,0,1,5.092717166985105,8.906829836794907,3.991189779244195,Right Foot,Open Play,Normal,From Counter,Center Forward,1,0,0,1,Ground Pass,Through Ball,36.682423,1,1,1,337.0078635213883,0.6806467930756532,0.045276192535010786,0.28799564,0
3857273,Ali Gholizadeh,Iran,51,2,0,2,24.162781296862327,17.8079139131084,3,1,2.9613956558791683,3.874347531681114,17,0,2,3.553683670687856,20.610101653246975,1.102685198846089,Left Foot,Open Play,Normal,Regular Play,Right Midfield,1,0,0,1,,,,0,0,0,430.2887292357901,0.21756324466669888,0.12256021438491115,0.04282673,0
3857273,Sardar Azmoun,Iran,51,2,0,2,9.769339793455849,42.18741324008184,0,1,2.8859175409369744,25.650713875374244,15,0,2,5.60225967362022,4.172184301329734,2.0343583411270387,Head,Open Play,Normal,From Counter,Center Forward,1,0,0,1,,,,0,0,0,412.14317494929765,0.6080181718988108,0.29540558542862366,0.21401532,0
3857273,Kieffer Roberto Francisco Moore,Wales,52,2,0,4,5.600892785976173,71.06391238328978,1,1,0.758494086781902,43.841564259953735,14,1,4,5.366699592026123,0.758494086781902,0.7995365845673703,Head,Open Play,Normal,Regular Play,Left Center Forward,1,0,0,1,High Pass,,35.89596,1,1,1,398.02135421081056,0.6169314746349766,0.13542378255857024,0.22100283,0
3857273,Ehsan Hajsafi,Iran,55,2,0,3,16.875129629131745,24.625987074449583,1,1,3.925463283426522,16.09933223786747,17,0,1,1.6815110835015428,15.586308255176865,0.4055787427796105,Left Foot,Open Play,Half Volley,From Throw In,Left Midfield,1,0,0,1,Low Pass,,11.428473,1,1,1,415.56672412665955,0.6537537841303892,0.23261825951546744,0.068153165,0
3857273,Mehdi Taremi,Iran,63,2,0,1,16.69640679906908,21.44186693623573,1,1,1.964513422619721,0.0,10,1,2,3.967670845054146,12.778496320682594,2.071507324854892,Right Foot,Open Play,Normal,From Counter,Center Attacking Midfield,1,0,0,1,Ground Pass,,18.258423,1,1,1,358.00213289890075,0.0,0.11766085040101285,0.075855605,0
3857273,Ahmad Nourollahi,Iran,69,2,0,5,30.026821343592133,14.92159146638715,2,1,2.785912809784015,2.6167096141182022,14,0,1,2.621264741133788,27.405607077180484,0.5041251216017955,Right Foot,Open Play,Normal,Regular Play,Left Defensive Midfield,1,0,0,1,,,,0,0,0,448.0479611232759,0.17536397642387444,0.09278081012656181,0.015279148,0
3857273,Morteza Pouraliganji,Iran,71,2,0,2,19.258504614844842,23.403451580348015,3,1,3.251180972941648,7.246642494271806,16,0,1,1.4491346202529463,17.822528254713234,0.07494276727988591,Left Foot,Open Play,Half Volley,From Corner,Left Center Back,1,0,0,1,,,,0,0,0,450.71548026343004,0.3096399037292792,0.16881793461967823,0.05160931,0
3857273,Saeid Ezatolahi Afagh,Iran,72,2,0,3,22.510886255321,18.47907043732368,2,1,2.5654467132490684,11.673628414355228,12,0,2,3.6819679075698972,18.861511584066378,1.9173250337549916,Right Foot,Open Play,Normal,Regular Play,Right Defensive Midfield,1,0,0,1,Ground Pass,,8.122191,1,1,1,415.9802527186583,0.6317216254978417,0.11396471396778801,0.047915842,0
3857273,Ahmad Nourollahi,Iran,74,2,0,6,36.768056788467895,11.57452921953787,2,1,5.291400469968421,0.7224758024059637,19,0,0,2.763607249160505,34.00934371736254,0.8659738846275147,Right Foot,Open Play,Normal,From Corner,Left Defensive Midfield,1,0,0,1,,,,0,0,0,425.5729476437494,0.062419454709779505,0.1439129758858521,0.0072957636,0
3857273,Aaron Ramsey,Wales,82,2,0,8,21.194574777522664,16.460761238159517,1,1,3.1343019529106475,7.299362305559546,15,1,1,3.140473301339815,19.176289089614517,0.3114147145244601,Right Foot,Open Play,Volley,Regular Play,Left Defensive Midfield,1,0,0,1,High Pass,,38.559303,1,1,1,348.87883495711844,0.4434401422844336,0.1478822758093098,0.025361432,0
3857273,Neco Williams,Wales,82,2,0,9,24.107467722678802,16.852489842676537,1,1,5.343601725198885,13.324373099920802,16,0,0,3.4354608026195446,20.73550445197128,2.0979196702036376,Right Foot,Open Play,Normal,Regular Play,Right Back,1,0,0,1,,,,0,0,0,406.27085492909697,0.7906471521008557,0.2216575289727323,0.031851415,0
3857273,Ben Davies,Wales,82,2,0,10,20.482431496284807,19.940685737683037,3,1,7.077729539003139,5.433176653739018,16,0,0,4.340686911019134,16.201815443588444,1.3566488233316107,Left Foot,Open Play,Normal,Regular Play,Left Back,1,0,0,1,Ground Pass,,12.175796,1,1,1,408.43372961103626,0.27246689132017354,0.345551236936246,0.053537875,0
3857273,Karim Ansarifard,Iran,87,2,0,7,20.849220608934043,21.390175082038176,2,1,3.140870934788743,3.495392419004906,15,0,1,4.338170554470812,16.743878258336068,0.4777472965902092,Right Foot,Open Play,Normal,From Free Kick,Center Attacking Midfield,1,0,0,1,Ground Pass,,16.924833,1,1,1,445.9684791491378,0.16341111774910472,0.15064692314890932,0.06399969,0
3857273,Mehdi Torabi,Iran,87,2,0,8,20.923909768492127,21.622730804748944,3,1,2.6311431217755357,8.529001429105437,16,0,1,3.3394724687359125,17.635151147434357,0.3740381815842895,Right Foot,Open Play,Normal,From Free Kick,Left Midfield,1,0,0,1,Ground Pass,,7.823043,1,1,1,452.43206830696204,0.39444608112275226,0.1257481584888878,0.051057886,0
3857273,Neco Williams,Wales,95,2,0,7,30.512456472726015,14.74402516790778,1,1,3.294249480099904,7.03307646925726,18,0,1,0.6869501389005803,29.826299916580457,0.14463744146086555,Right Foot,Open Play,Normal,From Free Kick,Right Back,1,0,0,1,,,,0,0,0,449.87642616856306,0.47701196852034905,0.1079640861772147,0.020104993,0
3857273,Brennan Johnson,Wales,95,2,0,7,13.605881081355955,14.836908761560695,0,0,1.8042832412371652,14.836908761560677,13,0,1,4.580205905727714,9.465788161559608,3.2316581760610745,Right Foot,Open Play,Half Volley,From Free Kick,Right Midfield,1,0,0,1,,,,0,0,0,201.86921622472306,0.9999999999999988,0.1326105402839043,0.059788406,0
3857273,Ramin Rezaeian,Iran,95,2,0,4,24.845522735495024,16.103841346037157,1,1,2.676352091524508,0.0,11,0,1,5.535429324360225,19.320730617473753,2.9559469622302856,Right Foot,Open Play,Normal,Regular Play,Right Back,1,0,0,1,Ground Pass,,10.628264,1,1,1,400.108356291771,0.0,0.10771969340379363,0.031046849,0
3857273,Alireza Jahanbakhsh,Iran,96,2,0,9,21.79197099851227,19.931360335851977,1,1,0.7221037831872055,0.0,10,0,3,4.600823359714963,17.219414978645315,0.9336401580420457,Right Foot,Open Play,Normal,Regular Play,Right Midfield,1,0,0,1,Ground Pass,,7.752419,1,1,1,434.34362639978406,0.0,0.03313623091901615,0.031239294,0
3857273,Alireza Jahanbakhsh,Iran,97,2,0,6,32.34145945995635,12.524448971783947,1,1,4.114553316826007,7.539205839255957,14,0,1,2.8385232708929977,29.68403002021331,0.40282513774306494,Right Foot,Open Play,Normal,From Throw In,Right Midfield,1,0,0,1,Ground Pass,,15.730543,1,1,1,405.0589586792425,0.6019590846863496,0.127222252351365,0.011336825,0
3857273,Roozbeh Cheshmi,Iran,97,2,0,8,25.025187311986304,18.07762748738299,4,1,4.233272502401767,0.9352657919248253,15,0,1,3.7933706835050827,21.310803218108955,0.3347276814466369,Right Foot,Open Play,Normal,From Throw In,Left Defensive Midfield,1,0,0,1,,,,0,0,0,452.39601402807165,0.05173609161808318,0.16916047219251612,0.03268815,1
3857273,Ramin Rezaeian,Iran,100,2,1,1,16.09751533622503,26.57164924990427,1,1,2.6280776344929446,6.859850733437183,7,0,2,12.28427363438615,3.830654890849417,4.344066691896472,Right Foot,Open Play,Lob,From Counter,Right Back,1,0,0,1,Ground Pass,,17.86309,1,1,1,427.73753130912627,0.2581642813707507,0.1632598310733615,0.19933115,1
3857275,Kingsley Coman,France,24,1,0,4,12.70039369468522,22.97453793766107,1,1,4.311633009839313,2.151192747938081,13,0,3,7.838311387332008,4.919167198222062,6.571598512219126,Left Foot,Open Play,Normal,Regular Play,Right Wing,1,0,1,1,Ground Pass,,27.412771,1,1,1,291.785676761777,0.09363377639085105,0.33948813820185886,0.08786314,0
3857275,Anis Ben Slimane,Tunisia,29,1,0,2,9.154780172128651,47.03247283759231,2,1,1.3235913411673481,5.898641147190464,17,1,3,1.8181773259310963,8.53328525521559,1.5467865512525947,Head,Open Play,Normal,From Throw In,Right Attacking Midfield,1,0,1,1,High Pass,,20.05692,1,1,1,430.57194977976945,0.12541635153990402,0.14457925982722852,0.1007914,0
3857275,Wahbi Khazri,Tunisia,34,1,0,4,27.772288346479485,14.774550275046579,1,1,3.1557951756543288,4.532805408134299,16,0,2,2.421855413758682,25.43304178888745,1.5772032141442196,Left Foot,Open Play,Half Volley,From Throw In,Center Forward,1,0,1,1,,,,0,0,0,410.32307042815137,0.3067981985069261,0.1136310820442122,0.016592033,0
3857275,Youssouf Fofana,France,46,1,0,3,24.157193545608724,15.818119295363864,1,1,0.7194309156741785,5.0280167107838505,15,0,1,4.734253706346187,19.6899070845748,3.6828026840071573,Right Foot,Open Play,Normal,From Free Kick,Right Center Midfield,1,0,1,1,Ground Pass,,18.33712,1,1,1,382.1213693456328,0.3178643817825747,0.029781229111564413,0.041162748,0
3857275,Wahbi Khazri,Tunisia,46,1,0,3,29.940774873072336,11.354352162934003,1,0,5.266543468896974,6.648823517418865,14,0,0,,,,Right Foot,Open Play,Normal,Regular Play,Center Forward,1,0,1,1,Ground Pass,,22.291254,1,1,1,339.9581019399889,0.5855748898756005,0.17589870306374453,0.010898009,0
3857275,Aïssa Bilal Laïdouni,Tunisia,51,2,0,6,18.35211159512714,7.388645375786983,0,0,4.308082973073639,7.388645375786922,13,0,1,8.362077098595494,10.1618645713348,7.5740018856643445,Right Foot,Open Play,Normal,From Throw In,Left Defensive Midfield,1,0,1,1,,,,0,0,0,135.59724447326283,0.9999999999999917,0.2347459010775372,0.013856714,0
3857275,Wahbi Khazri,Tunisia,57,2,0,2,16.844286865284623,26.51966398192343,0,1,1.3623743339930832,18.315539988050492,10,0,3,8.460542464648992,8.387697165091257,1.2856617391334453,Left Foot,Open Play,Normal,Regular Play,Center Forward,1,0,1,1,Ground Pass,,20.60728,1,1,1,446.7048276824745,0.6906399719293161,0.0808804994173354,0.15620883,1
3857275,Axel Disasi,France,79,2,-1,1,8.828363381737299,48.33275486433858,0,1,0.6869531098992808,36.180479399779735,20,4,4,3.735178276470085,5.668401617383315,2.132001054712539,Head,Open Play,Normal,From Corner,Right Back,1,0,1,1,High Pass,Outswinging,42.304256,1,1,1,426.69912318281206,0.7485706018895857,0.07781205645888332,0.061025612,0
3857275,Adrien Rabiot,France,81,2,-1,1,9.885848471426218,31.252571272023342,1,1,1.4735995416170053,12.123481087127677,18,3,8,3.625487657940737,6.385492789717353,3.2366414699759005,Right Foot,Open Play,Volley,From Corner,Left Defensive Midfield,1,0,1,1,,,,0,0,0,308.9581839376709,0.38791947650017417,0.1490615141306542,0.080746524,0
3857275,Ousmane Dembélé,France,81,2,-1,3,27.623540685437117,14.471036355701544,1,1,4.707114109641413,5.257680661080946,19,0,1,2.6781288004238992,24.995137353994007,1.7131554729793876,Right Foot,Open Play,Normal,From Corner,Right Wing,1,0,1,1,Ground Pass,,13.038404,1,1,1,399.7412615321613,0.3633244041301462,0.17040227258495366,0.020325886,0
3857275,Adrien Rabiot,France,84,2,-1,8,15.700318468107579,21.414659179726595,1,1,3.1281519691330044,10.617157642861136,13,0,1,3.4536012110658008,12.567310754623088,3.1562542971406202,Left Foot,Open Play,Volley,Regular Play,Left Defensive Midfield,1,0,1,1,High Pass,,38.637806,1,1,1,336.216969007691,0.4957892420213006,0.19924130682363494,0.06369618,0
3857275,Kylian Mbappé Lottin,France,88,2,-1,19,15.631058825300352,6.397196424655908,1,0,2.3382767052412308,5.88479399031384,15,0,2,2.5017049847550905,15.194590809511482,0.12159970755597982,Right Foot,Open Play,Normal,Regular Play,Left Wing,1,0,1,1,Ground Pass,,11.365298,1,1,1,99.99495363079758,0.9199020320265328,0.1495917027358702,0.01194291,0
3857275,Randal Kolo Muani,France,89,2,-1,13,23.777510382712478,18.966123007232245,1,1,2.495392008202691,0.0,16,0,1,4.642424747795436,19.178990364701463,0.005834297779017561,Right Foot,Open Play,Normal,From Throw In,Center Forward,1,0,1,1,Ground Pass,,9.15478,1,1,1,450.9671867242667,0.0,0.10494757306538595,0.041042205,0
3857275,Kylian Mbappé Lottin,France,92,2,-1,0,26.294486114012578,16.120029833278238,3,1,10.301702001926772,7.576770029251752,20,1,0,2.779170338992518,24.935508584624746,1.6400785178021025,Right Foot,Free Kick,Normal,From Free Kick,Left Wing,1,0,1,1,,,,0,0,0,423.8679006086031,0.4700220847985185,0.39178183430772195,0.06416701,0
3857275,Kylian Mbappé Lottin,France,92,2,-1,0,40.92383168766092,8.881291364463888,1,0,4.769913866356928,4.848588200685608,13,0,1,,,,Right Foot,Open Play,Normal,From Free Kick,Left Wing,1,0,1,1,,,,0,0,0,363.45647296839655,0.5459327930717303,0.11655589590832768,0.005017159,0
3857261,Marcus Rashford,England,9,1,0,14,16.00781059358212,28.04772510734193,0,1,2.742211447022323,6.254568068765559,8,0,2,13.278057230014054,2.7422114470223224,0.652337494584529,Right Foot,Open Play,Normal,From Throw In,Left Wing,1,0,1,1,Ground Pass,Through Ball,23.310513,1,0,1,448.98267109918737,0.2229973391720218,0.17130459103018966,0.28441095,0
3857261,Phil Foden,England,14,1,0,1,26.90576146478668,14.326858510381856,2,1,4.006088427773409,0.0,20,0,1,3.277924353393668,23.914556374822652,0.5799236030203758,Left Foot,Open Play,Normal,From Free Kick,Right Wing,1,0,1,1,,,,0,0,0,385.4750376200832,0.0,0.14889333026372203,0.02354375,0
3857261,Harry Maguire,England,17,1,0,3,14.600000000000001,0.0,1,0,1.3527535205648886,0.0,18,1,1,3.053894366736147,11.90643038761908,2.7644926790398543,Head,Open Play,Normal,From Free Kick,Left Center Back,1,0,1,1,High Pass,,39.190434,1,0,1,0.0,0.0,0.0926543507236225,0.01084097,0
3857261,Marcus Rashford,England,23,1,0,1,29.924738929521173,11.216065657608025,1,1,1.3738204212052934,8.222112395391955,20,0,1,4.580236548944585,25.348440508686082,3.262734158003127,Right Foot,Open Play,Normal,From Free Kick,Left Wing,1,0,1,1,High Pass,,74.99893,1,0,1,335.63783662028834,0.7330656440848109,0.04590918652426405,0.010357286,0
3857261,Phil Foden,England,37,1,0,6,16.279127740760558,24.978210343305932,1,1,1.590723979559908,9.252821967935198,15,0,3,4.102654359316239,12.185575383632049,1.651372707021764,Left Foot,Open Play,Normal,Regular Play,Right Wing,1,0,1,1,Ground Pass,,8.125269,1,0,1,406.6234769142639,0.37043574542620983,0.09771555361513427,0.05725451,0
3857261,Joe Allen,Wales,38,1,0,7,26.829275055431527,16.4043041408801,1,1,3.295263361656946,2.1025882655945143,19,0,1,3.791374740554901,23.300190112756788,2.1762242773213956,Right Foot,Open Play,Normal,From Goal Kick,Right Defensive Midfield,1,0,1,1,Ground Pass,,14.996666,1,0,1,440.1155878886266,0.12817296287227392,0.12282342161123087,0.022615774,0
3857261,Marcus Rashford,England,38,1,0,6,12.631706139710497,32.879419997055464,0,1,2.210233186952026,26.409996759212373,14,0,2,2.1209087501568957,10.633323943539018,1.3972301352209868,Right Foot,Open Play,Overhead Kick,Regular Play,Left Wing,1,0,1,1,,,,0,0,0,415.3231714469256,0.8032379148287146,0.17497503207454143,0.081256144,0
3857261,Harry Kane,England,43,1,0,13,18.99315666233499,23.23428531563443,3,1,0.6246913757768437,0.0,17,1,2,3.6401778682553556,15.687486106982188,2.11025660488918,Left Foot,Open Play,Normal,From Free Kick,Center Forward,1,0,1,1,Ground Pass,,14.536161,1,0,1,441.2924209372341,0.0,0.03289033976198694,0.028181294,0
3857261,Harry Kane,England,47,1,0,7,22.52110121641479,17.02400800253931,1,1,2.7260159936835073,2.2890119446722252,18,1,2,3.785017175920625,18.742264618193502,2.245830095564891,Right Foot,Open Play,Normal,Regular Play,Center Forward,1,0,1,1,Ground Pass,,9.525755,1,0,1,383.3994073342432,0.13445787527418895,0.12104274864217633,0.030065771,0
3857261,John Stones,England,47,1,0,1,17.0,11.914041039191483,0,0,2.938516392659615,11.914041039191478,18,0,1,5.74933957270399,13.754809830845891,1.7537432569819487,Head,Open Play,Normal,From Corner,Right Center Back,1,0,1,1,High Pass,Straight,55.766747,1,0,1,202.53869766625522,0.9999999999999996,0.1728539054505656,0.006450981,0
3857261,Joe Allen,Wales,49,1,0,2,22.36470433517957,17.686945063282966,2,1,4.426030616347015,2.8566296007005816,20,0,1,2.958695482384503,19.504278178025153,2.0610376512306203,Left Foot,Open Play,Normal,From Throw In,Right Defensive Midfield,1,0,1,1,High Pass,,15.431461,1,0,1,395.56329693288745,0.1615106277810956,0.1979024873306682,0.04109325,0
3857261,Marcus Rashford,England,49,2,0,0,26.185874054535592,15.934095627019904,0,1,9.531176169327606,13.132661952767942,18,1,0,2.3888786615115665,24.545212411764837,0.839516067565377,Right Foot,Free Kick,Normal,From Free Kick,Right Wing,1,0,1,1,,,,0,0,0,417.24822126206953,0.8241862142774209,0.36398159364387284,0.05780817,1
3857261,Phil Foden,England,50,2,1,1,8.06597793203031,41.88769139079452,0,0,7.835512871820127,41.88769139079453,11,0,0,3.5097517869478456,8.866296592292818,2.448550667840479,Left Foot,Open Play,Normal,Regular Play,Left Wing,1,0,1,1,Ground Pass,,24.83405,1,0,1,337.8651943818447,1.0000000000000002,0.9714275116852231,0.44030064,1
3857261,Kieffer Roberto Francisco Moore,Wales,55,2,-2,2,34.74622281630048,11.353396507471903,1,1,6.749563559353507,7.295213859880337,17,0,0,2.887917450610998,31.86495836374885,1.3065730437097542,Right Foot,Open Play,Normal,From Counter,Center Forward,1,0,1,1,Ground Pass,,14.89228,1,0,1,394.4876447704264,0.6425578332509754,0.19425315940203683,0.00753591,0
3857261,Marcus Rashford,England,67,2,2,14,14.42567156149064,22.812316458721284,1,1,1.1037402609840732,7.0829633195119115,12,0,3,4.934436562547969,9.527374967722588,3.845275971758298,Left Foot,Open Play,Normal,From Throw In,Right Wing,1,0,1,1,High Pass,Through Ball,54.590294,1,0,1,329.0829847903005,0.310488561401841,0.07651222726645948,0.096602984,1
3857261,Marcus Rashford,England,71,2,3,3,15.743252522906442,18.505350379080774,0,1,1.1190803791047066,11.20749727030658,12,0,2,6.315642477627754,9.427626637651995,4.967536090885574,Right Foot,Open Play,Normal,Regular Play,Right Wing,1,0,1,1,Ground Pass,,7.4249578,1,0,1,291.3344040427311,0.6056355076084378,0.07108317531440494,0.13184288,0
3857261,Brennan Johnson,Wales,72,2,-3,5,23.22800034441191,13.324913042500276,1,1,1.835722845285827,2.1052180629310144,13,0,2,4.198562658372852,19.080122841023446,2.7027651571196145,Right Foot,Open Play,Normal,From Keeper,Right Wing,1,0,1,1,Ground Pass,,34.57745,1,0,1,309.51108474045515,0.1579911295643242,0.0790306017765949,0.02192258,0
3857261,Jude Bellingham,England,76,2,3,1,12.952991932368365,21.045099401307414,0,1,1.6540835914431327,11.725422140132228,11,0,1,5.605232987186015,7.385533695334468,4.8888457988434055,Left Foot,Open Play,Normal,From Counter,Left Center Midfield,1,0,1,1,,,,0,0,0,272.59700276102524,0.5571568903781843,0.12769895944347237,0.24362406,0
3857261,Phil Foden,England,76,2,3,1,3.9319206502675055,90.99155872105769,1,0,1.655385428224035,81.22589952071864,12,0,2,6.8927743752700374,6.020604938165873,6.380339426855372,Left Foot,Open Play,Half Volley,From Counter,Left Wing,1,0,1,1,,,,0,0,0,357.77158873535507,0.8926751081352887,0.42101191134450083,0.6100251,0
3857261,Harry Wilson,Wales,82,2,-3,0,30.15824928605771,13.783697062333372,3,1,9.016290177601627,5.266711434200124,18,0,0,1.876611725029496,30.07375259373981,1.6403907430334428,Left Foot,Free Kick,Normal,From Free Kick,Left Wing,1,0,1,1,,,,0,0,0,415.6921720893512,0.382097155094364,0.2989659675560112,0.031328887,0
3857261,Rubin Colwill,Wales,83,2,-3,9,25.770137756713684,14.995226428185509,1,1,4.109244370200378,10.461481976487475,18,1,1,3.97765160271724,21.80616410994681,2.394527971891229,Right Foot,Open Play,Normal,From Throw In,Right Defensive Midfield,1,0,1,1,,,,0,0,0,386.42905074745426,0.6976541519122204,0.15945760201184142,0.025066664,0
3857261,Kieffer Roberto Francisco Moore,Wales,86,2,-3,1,18.69679116854013,23.233615546407368,2,1,1.6423353714595073,0.7670673597348329,12,0,3,3.8154187625178873,14.944016291104758,1.676759453620484,Right Foot,Open Play,Normal,Regular Play,Center Forward,1,0,1,1,High Pass,,42.729965,1,0,1,434.3940579613259,0.03301541071826185,0.08784049394652049,0.058446433,0
3857261,John Stones,England,90,2,3,2,6.824221567329121,55.69169884975151,0,1,1.7749622477504339,44.23399219493711,16,0,3,0.8875038440405253,6.010769330195778,0.196932081642899,Left Foot,Open Play,Half Volley,From Corner,Right Center Back,1,0,1,1,,,,0,0,0,380.0524924116727,0.7942654490442874,0.2600973942944708,0.45507616,0
3857261,Phil Foden,England,93,2,3,23,12.379418403139947,27.681061568485255,2,1,3.1377958557074597,11.588823835207721,14,0,3,3.268525578863955,9.121793102688944,2.405170278610761,Left Foot,Open Play,Normal,From Free Kick,Right Wing,1,0,1,1,Ground Pass,,1.0630146,1,0,1,342.6754429993563,0.4186553252857014,0.25346876190173695,0.09753507,0
3857290,Karl Brillant Toko Ekambi,Cameroon,9,1,0,6,13.787675656179323,27.440226432447723,1,1,1.995111021129061,19.755453010671697,7,0,2,3.5632240689660213,10.369037193321233,2.6932412396806313,Right Foot,Open Play,Half Volley,Regular Play,Left Wing,1,0,0,1,,,,0,0,0,378.33694198270786,0.7199449705455463,0.14470249162228427,0.15900026,0
3857290,Granit Xhaka,Switzerland,11,1,0,2,34.01249770305028,12.609078788298667,1,0,3.322571786192796,9.011815717348092,15,0,1,,,,Left Foot,Open Play,Normal,Regular Play,Left Defensive Midfield,1,0,0,1,Ground Pass,,16.858232,1,0,1,428.86626332458843,0.7147084944628258,0.09768679193162648,0.012105021,0
3857290,Ngoran Suiru Fai Collins,Cameroon,25,1,0,6,29.008274681545608,11.610209211605548,1,1,1.5117146772933463,3.873449246985465,16,0,2,3.1406199938383557,26.106047766088952,2.8298356668304194,Right Foot,Open Play,Normal,Regular Play,Right Back,1,0,0,1,Ground Pass,,26.03248,1,0,1,336.7921379204648,0.3336244142020775,0.052113222654191986,0.009452554,0
3857290,Martin Hongla Yma II,Cameroon,29,1,0,10,16.69730517179344,15.968429378883291,0,1,1.210634916160041,10.401881555856384,10,0,1,4.3481237984941945,12.356308762919006,3.709796905906167,Right Foot,Open Play,Normal,Regular Play,Left Center Midfield,1,0,0,1,Ground Pass,,18.027756,1,0,1,266.6297384534463,0.6514029219186622,0.07250480863254222,0.08237888,0
3857290,Nico Elvedi,Switzerland,39,1,0,1,6.824954212300624,60.294274037520374,0,1,1.5839348130127804,48.654324199405295,16,2,4,1.8385030977319556,6.789497690586678,1.837237370139519,Head,Open Play,Normal,From Corner,Left Center Back,1,0,0,1,High Pass,Inswinging,39.177162,1,0,1,411.5056595699828,0.8069476741544034,0.2320799178634858,0.19001445,0
3857290,Jean-Eric Maxim Choupo-Moting,Cameroon,40,1,0,9,20.0322240402807,17.082245177724683,2,1,1.9519026494819012,0.2918365076665789,13,0,2,4.118899737766575,16.139136033772214,3.5453877657323147,Right Foot,Open Play,Normal,From Goal Kick,Center Forward,1,0,0,1,,,,0,0,0,342.19536251118546,0.017084200854764392,0.097438139946769,0.041722767,0
3857290,Manuel Obafemi Akanji,Switzerland,45,1,0,1,5.457105459856898,71.99583839408666,3,1,0.6280253961553661,20.206329200181088,17,3,4,0.8126919052154121,4.6941408051583995,0.0685768446280477,Head,Open Play,Normal,From Corner,Right Center Back,1,0,0,1,High Pass,Inswinging,38.962162,1,0,1,392.8888827873452,0.28065968326636953,0.11508397643681141,0.15555824,0
3857290,Breel-Donald Embolo,Switzerland,47,2,0,13,8.115417426109387,52.423717262559244,0,1,1.8466331275813506,45.75050024515875,13,1,2,3.222089100448741,7.738210510196483,2.992409853129331,Right Foot,Open Play,Normal,From Throw In,Center Forward,1,0,0,1,Ground Pass,,24.600813,1,0,1,425.4403486140048,0.8727061458847277,0.22754629005776789,0.55189455,1
3857290,Nicolas Alexis Julio N'Koulou Ndoubena,Cameroon,49,2,-1,2,6.262587324740473,53.34224249988916,0,1,0.5654555061898372,0.0,15,0,3,5.697273376026733,0.5654555061898372,4.465189531279613,Head,Open Play,Normal,From Free Kick,Left Center Back,1,0,0,1,Low Pass,,6.736468,1,0,1,334.0604517530384,0.0,0.09029103737300305,0.24569963,0
3857290,Jean-Eric Maxim Choupo-Moting,Cameroon,56,2,-1,8,7.9404030124421245,7.74614532024374,0,0,0.773488518065769,7.746145320243677,14,0,3,5.436158806588947,2.7011896516415397,5.260116390810218,Right Foot,Open Play,Normal,Regular Play,Center Forward,1,0,0,1,,,,0,0,0,61.50751563567786,0.9999999999999919,0.09741174558190056,0.0123953605,0
3857290,André-Frank Zambo Anguissa,Cameroon,65,2,-1,1,13.21892582625381,32.209325695023594,0,1,0.6435708443133114,26.526871118457823,17,1,4,4.737116557461059,9.584853509273723,3.7201522808385192,Head,Open Play,Normal,From Free Kick,Right Center Midfield,1,0,0,1,High Pass,,29.915213,1,0,1,425.77268727616786,0.8235773505359747,0.04868556286435391,0.046351306,0
3857290,Ruben Vargas,Switzerland,65,2,1,3,12.628935030318273,34.87312941259899,1,1,2.0212728569080025,27.534362526143845,12,0,1,2.979164150503446,9.960697753871756,1.552996378556557,Right Foot,Open Play,Normal,From Keeper,Left Wing,1,0,0,1,Ground Pass,,28.260572,1,0,1,440.4104856555939,0.7895581208205595,0.1600509347823498,0.1977995,0
3857290,Granit Xhaka,Switzerland,88,2,1,2,23.952661647507984,18.849074628670092,2,1,2.2086502399591708,0.0,14,0,1,2.0998761989712857,22.87901263644321,1.879883639680223,Left Foot,Open Play,Normal,Regular Play,Left Defensive Midfield,1,0,0,1,Ground Pass,,27.100739,1,0,1,451.4855069491619,0.0,0.09220896919357423,0.048882935,0
3857290,Haris Seferović,Switzerland,94,2,1,4,13.328165665236908,30.706601503453427,1,1,2.806866802253032,19.500159157779017,7,0,1,3.7474093419158687,9.87032565671196,0.42186557360800947,Left Foot,Open Play,Normal,From Throw In,Center Forward,1,0,0,1,High Pass,,20.2608,1,0,1,409.26267185444,0.6350477813569152,0.21059663218127772,0.27028984,0
3857298,Otávio Edmilson da Silva Monteiro,Portugal,4,1,0,1,24.084227203711567,18.360255668221907,6,1,5.827658278315134,3.1272347984902247,20,0,0,0.6285181011399404,23.62128485143437,0.5194808256546466,Right Foot,Open Play,Volley,From Corner,Left Center Midfield,1,0,0,1,,,,0,0,0,442.1925690316895,0.1703263208857636,0.24196990956043823,0.02513017,0
3857298,Rúben Diogo Da Silva Neves,Portugal,5,1,0,0,22.162355470481927,20.239442305567255,0,1,2.6030406414541987,16.2207278354949,16,1,4,5.051853665477544,17.112196335830763,0.8884263072942318,Right Foot,Open Play,Normal,Regular Play,Center Defensive Midfield,1,0,0,1,,,,0,0,0,448.5537149002918,0.8014414424370314,0.11745324836618527,0.07171052,0
3857298,Cristiano Ronaldo dos Santos Aveiro,Portugal,9,1,0,2,12.325988804148734,35.90085460494564,0,1,1.6721546045896778,5.649656542085209,10,0,2,10.674435379887528,1.672154604589678,0.44964607989148675,Right Foot,Open Play,Normal,Regular Play,Center Forward,1,0,0,1,Ground Pass,Through Ball,18.642962,1,0,1,442.5135319199315,0.1573683023497419,0.13566088945552643,0.4577736,0
3857298,Cristiano Ronaldo dos Santos Aveiro,Portugal,12,1,0,2,5.232590180780456,68.97027196472901,1,1,0.4012496542096776,0.0,18,0,5,1.9717832361897305,4.018863367719432,0.07233683673670299,Head,Open Play,Normal,From Corner,Center Forward,1,0,0,1,High Pass,,29.001553,1,0,1,360.89316784839855,0.0,0.07668279768660004,0.2074416,0
3857298,João Félix Sequeira,Portugal,27,1,0,14,16.401219466856723,26.546931070309224,2,1,5.365464009237448,9.501605346361668,16,0,0,2.762047428147319,14.631736734845404,2.436675694251214,Left Foot,Open Play,Normal,From Free Kick,Left Wing,1,0,0,1,Ground Pass,,19.600256,1,0,1,435.4020426556592,0.3579172794473599,0.3271381143383806,0.07848694,0
3857298,Otávio Edmilson da Silva Monteiro,Portugal,35,1,0,8,21.453671014537342,19.89773369162547,0,1,1.9293681813356887,16.12463382589127,19,0,3,3.366806125017661,18.225693179236462,0.30989616087961736,Right Foot,Open Play,Normal,From Throw In,Left Center Midfield,1,0,0,1,Ground Pass,,10.704205,1,0,1,426.8794325550084,0.8103753963034385,0.08993184336742736,0.045895047,0
3857298,Cristiano Ronaldo dos Santos Aveiro,Portugal,41,1,0,6,17.944637081869335,14.65090038455401,1,1,1.6036748425932097,0.0,14,0,1,4.969099502327024,12.987452362963545,4.281874103378655,Left Foot,Open Play,Normal,Regular Play,Center Forward,1,0,0,1,Ground Pass,,11.107204,1,0,1,262.9050903234416,0.0,0.08936791729343524,0.030432492,0
3857298,Alidu Seidu,Ghana,53,2,0,1,31.481423093627775,14.358207147841581,3,1,6.676963894963598,5.514804387984255,21,0,0,1.14342516836441,30.39380408211044,0.4889656628367689,Left Foot,Open Play,Half Volley,From Corner,Right Wing Back,1,0,0,1,,,,0,0,0,452.0167940871513,0.3840872562430802,0.21209218767226243,0.015372672,0
3857298,Mohammed Kudus,Ghana,54,2,0,8,28.55538478115817,15.173639548750918,1,1,0.9039953065930209,0.0,10,0,1,4.122961430927371,24.97252141191957,2.9614488664583547,Left Foot,Open Play,Normal,From Free Kick,Left Center Midfield,1,0,0,1,Ground Pass,,17.258621,1,0,1,433.2891158451817,0.0,0.03165761251410305,0.030134441,0
3857298,Cristiano Ronaldo dos Santos Aveiro,Portugal,64,2,0,0,11.900420160649796,37.156345075648375,0,1,8.859131687434411,31.14172926999407,16,0,0,0.46438111519057085,11.436560032628249,0.02545534774294822,Right Foot,Penalty,Normal,Other,Center Forward,1,0,0,1,,,,0,0,0,442.1761180343067,0.838126818086955,0.7444385633314209,0.7835,1
3857298,Iñaki Williams Arthuer,Ghana,66,2,-1,8,29.807717121577767,14.841460060922657,1,1,4.081242301859052,0.7044623693435675,17,0,1,2.6855320017061306,27.27788798286163,1.4585910415591172,Right Foot,Open Play,Normal,From Throw In,Left Center Forward,1,0,0,1,Low Pass,,37.66165,1,0,1,442.3900431671769,0.047465840048878105,0.13691898259812207,0.020453067,0
3857298,Thomas Teye Partey,Ghana,68,2,-1,8,30.298679839227315,13.75476789243039,1,1,1.6423844780455399,7.069729589975555,19,0,1,2.984319222785712,27.45773314414979,1.9701407509628908,Right Foot,Open Play,Normal,Regular Play,Right Center Midfield,1,0,0,1,Ground Pass,,8.17435,1,0,1,416.75130863563186,0.5139839250843493,0.05420646994392032,0.021057075,0
3857298,Mohammed Kudus,Ghana,71,2,-1,4,29.713464961192262,15.081215635440836,2,1,4.107874638317451,2.374900026232295,15,0,1,2.8245270715821675,27.018971041348777,0.2927843764987159,Left Foot,Open Play,Half Volley,Regular Play,Left Center Midfield,1,0,0,1,Ground Pass,,31.005806,1,0,1,448.1151723558562,0.1574740447746986,0.13824959975831178,0.02159481,0
3857298,André Ayew Pelé,Ghana,72,2,-1,6,4.404543109109054,84.48286402101188,1,1,1.795457302608636,37.20698590730948,10,0,2,3.145636174840049,3.4347546678177476,2.5268656047854705,Right Foot,Open Play,Half Volley,Regular Play,Right Center Forward,1,0,0,1,,,,0,0,0,372.1084165615451,0.44040867149172014,0.40763758195383387,0.48524466,1
3857298,João Félix Sequeira,Portugal,77,2,0,3,17.748521065147937,18.491840594559807,0,1,2.870004168317209,9.885199930949444,8,0,2,12.597578399860778,5.1887480759853695,8.564542985714866,Right Foot,Open Play,Normal,Regular Play,Right Wing,1,0,0,1,Ground Pass,Through Ball,32.78353,1,0,1,328.2028223259025,0.5345709033343935,0.16170384888873482,0.21504128,1
3857298,Rafael Alexandre Conceição Leão,Portugal,79,2,1,2,14.345033983926282,19.283859931874485,0,1,2.6760186721321984,11.529946066756947,12,0,1,5.495230597509275,8.873896721772992,4.235986543820658,Right Foot,Open Play,Normal,Regular Play,Left Wing,1,0,0,1,Ground Pass,,12.844454,1,0,1,276.62762606401384,0.5979065450324592,0.18654669449585812,0.15539157,1
3857298,Osman Bukari,Ghana,88,2,-2,4,6.503076195155644,63.17989216004912,1,1,1.7245996845900666,38.952019422644256,10,0,3,2.832123435871665,3.674379485016423,0.1916730004490148,Head,Open Play,Normal,From Throw In,Right Center Forward,1,0,0,1,,,,0,0,0,410.8636527185161,0.6165255762698973,0.2651975208094252,0.15547352,1
3857298,Mohamed Salisu,Ghana,91,2,-1,4,16.12358520925169,23.24647416693194,1,1,0.7181936674104399,0.0,16,1,2,3.9591495155584346,12.413052621026132,1.2144739244443912,Head,Open Play,Normal,From Free Kick,Left Center Back,1,0,0,1,High Pass,,44.069603,1,0,1,374.8165070451953,0.0,0.04454305032594993,0.02431712,0
3857298,Rafael Alexandre Conceição Leão,Portugal,95,2,1,2,26.500188678573593,15.939661713586274,1,1,5.085980388766816,9.578148825916477,13,0,0,3.599406615152742,22.910401206006046,1.1426172776229393,Right Foot,Open Play,Normal,Regular Play,Left Wing,1,0,0,1,High Pass,,34.528393,1,0,1,422.40404288267194,0.6009003828326218,0.19192242177803903,0.026070174,0
3857298,Osman Bukari,Ghana,97,2,-1,1,32.08815981012311,7.508358792086807,1,0,5.04194477787909,0.0,18,0,0,,,,Right Foot,Open Play,Normal,From Throw In,Right Midfield,1,0,0,1,Low Pass,,6.1269894,1,0,1,240.92941683222438,0.0,0.1571278879098722,0.0063759447,0
3857285,Boulaye Dia,Senegal,0,1,0,1,18.31420213932346,18.035266231043845,1,1,0.9348631117751743,0.0,14,0,3,5.029081270205311,13.44270338665248,4.220351595381004,Left Foot,Open Play,Half Volley,Regular Play,Center Forward,1,0,0,1,Ground Pass,,19.881649,1,1,1,330.30151139185136,0.0,0.05104580066678836,0.034865376,0
3857285,Vincent Janssen,Netherlands,3,1,0,5,17.74063133036702,24.223199426379075,1,1,1.0683292943867098,10.321456596202621,18,0,1,2.8223148823206494,15.31543009292123,0.47085199447029424,Left Foot,Open Play,Normal,From Throw In,Right Center Forward,1,0,0,1,,,,0,0,0,429.73485066534903,0.42609799038200336,0.060219350399217615,0.12169348,0
3857285,Ismaïla Sarr,Senegal,8,1,0,2,22.870505022845474,19.544230122252078,1,1,1.867807558142024,10.184008296404295,16,0,1,3.1034229133869293,19.825155520509412,1.0946296388157322,Left Foot,Open Play,Normal,Regular Play,Left Wing,1,0,0,1,Ground Pass,,12.101653,1,1,1,446.986413178614,0.5210749276232322,0.08166883749511698,0.059537582,0
3857285,Daley Blind,Netherlands,16,1,0,12,10.111874208078346,33.73603284264343,1,1,0.6257227043036484,5.357923299185747,17,0,1,2.6067051632613634,9.640116033800997,1.2078120511287125,Head,Open Play,Normal,From Throw In,Left Wing Back,1,0,0,1,High Pass,,34.345596,1,1,1,341.1345203844101,0.15881900886737219,0.0618799929100938,0.04866169,0
3857285,Vincent Janssen,Netherlands,18,1,0,5,22.12193481592422,20.139219605962754,1,1,0.9166420145883365,0.0,19,0,2,3.318719527518899,19.420965668606847,1.229105690801326,Left Foot,Open Play,Normal,From Throw In,Right Center Forward,1,0,0,1,Ground Pass,,8.48646,1,1,1,445.5185033666911,0.0,0.04143588805480533,0.03382374,0
3857285,Ismaïla Sarr,Senegal,24,1,0,4,22.31815404552984,16.01757457991448,1,1,2.9119427412005603,0.0,15,0,1,1.9516856956928705,20.899547505355994,0.08329119448285383,Right Foot,Open Play,Normal,From Free Kick,Left Wing,1,0,0,1,High Pass,,60.35263,1,1,1,357.4826969102943,0.0,0.13047417520553412,0.034923773,0
3857285,Idrissa Gana Gueye,Senegal,28,1,0,16,20.86552180032888,20.01951772621677,2,1,1.5891521917215543,5.385209235709984,17,1,1,3.8548818899572157,19.176984543558113,3.8252988081916257,Right Foot,Open Play,Normal,From Free Kick,Center Attacking Midfield,1,0,0,1,Ground Pass,,2.5019991,1,1,1,417.7176835484465,0.2689979503680914,0.07616163194617573,0.025139945,0
3857285,Krépin Diatta,Senegal,28,1,0,19,25.991537084212624,13.63574630018773,1,1,2.2437780303898234,7.776186733524813,17,0,1,2.483174933019641,23.599922858511565,2.0227476663758637,Left Foot,Open Play,Normal,From Free Kick,Right Wing,1,0,0,1,Ground Pass,,37.347157,1,1,1,354.4140056322445,0.5702795110978087,0.08632725425664434,0.03131155,0
3857285,Youssouf Sabaly,Senegal,32,1,0,5,37.974860105074775,11.201027456230467,1,1,8.41931436090299,4.6017564421618475,19,0,0,5.6452815026511045,32.9561419796577,0.35426484833104155,Right Foot,Open Play,Normal,From Throw In,Right Back,1,0,0,1,Ground Pass,,32.916866,1,1,1,425.3574506834535,0.41083342221450975,0.22170758068909577,0.0068181115,0
3857285,Steven Berghuis,Netherlands,39,1,0,7,23.940133667128926,18.12804154160076,0,1,2.490188844167843,14.783785733957451,18,0,3,3.3925551249996206,20.56203241108109,1.3068037364226512,Left Foot,Open Play,Volley,Regular Play,Right Defensive Midfield,1,0,0,1,Ground Pass,,6.519202,1,1,1,433.9877376291881,0.8155202921413871,0.1040173325175291,0.030127633,0
3857285,Virgil van Dijk,Netherlands,52,2,0,1,8.902246907382434,48.383947166923804,1,0,0.42651097285487516,0.0,20,2,5,7.697785737336976,7.1474998992201355,5.816796528601813,Head,Open Play,Normal,From Corner,Center Back,1,0,0,1,High Pass,Outswinging,40.782963,1,1,1,430.7258440337025,0.0,0.04791048566639723,0.06871433,0
3857285,Youssouf Sabaly,Senegal,53,2,0,8,29.223620583356876,12.435822671261832,1,1,6.332960016558461,5.419199499358733,12,0,0,4.651622282000876,24.572161147580502,2.8209074622983294,Right Foot,Open Play,Normal,From Throw In,Right Back,1,0,0,1,,,,0,0,0,363.41976338686334,0.43577330126152886,0.21670689292226647,0.011074076,0
3857285,Krépin Diatta,Senegal,57,2,0,6,11.545128842936313,18.128117566473858,1,1,1.2597223021361938,5.8153516742094356,12,0,1,1.2057324595197942,10.463198439635631,1.2057189328658495,Right Foot,Open Play,Half Volley,Regular Play,Right Wing,1,0,0,1,High Pass,,44.95153,1,1,1,209.29145298483778,0.3207918115538012,0.1091128838208621,0.058196757,0
3857285,Steven Berghuis,Netherlands,59,2,0,14,25.728000310945276,17.00968372178003,0,1,1.6618349402235468,13.875293393490775,17,0,2,3.8254029849152773,21.93840025354046,0.5991357813571767,Left Foot,Open Play,Normal,From Goal Kick,Right Defensive Midfield,1,0,0,1,Low Pass,,9.261749,1,1,1,437.6251480830374,0.8157290647164811,0.06459246424668941,0.038496487,0
3857285,Boulaye Dia,Senegal,64,2,0,5,20.64000968992021,13.601074834736709,0,1,1.548582777447486,9.201556474908633,10,0,2,6.564043186746057,14.31448873634843,5.9923938534955,Right Foot,Open Play,Normal,From Free Kick,Center Forward,1,0,0,1,Ground Pass,,20.431837,1,1,1,280.7263163822956,0.676531567299972,0.0750282001177429,0.04221427,0
3857285,Idrissa Gana Gueye,Senegal,72,2,0,2,16.704789732289363,26.925479172379262,2,1,1.2993495900985987,8.245543819320735,13,0,3,2.444822479758256,14.42196109271796,0.8677923133602974,Right Foot,Open Play,Half Volley,Regular Play,Left Center Midfield,1,0,0,1,Ground Pass,,18.595161,1,1,1,449.7844680157322,0.3062357318334818,0.07778305569372318,0.06520781,0
3857285,Cheikh Ahmadou Bamba Mbacke Dieng,Senegal,74,2,0,3,17.758941409892653,22.759691264312757,0,1,1.7571451024884122,17.921598841678424,14,0,3,3.5570576724517693,14.215389091025449,1.412487354762952,Left Foot,Open Play,Half Volley,Regular Play,Center Forward,1,0,0,1,Ground Pass,,12.25765,1,1,1,404.1880236701759,0.7874271506388809,0.0989442479668068,0.07416881,0
3857285,Ismaïla Sarr,Senegal,81,2,0,10,8.720665112249183,49.21279049874661,0,0,1.8146632549288542,49.212790498746614,14,1,3,6.012684412545649,5.436993539038399,4.018758626271158,Head,Open Play,Normal,Regular Play,Left Wing,1,0,0,1,High Pass,,35.65305,1,1,1,429.1682651788476,1.0000000000000002,0.20808771252779215,0.06430619,0
3857285,Cody Mathès Gakpo,Netherlands,83,2,0,6,7.764663547121668,54.28411021487537,0,1,0.9001913983216498,17.358916181982035,18,0,2,7.0037054699819254,0.9001913983216498,0.4473738021802234,Head,Open Play,Normal,Regular Play,Right Center Forward,1,0,0,1,High Pass,Through Ball,32.140316,1,1,1,421.49785177337776,0.31977895765942216,0.11593437279782039,0.28603274,1
3857285,Pape Gueye,Senegal,85,2,-1,9,31.123624467596958,12.40801512419659,1,1,1.560008466710094,5.73371629670441,17,0,1,4.10479406382642,27.023219202405233,2.064790602105006,Left Foot,Open Play,Normal,From Throw In,Right Center Midfield,1,0,0,1,Ground Pass,,12.163059,1,1,1,386.1824031137581,0.4620977843203317,0.05012296907560463,0.008650101,0
3857285,Ismail Jakobs,Senegal,91,2,-1,12,31.579265349276255,13.302340798432876,0,1,7.331109697651893,11.864443649858039,15,1,0,3.376718564578868,30.70134530954653,2.534182790671352,Left Foot,Open Play,Half Volley,Regular Play,Left Back,1,0,0,1,,,,0,0,0,420.0781498402152,0.8919064568888332,0.23214946948789328,0.014392905,0
3857285,Cheikh Ahmadou Bamba Mbacke Dieng,Senegal,92,2,-1,7,8.386298349093002,46.67340233441044,0,0,2.118661784252178,46.67340233441044,16,0,2,3.8693022899749074,9.076992226335427,3.2296724927056033,Head,Open Play,Normal,From Throw In,Center Forward,1,0,0,1,High Pass,,35.826385,1,1,1,391.41707694361975,1.0,0.25263372420816826,0.16068545,0
3857285,Memphis Depay,Netherlands,98,2,1,8,21.341274563624356,18.89330528092244,0,1,1.732724793375851,16.359648112113852,6,0,1,5.5626040212372985,16.463187634087166,0.32468847951453483,Left Foot,Open Play,Normal,Regular Play,Center Forward,1,0,0,1,Low Pass,,18.530245,1,1,1,403.2072154145398,0.8658965632992256,0.08119125163823322,0.102816984,0
3857285,Davy Klaassen,Netherlands,98,2,1,8,11.717081547894084,34.70473242405318,1,1,2.333593859065099,29.391252002380455,6,0,1,5.734475839302052,6.783170617735255,0.38572648824504085,Left Foot,Open Play,Normal,Regular Play,Left Attacking Midfield,1,0,0,1,,,,0,0,0,406.638179910475,0.8468946437405738,0.1991616982032968,0.34814927,1
3857282,Joshua Sargent,United States,9,1,0,10,6.171709649683791,55.382196329870204,0,0,1.4331728013509222,55.382196329870204,15,0,2,3.291904432556077,5.468642829535808,0.7118647223843482,Head,Open Play,Normal,From Throw In,Center Forward,1,0,0,1,High Pass,,15.953056,1,1,1,341.8028355097422,1.0,0.23221649797221927,0.25332773,0
3857282,Ethan Ampadu,Wales,13,1,0,2,32.547964606100955,13.951321254785192,3,0,4.970021908064761,0.77995988785188,19,0,1,,,,Right Foot,Open Play,Half Volley,From Free Kick,Center Defensive Midfield,1,0,0,1,,,,0,0,0,454.0871104090924,0.05590580803121854,0.15269839353128567,0.013776194,0
3857282,Sergino Dest,United States,28,1,0,17,33.501790996900446,11.882707191954587,1,1,7.027604130780469,6.408439616607209,15,0,0,3.4302265900043016,30.14857759343268,2.2608970217697006,Right Foot,Open Play,Normal,From Throw In,Right Back,1,0,0,1,Ground Pass,,28.04015,1,1,1,398.0919728222284,0.5393080476598939,0.20976801304236709,0.0066337776,0
3857282,Timothy Weah,United States,35,1,0,6,12.495199078045934,35.07672611201236,0,1,1.3576459587321597,18.01450033176817,9,0,2,8.46315777070615,4.044586250137316,1.231532076052119,Right Foot,Open Play,Normal,From Counter,Right Wing,1,0,0,1,Ground Pass,Through Ball,20.843464,1,1,1,438.29067577568657,0.5135741652240153,0.1086534076209753,0.20100605,1
3857282,Ben Davies,Wales,44,1,-1,1,5.860034129593442,66.60924085946712,2,1,0.5796234550746998,0.0,18,3,6,2.9942574250013503,4.090132793998929,2.735922983898547,Head,Open Play,Normal,From Corner,Left Center Back,1,0,0,1,High Pass,Inswinging,42.829197,1,1,1,390.33242478278737,0.0,0.09891127632645937,0.14399761,0
3857282,Kieffer Roberto Francisco Moore,Wales,60,2,-1,7,26.690822392725178,16.99165938496289,0,1,2.0754557255388884,14.085865700006723,14,0,2,3.0507282026591356,23.663863263168942,0.6063729736795977,Left Foot,Open Play,Half Volley,From Free Kick,Left Center Forward,1,0,0,1,High Pass,,8.329466,1,1,1,453.5213628017264,0.8289870565833195,0.07775915237833107,0.032130886,0
3857282,Ben Davies,Wales,63,2,-1,3,10.932977636490433,39.84637307043679,0,1,1.4110936171085784,31.72830757795584,20,0,3,2.686706345523887,8.476462819547804,0.5545216195911422,Head,Open Play,Diving Header,From Free Kick,Left Center Back,1,0,0,1,High Pass,,9.007774,1,1,1,435.63950567434006,0.7962658865304861,0.129067639578704,0.18666926,0
3857282,Kieffer Roberto Francisco Moore,Wales,64,2,-1,1,5.024937810560446,72.64597536373867,0,1,1.405835061351757,50.68128393412235,18,2,6,3.733000719140344,1.4545076608865957,2.072972056854667,Head,Open Play,Normal,From Corner,Left Center Forward,1,0,0,1,High Pass,Inswinging,36.786545,1,1,1,365.0415083902931,0.6976475115154139,0.27977163386922793,0.19270518,0
3857282,Haji Wright,United States,74,2,1,8,15.072159765607587,26.914530107332077,0,1,1.411424886973142,21.615505058849234,15,0,1,2.1702309271981237,12.979641543997213,0.48822342683888564,Head,Open Play,Normal,Regular Play,Center Forward,1,0,0,1,High Pass,,30.6648,1,1,1,405.66009779396455,0.8031165683609955,0.09364450144655462,0.027433796,0
3857282,Brenden Aaronson,United States,76,2,1,1,7.653757247260986,34.80556065807469,1,1,0.3073922783986516,0.0,17,0,1,2.9115790185615467,5.25533468533416,1.5997527963525044,Head,Open Play,Normal,From Corner,Right Center Midfield,1,0,0,1,High Pass,Inswinging,46.74666,1,1,1,266.393312131721,0.0,0.04016227174028241,0.09428854,0
3857282,Gareth Frank Bale,Wales,81,2,-1,0,12.0,36.86989764584404,0,1,9.582605070746041,30.951234872927813,17,0,0,0.4069696284078222,11.62179997583093,0.14790606351954239,Left Foot,Penalty,Normal,Other,Left Center Forward,1,0,0,1,,,,0,0,0,442.43877175012847,0.8394716787725236,0.7985504225621701,0.7835,1
3857282,Brennan Johnson,Wales,88,2,0,2,19.090573590125572,13.055247223796563,0,1,1.3538862028105585,8.112310812681354,7,0,1,5.178420723101232,13.914049424921041,4.456459647368803,Right Foot,Open Play,Normal,From Counter,Right Midfield,1,0,0,1,Ground Pass,,19.702284,1,1,1,249.23215786317087,0.6213831629242969,0.07091909504022677,0.042556882,0
3857282,Tyler Adams,United States,91,2,0,21,27.569729777420747,16.300912003937523,2,1,3.7997480430685884,4.576244981099617,17,0,1,1.786467148307631,25.78980911502082,0.43639330595255643,Right Foot,Open Play,Half Volley,From Free Kick,Center Defensive Midfield,1,0,0,1,,,,0,0,0,449.4117390740716,0.28073551835591865,0.13782318774051,0.019808901,0
3857297,Mohammed Al Burayk,Saudi Arabia,7,1,0,7,32.21179908046119,12.538308708900777,2,1,6.835001470126925,1.0231122256860785,17,0,0,2.092838578756453,30.201607472358027,1.4481626003445314,Right Foot,Open Play,Normal,From Goal Kick,Left Back,1,0,0,1,Low Pass,,34.48188,1,1,1,403.8814809399086,0.08159890216770503,0.2121893736221909,0.012477021,0
3857297,Mohammed Kanoo,Saudi Arabia,12,1,0,7,20.506096654409877,16.00150403984702,2,1,3.705578788148441,0.7104516127342181,14,0,1,3.2784394584808587,17.94279512031898,3.2345674612394646,Right Foot,Open Play,Normal,From Free Kick,Right Defensive Midfield,1,0,0,1,Ground Pass,,7.300685,1,1,1,328.1283884570331,0.04439905217441111,0.1807061992635029,0.03839731,0
3857297,Krystian Bielik,Poland,25,1,0,1,8.329465769183518,51.20365344782659,2,1,1.195036637156147,25.182961553003743,18,4,6,2.403240657848512,7.039637154358139,1.7120929234218139,Head,Open Play,Normal,From Corner,Right Defensive Midfield,1,0,0,1,High Pass,Outswinging,41.537693,1,1,1,426.4990786508072,0.4918196233529244,0.14347098244612733,0.075333446,0
3857297,Saleh Khalid Al Shehri,Saudi Arabia,32,1,0,12,12.539936203984453,33.077301803715784,1,1,1.5795360763717778,19.733004863430352,13,0,1,2.361015841844139,10.205029098167516,1.22258084608049,Head,Open Play,Normal,From Throw In,Center Forward,1,0,0,1,Low Pass,,17.593464,1,1,1,414.78725441853584,0.5965723861192819,0.12596045551411134,0.044610713,0
3857297,Piotr Zieliński,Poland,38,1,0,5,9.364827814754522,42.10619294676103,1,1,1.2963271316617297,24.23165452256417,13,0,2,3.6679212305292745,6.425200792386917,3.1601281441643465,Right Foot,Open Play,Half Volley,From Goal Kick,Center Attacking Midfield,1,0,0,1,Ground Pass,,8.772685,1,1,1,394.3172468812483,0.5754890866814442,0.13842508984728302,0.23496674,1
3857297,Robert Lewandowski,Poland,40,1,1,1,19.81565038044424,8.575539549724075,0,1,3.7809128225725557,5.470760703334637,9,0,1,4.924905771323517,14.95685702333006,4.3011452572664695,Right Foot,Open Play,Half Volley,Regular Play,Center Forward,1,0,0,1,High Pass,,44.384907,1,1,1,169.9298935410045,0.637949445817746,0.19080437684265364,0.009729679,0
3857297,Salem Mohammed Al Dawsari,Saudi Arabia,45,1,-1,0,11.900420160649796,37.156345075648375,0,1,9.797733977316582,31.126915257134012,7,0,0,0.7107675969657088,11.408486806680209,0.5063943341985464,Right Foot,Penalty,Normal,Other,Left Wing,1,0,0,1,,,,0,0,0,442.1761180343067,0.8377281240595985,0.8233099205786024,0.7835,0
3857297,Mohammed Al Burayk,Saudi Arabia,45,1,-1,0,10.183319694480772,33.65990391754608,0,1,4.252208984826897,25.85113618616818,10,2,1,1.4539775072586878,8.811656200844787,0.6428181553712449,Right Foot,Open Play,Normal,Other,Left Back,1,0,0,1,,,,0,0,0,342.7695624778775,0.7680098032808886,0.4175660896840486,0.35719204,0
3857297,Saud Abdullah Abdul Hamid,Saudi Arabia,50,2,-1,2,37.45744251814317,11.126633661839598,3,0,5.555789555589929,6.431942964425097,15,0,0,,,,Right Foot,Open Play,Normal,From Corner,Left Back,1,0,0,1,Ground Pass,,21.467184,1,1,1,416.77524080879357,0.5780672897036574,0.1483227145819922,0.005913877,0
3857297,Mohammed Kanoo,Saudi Arabia,50,2,-1,3,15.815498727514093,28.363324029233503,0,1,2.2004510430746187,27.227577402564954,20,1,3,4.381583411476115,13.96369339555443,3.5902113972343983,Right Foot,Open Play,Overhead Kick,From Corner,Right Defensive Midfield,1,0,0,1,High Pass,,23.196983,1,1,1,448.58011509241237,0.9599572100400517,0.1391325737484656,0.03705331,0
3857297,Salem Mohammed Al Dawsari,Saudi Arabia,53,2,-1,4,28.988273491189506,12.26477372789243,1,0,2.8404503185132484,11.520233347826307,15,0,2,,,,Right Foot,Open Play,Normal,From Free Kick,Left Wing,1,0,0,1,Ground Pass,,9.992997,1,1,1,355.5346151317016,0.9392944055402427,0.09798618463347102,0.010959039,0
3857297,Salem Mohammed Al Dawsari,Saudi Arabia,54,2,-1,7,6.661080993352359,56.70657503522453,1,0,0.9881963967559059,43.99329263574996,13,3,4,5.803796597398994,4.829511570358096,0.9181754364925041,Left Foot,Open Play,Normal,Regular Play,Left Wing,1,0,0,1,,,,0,0,0,377.7270891652435,0.7758058498229272,0.14835375785733704,0.16438472,0
3857297,Abdulelah Saad Hameed Al-Malki,Saudi Arabia,54,2,-1,7,23.0,19.731613886168734,2,1,2.2945151275593987,11.529319045383357,16,0,1,3.7828171748540833,21.31427052531125,3.250438130500939,Right Foot,Open Play,Volley,Regular Play,Left Defensive Midfield,1,0,0,1,,,,0,0,0,453.8271193818809,0.5843069457924606,0.09976152728519125,0.0391187,0
3857297,Firas Tariq Nasser Al Albirakan,Saudi Arabia,59,2,-1,35,14.375673897247388,16.589452744657446,0,1,1.7203809659569378,9.976844085143542,14,0,2,4.769536146613477,9.653603890656113,3.8480328929025447,Left Foot,Open Play,Normal,From Goal Kick,Right Wing,1,0,0,1,Ground Pass,,9.551963,1,1,1,238.4845627909911,0.6013968175265176,0.11967306564225495,0.11089649,0
3857297,Mohammed Kanoo,Saudi Arabia,60,2,-1,0,15.800316452527147,23.50125563969851,3,1,2.9070660855231014,2.9790435228348326,15,1,1,3.8965130741561516,11.96486518785827,2.77114890459292,Right Foot,Open Play,Normal,Regular Play,Right Defensive Midfield,1,0,0,1,,,,0,0,0,371.32727613897475,0.12676103645298886,0.1839878393738207,0.07597345,0
3857297,Arkadiusz Milik,Poland,62,2,1,4,9.079647570252934,47.299865799425724,0,1,2.8422148562343215,38.6662772064275,11,0,2,1.1373646790012375,7.971195893511215,0.3836083816808795,Head,Open Play,Normal,From Goal Kick,Left Midfield,1,0,0,1,High Pass,,27.803957,1,1,1,429.4661115790456,0.8174711820619364,0.3130314072482381,0.13519733,0
3857297,Robert Lewandowski,Poland,65,2,1,2,6.585590330410786,55.07670446503173,0,0,2.1257107894520897,55.07670446503173,11,0,2,5.156486916164698,2.6747331743918776,1.7255781594828505,Other,Open Play,Normal,From Free Kick,Right Center Forward,1,0,0,1,Low Pass,,18.4,1,1,1,362.7126123558055,1.0,0.32278211713778066,0.25903136,0
3857297,Nawaf Shaker Al Abid,Saudi Arabia,67,2,-1,0,25.785654926722344,17.065493699224927,5,1,9.190971983408181,3.7214037016220627,19,1,0,1.4159163434560502,24.412704606530458,0.6825850996933482,Left Foot,Free Kick,Normal,From Free Kick,Center Attacking Midfield,1,0,0,1,,,,0,0,0,440.0449316823684,0.21806598550331302,0.35643740713691696,0.0660456,0
3857297,Salem Mohammed Al Dawsari,Saudi Arabia,68,2,-1,10,24.690889007891148,17.922677357627162,2,0,3.2126762360889685,6.546627760459567,16,0,2,,,,Right Foot,Open Play,Normal,From Free Kick,Left Wing,1,0,0,1,Ground Pass,,12.32396,1,1,1,442.526837361416,0.3652706361794539,0.13011585913582152,0.03677261,0
3857297,Robert Lewandowski,Poland,72,2,1,3,15.565667348366407,24.179193154369663,0,1,2.8886199126097845,19.090050468553176,14,0,1,2.5634324324384936,13.51456351894512,2.3971428098719585,Right Foot,Open Play,Normal,From Throw In,Right Center Forward,1,0,0,1,Ground Pass,,22.238031,1,1,1,376.36527739281644,0.7895238830623769,0.18557636161439237,0.09536816,0
3857297,Krzysztof Piątek,Poland,80,2,1,5,12.677539193392377,34.85788316717122,1,1,0.4529217638571245,0.0,11,1,2,2.3794107357013763,10.594653344187845,0.8080652499082888,Head,Open Play,Normal,From Free Kick,Left Center Forward,1,0,0,1,High Pass,,28.768038,1,1,1,441.9121800505055,0.0,0.0357263154108954,0.02819521,0
3857297,Robert Lewandowski,Poland,81,2,1,7,13.60147050873544,31.21239140389495,0,1,3.518806342233678,11.577170384918135,7,0,1,10.098629685055146,3.518806342233678,3.685424504336126,Left Foot,Open Play,Normal,From Goal Kick,Right Center Forward,1,0,0,1,,,,0,0,0,424.53442118718476,0.3709158402862216,0.2587077875126628,0.47824246,1
3857297,Abdulrahman Al-Obood,Saudi Arabia,86,2,-2,11,8.44037913840368,16.15340488688558,1,1,1.0456211397324764,0.0,9,0,3,3.7147307560914817,4.846327904344302,3.3742817874990507,Head,Open Play,Normal,Regular Play,Right Wing,1,0,0,1,High Pass,,42.759094,1,1,1,136.3408616214571,0.0,0.12388319559898747,0.041744728,0
3857297,Robert Lewandowski,Poland,89,2,2,6,12.94681427996864,28.05365448255347,0,1,3.101777285926193,24.890690607456925,9,0,2,10.074189935729784,3.101777285926193,5.465581496070044,Right Foot,Open Play,Lob,From Free Kick,Right Center Forward,1,0,0,1,,,,0,0,0,363.2054544600295,0.8872530537130702,0.23957841820016487,0.4181081,0
3857297,Mohammed Kanoo,Saudi Arabia,95,2,-2,2,25.700194551792798,17.0452388672278,1,0,4.299422512584042,16.214146725946488,15,0,2,,,,Right Foot,Open Play,Normal,From Throw In,Right Defensive Midfield,1,0,0,1,Ground Pass,,19.220041,1,1,1,438.0659550695347,0.9512419774369242,0.1672914383554393,0.046656966,0
3857294,Memphis Depay,Netherlands,0,1,0,11,13.685759021698432,13.397019557822931,0,1,2.7153114762233876,11.569026858670666,12,0,1,5.333245470755722,8.75084338784809,5.318193601555961,Right Foot,Open Play,Half Volley,From Kick Off,Left Center Forward,1,1,0,1,High Pass,Through Ball,66.36663,1,1,1,183.3483812773455,0.8635522855466129,0.1984041566067566,0.04113277,0
3857294,Hassan Khalid Al Heidos,Qatar,2,1,0,3,32.6827171453048,13.014977764589283,1,0,1.1256026556916447,0.0,10,1,3,,,,Right Foot,Open Play,Normal,Regular Play,Right Center Midfield,1,1,0,1,,,,0,0,0,425.3648369325029,0.0,0.03444030221499955,0.015712837,0
3857294,Daley Blind,Netherlands,3,1,0,3,12.482387592123555,18.654735253880663,0,1,3.5408542356525383,14.947738704583264,13,1,3,7.3117420244582485,5.296614700809163,5.982220329208921,Right Foot,Open Play,Normal,Regular Play,Left Wing Back,1,1,0,1,,,,0,0,0,232.85563586738985,0.8012838832153221,0.28366802500884,0.10723932,0
3857294,Daley Blind,Netherlands,3,1,0,3,12.369316876852979,15.657757794615536,1,1,1.1221922612563313,11.74946959351137,14,1,3,6.171524817683725,6.294843321779952,5.341507606786294,Right Foot,Open Play,Volley,Regular Play,Left Wing Back,1,1,0,1,,,,0,0,0,193.67576774261423,0.7503928562205652,0.09072386716491342,0.042171385,0
3857294,Cody Mathès Gakpo,Netherlands,6,1,0,2,28.783502219153245,14.782259053601418,2,0,0.5554242106300143,0.0,14,0,2,,,,Right Foot,Open Play,Normal,Regular Play,Right Center Forward,1,1,0,1,Ground Pass,,9.962429,1,1,1,425.4851862734346,0.0,0.0192966167355556,0.023612352,0
3857294,Frenkie de Jong,Netherlands,13,1,0,16,24.349537983296518,17.761967484618893,2,1,1.3473288149678337,0.0,15,0,3,4.454084221839746,19.930036655678204,0.9241434729538938,Right Foot,Open Play,Normal,From Throw In,Left Defensive Midfield,1,1,0,1,Ground Pass,,7.4330344,1,1,1,432.4957019248054,0.0,0.05533282873342749,0.032602046,0
3857294,Memphis Depay,Netherlands,13,1,0,16,15.31176018620981,24.770150589063164,0,1,1.526622113175536,20.03911860064996,13,1,1,4.3662865434845575,11.456170877845423,0.814442251989135,Right Foot,Open Play,Half Volley,From Throw In,Left Center Forward,1,1,0,1,,,,0,0,0,379.27460559603884,0.8090026957485632,0.09970258772407196,0.14338174,0
3857294,Davy Klaassen,Netherlands,18,1,0,1,8.32165848854662,46.44192337168129,2,1,0.9950394555054659,16.78504824133722,16,3,5,3.370330758712535,5.841422441300263,3.096994806588384,Head,Open Play,Normal,From Corner,Center Attacking Midfield,1,1,0,1,High Pass,Outswinging,36.18356,1,1,1,386.47382585038326,0.36142017863911663,0.11957225316022911,0.08364612,0
3857294,Abdelkarim Hassan Al Haj Fadlalla,Qatar,24,1,0,1,12.119818480488886,33.42865297630084,2,1,1.1989846288417085,19.159051864604248,19,1,2,2.6470404249458603,9.554156641611316,0.6571781013393192,Right Foot,Open Play,Volley,From Corner,Left Center Back,1,1,0,1,High Pass,Outswinging,36.150932,1,1,1,405.1492061200207,0.5731326320024623,0.09892760611653519,0.067132466,0
3857294,Memphis Depay,Netherlands,25,1,0,6,11.454693361238444,23.96064323918554,1,1,1.2479351630263273,0.0,10,0,2,6.166928964168935,5.321969092919959,4.854626108388956,Right Foot,Open Play,Normal,Regular Play,Left Center Forward,1,1,0,1,High Pass,,33.99912,1,1,1,274.4618210429014,0.0,0.10894531382648943,0.0753362,0
3857294,Cody Mathès Gakpo,Netherlands,25,1,0,6,16.701197561851668,26.93603586081334,1,1,0.9316093447131524,1.694642688336038,12,0,3,5.500958047249732,11.222570473770281,0.3401089938404098,Right Foot,Open Play,Normal,From Goal Kick,Right Center Forward,1,1,0,1,Ground Pass,,5.6435804,1,1,1,449.8640564445649,0.06291358895914641,0.05578099063034283,0.14035599,1
3857294,Ismaeel Mohammad Mohammad,Qatar,28,1,-1,13,26.109385285755,17.41428336019712,2,1,0.7447998112210931,0.0,11,0,2,3.95126583929833,22.169758411832877,0.38481968224643026,Right Foot,Open Play,Normal,From Throw In,Right Wing Back,1,1,0,1,,,,0,0,0,454.67623372669885,0.0,0.028526133536642392,0.03016361,0
3857294,Memphis Depay,Netherlands,47,1,1,1,28.12561110447203,15.242920325657852,0,1,4.482333222005037,12.138733796806456,11,0,1,6.123623034464545,22.151808362741406,3.192427038618348,Right Foot,Open Play,Half Volley,Regular Play,Left Center Forward,1,1,0,1,Low Pass,,5.905929,1,1,1,428.71644917590487,0.7963522433672875,0.15936838511190027,0.029451067,0
3857294,Memphis Depay,Netherlands,48,2,1,15,6.826419266350399,43.26429541107164,0,1,1.324837020282293,25.89066861409812,11,0,2,2.877878422049283,3.9726334614642123,2.5826872470465005,Right Foot,Open Play,Volley,From Goal Kick,Left Center Forward,1,1,0,1,,,,0,0,0,295.3402197392146,0.5984303770141259,0.19407495622380505,0.2959347,0
3857294,Frenkie de Jong,Netherlands,48,2,1,15,2.41867732448957,117.86298271695996,0,1,1.0836776705455098,89.10942304742588,9,0,3,0.888766008118397,2.41645771377757,0.845946502566413,Right Foot,Open Play,Half Volley,From Goal Kick,Left Defensive Midfield,1,1,0,1,,,,0,0,0,285.0725236942172,0.7560424909779874,0.44804557415454566,0.6883914,1
3857294,Abdulaziz Hatem Mohammed Abdullah,Qatar,76,2,-2,3,28.490349243208655,14.27150485851218,1,1,3.1626951588894032,5.4744410737052265,13,0,1,3.5703142125671694,24.920954358332317,1.7085649438776684,Right Foot,Open Play,Normal,Regular Play,Right Center Midfield,1,1,0,1,Ground Pass,,26.785444,1,1,1,406.6001576451612,0.38359241915823744,0.11100935028528322,0.024495702,0
3857294,Pedro Miguel Correia,Qatar,87,2,-2,10,33.87742611238345,12.43785801798118,2,1,5.163686590426114,3.7588008416079215,16,0,0,2.631002194999832,31.419846102853654,1.7957455303575856,Right Foot,Open Play,Normal,From Free Kick,Right Center Back,1,1,0,1,Ground Pass,,18.529976,1,1,1,421.3626160004735,0.30220644392096235,0.15242263604372813,0.00621196,0
3857294,Steven Berghuis,Netherlands,91,2,2,29,26.108427758101406,12.075063362083334,0,1,3.1513320233988136,8.85949775642876,14,0,2,4.956525805004572,21.38471669050224,4.413100768137106,Left Foot,Open Play,Normal,Regular Play,Center Attacking Midfield,1,1,0,1,Ground Pass,,6.203225,1,1,1,315.2609194634498,0.733701968326584,0.12070171565275355,0.010698183,0
3857266,Ousmane Dembélé,France,5,1,0,3,22.28990803031722,20.27189213244686,3,1,1.4384837186574815,0.0,17,0,2,2.686977173310568,19.9120628055237,0.9608575590322914,Right Foot,Open Play,Normal,Regular Play,Right Wing,1,0,1,1,Ground Pass,,21.181124,1,1,1,451.8586112327518,0.0,0.0645352020609934,0.04759094,0
3857266,Adrien Rabiot,France,9,1,0,33,7.507329751649385,44.74332575109162,1,1,2.180056593077827,26.023478064383372,14,0,2,3.144264990765421,4.381524082942771,2.164381866701085,Head,Open Play,Normal,From Throw In,Left Defensive Midfield,1,0,1,1,High Pass,,36.989864,1,1,1,335.90290059891015,0.5816169814723365,0.2903904137951129,0.10936305,0
3857266,Olivier Giroud,France,14,1,0,19,8.174350127074318,51.89435530929356,0,1,1.6038594441533522,45.29583581225993,14,0,2,3.2921734326370933,6.719971567002377,2.3328256712705553,Head,Open Play,Normal,Regular Play,Center Forward,1,0,1,1,High Pass,,33.553837,1,1,1,424.2026299169636,0.8728470667434629,0.1962063551500197,0.11903284,0
3857266,Adrien Rabiot,France,20,1,0,2,11.903780911962377,35.23906211173615,1,1,2.153850742686968,14.112633357022386,19,2,4,4.598032157919335,7.898491833951138,3.227811843775825,Head,Open Play,Normal,From Free Kick,Left Defensive Midfield,1,0,1,1,High Pass,,29.516945,1,1,1,419.47807492114146,0.40048266075510164,0.18093837232189944,0.04225832,0
3857266,Jules Koundé,France,29,1,0,4,19.581624038878903,13.46836531736964,1,1,2.228770196366152,4.723754742870906,16,0,1,4.001322859971269,15.600662175174023,3.499035443258947,Right Foot,Open Play,Half Volley,From Goal Kick,Right Back,1,0,1,1,High Pass,,34.6273,1,1,1,263.73246606300825,0.3507296269116534,0.11381947646124631,0.02881258,0
3857266,Antoine Griezmann,France,32,1,0,2,16.995587662684688,3.0210536234544922,0,1,2.451012529908323,0.0,11,0,1,3.381063498412295,13.618652299795295,3.3745935932780924,Left Foot,Open Play,Normal,From Counter,Center Attacking Midfield,1,0,1,1,Ground Pass,,11.933985,1,1,1,51.34458169109204,0.0,0.14421463844346713,0.010852635,0
3857266,Aurélien Djani Tchouaméni,France,32,1,0,3,20.319940944796073,22.25295826642971,3,1,1.5141224765042565,3.612402698866383,16,0,1,3.0695452031461503,17.71137853154909,1.3892151312789665,Right Foot,Open Play,Normal,Regular Play,Right Defensive Midfield,1,0,1,1,Ground Pass,,10.866922,1,1,1,452.17879782086334,0.16233359428512337,0.07451411796017166,0.054124165,0
3857266,Ousmane Dembélé,France,32,1,0,4,14.256226709757387,26.755677960565805,1,1,1.5037178156024036,0.0,16,0,1,3.583263290718033,10.673097008753265,2.032881167618079,Left Foot,Open Play,Volley,From Counter,Right Wing,1,0,1,1,High Pass,,6.2201285,1,1,1,381.4350107790853,0.0,0.10547796736237466,0.046849832,0
3857266,Adrien Rabiot,France,33,1,0,15,25.22419473442116,14.395172882036755,1,1,3.2353801064593197,9.665431011101003,17,0,2,3.9774562061874965,21.357064741214177,1.7116481236367918,Left Foot,Open Play,Normal,Regular Play,Left Defensive Midfield,1,0,1,1,,,,0,0,0,363.1066440121538,0.6714355631784155,0.12826495119165454,0.02230111,0
3857266,Andreas Evald Cornelius,Denmark,35,1,0,3,20.2089089265106,14.406685156436893,1,1,1.8668493018136039,0.0,7,0,2,3.581579720336533,16.83455840364371,3.3489209146870635,Right Foot,Open Play,Normal,From Counter,Center Forward,1,0,1,1,Ground Pass,Through Ball,28.311481,1,1,1,291.1433882593453,0.0,0.09237754045022292,0.048269883,0
3857266,Olivier Giroud,France,36,1,0,14,12.529964086141675,32.895132497909664,0,1,1.2285461126095318,25.40106940999763,17,0,2,3.5407648363876127,9.18113028620727,2.3059604203996855,Head,Open Play,Normal,From Goal Kick,Center Forward,1,0,1,1,High Pass,,27.189152,1,1,1,412.17482880767994,0.7721832222931995,0.09804865394373492,0.045027424,0
3857266,Kylian Mbappé Lottin,France,39,1,0,2,14.506550244630871,29.94250895646605,1,1,7.146137128260621,26.344564890322065,13,0,0,5.28968396685125,10.985928171282326,4.337805065747503,Right Foot,Open Play,Normal,Regular Play,Left Wing,1,0,1,1,Ground Pass,,19.610456,1,1,1,434.3625106272846,0.8798382569952605,0.49261450915289334,0.18605462,0
3857266,Christian Dannemann Eriksen,Denmark,44,1,0,0,37.08436328157732,12.285334779739916,1,0,2.7820684255845416,6.839734338128536,15,0,1,,,,Right Foot,Open Play,Normal,Regular Play,Left Defensive Midfield,1,0,1,1,,,,0,0,0,455.5938180076717,0.5567397601087868,0.07501998630691364,0.006951803,0
3857266,Kylian Mbappé Lottin,France,47,1,0,5,30.334963326168705,10.721274081988083,1,1,4.958636234332804,5.882161359484685,15,0,1,3.394944089020103,27.664751501864593,0.5323505070836632,Right Foot,Open Play,Normal,From Throw In,Left Wing,1,0,1,1,Ground Pass,,22.571886,1,1,1,325.22945608691157,0.5486438752057288,0.1634627403704555,0.011081066,0
3857266,Kylian Mbappé Lottin,France,55,2,0,2,18.730189534545563,20.80206566160487,1,1,1.3861807746876396,0.0,11,1,1,3.5197559910247267,15.260340600377104,2.2914278564212154,Left Foot,Open Play,Normal,Regular Play,Left Wing,1,0,1,1,,,,0,0,0,389.62663255192115,0.0,0.07400783489836006,0.03630777,0
3857266,Antoine Griezmann,France,59,2,0,6,17.441330224498365,25.7804458939512,0,1,2.058126307978126,19.283181788824336,8,0,2,6.900879301567174,10.587808525784174,0.15423558583073316,Left Foot,Open Play,Half Volley,From Throw In,Center Attacking Midfield,1,0,1,1,High Pass,,39.184692,1,1,1,449.6452701712158,0.7479770469504835,0.11800282899794245,0.21733604,0
3857266,Kylian Mbappé Lottin,France,60,2,0,7,12.662148316932639,27.018966726553494,1,1,2.7608079813653332,11.970252978391338,11,0,3,3.8864405639611115,8.910659737211796,3.223671202426175,Right Foot,Open Play,Half Volley,Regular Play,Left Wing,1,0,1,1,Low Pass,,10.413933,1,1,1,342.1181640618883,0.4430314859756389,0.21803630097061835,0.08505598,1
3857266,Joachim Andersen,Denmark,67,2,-1,1,8.720665112249177,46.09945736998548,2,1,0.48513523756532495,0.0,17,2,4,4.09274583773863,5.198399471810898,3.1085803247373605,Head,Open Play,Normal,From Corner,Right Center Back,1,0,1,1,High Pass,Outswinging,36.93305,1,1,1,402.0179295800506,0.0,0.05563053176802956,0.082872435,0
3857266,Andreas Christensen,Denmark,67,2,-1,1,7.3999999999999995,55.31123134814748,1,0,1.0044016698935658,45.199337555437715,17,1,2,3.913239265304046,7.019183794759906,2.9987300493423845,Head,Open Play,Normal,From Corner,Center Back,1,0,1,1,,,,0,0,0,409.30311197629135,0.8171819077926126,0.13572995539102242,0.25384808,1
3857266,Jesper Lindstrøm,Denmark,72,2,0,23,14.413882197381795,27.728977743401202,1,1,1.4305701435094946,17.696810962594938,13,0,2,3.0546128540039965,12.217525057141813,0.56047459025595,Right Foot,Open Play,Normal,From Keeper,Right Wing,1,0,1,1,Ground Pass,,23.872997,1,1,1,399.68221864720664,0.638206396440501,0.09924946825008393,0.18929456,0
3857266,Christian Dannemann Eriksen,Denmark,73,2,0,3,27.18271509617831,16.46117449807345,2,1,1.575017906748305,6.088675299549413,19,0,1,2.1827505261403823,25.069276814611275,0.9122631606229064,Left Foot,Open Play,Normal,From Corner,Left Defensive Midfield,1,0,1,1,,,,0,0,0,447.4594165296066,0.36988097661330344,0.05794189068956327,0.0264413,0
3857266,Aurélien Djani Tchouaméni,France,77,2,0,1,6.706713054842883,60.10109816138549,1,1,0.9092640450088956,41.94110696964294,20,0,2,2.1427881327535143,8.043516848908189,2.0982756693794755,Head,Open Play,Diving Header,From Corner,Right Defensive Midfield,1,0,1,1,High Pass,Inswinging,42.766575,1,1,1,403.08081964935764,0.6978426060871844,0.13557521211561613,0.22405402,0
3857266,Jules Koundé,France,78,2,0,2,9.326306878931229,46.34760923847709,0,0,1.5991985412102816,46.34760923847709,18,0,3,5.262315300221416,6.1593271561566505,2.963423910296612,Head,Open Play,Normal,From Corner,Right Back,1,0,1,1,High Pass,,27.789387,1,1,1,432.25202686282546,1.0,0.17147179070667098,0.106879756,0
3857266,Adrien Rabiot,France,79,2,0,3,10.32375900532359,32.81124921616619,0,0,3.7723249342401863,32.811249216166175,19,0,1,4.115070590311419,10.439191586052283,2.369043697551959,Left Foot,Open Play,Overhead Kick,From Corner,Left Defensive Midfield,1,0,1,1,High Pass,,31.096142,1,1,1,338.73542957131224,0.9999999999999996,0.36540226600552517,0.080693014,0
3857266,Martin Braithwaite Christensen,Denmark,80,2,0,2,11.225417586887358,36.02489587708613,1,1,1.1960974277253529,21.93124075942428,15,0,2,4.108947035961079,7.482171197246609,2.985933758578895,Right Foot,Open Play,Normal,From Throw In,Center Forward,1,0,1,1,Ground Pass,,23.747421,1,1,1,404.3944997444285,0.6087801290044474,0.10655259980016592,0.23786028,0
3857266,Pierre-Emile Højbjerg,Denmark,83,2,0,8,33.93420103671221,13.011603865489075,3,1,4.350007733035702,3.1682553719008997,19,0,1,3.1288198806009513,31.38145367998465,2.3478024505673645,Right Foot,Open Play,Normal,Regular Play,Right Defensive Midfield,1,0,1,1,Low Pass,,10.5,1,1,1,441.53838138156794,0.24349460717168955,0.128189484359145,0.015153575,0
3857266,Kylian Mbappé Lottin,France,85,2,0,9,4.134005321718879,86.45609451793547,0,1,0.9467498058195836,60.13581436401353,11,1,2,3.335799547918727,0.9467498058195836,2.5548596336564344,Other,Open Play,Normal,From Goal Kick,Left Wing,1,0,1,1,High Pass,,32.154938,1,1,1,357.40995483217563,0.6955647800114109,0.2290151395900802,0.38353118,1
3857266,Joachim Andersen,Denmark,88,2,-1,15,28.9836160614924,14.009246486602565,1,1,1.7859620484954737,0.0,20,0,1,2.193139432821517,26.791571771068032,1.072565377475918,Left Foot,Open Play,Normal,From Throw In,Right Center Back,1,0,1,1,Ground Pass,,18.754467,1,1,1,406.0386214785001,0.0,0.06161971110527858,0.014218964,0
3857266,Kylian Mbappé Lottin,France,90,2,1,30,25.191466809219342,14.917350285826165,0,1,1.0854533399723625,11.26165188980237,5,0,1,6.4232189717390185,18.810796667351873,3.1573984622576816,Right Foot,Open Play,Half Volley,Regular Play,Left Wing,1,0,1,1,High Pass,,92.70992,1,1,1,375.7899346068885,0.7549364782633491,0.043088135684704085,0.033781487,0
3857266,Joakim Mæhle,Denmark,96,2,-1,1,32.588494902342454,13.958758246158315,2,1,10.301485431330388,11.237787128853109,20,0,0,1.375261874530758,31.98796643014195,1.2681693564879737,Right Foot,Open Play,Half Volley,From Throw In,Left Wing Back,1,0,1,1,,,,0,0,0,454.89492194796094,0.805070689718832,0.31610804556027283,0.013632962,0
3857284,Joshua Kimmich,Germany,13,1,0,29,28.397887245356827,15.283819208010623,1,0,2.866944161400224,8.655777063497128,15,0,1,,,,Right Foot,Open Play,Normal,From Throw In,Right Defensive Midfield,1,0,1,1,Ground Pass,,10.394229,1,1,1,434.02817454750453,0.5663360018653206,0.10095624849235857,0.022911863,0
3857284,Antonio Rüdiger,Germany,15,1,0,1,14.23411395205195,22.159420941496425,2,1,0.9471145911432246,7.744099540735123,17,1,2,5.988102389247965,9.126162987325452,5.713611993506959,Head,Open Play,Normal,From Corner,Right Center Back,1,0,1,1,High Pass,Straight,51.385796,1,1,1,315.4197227927464,0.3494721076503078,0.06653835948859263,0.026021937,0
3857284,Joshua Kimmich,Germany,19,1,0,13,23.10346294389652,19.642256631190964,1,1,1.0545223991224173,10.410934763037728,18,1,2,4.074012057509628,19.032520062220208,0.2139730627903873,Right Foot,Open Play,Normal,Regular Play,Right Defensive Midfield,1,0,1,1,,,,0,0,0,453.80414821322614,0.5300274280352116,0.04564347784932394,0.05193508,0
3857284,İlkay Gündoğan,Germany,25,1,0,8,22.808989455914084,17.851801457700816,2,1,4.780098768232701,9.474480348378503,17,0,1,0.9732805259303143,22.0163927172508,0.8584551283063462,Right Foot,Open Play,Normal,From Throw In,Left Defensive Midfield,1,0,1,1,Ground Pass,,7.8847957,1,1,1,407.1815512177696,0.5307296504965022,0.20957082633896706,0.042519,0
3857284,İlkay Gündoğan,Germany,27,1,0,13,25.75266976451179,17.559457161107822,0,1,6.021709435167369,14.6994443245585,18,0,0,2.3038613581359995,24.042575322529196,1.6730802743649846,Right Foot,Open Play,Normal,From Throw In,Left Defensive Midfield,1,0,1,1,Ground Pass,,13.28533,1,1,1,452.2029015141014,0.8371240744910998,0.23382855021367632,0.041637745,0
3857284,İlkay Gündoğan,Germany,28,1,0,10,15.04426801143878,29.210488917293812,2,1,1.438129625040986,13.99633579023199,16,0,1,4.240450033631072,11.149561915204512,2.256098836443151,Right Foot,Open Play,Normal,From Throw In,Left Defensive Midfield,1,0,1,1,,,,0,0,0,439.4504240169303,0.4791544513294874,0.09559319363012654,0.12241382,0
3857284,İlkay Gündoğan,Germany,32,1,0,0,12.0,36.86989764584404,0,1,8.447412255407833,30.752036928984904,14,0,0,1.1547148943643815,11.243735636908381,0.8440599711839596,Right Foot,Penalty,Normal,Other,Left Defensive Midfield,1,0,1,1,,,,0,0,0,442.43877175012847,0.8340689530623435,0.7039510212839861,0.7835,1
3857284,Serge Gnabry,Germany,37,1,1,9,28.12205540141048,15.5216320303048,1,1,2.899999814711043,3.610233753655163,13,0,1,3.8629706996912887,24.318246077708057,1.7105039887044526,Left Foot,Open Play,Normal,Regular Play,Right Wing,1,0,1,1,High Pass,,6.307139,1,1,1,436.50019587653907,0.2325936954700677,0.10312190106010499,0.028658802,0
3857284,Jamal Musiala,Germany,37,1,1,13,16.405486887014355,19.97292881243718,1,1,0.614208458056626,0.0,15,0,2,4.062749043446178,12.353075313477841,3.068077426422221,Right Foot,Open Play,Normal,Regular Play,Left Wing,1,0,1,1,Ground Pass,,12.742449,1,1,1,327.6656217277093,0.0,0.03743920935030574,0.03933018,0
3857284,İlkay Gündoğan,Germany,40,1,1,16,26.71872002922296,17.017538313453077,2,0,1.5165352235964886,0.0,16,0,1,,,,Right Foot,Open Play,Normal,From Free Kick,Left Defensive Midfield,1,0,1,1,Ground Pass,,10.089599,1,1,1,454.68684178372786,0.0,0.0567592767145213,0.031919174,0
3857284,Joshua Kimmich,Germany,41,1,1,6,23.104977818643324,19.561250514711205,2,1,5.836797150389872,3.277990183498133,16,0,0,1.12298261388824,22.558116586895693,1.0185828497968714,Right Foot,Open Play,Normal,Regular Play,Right Defensive Midfield,1,0,1,1,Ground Pass,,4.1868844,1,1,1,451.96225924732767,0.16757569670880154,0.2526207640710298,0.05113006,0
3857284,Jamal Musiala,Germany,44,1,1,35,18.804786624686805,23.21374520130717,1,1,0.5539924535958594,0.0,18,0,3,4.625684765834019,14.356784580521753,2.2850319482439545,Right Foot,Open Play,Normal,From Throw In,Left Wing,1,0,1,1,Low Pass,,9.732934,1,1,1,436.52952527042856,0.0,0.029460182912609153,0.06614002,0
3857284,Joshua Kimmich,Germany,48,1,1,22,19.706344156134087,22.941436870121827,4,1,4.9018749271339574,3.223687666901198,14,0,1,1.155351687474746,19.07302612036849,0.9333797639567365,Left Foot,Open Play,Half Volley,From Throw In,Right Defensive Midfield,1,0,1,1,,,,0,0,0,452.0918503988443,0.14051812382770246,0.24874603266319836,0.047906045,0
3857284,Serge Gnabry,Germany,48,1,1,22,11.597413504743205,21.04723041116629,0,1,5.776654631649163,13.355980369188302,12,0,0,2.695290960452151,8.946086129852022,2.5270483309100626,Left Foot,Open Play,Normal,From Throw In,Right Wing,1,0,1,1,,,,0,0,0,244.0934342079018,0.6345718704206559,0.4980985311325305,0.21508263,0
3857284,Daizen Maeda,Japan,50,1,-1,6,10.653168542738824,36.44725012944528,1,1,2.3501313824895003,26.316571680861962,15,2,4,2.90308845434818,8.581402103642146,2.7455941403961504,Head,Open Play,Normal,From Free Kick,Center Forward,1,0,1,1,High Pass,,28.202837,1,1,1,388.27869854833995,0.7220454653614905,0.22060398022064004,0.07710243,0
3857284,Serge Gnabry,Germany,46,2,1,8,21.384573879317774,11.97500295143801,0,1,7.235597623675234,7.602727328601613,13,0,0,5.854435309820938,15.729022306005696,5.488130311220239,Right Foot,Open Play,Normal,From Free Kick,Right Wing,1,0,1,1,Ground Pass,,20.89713,1,1,1,256.0803353200745,0.6348831277480934,0.33835594127377905,0.013327111,0
3857284,Daichi Kamada,Japan,49,2,-1,7,18.26608879864543,22.81107185993022,1,1,2.216028650362235,10.098949451964813,18,2,3,0.9125762558028955,17.368781187474873,0.5120276432714306,Right Foot,Open Play,Normal,Regular Play,Left Wing,1,0,1,1,Ground Pass,,6.5787535,1,1,1,416.66906418576735,0.44272139047111425,0.12131927501231518,0.06444196,0
3857284,Jamal Musiala,Germany,50,2,1,3,12.839003076563223,34.527470004012514,1,1,2.0968091055009435,18.550336265806262,16,1,4,2.7708990533607936,10.073876163639131,0.05760864254405362,Right Foot,Open Play,Normal,Regular Play,Left Wing,1,0,1,1,Ground Pass,,17.711578,1,1,1,443.29829360746106,0.5372631201663628,0.16331556998600102,0.15860753,0
3857284,Takuma Asano,Japan,57,2,-1,4,10.791200118615164,22.88463472681544,1,1,0.9838486854167936,0.0,11,0,1,3.8607594347268197,7.010749545820919,3.6276387566769017,Head,Open Play,Normal,Regular Play,Center Forward,1,0,1,1,Low Pass,,22.530424,1,1,1,246.9526729784755,0.0,0.0911713872972871,0.06737846,0
3857284,İlkay Gündoğan,Germany,59,2,1,27,17.0,26.481039830374385,1,1,2.5163073962181004,12.705863910209409,15,0,3,6.002377757688628,11.02946338380252,0.4972062489041704,Right Foot,Open Play,Normal,From Free Kick,Left Defensive Midfield,1,0,1,1,Ground Pass,,7.569016,1,1,1,450.1776771163645,0.47980985609316895,0.14801808213047649,0.10696415,0
3857284,Takuma Asano,Japan,60,2,-1,7,19.66214637317096,16.361077455346347,1,1,1.5372782759065584,0.0,8,0,1,4.753302293272201,15.241899360851331,4.3115392830743815,Left Foot,Open Play,Normal,Regular Play,Center Forward,1,0,1,1,Ground Pass,,17.253984,1,1,1,321.6938997498073,0.0,0.07818466238274871,0.06586899,0
3857284,Ko Itakura,Japan,66,2,-1,1,13.507405376311175,19.578558351310846,1,1,2.1600192468933073,12.322377907773033,16,0,1,3.7800432498812597,9.86787172061268,3.554681112581804,Head,Open Play,Normal,From Corner,Right Center Back,1,0,1,1,High Pass,Inswinging,51.732002,1,1,1,264.45552433491815,0.6293812693797248,0.15991370560933005,0.034016185,0
3857284,Takuma Asano,Japan,67,2,-1,15,13.396268137059666,20.15628146623488,1,1,1.3171405808468364,0.0,7,0,1,5.274059630666822,8.399440708468358,4.97406585209454,Right Foot,Open Play,Normal,From Throw In,Center Forward,1,0,1,1,Low Pass,,24.37314,1,1,1,270.01895116772863,0.0,0.09832145545094578,0.0360808,0
3857284,Jonas Hofmann,Germany,69,2,1,7,12.306908628896215,27.72715272715443,0,1,3.2700834710227973,22.661274076951013,13,1,1,6.986716267551333,5.537448170445808,3.9253249287093297,Right Foot,Open Play,Half Volley,Regular Play,Right Wing,1,0,1,1,Ground Pass,,4.5177426,1,1,1,341.2355351525401,0.817295389106355,0.26571120088961653,0.32657883,0
3857284,Serge Gnabry,Germany,69,2,1,8,24.48060456769808,12.900603485051914,2,1,2.3671856801616964,4.85219805809652,14,2,1,2.947368770546683,21.656010811732738,2.61592935860061,Left Foot,Open Play,Normal,Regular Play,Left Wing,1,0,1,1,Ground Pass,,4.879549,1,1,1,315.8145726022236,0.37612178869917373,0.09669637339288487,0.02483029,0
3857284,Serge Gnabry,Germany,70,2,1,10,8.549268974596597,47.54448534145602,0,0,2.5179204591815236,47.54448534145601,13,0,2,4.112763974810221,8.602634249950695,3.270830501970778,Head,Open Play,Normal,Regular Play,Left Wing,1,0,1,1,High Pass,,27.718765,1,1,1,406.4705934428726,0.9999999999999999,0.29451880232839833,0.11167552,0
3857284,Serge Gnabry,Germany,70,2,1,10,9.774456506629921,13.02512628400871,0,1,4.872289650182279,7.070410830983635,12,0,1,4.783074777215173,5.028157768407561,4.530630540575963,Right Foot,Open Play,Normal,Regular Play,Left Wing,1,0,1,1,,,,0,0,0,127.31353035640534,0.5428285819895784,0.49847166917950386,0.0550312,0
3857284,Junya Ito,Japan,72,2,-1,7,11.416216536138405,37.078602668915615,0,1,1.3870454698472205,29.86128888612517,14,0,3,1.9795204787680023,9.532689765149879,1.1419139295657885,Right Foot,Open Play,Half Volley,From Free Kick,Right Wing,1,0,1,1,High Pass,,22.10362,1,1,1,423.29735692578004,0.8053509770247899,0.12149782420966553,0.06845111,0
3857284,Hiroki Sakai,Japan,72,2,-1,7,9.124143795447324,38.13652588621883,0,1,5.6724714798989595,25.993002185975538,13,1,0,3.451672477080196,5.6724714798989595,2.382693778366672,Right Foot,Open Play,Half Volley,From Free Kick,Right Wing Back,1,0,1,1,,,,0,0,0,347.96314604465977,0.681577610491481,0.6216990445426073,0.28772855,0
3857284,Takumi Minamino,Japan,74,2,-1,13,17.181385275931625,11.656793164822675,1,1,1.3745222278230713,0.0,15,0,1,6.679907570397162,10.71032794021782,6.49533668835042,Left Foot,Open Play,Normal,From Throw In,Left Wing,1,0,1,1,,,,0,0,0,200.2798544466647,0.0,0.0800006638433606,0.013784891,0
3857284,Ritsu Doan,Japan,74,2,-1,13,8.041144197189857,52.4060054716004,1,1,1.7651320860314714,27.264234412006843,15,0,1,3.9376268756214916,5.307144865004923,1.604756262833348,Left Foot,Open Play,Normal,From Throw In,Right Wing,1,0,1,1,,,,0,0,0,421.4042467958594,0.5202501920659024,0.21951255228681674,0.4777511,1
3857284,Antonio Rüdiger,Germany,79,2,0,1,4.539823785126467,82.70267192572067,2,1,0.7887132499852227,0.0,17,3,5,3.5662803880237144,1.7341540200014438,0.7992265933827696,Head,Open Play,Normal,From Corner,Right Center Back,1,0,1,1,High Pass,Inswinging,39.556793,1,1,1,375.4555571018976,0.0,0.1737321286718734,0.18550046,0
3857284,Takuma Asano,Japan,82,2,0,1,10.45609869884557,11.152828678998462,1,1,0.5885981485158145,0.0,8,0,2,6.070034477520936,4.427792708731339,6.005773243993993,Right Foot,Open Play,Normal,From Free Kick,Center Forward,1,0,1,1,High Pass,Through Ball,59.207855,1,1,1,116.6150774389234,0.0,0.05629232904819462,0.02668418,1
3857284,Niclas Füllkrug,Germany,89,2,-1,4,13.138112497615472,33.78957586657293,0,1,2.1132422091729364,28.776036016465596,16,0,1,3.733796157167408,11.003434211923691,2.5829277988447643,Head,Open Play,Normal,From Throw In,Left Center Forward,1,0,1,1,High Pass,,32.897568,1,1,1,443.93124898174796,0.8516246587437314,0.16084823520551247,0.031593546,0
3857284,Antonio Rüdiger,Germany,93,2,-1,2,33.91577803913688,13.408431027159914,2,1,6.751185333273257,3.210848687906312,21,0,0,2.824004542640324,31.42923403255362,1.4914810215496104,Right Foot,Open Play,Normal,From Throw In,Right Center Back,1,0,1,1,Ground Pass,,19.864038,1,1,1,454.7573705702318,0.23946490692329817,0.19905736278503688,0.017847534,0
3857284,Leon Goretzka,Germany,94,2,-1,4,19.720547659738056,22.910543709942452,1,1,4.8591023363494985,11.854870944892696,16,0,1,5.235242973136647,15.51031547466572,2.5423264170264375,Right Foot,Open Play,Half Volley,From Free Kick,Left Defensive Midfield,1,0,1,1,High Pass,,7.0035706,1,1,1,451.80846914243205,0.5174417113352074,0.2463979408781815,0.088851534,0
3857284,Niklas Süle,Germany,97,2,-1,1,9.099999999999998,22.7385059563729,2,0,0.6946957457184325,0.0,18,0,2,,,,Right Foot,Open Play,Volley,From Free Kick,Right Back,1,0,1,1,,,,0,0,0,206.92040420299335,0.0,0.0763401918371904,0.07610536,0
3857254,Youssef Msakni,Tunisia,2,1,0,8,29.912539176739916,14.006170489881901,1,0,2.4709562087110037,6.405843570387044,12,0,1,,,,Right Foot,Open Play,Normal,From Goal Kick,Left Wing,1,0,0,1,Ground Pass,,10.36195,1,1,1,418.9601234946909,0.45735867452239315,0.08260603334645783,0.023819994,0
3857254,Issam Jebali,Tunisia,4,1,0,5,15.969971822141702,11.354176310409951,2,0,1.687267124781415,0.0,15,1,2,4.8686496926934515,11.800247857966472,4.855841719005305,Left Foot,Open Play,Normal,Regular Play,Center Forward,1,0,0,1,,,,0,0,0,181.32587574087574,0.0,0.10565247976468496,0.014059674,0
3857254,Mohamed Dräger,Tunisia,10,1,0,3,26.977953962448666,16.64436026421669,1,1,2.098685748230646,3.551648736648452,16,0,1,3.7481783592299034,23.29669877704404,0.0304278781243994,Right Foot,Open Play,Normal,From Throw In,Right Wing Back,1,0,0,1,Ground Pass,,23.739418,1,1,1,449.0307849424478,0.21338451465053038,0.07779262101017233,0.033114884,0
3857254,Youssef Msakni,Tunisia,11,1,0,1,11.672617529928749,19.42258674150821,1,1,2.3635211095248225,13.195935347656865,17,0,2,1.8917301222321583,10.082421595029821,1.0249779083276636,Head,Open Play,Normal,From Corner,Left Wing,1,0,0,1,High Pass,Inswinging,29.97232,1,1,1,226.71242647549042,0.6794118375311821,0.20248424172767784,0.04366076,0
3857254,Kasper Dolberg,Denmark,22,1,0,4,8.850988645343525,31.096029239189043,1,1,2.083938066609287,17.70923651124358,19,1,3,3.6932250981852954,5.367088719983409,3.528868987489055,Right Foot,Open Play,Volley,From Corner,Left Center Forward,1,0,0,1,Low Pass,,21.708294,1,1,1,275.2306017113325,0.569501539087999,0.2354469257742907,0.124032564,0
3857254,Joachim Andersen,Denmark,22,1,0,4,22.498444390668432,18.330388193991684,3,1,3.0796229511308413,10.842370799286957,19,0,1,3.6009127412000206,19.07854647940223,0.5503028772713634,Left Foot,Open Play,Half Volley,From Corner,Right Center Back,1,0,0,1,,,,0,0,0,412.405219441887,0.5914970640305839,0.13688159490743107,0.02765422,0
3857254,Pierre-Emile Højbjerg,Denmark,32,1,0,1,32.34439673266453,10.815372765360186,1,0,1.4938164576790034,9.239436832148439,14,0,1,,,,Right Foot,Open Play,Normal,From Corner,Right Center Midfield,1,0,0,1,High Pass,Outswinging,65.1977,1,1,1,349.8167075344649,0.8542874140908759,0.04618470611852228,0.008709067,0
3857254,Yassine Meriah,Tunisia,38,1,0,1,12.66688596301395,25.467963888892445,2,1,1.480378666330589,4.895977296794093,19,3,5,3.6145345496842345,9.093801917851252,2.9458790779224984,Right Foot,Open Play,Half Volley,From Corner,Center Back,1,0,0,1,High Pass,Outswinging,31.881813,1,1,1,322.59979429075787,0.19224062505167192,0.11686997661881127,0.046073906,0
3857254,Aïssa Bilal Laïdouni,Tunisia,38,1,0,1,13.18483977907961,14.220583399896618,1,1,2.4739407370948614,4.547624459336716,17,1,2,3.767389074517356,9.46463868833365,3.6456354166191147,Right Foot,Open Play,Normal,From Corner,Left Defensive Midfield,1,0,0,1,,,,0,0,0,187.4961136926761,0.3197916942964363,0.18763525219474142,0.06712157,0
3857254,Issam Jebali,Tunisia,42,1,0,2,9.381364506296512,41.629588210059524,0,0,1.7796866667303426,41.629588210059524,10,0,2,6.242481534669812,3.8079378376278528,1.6464286312705525,Right Foot,Open Play,Lob,From Throw In,Center Forward,1,0,0,1,Ground Pass,Through Ball,13.951702,1,1,1,390.5423412455921,1.0,0.18970445776154057,0.4656446,0
3857254,Ellyes Joris Skhiri,Tunisia,42,1,0,1,20.220039564748635,22.359959578391766,4,1,3.5285476438236767,6.411315085018604,18,0,2,6.644490273890407,13.848171190807903,1.267409810546667,Left Foot,Open Play,Half Volley,From Corner,Right Defensive Midfield,1,0,0,1,,,,0,0,0,452.1192673412617,0.28673196221760505,0.17450745496934153,0.059586592,0
3857254,Issam Jebali,Tunisia,45,2,0,4,10.893117092916981,31.617465754850993,1,1,1.5611714328589483,4.35122924264083,12,0,3,6.636782021922952,4.3134984956101015,4.949868888629581,Head,Open Play,Normal,From Kick Off,Center Forward,1,0,0,1,High Pass,,22.031115,1,1,1,344.4127566488846,0.13762106287640183,0.1433172359704154,0.11338296,0
3857254,Youssef Msakni,Tunisia,45,2,0,1,10.187246929372039,25.781738710359914,1,1,0.5697342405290419,0.0,17,0,2,1.055493920748298,9.17221564669938,1.0132292076440947,Right Foot,Open Play,Volley,From Corner,Left Wing,1,0,0,1,High Pass,Inswinging,31.74555,1,1,1,262.64493851098626,0.0,0.05592622270560407,0.07208876,0
3857254,Mohamed Dräger,Tunisia,50,2,0,3,29.31433096626972,14.773489250236608,4,1,5.29969429475406,0.39347314563356256,17,0,0,3.511477319110749,25.803675285020837,1.0462067649422337,Right Foot,Open Play,Normal,From Corner,Right Wing Back,1,0,0,1,Ground Pass,,34.790802,1,1,1,433.0749534080638,0.026633731474591273,0.18078851265110255,0.020917216,0
3857254,Ellyes Joris Skhiri,Tunisia,52,2,0,2,20.503902067655318,22.073983253937115,4,1,2.99280376898952,4.945810522650361,18,0,2,1.97728584048184,20.901630273255044,1.9470796803796588,Right Foot,Open Play,Volley,From Corner,Right Defensive Midfield,1,0,0,1,,,,0,0,0,452.6027908817901,0.22405609652567923,0.14596264453050795,0.041405495,0
3857254,Dylan Daniel Mahmoud Bronn,Tunisia,52,2,0,2,16.497575579460147,26.692843591902093,1,1,2.611054163212892,16.514273415713127,18,1,3,1.6353225187078597,15.040190153473304,1.0127034713364864,Right Foot,Open Play,Half Volley,From Corner,Right Center Back,1,0,0,1,,,,0,0,0,440.3672045881132,0.6186779373600767,0.15826896204456326,0.059058707,0
3857254,Kasper Dolberg,Denmark,56,2,0,18,5.830951894845301,53.13010235415599,1,0,0.9857833070733449,43.25317764158863,12,0,2,,,,Head,Open Play,Normal,From Throw In,Center Forward,1,0,0,1,High Pass,,21.931713,1,1,1,309.7990709952906,0.8140992718830183,0.16906044242018198,0.25651878,0
3857254,Christian Dannemann Eriksen,Denmark,68,2,0,8,21.044714300745447,21.296090162251428,1,1,4.206449669496774,4.89502861810678,12,0,2,4.620025089253264,16.42611161865313,0.8024382091973621,Left Foot,Open Play,Normal,From Keeper,Center Attacking Midfield,1,0,0,1,Ground Pass,,26.48358,1,1,1,448.1701331874971,0.2298557425711648,0.1998815288905002,0.08509644,0
3857254,Andreas Christensen,Denmark,69,2,0,1,3.9698866482558377,90.66107581158552,2,1,2.2748030826873156,39.49864221129621,16,2,4,1.7924916313255757,2.4014313125985063,1.6945544363954639,Head,Open Play,Normal,From Corner,Left Center Back,1,0,0,1,High Pass,Straight,43.078533,1,1,1,359.9141943809236,0.4356736544069192,0.5730146183611429,0.27134958,0
3857254,Andreas Evald Cornelius,Denmark,69,2,0,1,4.2953463189829035,80.34422063346287,1,0,1.9977097505197892,67.85841556644144,14,0,4,1.5939507602916148,4.777324964771313,0.855594352589037,Head,Open Play,Normal,From Corner,Center Forward,1,0,0,1,,,,0,0,0,345.106252349495,0.8445961020148204,0.4650870039724358,0.5683119,0
3857254,Mathias Jensen,Denmark,75,2,0,10,23.577319610167734,14.537290952823547,1,1,1.6151264399345795,8.66654409998566,14,1,2,3.9471469809543014,19.636437985018492,2.4910431323187296,Right Foot,Open Play,Normal,Regular Play,Left Defensive Midfield,1,0,0,1,Ground Pass,,17.362604,1,1,1,342.7503550607206,0.5961594996007407,0.0685033950694741,0.02872357,0
3857254,Andreas Evald Cornelius,Denmark,91,2,0,1,6.449806198638837,60.255118703057796,1,1,1.9409914690915844,31.053312866563363,18,1,4,4.068706835746897,3.1404519976117267,3.240939090860131,Head,Open Play,Normal,From Throw In,Center Forward,1,0,0,1,High Pass,,36.830692,1,1,1,388.63383811070105,0.5153638982871589,0.3009379521358657,0.14539434,0
3857254,Joakim Mæhle,Denmark,91,2,0,2,26.852187992787478,15.837146517513485,1,1,0.7489958476552542,7.462357543246593,15,0,4,3.9989035940565687,22.853624973684298,1.5041639013834,Right Foot,Open Play,Normal,Regular Play,Left Back,1,0,0,1,Low Pass,,14.520675,1,1,1,425.2620355575916,0.47119331345418547,0.02789328928638646,0.028684001,0
3857254,Andreas Evald Cornelius,Denmark,96,2,0,1,12.89961239727768,30.784146526326435,0,0,2.939579898313789,30.784146526326445,17,0,2,5.218927284307777,11.668950781571041,2.992510268538993,Head,Open Play,Normal,From Corner,Center Forward,1,0,0,1,High Pass,Straight,47.635387,1,1,1,397.1035581706131,1.0000000000000004,0.22788125780695198,0.022084296,0
3857265,Robert Lewandowski,Poland,6,1,0,1,9.808159868191387,43.15714220409344,2,1,0.2643428760102166,0.0,18,0,3,0.9584040250643342,8.958581972244058,0.6515683413703712,Head,Open Play,Normal,From Corner,Center Forward,1,0,0,1,High Pass,Outswinging,43.820087,1,0,1,423.2921501920181,0.0,0.026951322119809728,0.056964528,0
3857265,Héctor Alfredo Moreno Herrera,Mexico,11,1,0,4,6.000833275470999,65.54525413034125,0,0,1.9303365640533616,65.54525413034125,17,0,5,5.44684668581009,2.814102109728111,4.262788222613082,Head,Open Play,Normal,From Corner,Left Center Back,1,0,0,1,High Pass,,36.07215,1,0,1,393.3261420345547,1.0,0.32167808626575306,0.1766503,0
3857265,Ernesto Alexis Vega Rojas,Mexico,25,1,0,8,8.68331733843696,42.48422875485537,0,1,0.8644663860012416,41.7504711351863,15,0,1,2.8561576648634395,8.739170009398707,1.9558294956997884,Head,Open Play,Normal,From Free Kick,Left Wing,1,0,0,1,High Pass,,31.200642,1,0,1,368.90404015715774,0.9827287056591509,0.09955485355517937,0.098180205,0
3857265,Ernesto Alexis Vega Rojas,Mexico,43,1,0,11,19.948433522459855,13.543155943767905,1,1,2.8068572497228863,2.057415739424812,15,0,1,2.097844026297266,17.85227823729147,1.7588238544725883,Left Foot,Open Play,Volley,From Throw In,Left Wing,1,0,0,1,,,,0,0,0,270.1647460285611,0.1519155319459763,0.14070564721599108,0.025630916,0
3857265,Jorge Eduardo Sánchez Ramos,Mexico,44,1,0,17,22.945587811167538,8.818678920741048,1,1,2.080403177883733,0.0,16,0,1,4.027228651573381,18.93217933796071,3.4921779857908675,Right Foot,Open Play,Normal,From Throw In,Right Back,1,0,0,1,Ground Pass,,14.312582,1,0,1,202.3497715543559,0.0,0.09066680683905635,0.0069717234,0
3857265,Luis Gerardo Chávez Magallón,Mexico,46,1,0,12,32.61931942882929,12.022828725746848,1,1,1.2786507600057135,0.0,18,0,1,1.943941889367808,30.69744330463955,1.2387337015009834,Left Foot,Open Play,Normal,Regular Play,Left Center Midfield,1,0,0,1,Ground Pass,,19.35071,1,0,1,392.1764906432411,0.0,0.03919918570942436,0.008207667,0
3857265,Hirving Rodrigo Lozano Bahena,Mexico,51,2,0,4,30.00416637735499,13.286017249045228,3,1,0.9614297058278803,2.4094329897712723,18,0,1,4.079943868532223,26.270601728023006,3.20237448024794,Right Foot,Open Play,Normal,From Corner,Right Wing,1,0,0,1,Ground Pass,,30.093521,1,0,1,398.6358720327613,0.1813510358000191,0.032043206724566724,0.02413981,0
3857265,Robert Lewandowski,Poland,57,2,0,0,11.900000000000006,37.158540760889345,0,1,9.123361215159331,31.155698251800604,17,0,0,0.7648844052084092,11.45896982673179,0.6130230928723677,Right Foot,Penalty,Normal,Other,Center Forward,1,0,0,1,,,,0,0,0,442.1866350545834,0.8384532227000975,0.7666690096772544,0.7835,0
3857265,Jakub Kamiński,Poland,57,2,0,0,10.999999999999995,26.69586323178272,1,1,2.0355546840525913,7.968899242202513,12,0,2,4.462164016614629,6.620479502787227,3.927586034062223,Right Foot,Open Play,Normal,Other,Right Midfield,1,0,0,1,,,,0,0,0,293.6544955496098,0.29850689498270844,0.18505042582296294,0.10166888,0
3857265,Ernesto Alexis Vega Rojas,Mexico,59,2,0,4,15.761345120261781,22.611112262606195,1,1,1.9608382286444201,6.90491520699826,13,0,4,3.137497542806078,12.843556733923096,2.695467234989131,Right Foot,Open Play,Normal,From Throw In,Left Wing,1,0,0,1,,,,0,0,0,356.3815439239195,0.30537706977013557,0.1244080510694288,0.0609232,0
3857265,Henry Josué Martín Mex,Mexico,63,2,0,7,14.173919711921608,29.918110639137694,0,1,3.4484733617256507,23.63473454730609,18,0,1,3.498614516385142,10.94784078023174,2.2523965638761965,Head,Open Play,Normal,From Free Kick,Center Forward,1,0,0,1,High Pass,,22.453953,1,0,1,424.0568981315253,0.7899808524803054,0.243297085902438,0.06434309,0
3857265,Ernesto Alexis Vega Rojas,Mexico,65,2,0,15,26.90074348414928,11.066049174298204,1,1,4.8073755209138405,7.352928432672393,17,0,1,1.8488812553541538,25.368064613355223,0.5432577363559332,Right Foot,Open Play,Normal,From Free Kick,Left Wing,1,0,0,1,Ground Pass,,3.3941126,1,0,1,297.6849502207779,0.6644583190313454,0.1787079053687304,0.009746956,0
3857265,Ernesto Alexis Vega Rojas,Mexico,79,2,0,1,31.132780152116194,12.76724070445366,1,1,4.159498894907771,4.6386462549649865,19,0,1,1.8765587999254518,29.328453327700046,1.334458488684021,Right Foot,Open Play,Half Volley,From Throw In,Left Wing,1,0,0,1,Low Pass,,25.497452,1,0,1,397.47969800090493,0.36332410129518933,0.13360512214406386,0.014301864,0
3857265,Jakub Piotr Kiwior,Poland,81,2,0,1,6.912307863514186,59.33585537084842,0,1,0.6460310429470805,49.29285368390845,18,3,6,3.8099371579574273,4.520894279111615,2.9862830207856703,Head,Open Play,Normal,From Corner,Left Center Back,1,0,0,1,High Pass,Outswinging,38.881615,1,0,1,410.147699668256,0.8307431210998589,0.09346097652233927,0.12449861,0
3857265,Jakub Kamiński,Poland,93,2,0,7,18.531055015837598,14.521092908614458,0,1,1.5843538330851519,9.073712571685034,10,0,1,5.913006990075765,12.626406345612581,4.993830606418619,Left Foot,Open Play,Normal,Regular Play,Right Midfield,1,0,0,1,Ground Pass,Through Ball,31.10884,1,0,1,269.09117157962373,0.6248643011093309,0.08549722785513729,0.04959144,0
3857265,Grzegorz Krychowiak,Poland,95,2,0,5,30.372685096974877,14.402986089055705,1,1,4.738742370849434,4.398296964075251,15,0,1,1.137142078154454,29.323471989126414,0.7141980637171699,Right Foot,Open Play,Normal,Regular Play,Right Defensive Midfield,1,0,0,1,Low Pass,,20.19505,1,0,1,437.4573609389987,0.30537396459872673,0.15601986968618106,0.02170277,0
3857265,Carlos Uriel Antuna Romero,Mexico,95,2,0,2,24.424782496472712,14.004426417054892,0,1,2.4703282650774194,10.683877526228736,10,0,2,3.7160535211053687,20.70879262996092,2.509946360163312,Left Foot,Open Play,Normal,From Goal Kick,Right Wing,1,0,0,1,High Pass,,0.0,1,0,1,342.0550692244224,0.7628929031479418,0.10114023596460563,0.0400392,0
3857301,Ismaïla Sarr,Senegal,3,1,0,11,14.000357138301863,16.112569546964934,1,1,0.8913509409696416,0.0,16,0,2,5.27065361904132,8.754482479768285,4.841832592325041,Right Foot,Open Play,Normal,Regular Play,Right Wing,1,0,1,1,Ground Pass,,26.918581,1,0,1,225.58172807323575,0.0,0.06366630023537784,0.07323868,0
3857301,Nampalys Mendy,Senegal,8,1,0,8,26.209349476856538,17.348918875332792,2,1,3.9056828579589644,3.4729946352591226,15,0,1,3.843222791228362,22.367693026662792,0.0012908478889812613,Right Foot,Open Play,Half Volley,From Throw In,Right Defensive Midfield,1,0,1,1,,,,0,0,0,454.70387784923,0.2001850755205922,0.14901868744997937,0.025409508,0
3857301,Akram Hassan Afif,Qatar,14,1,0,5,27.54087870784082,16.50436138175504,2,0,3.3332570553308134,3.753810458484397,18,0,1,,,,Right Foot,Open Play,Half Volley,From Free Kick,Left Center Forward,1,0,1,1,,,,0,0,0,454.5446149652877,0.22744354487015145,0.1210294373934352,0.019990891,0
3857301,Krépin Diatta,Senegal,15,1,0,7,15.947727110782902,16.45654743274847,1,1,0.6014811888935775,0.0,14,0,1,3.0704522313689164,13.185066182719302,1.6793652368937018,Left Foot,Open Play,Normal,From Goal Kick,Left Wing,1,0,1,1,,,,0,0,0,262.4445276431275,0.0,0.03771579390061746,0.039485876,0
3857301,Famara Diedhiou,Senegal,16,1,0,1,7.2367119605522445,57.36787774265262,1,0,1.5083749146651588,26.426163664681482,18,1,5,7.101985450193886,1.508374914665159,0.10837446976051979,Head,Open Play,Normal,From Corner,Center Forward,1,0,1,1,High Pass,Inswinging,39.1492,1,0,1,415.15480701175306,0.46064391266532445,0.2084337366040547,0.14633009,0
3857301,Idrissa Gana Gueye,Senegal,23,1,0,9,27.684833393033085,14.694508725449008,0,1,2.28806040827503,11.729874431266332,17,0,2,4.565985735506809,23.194296189684692,2.737847019320782,Right Foot,Open Play,Normal,From Free Kick,Left Defensive Midfield,1,0,1,1,Ground Pass,,5.6089215,1,0,1,406.81502585652674,0.7982488322969036,0.08264671041332047,0.029332913,0
3857301,Abdelkarim Hassan Al Haj Fadlalla,Qatar,25,1,0,10,32.940097146183405,11.175366600511971,0,1,2.0979371959698856,8.6249955309899,9,0,1,5.983152558317102,26.96102254247706,3.7364035414715175,Left Foot,Open Play,Normal,From Goal Kick,Left Center Back,1,0,1,1,High Pass,,55.657703,1,0,1,368.11766146507773,0.7717863618536476,0.06368946596178944,0.009041326,0
3857301,Boulaye Dia,Senegal,40,1,0,11,14.447491131680959,27.982299995700025,0,0,2.9530443201393726,27.982299995700025,13,0,2,7.33618474306608,8.404416855422234,0.31998409280042495,Right Foot,Open Play,Normal,Regular Play,Center Attacking Midfield,1,0,1,1,,,,0,0,0,404.2740310319122,1.0,0.2043984172216472,0.23054633,1
3857301,Famara Diedhiou,Senegal,47,2,1,1,11.039021695784461,29.54397135249758,2,1,1.4792330329115553,16.6396679386905,19,1,2,2.6483094141964685,8.416439374637877,1.7104369200049518,Head,Open Play,Normal,From Corner,Center Forward,1,0,1,1,High Pass,Inswinging,32.769802,1,0,1,326.1365407398554,0.5632170347093104,0.13400037373569426,0.038498666,1
3857301,Abdelkarim Hassan Al Haj Fadlalla,Qatar,54,2,-2,1,8.429116205154612,50.67578827025046,2,1,2.2420832099340395,4.84274932321026,18,2,3,1.1925158850111266,7.25802658313664,0.3055836201462796,Right Foot,Open Play,Half Volley,From Free Kick,Left Center Back,1,0,1,1,,,,0,0,0,427.15210811775216,0.09556337431564388,0.26599268005855115,0.16305494,0
3857301,Ismaïla Sarr,Senegal,56,2,2,3,15.041608956491327,16.73049056586887,1,1,0.6803263615661473,0.0,16,0,2,5.849932061555498,9.207007150275727,5.144036586020626,Left Foot,Open Play,Half Volley,Regular Play,Right Wing,1,0,1,1,Low Pass,,9.347727,1,0,1,251.65349674206684,0.0,0.045229626932466356,0.030363984,0
3857301,Famara Diedhiou,Senegal,58,2,2,20,14.120906486483086,26.03780428541065,1,1,0.8445532800416807,0.29432166461419623,16,0,1,4.588784527809501,9.90170259086946,3.8346293530003734,Right Foot,Open Play,Half Volley,Regular Play,Center Forward,1,0,1,1,High Pass,,31.274271,1,0,1,367.6773994276324,0.01130362842381102,0.05980871559840085,0.05329144,0
3857301,Abdelkarim Hassan Al Haj Fadlalla,Qatar,60,2,-2,1,34.9665554494577,11.431692553689949,1,0,1.7563215451944665,1.9537242096688994,16,0,1,,,,Right Foot,Open Play,Normal,From Throw In,Left Center Back,1,0,1,1,Low Pass,,18.96154,1,0,1,399.7269115597523,0.17090419467572818,0.05022861195845087,0.006098259,0
3857301,Almoez Ali Zainalabiddin Abdulla,Qatar,62,2,-2,7,18.278949641595936,23.632779015648463,0,1,2.8231725615517704,18.13878479015759,11,0,3,5.763950826880957,12.519358438210958,1.5883777393380214,Left Foot,Open Play,Normal,Regular Play,Right Center Forward,1,0,1,1,Low Pass,,22.042233,1,0,1,431.98237751800343,0.767526526531094,0.15444938669382313,0.21404111,0
3857301,Ismaeel Mohammad Mohammad,Qatar,66,2,-2,14,6.818357573492311,60.73033137304372,0,1,2.6180000125208966,47.990362457724096,14,2,3,1.4483949463456312,5.407923661368155,0.18847508162262727,Other,Open Play,Normal,From Throw In,Right Wing Back,1,0,1,1,High Pass,,29.440958,1,0,1,414.08111485809036,0.7902206586513952,0.3839634375731305,0.3277431,0
3857301,Nampalys Mendy,Senegal,68,2,2,7,18.46212338816963,17.367581370154184,0,1,1.9261088780408573,12.386090167088483,14,0,2,4.7419605170744195,13.80642718864725,3.930483108920761,Right Foot,Open Play,Normal,From Throw In,Right Center Midfield,1,0,1,1,Ground Pass,,13.85388,1,0,1,320.6424302098627,0.7131730033736139,0.10432759209458492,0.067961,0
3857301,Mohammed Muntari,Qatar,77,2,-2,7,9.984988733093298,43.41764607738136,0,0,2.1360604752971772,43.41764607738137,12,0,3,6.069783120387339,8.718788512802279,4.81958834724864,Head,Open Play,Normal,From Free Kick,Left Center Forward,1,0,1,1,High Pass,,29.397278,1,0,1,433.52470690008533,1.0000000000000002,0.2139271793284675,0.072239615,1
3857301,Boulaye Dia,Senegal,80,2,1,1,12.955693729013516,34.200734718097785,0,1,1.3821001598305491,32.47983488438994,16,1,3,5.138581263753424,9.433864823852323,3.5097180230151537,Head,Open Play,Normal,From Free Kick,Left Wing,1,0,1,1,High Pass,,46.962326,1,0,1,443.0942443149143,0.9496823723849064,0.10667897750125235,0.052429575,0
3857301,Cheikh Ahmadou Bamba Mbacke Dieng,Senegal,83,2,1,7,13.301503674397118,31.2357586904665,0,1,3.3739150941243823,23.96074265114608,13,0,1,3.8542662754974812,9.457181028291796,1.746882485483205,Right Foot,Open Play,Normal,From Throw In,Center Forward,1,0,1,1,Ground Pass,,14.169333,1,0,1,415.48255899382184,0.7670933460777172,0.25364914950318973,0.11607656,1
3857301,Abdelkarim Hassan Al Haj Fadlalla,Qatar,88,2,-2,1,27.41477703721115,14.978530504394199,1,1,4.512703076866719,7.294347023093087,20,1,1,1.978683650299799,25.582035549487404,0.16696807392665391,Left Foot,Open Play,Normal,From Free Kick,Left Wing Back,1,0,1,1,Ground Pass,,5.234501,1,0,1,410.6330741230328,0.4869868256404171,0.1646084179616508,0.023370314,0
3857301,Mohammed Muntari,Qatar,89,2,-2,3,9.513148795220223,45.571035373114775,0,0,1.5194530225605325,45.571035373114775,15,1,2,5.217845717017486,6.096575325815524,2.8226774492230717,Head,Open Play,Normal,Regular Play,Left Center Forward,1,0,1,1,High Pass,,26.353178,1,0,1,433.524040256685,1.0,0.1597213557012758,0.06740542,0
3857301,Almoez Ali Zainalabiddin Abdulla,Qatar,93,2,-2,1,22.970633426181358,19.70027567687055,1,1,1.0812782089988948,10.689169823529314,10,0,2,5.517966769736493,17.4704714650188,0.046275946234601406,Left Foot,Open Play,Normal,From Counter,Right Center Forward,1,0,1,1,Ground Pass,,18.72565,1,0,1,452.52781096811026,0.5425898601042989,0.04707219818180899,0.057101198,0
3857268,Michy Batshuayi Tunga,Belgium,0,1,0,14,29.464045886469833,14.879008751542367,1,1,3.1444814316154,0.0,10,0,1,3.036447326360332,26.607231784745117,0.13889055879019452,Right Foot,Open Play,Normal,From Kick Off,Center Forward,1,0,1,1,,,,0,0,0,438.39579660063055,0.0,0.10672266272363415,0.017552001,0
3857268,Stephen Antunes Eustáquio,Canada,1,1,0,10,14.284257068535279,23.45844352417149,1,1,3.2248603126141386,9.425853368234247,16,1,2,2.846442783766867,11.513938145124962,2.3689699097575385,Right Foot,Open Play,Normal,From Keeper,Left Defensive Midfield,1,0,1,1,Ground Pass,,5.860034,1,0,1,335.08643772698224,0.40181068955073185,0.22576325090912264,0.0798905,0
3857268,Jonathan David,Canada,6,1,0,3,9.044335243676004,46.27681191968908,0,1,1.8992973725577,37.09724643530634,13,1,1,1.5763173296260091,7.498015587268002,0.7452552501039662,Right Foot,Open Play,Half Volley,Regular Play,Center Forward,1,0,1,1,Low Pass,,30.704071,1,0,1,418.54300101020976,0.8016379023621294,0.2099985594724311,0.12589528,0
3857268,Tajon Buchanan,Canada,7,1,0,1,14.484474446799922,29.668410498821387,3,1,2.632525413112745,5.403551030989674,20,1,4,2.687814013998368,12.12805065843976,1.8591730367614332,Right Foot,Open Play,Half Volley,From Corner,Right Attacking Midfield,1,0,1,1,High Pass,Outswinging,45.935825,1,0,1,429.7313337473489,0.1821314637400051,0.18174807948895608,0.05664073,0
3857268,Alphonso Davies,Canada,10,1,0,0,11.900420160649796,37.156345075648375,0,1,10.287082020432983,31.227737635991918,14,0,0,0.4451115835223154,11.602322881106685,0.32379495738780406,Left Foot,Penalty,Normal,Other,Left Wing Back,1,0,1,1,,,,0,0,0,442.1761180343067,0.8404415873631779,0.8644301530166545,0.7835,0
3857268,Jonathan David,Canada,10,1,0,0,11.014535850411486,36.09976383578261,0,1,1.0012976771254045,27.385591341080556,13,1,4,3.168140195722833,7.897622815570813,1.9538424775249652,Right Foot,Open Play,Volley,Other,Center Forward,1,0,1,1,,,,0,0,0,397.62214296061563,0.7586086010328843,0.09090693341272275,0.20472932,0
3857268,Richie Laryea,Canada,12,1,0,2,22.225210910135363,14.093769331642129,1,1,2.5541612114082324,6.244677324703287,16,1,3,3.769748252119317,18.539228400711128,3.2172965108974054,Left Foot,Open Play,Normal,From Throw In,Right Wing Back,1,0,1,1,Ground Pass,,7.17844,1,0,1,313.23699591454385,0.4430807101889535,0.11492179857080494,0.033730526,0
3857268,Jonathan David,Canada,12,1,0,6,13.641847382227963,30.048662170584937,2,1,0.7950474227198403,0.0,17,0,2,1.5349853677957161,12.106898771598475,0.6728788479765342,Left Foot,Open Play,Normal,Regular Play,Center Forward,1,0,1,1,,,,0,0,0,409.91926337124653,0.0,0.05828004085103571,0.08619453,0
3857268,David Junior Hoilett,Canada,15,1,0,4,20.523644900455665,16.599827473559504,1,1,0.9605118951605722,0.0,14,0,2,3.5350567566791367,17.622007151787223,0.6578226871408006,Left Foot,Open Play,Normal,From Throw In,Left Attacking Midfield,1,0,1,1,High Pass,,55.541786,1,0,1,340.68896447616333,0.0,0.046800258912063276,0.04071268,0
3857268,Michy Batshuayi Tunga,Belgium,22,1,0,8,12.780062597655776,22.690244032548755,1,1,1.6912119815984408,0.0,13,0,1,3.7853353412410073,9.251234467655525,3.5757494665433214,Right Foot,Open Play,Normal,From Free Kick,Center Forward,1,0,1,1,Ground Pass,,19.988247,1,0,1,289.9827390920585,0.0,0.13233205774036325,0.04664896,0
3857268,Atiba Hutchinson,Canada,26,1,0,10,22.398660674245686,19.835210075264712,2,1,2.0851231672332586,7.3205275883142535,16,0,3,2.252679242046869,20.14728647156128,0.40134845565980726,Right Foot,Open Play,Normal,From Goal Kick,Right Defensive Midfield,1,0,1,1,Ground Pass,,12.808201,1,0,1,444.2821398782335,0.3690673081120144,0.09309142173981698,0.04634635,0
3857268,Alistair Johnston,Canada,29,1,0,26,20.181674856165927,13.673922541858195,2,1,2.451605237597804,6.866705068314973,15,1,1,3.9821387870761127,16.2137870002336,3.029099308193473,Right Foot,Open Play,Normal,Regular Play,Right Center Back,1,0,1,1,Ground Pass,,5.080354,1,0,1,275.96265874818,0.5021752205553911,0.1214767978906759,0.033541974,0
3857268,Jonathan David,Canada,30,1,0,4,15.799050604387588,28.11218950516788,3,1,2.010766944205338,9.612735679078586,16,0,2,1.9244055092758816,13.902240944024499,0.6014321433826666,Right Foot,Open Play,Normal,From Throw In,Center Forward,1,0,1,1,Ground Pass,,9.170606,1,0,1,444.145904592281,0.3419419066348949,0.12727137817046574,0.08845105,0
3857268,Jonathan David,Canada,31,1,0,3,10.678014796768174,35.99399356078443,0,1,3.707599784119251,25.52191367838758,12,0,1,4.130209296736705,6.574694789139142,2.5805769584182983,Head,Open Play,Normal,Regular Play,Center Forward,1,0,1,1,High Pass,,29.656872,1,0,1,384.34439583683456,0.7090603501744742,0.34721807889247347,0.088843234,0
3857268,Michy Batshuayi Tunga,Belgium,32,1,0,4,13.961733416735903,20.13413937056164,1,1,3.2832753961394046,5.34248930693261,9,1,2,2.7929726754752813,11.308015059788808,2.629837589456585,Right Foot,Open Play,Volley,From Goal Kick,Center Forward,1,0,1,1,High Pass,,47.223934,1,0,1,281.10748646718844,0.2653448060831408,0.23516244710730178,0.08121458,0
3857268,Michy Batshuayi Tunga,Belgium,43,1,0,25,11.670903992407785,36.206076620212194,0,1,1.3876986494052552,28.813973270627844,8,1,2,2.575713119311131,9.307586826544313,0.0562860877739908,Left Foot,Open Play,Half Volley,Regular Play,Center Forward,1,0,1,1,High Pass,Through Ball,65.81709,1,0,1,422.55764417625664,0.7958325220618443,0.11890241324133828,0.24992359,1
3857268,Tajon Buchanan,Canada,46,1,-1,8,7.810889834071409,52.75412490380005,0,1,0.9956625775190631,41.58878274751212,13,0,2,2.093683581686637,6.167643202325122,1.647886103869972,Left Foot,Open Play,Half Volley,From Throw In,Right Attacking Midfield,1,0,1,1,Low Pass,,23.01695,1,0,1,412.05665791642514,0.7883512961944015,0.12747108187033232,0.29588586,0
3857268,Stephen Antunes Eustáquio,Canada,48,1,-1,1,19.557607215607945,23.05693319676386,3,1,4.350155851362235,6.415756866640604,20,0,1,0.6274309770124555,18.956352196363525,0.22221482286332161,Right Foot,Open Play,Half Volley,From Corner,Left Defensive Midfield,1,0,1,1,,,,0,0,0,450.93844305881925,0.27825716507436826,0.222427815601624,0.048581414,0
3857268,Jonathan David,Canada,47,2,-1,9,8.860022573334673,46.73301312991529,0,1,1.8884007228785207,38.78923678198237,17,0,2,1.4361450967158058,8.662131404027964,1.204030555590215,Head,Open Play,Normal,From Free Kick,Center Forward,1,0,1,1,High Pass,,29.813587,1,0,1,414.05555125099517,0.8300178863740361,0.21313723607904733,0.120068476,0
3857268,Stephen Antunes Eustáquio,Canada,49,2,-1,3,25.57596527992639,15.552586779300468,0,1,3.03476976581033,12.619828802474812,18,0,1,2.1935391953202963,23.44634040096025,0.6233337869813056,Right Foot,Open Play,Normal,Regular Play,Left Defensive Midfield,1,0,1,1,Ground Pass,,21.272047,1,0,1,397.7724194804309,0.8114295699845266,0.11865709593343116,0.03604073,0
3857268,Tajon Buchanan,Canada,62,2,-1,2,22.38615643651228,19.68897961107413,1,1,4.798547204609099,14.400513947225214,17,0,1,1.4038062298293243,20.986069740429432,0.439888374525232,Right Foot,Open Play,Normal,From Throw In,Left Wing Back,1,0,1,1,Ground Pass,,27.308058,1,0,1,440.76057764880625,0.731399708450386,0.21435333118563266,0.0587075,0
3857268,Richie Laryea,Canada,66,2,-1,17,23.4104677441524,15.38488601135974,1,1,2.62651624333941,6.009259459042674,16,0,1,4.242819475773979,19.181294251335054,2.879653238572594,Right Foot,Open Play,Normal,Regular Play,Right Wing Back,1,0,1,1,Ground Pass,,7.5239615,1,0,1,360.1673777163986,0.3905949939834209,0.112194095053717,0.022910038,0
3857268,Michy Batshuayi Tunga,Belgium,66,2,1,4,16.377118183612154,27.052743911484203,1,1,1.5731164342607087,16.69135186438642,9,0,1,3.644584279869202,12.739385877844555,0.8603226306916198,Right Foot,Open Play,Normal,From Goal Kick,Center Forward,1,0,1,1,Ground Pass,,22.550388,1,0,1,443.04598422937096,0.6169929349495948,0.09605575392591693,0.0897183,0
3857268,Jonathan David,Canada,76,2,-1,24,17.00646935727696,26.32801523958547,2,1,0.46521511641870095,0.0,16,1,4,1.8992298352921546,15.36012542105249,0.7070074243201816,Left Foot,Open Play,Normal,Regular Play,Left Attacking Midfield,1,0,1,1,Low Pass,,6.053098,1,0,1,447.7465844099311,0.0,0.027355185056070347,0.04574546,0
3857268,Cyle Larin,Canada,79,2,-1,11,12.491997438360286,33.98174234684986,1,1,1.782953184952194,22.941393173403757,16,0,2,1.9719693596312604,10.535812913483381,0.4268525505499241,Head,Open Play,Normal,From Free Kick,Right Attacking Midfield,1,0,1,1,High Pass,,32.557182,1,0,1,424.49983834786775,0.6751093848938692,0.14272762972854294,0.07200206,0
3857268,Leander Dendoncker,Belgium,84,2,1,1,8.276472678623424,48.81407483429035,0,1,1.1919897896284846,39.202361568171376,17,3,4,2.0526775364176513,7.161639229450532,0.8963912363316453,Head,Open Play,Normal,From Free Kick,Right Center Back,1,0,1,1,High Pass,,28.846664,1,0,1,404.00835669828336,0.8030954535398251,0.14402147338771148,0.08894938,0
3857268,Kevin De Bruyne,Belgium,85,2,1,4,23.40534127074417,19.39234458679013,0,1,2.6272832564884725,15.543717716720407,16,0,3,5.802114630152841,17.86815539277761,1.632352296836217,Right Foot,Open Play,Normal,Regular Play,Right Attacking Midfield,1,0,1,1,Ground Pass,,14.243595,1,0,1,453.88444309369135,0.8015388571069756,0.1122514397930391,0.061057936,0
3857268,Cyle Larin,Canada,85,2,-1,6,8.668333173107731,48.30973854518908,0,0,2.0049156179264496,48.309738545189084,12,0,2,4.328359894601255,7.069149878369536,2.630793337630081,Head,Open Play,Normal,From Goal Kick,Right Center Forward,1,0,1,1,High Pass,,39.943962,1,0,1,418.7649092154237,1.0000000000000002,0.23129194250936438,0.111036494,0
3857268,Thomas Meunier,Belgium,90,2,1,2,26.911893281595777,13.955317279491076,1,1,3.833012507805307,8.034655251946564,10,0,1,2.606592279475567,24.35925991065514,1.062841601910037,Right Foot,Open Play,Normal,From Goal Kick,Right Wing Back,1,0,1,1,High Pass,,14.56022,1,0,1,375.56400933647336,0.575741496307963,0.14242819959555159,0.025805552,0
3857268,Kevin De Bruyne,Belgium,90,2,1,2,20.028230076569425,6.752473688960262,0,1,2.0166360322394947,3.6053557598006813,15,0,1,4.18816774564213,15.875626137826416,3.8499944462388527,Right Foot,Open Play,Normal,From Corner,Right Attacking Midfield,1,0,1,1,Ground Pass,,8.415462,1,0,1,135.24009662847763,0.5339311081944889,0.10068967774634822,0.009170555,0
3857268,Cyle Larin,Canada,91,2,-1,7,9.716995420396167,42.23730195918064,1,1,0.6621223320152253,0.0,18,0,2,2.520995589008347,8.426956286588524,1.2195082185803088,Head,Open Play,Normal,From Keeper,Right Center Forward,1,0,1,1,High Pass,,30.389801,1,0,1,410.4196697072483,0.0,0.06814064465085755,0.06675813,0
3857269,Silvan Widmer,Switzerland,5,1,0,1,11.225417586887355,20.348576970214697,2,1,0.7393479555717973,0.0,20,1,3,5.094989438057076,6.4098208617629435,3.831252277993059,Right Foot,Open Play,Volley,From Corner,Right Back,1,0,1,1,High Pass,Inswinging,30.331831,1,1,0,228.42127378957906,0.0,0.06586373734866177,0.05117428,0
3857269,Vinícius José Paixão de Oliveira Júnior,Brazil,26,1,0,5,9.920181449953427,37.48449831479191,0,1,2.861399600082362,30.038445306252402,16,0,1,0.9767112027519615,9.240243514470707,0.11231650947777894,Right Foot,Open Play,Volley,Regular Play,Left Midfield,1,0,1,1,High Pass,,32.188972,1,1,0,371.85302484320914,0.8013564715203568,0.2884422643394084,0.21638125,0
3857269,Carlos Henrique Casimiro,Brazil,27,1,0,1,25.701750913118744,17.690986992661827,4,1,4.348374410814542,7.554568985567656,20,0,1,0.20878629306777963,25.625100625780814,0.19480608087694407,Right Foot,Open Play,Half Volley,From Corner,Left Defensive Midfield,1,0,1,1,,,,0,0,0,454.68934109261795,0.4270292544277643,0.1691859214383342,0.023129713,0
3857269,Raphael Dias Belloli,Brazil,30,1,0,24,30.536044275577023,14.628254333342687,1,1,3.7295463131495827,8.30797359563515,18,0,1,0.944059615013931,29.708590024518237,0.6076391614537044,Left Foot,Open Play,Normal,From Free Kick,Right Midfield,1,0,1,1,,,,0,0,0,446.68902199735373,0.5679401934309071,0.1221358693186237,0.02201561,0
3857269,Richarlison de Andrade,Brazil,31,1,0,6,15.845504094221804,28.266443785949726,1,1,0.3097075031595322,0.0,15,0,1,3.4193795265000713,12.740158778042701,1.5182813292283157,Head,Open Play,Normal,From Free Kick,Center Forward,1,0,1,1,High Pass,,39.496456,1,1,0,447.89605073935684,0.0,0.019545449694621558,0.022230485,0
3857269,Éder Gabriel Militão,Brazil,36,1,0,30,27.26242835845699,16.426216232988295,1,1,6.173442318099298,7.231755109127637,18,0,0,2.3053168422479424,24.97409365922439,0.6827347196493889,Right Foot,Open Play,Normal,From Throw In,Right Back,1,0,1,1,Ground Pass,,15.966528,1,1,0,447.8185432523667,0.44025690436269266,0.22644506340112047,0.02857021,0
3857269,Thiago Emiliano da Silva,Brazil,43,1,0,1,6.103277807866851,62.02052561151985,1,1,0.7160313296577805,28.689259020664267,19,1,4,1.5594251625123141,4.576606095462025,1.1056789597476353,Head,Open Play,Normal,From Corner,Right Center Back,1,0,1,1,High Pass,Inswinging,36.840874,1,1,0,378.5284975970268,0.46257684432354196,0.11731914426946914,0.14148508,0
3857269,Djibril Sow,Switzerland,52,2,0,12,11.49782588144385,26.99731566054275,4,1,0.6259200282580112,0.0,13,1,3,4.2936836435691035,7.313442030531482,3.726843265744286,Right Foot,Open Play,Normal,From Free Kick,Center Attacking Midfield,1,0,1,1,,,,0,0,0,310.4104347312978,0.0,0.05443812027699716,0.087867536,0
3857269,Ruben Vargas,Switzerland,53,2,0,28,20.902870616257474,16.614414409386868,1,1,1.920055554828025,0.0,15,0,3,3.6829514560905072,17.242032086042123,2.144556554554484,Right Foot,Open Play,Normal,From Free Kick,Left Wing,1,0,1,1,Ground Pass,,20.45996,1,1,0,347.2889547642975,0.0,0.09185607039708112,0.029704679,0
3857269,Manuel Obafemi Akanji,Switzerland,54,2,0,2,16.954645381133748,25.93177744112277,1,1,4.330547204713792,19.428741908373713,20,0,2,4.239262876445151,13.964913387140225,3.3907985535326404,Head,Open Play,Normal,From Corner,Right Center Back,1,0,1,1,High Pass,,14.68128,1,1,0,439.66409061672044,0.7492252296428974,0.25541950936541563,0.028123023,0
3857269,Djibril Sow,Switzerland,59,2,0,4,20.817300497422806,21.54722693091546,1,1,5.512232541340307,10.706051105398116,15,0,0,2.7476515447850307,18.139404329940874,0.18097220192539254,Right Foot,Open Play,Normal,Regular Play,Center Attacking Midfield,1,0,1,1,Ground Pass,,3.9824615,1,1,0,448.5550979070285,0.4968644521972023,0.26479093876858456,0.0625126,0
3857269,Edimilson Fernandes,Switzerland,59,2,0,2,22.772790781983655,19.78515010724701,1,1,1.895250204114198,8.414944993550122,15,0,3,2.82815871126485,19.944665277424267,0.3350006786922677,Right Foot,Open Play,Normal,Regular Play,Left Wing,1,0,1,1,Ground Pass,,14.505516,1,1,0,450.5630839824776,0.4253162067477998,0.0832243277628316,0.029247057,0
3857269,Marcos Aoás Corrêa,Brazil,69,2,0,6,9.752948272189293,43.544899126363106,2,1,0.46066491964447925,0.0,18,2,3,2.881846760784363,7.932259500406123,2.47953471229269,Head,Open Play,Normal,From Free Kick,Right Center Back,1,0,1,1,High Pass,,33.28243,1,1,0,424.6911486971201,0.0,0.04723340130471865,0.07814184,0
3857269,Richarlison de Andrade,Brazil,71,2,0,2,18.741664813991314,17.23473974758415,1,1,2.029201694906846,5.95746621049695,10,0,2,4.032242337210288,14.737302252403346,3.1798523743897675,Left Foot,Open Play,Normal,From Counter,Center Forward,1,0,1,1,Ground Pass,,13.635615,1,1,0,323.0077155055954,0.34566615439215015,0.10827222208093143,0.038312852,0
3857269,Bruno Guimarães Rodriguez Moura,Brazil,80,2,0,1,19.27692921603438,21.823630070660727,3,1,1.1616492128094482,7.014773244628128,20,1,2,2.4515753053153837,16.851053660617758,1.2381343159824993,Head,Open Play,Normal,From Corner,Right Defensive Midfield,1,0,1,1,,,,0,0,0,420.6925721090462,0.32143017554438186,0.06026111315713079,0.021188514,0
3857269,Carlos Henrique Casimiro,Brazil,82,2,0,9,17.321951391226108,21.098986435263534,1,1,3.2043527782787997,7.5981376552322155,20,0,3,2.612416384651333,14.775022179414355,1.9890517887794985,Right Foot,Open Play,Half Volley,Regular Play,Left Defensive Midfield,1,0,1,1,Low Pass,,6.747592,1,1,0,365.4756174357739,0.3601186094196999,0.18498797888913743,0.068805926,1
3857269,Rodrygo Silva de Goes,Brazil,86,2,1,9,17.867568385205637,15.201548096312562,1,1,1.7789158024358076,7.774851990324784,16,1,2,3.9101200599854353,13.966771491042458,3.0515637350647538,Right Foot,Open Play,Normal,From Throw In,Center Attacking Midfield,1,0,1,1,Ground Pass,,10.438869,1,1,0,271.6147001718573,0.5114513298951919,0.09956115818808067,0.04824855,0
3857269,Antony Matheus dos Santos,Brazil,86,2,1,4,24.412496799794983,13.869456526889035,1,1,2.6818391558287953,0.0,20,0,1,1.8537911868094197,22.634931016534548,0.8411296319551056,Left Foot,Open Play,Normal,From Corner,Right Midfield,1,0,1,1,Ground Pass,,37.730755,1,1,0,338.5880630775742,0.0,0.10985517695393276,0.020722246,0
3869321,Rodrigo Javier De Paul,Argentina,4,1,0,3,22.703523955544878,16.421520872350328,1,1,3.332613730703019,11.049445377504723,16,0,1,2.846294288348438,20.86988955206552,0.554144530008422,Right Foot,Open Play,Half Volley,Regular Play,Right Center Midfield,1,0,0,1,,,,0,0,0,372.8263925118859,0.6728637050974483,0.1467883900855442,0.02377054,0
3869321,Lionel Andrés Messi Cuccittini,Argentina,21,1,0,2,25.566579747787934,16.3610774553463,0,1,3.5345056516356164,13.272179680685184,15,1,3,3.583379428935967,22.26142380996463,0.1648014776025235,Left Foot,Open Play,Normal,From Throw In,Right Center Forward,1,0,0,1,Ground Pass,,12.41934,1,1,1,418.2967915218465,0.8112045014705459,0.13824710565524229,0.037832856,0
3869321,Steven Bergwijn,Netherlands,23,1,0,7,19.722322378462437,21.537653077706132,0,1,1.3603747332575393,17.285475375088627,16,1,1,3.6664616414826803,16.173058000577043,2.0621079472420973,Left Foot,Open Play,Half Volley,Regular Play,Right Center Forward,1,0,0,1,Low Pass,,8.705171,1,1,1,424.77253727400404,0.8025700531401454,0.06897639675250025,0.089517,0
3869321,Rodrigo Javier De Paul,Argentina,32,1,0,28,22.517770760001984,20.04865855498019,0,1,2.803462786796923,16.73512070866254,15,0,1,2.0152061255125076,20.752597673503796,0.7457825288849733,Right Foot,Open Play,Normal,Regular Play,Right Center Midfield,1,0,0,1,Ground Pass,,11.447707,1,1,1,451.45109738659653,0.8347252093086023,0.12450001452970987,0.049762752,0
3869321,Nahuel Molina Lucero,Argentina,34,1,0,13,11.1610931364271,38.77033213512762,0,1,0.8768093289942592,21.694746945503184,13,0,2,7.120638869201242,4.041445319566672,1.6009043018486864,Right Foot,Open Play,Normal,From Throw In,Right Wing Back,1,0,0,1,Ground Pass,Through Ball,18.690372,1,1,1,432.7192878903719,0.5595708303423791,0.07855944917550829,0.43442267,1
3869321,Lionel Andrés Messi Cuccittini,Argentina,39,1,1,1,17.799999999999997,23.048556123007888,1,1,1.2026583697353188,0.0,14,0,4,3.272762358618777,14.69625220848379,2.220802610440593,Right Foot,Open Play,Normal,Regular Play,Right Center Forward,1,0,0,1,Ground Pass,,14.616771,1,1,1,410.26429898954035,0.0,0.06756507695142241,0.03387043,0
3869321,Lionel Andrés Messi Cuccittini,Argentina,62,2,1,0,24.91766441703556,17.610119269667425,4,1,9.98265114664822,3.3736439734926313,19,1,0,2.4316121626787806,22.539567017029704,0.1761015597923219,Left Foot,Free Kick,Normal,From Free Kick,Right Center Forward,1,0,0,1,,,,0,0,0,438.80304230554424,0.19157416947786204,0.4006254751477968,0.07608311,0
3869321,Lionel Andrés Messi Cuccittini,Argentina,72,2,1,0,12.0,36.86989764584404,0,1,9.200209724127644,30.719692827337973,7,0,0,0.8160629244477191,11.184660852492023,0.03317440825945539,Left Foot,Penalty,Normal,Other,Right Center Forward,1,0,0,1,,,,0,0,0,442.43877175012847,0.8331917034980075,0.7666841436773036,0.7835,1
3869321,Wout Weghorst,Netherlands,82,2,-2,10,12.986531484580473,30.63420350519938,1,1,2.515828619354679,21.52486549176587,20,0,2,2.3874318141699225,10.635593392386,0.8344689526974491,Head,Open Play,Normal,From Free Kick,Right Center Forward,1,0,0,1,High Pass,,34.78175,1,1,1,397.83204832531726,0.7026415910605467,0.19372598621439774,0.047416847,1
3869321,Steven Berghuis,Netherlands,84,2,-1,10,20.34821859524809,17.19775933254168,2,1,1.6205878284637363,0.8555672386250402,16,0,1,5.000406024015419,15.540302270930011,2.2647643485483826,Left Foot,Open Play,Half Volley,From Free Kick,Right Midfield,1,0,0,1,Low Pass,,7.278049,1,1,1,349.94376624702596,0.04974876215450533,0.07964273731766336,0.032538008,0
3869321,Denzel Dumfries,Netherlands,89,2,-1,1,14.44506836259351,15.104530210949852,0,1,3.3628432954752703,7.155590108865697,17,1,2,6.69512471783137,7.838322838829402,6.2953492487378355,Right Foot,Open Play,Half Volley,From Free Kick,Right Back,1,0,0,1,High Pass,,55.473686,1,1,1,218.18597148202957,0.47373801163827894,0.2328021724136372,0.047394842,0
3869321,Steven Berghuis,Netherlands,92,2,-1,0,22.896506283710618,19.741971341606178,6,1,9.364257480550165,0.0,19,1,0,2.2167288796167424,21.572543422040106,1.5893440933189567,Left Foot,Free Kick,Normal,From Free Kick,Right Midfield,1,0,0,1,,,,0,0,0,452.0221708759208,0.0,0.4089819365678609,0.08017064,0
3869321,Wout Weghorst,Netherlands,100,2,-1,1,8.200609733428365,52.001267557495325,0,1,1.6794181559316905,38.84481173527086,19,2,4,3.518406453218043,5.237445442819583,1.5388002794952058,Left Foot,Open Play,Normal,From Free Kick,Right Center Forward,1,0,0,1,Ground Pass,,11.1,1,1,1,426.4421008826088,0.7469974014060715,0.20479186432757962,0.21959315,1
3869321,Lionel Andrés Messi Cuccittini,Argentina,109,4,0,1,23.11060362690685,16.269122141017267,2,1,1.1106498120663935,0.0,20,0,1,2.811402269191942,20.30942666135785,1.796429978245662,Left Foot,Open Play,Normal,From Free Kick,Right Center Forward,1,0,0,1,Ground Pass,,6.5436993,1,1,1,375.9892331587842,0.0,0.04805801830175061,0.035418287,0
3869321,Luuk de Jong,Netherlands,112,4,0,1,14.743473132203277,19.876117276343688,0,1,1.1609244034294968,12.712347057489835,18,0,1,5.2131777483678965,9.603845258164132,4.498521535063858,Left Foot,Open Play,Volley,From Free Kick,Left Center Forward,1,0,0,1,High Pass,,37.503334,1,1,1,293.0430010362945,0.6395789922521696,0.07874158232728486,0.05290734,0
3869321,Lautaro Javier Martínez,Argentina,113,4,0,7,12.044085685513865,33.05849584040733,1,1,2.746392852557558,22.156795847889246,18,2,1,3.606812376074526,9.161644319426113,3.147320946460546,Right Foot,Open Play,Normal,From Free Kick,Left Wing,1,0,0,1,Ground Pass,,12.124768,1,1,1,398.1593565360696,0.6702300054682778,0.2280283389100102,0.2245604,0
3869321,Enzo Fernandez,Argentina,114,4,0,2,26.078343505675353,17.265554323152777,3,1,5.107051867861506,4.403343243468048,20,0,0,2.484117442706089,23.662390475669607,0.19162929750613955,Left Foot,Open Play,Normal,From Corner,Right Center Midfield,1,0,0,1,Ground Pass,,18.107733,1,1,1,450.2570564550762,0.2550363087713465,0.195834979577981,0.032085553,0
3869321,Germán Alejandro Pezzella,Argentina,115,4,0,1,11.486513831445988,27.36197410368114,1,1,1.3495465001426743,19.473994934429523,20,2,5,2.407765247094706,9.33620476693236,1.0305428806242318,Head,Open Play,Normal,From Corner,Right Center Back,1,0,0,1,High Pass,Outswinging,32.088783,1,1,1,314.2936939976003,0.7117174682147511,0.11748965090244319,0.04452438,0
3869321,Lautaro Javier Martínez,Argentina,118,4,0,5,22.44370735863396,20.17454018004662,0,1,1.2068429697553382,16.475190417999833,11,0,2,4.002171737037531,18.588909908841917,0.7349941355557874,Left Foot,Open Play,Normal,From Keeper,Left Wing,1,0,0,1,Ground Pass,,19.180199,1,1,1,452.79147589596886,0.8166327594566154,0.05377199722269026,0.08241133,0
3869321,Lionel Andrés Messi Cuccittini,Argentina,119,4,0,14,23.454637068179082,19.314698194043952,2,1,0.7636770261261964,0.0,17,0,3,4.36901778108566,19.11975846067748,0.787120856590164,Left Foot,Open Play,Normal,From Throw In,Center Forward,1,0,0,1,Ground Pass,,11.764353,1,1,1,453.0192362227149,0.0,0.03255974602831426,0.04201436,0
3869321,Enzo Fernandez,Argentina,120,4,0,2,24.62376900476448,17.170088494318264,2,1,3.7632860999197293,10.57607230896658,21,0,1,2.331919285174096,22.394684428640172,1.4501716135935538,Right Foot,Open Play,Normal,From Corner,Right Center Midfield,1,0,0,1,Ground Pass,,24.398771,1,1,1,422.7922928754573,0.6159591030917689,0.15283144100286056,0.038940463,0
3869321,Virgil van Dijk,Netherlands,120,5,0,0,11.900420160649796,37.156345075648375,0,1,11.582241626702437,31.21744942986963,2,0,0,0.4050640075615042,11.582241626702439,0.24458508127526102,Right Foot,Penalty,Normal,Other,Left Center Back,1,0,0,1,,,,0,0,0,442.1761180343067,0.8401646977471152,0.9732632520825226,0.7835,0
3869321,Lionel Andrés Messi Cuccittini,Argentina,121,5,0,0,11.900420160649796,37.156345075648375,0,1,9.54212798512527,29.946179454814995,2,0,0,2.7875904168232104,9.54212798512527,1.3070328454629134,Left Foot,Penalty,Normal,Other,Center Forward,1,0,0,1,,,,0,0,0,442.1761180343067,0.8059506228033501,0.8018311837995006,0.7835,1
3869321,Steven Berghuis,Netherlands,121,5,-1,0,11.900420160649796,37.156345075648375,0,1,10.511261788974092,30.61171426298671,2,0,0,1.8301682286324168,10.511261788974092,1.1060283712366186,Left Foot,Penalty,Normal,Other,Right Midfield,1,0,0,1,,,,0,0,0,442.1761180343067,0.8238623632292913,0.8832681239046394,0.7835,0
3869321,Leandro Daniel Paredes,Argentina,122,5,1,0,11.900420160649796,37.156345075648375,0,1,10.160177149101392,30.385305580642065,2,0,0,2.064218607794508,10.160177149101393,1.0094198695652068,Right Foot,Penalty,Normal,Other,Center Defensive Midfield,1,0,0,1,,,,0,0,0,442.1761180343067,0.8177689575973948,0.8537662546316866,0.7835,1
3869321,Teun Koopmeiners,Netherlands,123,5,-2,0,11.900420160649796,37.156345075648375,0,1,9.672101793542508,30.043195228105883,2,0,0,2.3684292174197763,9.672101793542506,0.7040194227840502,Left Foot,Penalty,Normal,Other,Right Defensive Midfield,1,0,0,1,,,,0,0,0,442.1761180343067,0.808561637775177,0.8127529669519151,0.7835,1
3869321,Gonzalo Ariel Montiel,Argentina,124,5,1,0,11.900420160649796,37.156345075648375,0,1,9.558783984301034,29.958759593728782,2,0,0,2.609840705506225,9.558783984301034,1.0111199311607422,Right Foot,Penalty,Normal,Other,Right Back,1,0,0,1,,,,0,0,0,442.1761180343067,0.8062891959027271,0.803230798178734,0.7835,1
3869321,Wout Weghorst,Netherlands,124,5,-2,0,11.900420160649796,37.156345075648375,0,1,10.472753563238891,30.587623366981365,2,0,0,1.6192159629809821,10.472753563238891,0.7040194227840573,Right Foot,Penalty,Normal,Other,Right Center Forward,1,0,0,1,,,,0,0,0,442.1761180343067,0.8232139976283072,0.8800322527996398,0.7835,1
3869321,Luuk de Jong,Netherlands,126,5,-1,0,11.900420160649796,37.156345075648375,0,1,9.291530678873166,29.751450072661097,2,0,0,2.812570118645089,9.291530678873166,0.9050238970103379,Right Foot,Penalty,Normal,Other,Left Center Forward,1,0,0,1,,,,0,0,0,442.1761180343067,0.8007098117989996,0.7807733301381035,0.7835,1
3869321,Lautaro Javier Martínez,Argentina,127,5,0,0,11.900420160649796,37.156345075648375,0,1,9.498733858831255,29.913196613348507,2,0,0,2.414337548718496,9.498733858831255,0.20030178787347097,Right Foot,Penalty,Normal,Other,Left Wing,1,0,0,1,,,,0,0,0,442.1761180343067,0.8050629455735435,0.7981847473116946,0.7835,1
3857292,Jamal Musiala,Germany,1,1,0,10,22.852789764052883,17.867783586585908,0,1,2.174038607746697,14.284240691147566,16,0,3,3.7003962560241606,19.189429363003857,2.0809547057669775,Right Foot,Open Play,Normal,Regular Play,Center Attacking Midfield,1,0,1,1,Ground Pass,,13.124405,1,1,1,408.3287018538425,0.7994411070588152,0.09513230682962082,0.06331741,0
3857292,Leon Goretzka,Germany,6,1,0,15,13.200378782444085,27.95961679471202,2,1,3.415028699062992,11.724061972202103,18,2,2,3.255018462171125,10.654335619355248,3.081362831352024,Right Foot,Open Play,Normal,From Throw In,Right Defensive Midfield,1,0,1,1,Ground Pass,,0.84852815,1,1,1,369.07753230218384,0.41932126818059484,0.25870687162438305,0.15352516,0
3857292,Thomas Müller,Germany,8,1,0,7,12.041594578792292,36.19602941020536,0,1,4.909503369298262,28.60426307590575,14,0,1,2.982160204488258,9.063142107544044,0.46743406241929364,Head,Open Play,Diving Header,From Free Kick,Center Forward,1,0,1,1,High Pass,,39.10652,1,1,1,435.85791151973524,0.7902596926236573,0.40771206314692743,0.14610097,0
3857292,Serge Gnabry,Germany,9,1,0,3,10.640488710580914,33.68462710634908,0,1,1.7391798108154233,26.01382471196604,14,0,1,6.175866568812468,5.005358241306788,5.148335765471288,Head,Open Play,Normal,Regular Play,Left Wing,1,0,1,1,High Pass,,18.976301,1,1,1,358.42089444523526,0.772275870231106,0.1634492416768396,0.0895267,1
3857292,Leon Goretzka,Germany,13,1,1,15,8.077747210701762,48.260333667381154,0,1,2.9868834553259025,34.090898264405894,12,0,2,4.672350357444316,4.057496991174106,3.682612858177599,Head,Open Play,Normal,Regular Play,Right Defensive Midfield,1,0,1,1,High Pass,,34.335403,1,1,1,389.8347756692245,0.7063958260083003,0.3697668888881228,0.18187125,0
3857292,Thomas Müller,Germany,20,1,1,1,8.471717653463203,50.3103559920132,0,0,2.0200006152121515,50.31035599201321,14,1,3,4.444065399617741,7.4765725019639415,3.6092292598911015,Head,Open Play,Normal,From Corner,Center Forward,1,0,1,1,High Pass,Outswinging,41.851643,1,1,1,426.2151310095565,1.0000000000000002,0.23844050260414232,0.069567084,0
3857292,Serge Gnabry,Germany,29,1,1,21,17.373830895919298,22.499495840433106,2,1,1.5419942219564189,7.320596767576696,15,1,3,4.333564264564635,13.088515937302594,2.727503717200584,Right Foot,Open Play,Normal,From Goal Kick,Left Wing,1,0,1,1,,,,0,0,0,390.90243597512443,0.32536714686829077,0.08875384083072875,0.044056788,0
3857292,Joshua Kimmich,Germany,34,1,1,2,31.80251562376787,12.506865112593657,0,1,5.8597876778354765,10.160887191864138,18,0,0,2.5255806998154813,29.309627277751435,0.9023293048741579,Right Foot,Open Play,Normal,Regular Play,Right Back,1,0,1,1,Ground Pass,,23.39252,1,1,1,397.7497731476171,0.8124247843396615,0.1842554767414725,0.011488004,0
3857292,Jamal Musiala,Germany,35,1,1,10,15.666843970627903,26.50009000365125,0,1,1.1553519038408728,20.72889402759505,15,1,2,3.76492547061001,11.918501795113125,1.8138329851188075,Right Foot,Open Play,Normal,Regular Play,Center Attacking Midfield,1,0,1,1,Ground Pass,,11.810589,1,1,1,415.1727752948003,0.7822197594324763,0.07374503160987107,0.16202919,0
3857292,Serge Gnabry,Germany,38,1,1,2,17.55477143115227,20.42462324505339,2,1,1.5469916843418856,0.0,15,0,2,3.7709627299447406,13.923317499616005,3.015561350285118,Right Foot,Open Play,Normal,From Throw In,Left Wing,1,0,1,1,High Pass,,8.820431,1,1,1,358.54959263431175,0.0,0.08812371556126512,0.06251996,0
3857292,Keysher Fuller Spence,Costa Rica,41,1,-1,9,16.867127793433003,20.726567869417327,0,1,1.986724132498196,13.588421096362364,5,0,1,7.244705622084876,9.638274855223969,5.034260394668742,Right Foot,Open Play,Half Volley,From Free Kick,Right Wing Back,1,0,1,1,,,,0,0,0,349.5976689727245,0.6556040142281582,0.11778674809541083,0.14103858,0
3857292,Leroy Sané,Germany,44,1,1,14,22.871160880025307,18.73643688081694,0,1,0.8755154894168844,14.947444391446698,15,0,4,4.778735678133645,18.14927466475384,2.2297076006356633,Left Foot,Open Play,Normal,Regular Play,Right Wing,1,0,1,1,Low Pass,,6.3890533,1,1,1,428.52406221960376,0.7977741171668796,0.03828032577837018,0.080942705,0
3857292,Leroy Sané,Germany,45,1,1,3,20.988091861815356,21.1233845756005,2,1,3.304686989786713,13.527097953555826,17,0,1,3.4240597004172826,17.908772569127894,0.6782736660011821,Left Foot,Open Play,Normal,From Throw In,Right Wing,1,0,1,1,,,,0,0,0,443.3395359051569,0.6403849679080738,0.15745533284038501,0.078109905,0
3857292,Keysher Fuller Spence,Costa Rica,51,2,-1,4,18.260887163552592,15.627383739121068,1,1,2.4379215180082734,6.037726280729792,15,0,1,3.2794852628864577,15.185715655763051,3.101304066200882,Right Foot,Open Play,Normal,From Throw In,Right Wing,1,0,1,1,Ground Pass,,9.319335,1,1,1,285.36989112162644,0.3863555398345502,0.1335050973248544,0.050267275,0
3857292,Yeltsin Ignacio Tejeda Valverde,Costa Rica,51,2,-1,3,24.475497952033578,17.371648425396362,0,0,1.3408129836759397,17.371648425396373,17,0,2,,,,Right Foot,Open Play,Half Volley,From Throw In,Left Defensive Midfield,1,0,1,1,Ground Pass,,10.018483,1,1,1,425.179745459236,1.0000000000000007,0.054781846984426175,0.042256437,0
3857292,Serge Gnabry,Germany,54,2,1,2,23.325951213187427,16.297276678658175,2,1,3.739061946385956,2.4246637638721884,17,0,2,2.457071261739709,20.86902843824877,1.3586917008947523,Right Foot,Open Play,Normal,From Corner,Left Midfield,1,0,1,1,Ground Pass,,9.571834,1,1,1,380.1494807141978,0.14877723509765076,0.16029622595935386,0.029866349,0
3857292,Leroy Sané,Germany,54,2,1,3,29.00275848949544,15.703731321702074,2,1,3.1494827557141427,7.345514431238159,18,0,1,1.1430964822866905,27.94613585896667,0.41345048047212174,Left Foot,Open Play,Normal,From Corner,Right Midfield,1,0,1,1,Ground Pass,,17.323395,1,1,1,455.4515269072503,0.46775599255744293,0.10859252428884857,0.02438984,0
3857292,Kendall Jamaal Waston Manley,Costa Rica,57,2,-1,3,12.343824366864585,33.070952283372186,0,1,2.1264209291052687,26.026764023647473,11,1,3,2.6863345995722345,9.766669218515792,1.7435964972673972,Head,Open Play,Diving Header,Regular Play,Right Center Back,1,0,1,1,Low Pass,,16.155495,1,1,1,408.2220266309056,0.786997719347003,0.17226597413467526,0.099276,0
3857292,Yeltsin Ignacio Tejeda Valverde,Costa Rica,57,2,-1,3,6.008327554319923,66.21261983080788,0,1,1.4218478394513476,48.372905560112606,11,1,3,2.2373791421408606,3.869650148154334,0.18847706226175376,Right Foot,Open Play,Normal,Regular Play,Left Defensive Midfield,1,0,1,1,,,,0,0,0,397.82710817315274,0.730569273406175,0.23664619257135114,0.4798206,1
3857292,Jamal Musiala,Germany,60,2,0,3,8.91852005660132,18.775123330141675,0,0,3.2152497219214693,18.775123330141646,9,0,1,4.940195491939881,8.426559245489173,0.3728024835817436,Right Foot,Open Play,Volley,From Counter,Right Defensive Midfield,1,0,1,1,,,,0,0,0,167.4463139850319,0.9999999999999984,0.3605138186062162,0.1066145,0
3857292,Thomas Müller,Germany,61,2,0,3,15.476756766196209,26.119382866358645,1,1,2.1849310134400985,0.0,13,1,2,4.495786440180039,10.997599802100842,2.3742504217510714,Right Foot,Open Play,Normal,Regular Play,Left Center Forward,1,0,1,1,Ground Pass,,11.995416,1,1,1,404.24333550578547,0.0,0.14117499205081188,0.05438086,0
3857292,Antonio Rüdiger,Germany,61,2,0,5,6.9202601107183845,54.0664244167109,0,1,0.7522907326503586,44.877026875711906,15,0,2,4.219041289181259,4.132121474197003,3.9892959992291566,Right Foot,Open Play,Normal,From Corner,Left Center Back,1,0,1,1,Ground Pass,,21.119186,1,1,1,374.15372022013497,0.8300350422625926,0.1087084474592479,0.41498688,0
3857292,Jamal Musiala,Germany,66,2,0,3,23.024334952393307,16.797755108334073,1,1,1.549866825931395,9.127625940997111,17,0,2,3.323187558854884,19.703313441199082,1.882246818849893,Right Foot,Open Play,Normal,From Throw In,Left Center Midfield,1,0,1,1,Ground Pass,,10.113358,1,1,1,386.7571400625594,0.5433836772908133,0.06731429286170505,0.037713535,0
3857292,Kai Havertz,Germany,66,2,0,9,13.612494260788507,30.968733148018007,0,1,1.8252604688718859,25.04010017815275,15,1,2,2.049148908401155,11.602272963125413,1.0680472347307557,Right Foot,Open Play,Half Volley,From Throw In,Left Center Forward,1,0,1,1,Low Pass,,33.56799,1,1,1,421.5617022412859,0.8085606879193672,0.13408714331874086,0.110909514,0
3857292,Juan Pablo Vargas Campos,Costa Rica,69,2,0,2,4.981967482832466,74.21481048751923,0,1,1.6151937743531484,53.93177181620322,14,2,4,3.888703675195504,2.110877060250336,3.4384032436024228,Left Foot,Open Play,Volley,From Free Kick,Left Center Back,1,0,1,1,,,,0,0,0,369.73577259339464,0.7266982353242413,0.3242080121797263,0.18427365,0
3857292,Kai Havertz,Germany,72,2,0,18,11.011357772772623,39.12151524218464,0,1,1.8336856907648202,23.072445239739164,15,0,4,6.857602779699526,4.298082405698161,2.451377108903081,Right Foot,Open Play,Half Volley,From Kick Off,Left Center Forward,1,0,1,1,Low Pass,,6.2128897,1,1,1,430.7810009446725,0.5897635890866568,0.1665267561552588,0.4749194,1
3857292,Kai Havertz,Germany,73,2,1,4,17.658992043715294,24.94390526342459,0,1,2.776236907875383,20.13821762476241,17,1,4,3.40164006455145,14.311186783836312,1.2891047406608536,Left Foot,Open Play,Normal,From Free Kick,Left Center Forward,1,0,1,1,,,,0,0,0,440.4842245860029,0.8073402064387732,0.15721378100192446,0.14038351,0
3857292,Niclas Füllkrug,Germany,75,2,1,3,6.648308055437863,53.707370271520396,0,1,3.508841850355734,34.01583408256639,8,0,1,3.1505664687475265,3.508841850355734,2.0373029599212558,Right Foot,Open Play,Half Volley,From Counter,Right Center Forward,1,0,1,1,Low Pass,,21.17475,1,1,1,357.06314241253307,0.6333550481171872,0.527779672827546,0.36338806,0
3857292,Jewison Bennette,Costa Rica,79,2,-1,4,26.38787600395302,16.753623300896482,1,0,4.309112860510484,12.930037178171725,12,0,2,,,,Left Foot,Open Play,Normal,From Throw In,Right Wing,1,0,1,1,Ground Pass,,26.986292,1,1,1,442.09253428099447,0.7717755703316931,0.16329896577750175,0.037811525,0
3857292,Jamal Musiala,Germany,83,2,1,9,17.93878479719293,21.943406170884916,3,1,2.8223951797210343,0.0,17,0,3,2.267953228618018,15.674461764925757,1.2644364777288999,Right Foot,Open Play,Normal,From Free Kick,Left Center Midfield,1,0,1,1,,,,0,0,0,393.6380410168999,0.0,0.15733480342340045,0.060394496,0
3857292,Kai Havertz,Germany,84,2,1,8,7.305477397131557,55.90228443469611,0,1,1.9140399245687327,49.367989238949946,15,0,1,2.9102294250725667,6.065100087534501,1.657565814055964,Left Foot,Open Play,Half Volley,Regular Play,Left Center Forward,1,0,1,1,Low Pass,,34.741474,1,1,1,408.39287538569164,0.8831121972594986,0.26200066340911093,0.31018513,1
3857292,Kai Havertz,Germany,85,2,2,1,16.160445538412606,17.39393753907363,0,1,3.101905896832287,12.098634266146002,15,0,1,5.212914615904867,11.069438627485203,3.576098420492201,Left Foot,Open Play,Normal,From Counter,Left Center Forward,1,0,1,1,Ground Pass,,18.895767,1,1,1,281.09378029875,0.6955661556773851,0.19194433033787373,0.11890341,0
3857292,Mario Götze,Germany,85,2,2,1,13.4892549831338,32.073604250342136,1,1,5.766598457978881,20.396696060009262,14,0,0,2.5525944546694195,13.454008708763466,2.371664639591728,Head,Open Play,Normal,From Counter,Right Center Midfield,1,0,1,1,,,,0,0,0,432.64902596098904,0.635934019164425,0.42749569677414423,0.066507556,0
3857292,Niclas Füllkrug,Germany,88,2,2,22,5.769748694700665,67.43100809476205,0,1,3.002410514571501,44.37586933060819,12,1,3,3.421809388007543,3.002410514571501,2.620817735083179,Left Foot,Open Play,Half Volley,From Throw In,Right Center Forward,1,0,1,1,Low Pass,,9.563472,1,1,1,389.0599709371033,0.6580929246711833,0.520371106861053,0.510154,1
3857292,Niclas Füllkrug,Germany,94,2,3,17,18.92141643746578,23.84923483482986,2,1,1.938253195192885,0.7335213203478878,18,2,3,1.6633891685028026,17.32384655640623,0.3665003857866793,Right Foot,Open Play,Half Volley,Regular Play,Right Center Forward,1,0,1,1,Low Pass,,4.976947,1,1,1,451.2613040247312,0.030756597661432714,0.10243700314924642,0.046867393,0
3857292,Niclas Füllkrug,Germany,95,2,3,20,7.596051605933173,21.94340617088493,0,0,1.973028787543847,21.94340617088491,14,0,1,3.4766082915450447,9.234283327360236,1.8984695941982892,Head,Open Play,Normal,Regular Play,Right Center Forward,1,0,1,1,High Pass,,25.468609,1,1,1,166.6832456839944,0.999999999999999,0.2597439946304131,0.13407986,0
3857292,Jamal Musiala,Germany,99,2,3,13,12.503599481749246,35.47197076511746,1,1,1.4560001412755634,0.0,17,1,3,3.4355511587508714,9.116705474078351,0.5732368578865987,Left Foot,Open Play,Normal,Regular Play,Left Center Midfield,1,0,1,1,Ground Pass,,8.570881,1,1,1,443.5273152753471,0.0,0.11644647954381453,0.085460834,0
3857295,Ritsu Doan,Japan,2,1,0,2,31.48539343886304,13.068432007549195,1,1,1.5101392388462702,7.613484486889662,17,0,3,3.4123192277295384,28.36596011969646,2.5602521724525715,Left Foot,Open Play,Half Volley,Regular Play,Right Midfield,1,0,1,1,Low Pass,,4.3382025,1,1,1,411.46472338671714,0.5825859202153408,0.04796316875565149,0.015573137,0
3857295,Gerson Torres Barrantes,Costa Rica,3,1,0,1,30.87555667514353,14.316370535978498,4,1,8.067725494734118,2.6436382845033455,19,0,0,0.7961267068522332,30.536988861807245,0.607365652377247,Left Foot,Open Play,Volley,From Free Kick,Right Wing,1,0,1,1,,,,0,0,0,442.0259098659591,0.1846584144954626,0.2612981388357952,0.01353695,0
3857295,Francisco Javier Calvo Quesada,Costa Rica,34,1,0,34,31.862831010442246,13.071144414549542,1,1,3.027964640715481,9.29429050311294,18,0,1,1.5106453757611302,30.80049899914969,1.4085352183336042,Left Foot,Open Play,Half Volley,Regular Play,Left Center Back,1,0,1,1,,,,0,0,0,416.4836655938781,0.7110540751709108,0.09503124941167787,0.014244432,0
3857295,Joel Nathaniel Campbell Samuels,Costa Rica,34,1,0,35,21.904565734111234,18.14502558780045,2,1,3.076378907330031,10.323781079296827,17,0,3,2.206519744096435,19.698048017508548,1.1004527721375936,Left Foot,Open Play,Normal,Regular Play,Left Wing,1,0,1,1,Ground Pass,,8.229217,1,1,1,397.4589057351053,0.5689593012333846,0.1404446426682311,0.051288527,0
3857295,Wataru Endo,Japan,37,1,0,5,23.084626919229176,17.118305881470338,2,1,2.969802561598761,1.4606941719995188,19,0,1,4.068453324081153,19.04697740995948,1.6578918011463486,Left Foot,Open Play,Normal,Regular Play,Right Defensive Midfield,1,0,1,1,Ground Pass,,14.876156,1,1,1,395.1697047629893,0.08532936507348213,0.12864849720074775,0.03132781,0
3857295,Hidemasa Morita,Japan,45,2,0,9,20.706762180505184,19.823793010154024,1,1,1.8057875285901959,3.743001588741662,19,1,3,4.043858331230213,17.269596446035493,3.30355413320099,Right Foot,Open Play,Normal,From Kick Off,Left Defensive Midfield,1,0,1,1,Ground Pass,,3.9661064,1,1,1,410.48656737682035,0.1888135931819125,0.08720762390801458,0.09737273,0
3857295,Takuma Asano,Japan,45,2,0,9,18.890473789717404,20.46480410877128,2,1,5.228683364408007,7.4910443919700045,16,1,0,2.681338137446988,16.21533571550638,1.3028170322846293,Right Foot,Open Play,Volley,From Kick Off,Center Forward,1,0,1,1,,,,0,0,0,386.5898456284449,0.366045252725352,0.27678942426812614,0.051375452,0
3857295,Wataru Endo,Japan,47,2,0,4,24.824383174612816,18.290215775824603,1,1,2.2948029333645046,9.484348323026982,16,0,1,2.334599599851573,22.509925416666054,0.39374131472021645,Right Foot,Open Play,Normal,From Throw In,Right Defensive Midfield,1,0,1,1,Ground Pass,,19.378597,1,1,1,454.04332476541816,0.5185476453242874,0.09244148856481291,0.042255066,0
3857295,Takuma Asano,Japan,47,2,0,5,12.649505919204913,34.56066588556976,0,1,2.119732669966999,28.577735606477905,17,0,1,1.1532538688178795,11.497072432970937,0.18713180516799355,Head,Open Play,Normal,From Throw In,Center Forward,1,0,1,1,High Pass,,22.875751,1,1,1,437.175347691178,0.8268861398995807,0.16757434507767996,0.08747226,0
3857295,Ko Itakura,Japan,49,2,0,2,15.0,29.862834356275116,1,1,2.0142737392455894,5.82186159883222,18,1,3,0.8242566444723667,14.236421506863216,0.30237728951715326,Left Foot,Open Play,Normal,From Corner,Right Center Back,1,0,1,1,Low Pass,,15.681837,1,1,1,447.9425153441267,0.1949534169923447,0.13428491594970596,0.07774679,0
3857295,Wataru Endo,Japan,49,2,0,2,17.90027932742951,23.947119654286574,3,1,2.718860329036738,3.6195127320757883,16,0,3,2.8637195093333445,15.038682911282589,1.0387127092291877,Right Foot,Open Play,Normal,From Corner,Right Defensive Midfield,1,0,1,1,,,,0,0,0,428.66013089910683,0.1511460578277893,0.15188926827921004,0.04122181,0
3857295,Yuki Soma,Japan,56,2,0,17,23.099134182908237,12.7169143530022,0,1,1.4445770377169513,8.750006603338884,16,0,2,5.767733332607054,17.335585861289186,4.587387417055368,Right Foot,Open Play,Normal,From Goal Kick,Left Wing Back,1,0,1,1,Ground Pass,,17.297688,1,1,1,293.74971103254956,0.6880605122006808,0.06253814650705992,0.022210024,0
3857295,Yuki Soma,Japan,62,2,0,0,22.318154045529845,19.97165480976287,6,1,9.831589344212903,0.718246557084834,19,1,0,1.4857784448010911,21.86155542713994,1.275819415937427,Right Foot,Free Kick,Normal,From Free Kick,Right Wing Back,1,0,1,1,,,,0,0,0,445.7304685884348,0.035963297179246706,0.44051982633313236,0.08557594,0
3857295,Daichi Kamada,Japan,71,2,0,0,19.070395905696344,23.39242497744232,1,1,5.034676762581581,18.915719902794518,19,0,0,0.9996754172251485,18.11659275261615,0.1271800665648044,Right Foot,Free Kick,Normal,From Free Kick,Left Wing,1,0,1,1,,,,0,0,0,446.10280551412495,0.8086258658961284,0.2640048369985711,0.10029054,0
3857295,Yuki Soma,Japan,71,2,0,0,24.677520134729903,18.150989578289096,4,1,3.852693802125289,7.363411124982044,19,0,1,1.3062825655081973,23.781610802273182,0.7594720915660176,Right Foot,Open Play,Half Volley,From Free Kick,Right Wing Back,1,0,1,1,,,,0,0,0,447.9214107835018,0.405675464316812,0.15612159492084463,0.027111016,0
3857295,Keysher Fuller Spence,Costa Rica,80,2,0,1,18.94755920956576,22.088252448209232,0,1,2.595565824558184,16.843860967605437,13,0,3,5.851259086732773,13.114761358271894,2.6658424002615746,Left Foot,Open Play,Normal,Regular Play,Right Wing Back,1,0,1,1,Ground Pass,,10.331021,1,1,1,418.5184710982803,0.7625710095037883,0.13698681692192843,0.120298475,1
3857295,Daichi Kamada,Japan,87,2,-1,6,12.237646832622683,35.6671303044444,3,1,4.455101103870021,14.103229150316839,17,1,1,3.210807297428719,10.248902725985102,2.6886222533448105,Right Foot,Open Play,Normal,Regular Play,Left Wing,1,0,1,1,,,,0,0,0,436.4817441989245,0.3954124996862859,0.3640488375586858,0.09400092,0
3869685,Alexis Mac Allister,Argentina,4,1,0,1,29.35574901105403,14.631463237600991,0,1,3.609717877883946,12.107742871876638,15,0,1,2.215481109168207,27.245686490724403,0.10983771232511685,Right Foot,Open Play,Normal,Regular Play,Left Center Midfield,1,0,0,1,Ground Pass,,6.6219335,1,0,1,429.5175624674787,0.8275141505164901,0.12296459805964043,0.024542088,0
3869685,Rodrigo Javier De Paul,Argentina,7,1,0,10,22.249719099350443,19.154882218714846,0,1,3.1342650347762246,15.657381848439888,18,0,1,2.5889029181275873,19.661359306253413,0.9656468622144558,Right Foot,Open Play,Normal,Regular Play,Right Center Midfield,1,0,0,1,Low Pass,,34.54157,1,0,1,426.1907487475479,0.8174094557022228,0.14086762267788477,0.062813334,0
3869685,Ángel Fabián Di María Hernández,Argentina,16,1,0,2,17.741758650145147,24.347798449630424,1,1,4.560630265458985,14.483302170288653,12,0,1,1.7494095741499067,15.992369467655266,0.5400953255375924,Right Foot,Open Play,Normal,Regular Play,Left Wing,1,0,0,1,,,,0,0,0,431.9727637557212,0.5948505857829826,0.2570562679490443,0.106800534,0
3869685,Lionel Andrés Messi Cuccittini,Argentina,22,1,0,0,12.0,36.86989764584404,0,1,10.16711556429567,30.701191234616047,5,0,0,0.8586993729820147,11.15114734177689,0.12499567453491522,Left Foot,Penalty,Normal,Other,Right Wing,1,0,0,1,,,,0,0,0,442.43877175012847,0.8326898959557234,0.8472596303579726,0.7835,1
3869685,Alexis Mac Allister,Argentina,31,1,1,16,30.540792393125628,12.640728631022306,2,0,3.1452170987574464,2.641519575198336,15,1,2,,,,Right Foot,Open Play,Half Volley,Regular Play,Left Center Midfield,1,0,0,1,Low Pass,,10.3,1,0,1,386.05786881789135,0.20896893306574416,0.10298413539084852,0.010577817,0
3869685,Ángel Fabián Di María Hernández,Argentina,35,1,1,5,11.386395390991831,29.99400358521179,0,1,4.818315352627733,23.373063093837114,9,0,1,6.749034057879009,4.818315352627733,3.9071952938067227,Left Foot,Open Play,Normal,From Counter,Left Wing,1,0,0,1,Ground Pass,,26.00173,1,0,1,341.523584180048,0.7792578615734027,0.4231642400578912,0.30340916,1
3869685,Rodrigo Javier De Paul,Argentina,48,2,2,11,20.74078108461685,17.877888222857536,1,1,4.1519047177122745,9.05313841737456,11,0,1,1.98467421750754,18.782628744712447,0.9149771842175269,Right Foot,Open Play,Volley,From Throw In,Right Center Midfield,1,0,0,1,High Pass,,31.594461,1,0,1,370.8013658855379,0.5063874605614656,0.2001807309364875,0.040216275,0
3869685,Julián Álvarez,Argentina,58,2,2,5,17.839843048636947,14.113824395699124,0,1,2.09135359669014,9.285616476421902,8,0,1,3.6304911611062645,14.244474136409261,3.288898343106837,Left Foot,Open Play,Normal,From Free Kick,Center Forward,1,0,0,1,Ground Pass,,14.940214,1,0,1,251.78841203529558,0.6579093104808281,0.11722937197308639,0.05953379,0
3869685,Lionel Andrés Messi Cuccittini,Argentina,59,2,2,2,11.920151005754915,33.16467487964453,0,1,1.1588640838771773,25.966337473958458,13,0,2,2.453764132742303,9.557786806553983,1.7114923799165211,Right Foot,Open Play,Normal,Regular Play,Right Wing,1,0,0,1,Ground Pass,,15.601603,1,0,1,395.32793262212954,0.7829516667415246,0.09721890966965861,0.11555985,0
3869685,Randal Kolo Muani,France,67,2,-2,1,8.527602242131133,42.950113062448374,0,0,0.8704786748535723,42.950113062448374,21,0,3,5.218457871614981,8.59225175070213,2.8909333421954457,Head,Open Play,Normal,From Corner,Right Wing,1,0,0,1,High Pass,Outswinging,35.125633,1,0,1,366.2614804511204,1.0,0.10207777639450864,0.09618377,0
3869685,Kylian Mbappé Lottin,France,70,2,-2,4,21.27580785775243,17.776659960397232,1,1,1.462507651360112,10.55510893584333,16,0,3,3.4954489886672233,17.781421434545912,1.9226263228306806,Right Foot,Open Play,Normal,Regular Play,Left Wing,1,0,0,1,,,,0,0,0,378.2128016700124,0.5937622117629497,0.06874040511825769,0.050644457,0
3869685,Enzo Fernandez,Argentina,71,2,2,7,22.495555116511344,19.006506784439082,2,1,2.5458679313447354,5.445776428540078,17,0,2,2.1942117932804885,20.3924930122137,1.2910807721644986,Right Foot,Open Play,Normal,From Goal Kick,Center Defensive Midfield,1,0,0,1,Ground Pass,,11.677756,1,0,1,427.5619209416962,0.2865216891406167,0.1131720430173387,0.041589838,0
3869685,Kylian Mbappé Lottin,France,79,2,-2,0,12.0,36.86989764584404,0,1,10.326306690120658,31.107170031478272,6,0,0,0.3770580708353385,11.93600130302195,0.3705502135281691,Right Foot,Penalty,Normal,Other,Left Center Forward,1,0,0,1,,,,0,0,0,442.43877175012847,0.8437010140434892,0.8605255575100549,0.7835,1
3869685,Kylian Mbappé Lottin,France,80,2,-1,12,18.139735389470268,21.22797976281374,0,1,3.407610861706448,16.593371948484187,12,0,1,3.736609582800179,14.839159261518656,0.5218040257320666,Right Foot,Open Play,Volley,From Throw In,Left Center Forward,1,0,0,1,High Pass,,11.766053,1,0,1,385.069935750471,0.7816745697841554,0.1878533941396132,0.1017027,1
3869685,Enzo Fernandez,Argentina,83,2,0,8,28.100711734758605,16.03827592149965,1,1,4.264866254886346,8.461701837910153,20,0,1,1.3277830116127092,26.847243062469158,0.606886665440463,Right Foot,Open Play,Normal,From Throw In,Center Defensive Midfield,1,0,0,1,Ground Pass,,23.61906,1,0,1,450.6869683925816,0.5275942301608031,0.15177075567132367,0.030159522,0
3869685,Kylian Mbappé Lottin,France,92,2,0,0,25.330811277967385,17.127179559354456,2,1,2.533923878152657,2.2521802797472397,12,0,2,3.45252005495536,22.012116969431023,0.1833271595686341,Right Foot,Open Play,Normal,From Counter,Left Center Forward,1,0,0,1,,,,0,0,0,433.8453531418683,0.13149744077489703,0.10003326977358405,0.0324491,0
3869685,Adrien Rabiot,France,93,2,0,4,15.983116091676237,20.34651198421726,2,1,4.379127318713014,7.108847173723384,19,0,1,3.567380638764881,12.48765904069657,2.963827102892992,Left Foot,Open Play,Normal,From Corner,Left Defensive Midfield,1,0,0,1,Ground Pass,,9.888377,1,0,1,325.20066310442627,0.34938898516058675,0.2739845780757106,0.09333491,0
3869685,Lionel Andrés Messi Cuccittini,Argentina,96,2,0,6,23.817010727629103,19.05474993151107,1,1,3.527088220636962,5.502077743143483,16,1,2,2.6168350690876045,21.388897836074392,1.016310503424549,Left Foot,Open Play,Normal,Regular Play,Right Wing,1,0,0,1,Ground Pass,,23.831491,1,0,1,453.827183531089,0.2887509814046224,0.14809113792543818,0.0430315,0
3869685,Alexis Mac Allister,Argentina,92,3,0,8,27.16026509443529,13.58554113892421,2,1,4.673583853860424,7.071403084708896,16,0,1,1.6458932739220604,25.560442128240027,0.6547833751315792,Right Foot,Open Play,Half Volley,From Free Kick,Left Center Midfield,1,0,0,1,,,,0,0,0,368.98689878453786,0.5205094896403114,0.1720743092017157,0.019259434,0
3869685,Youssouf Fofana,France,99,3,0,1,30.200165562460086,15.089697353172857,3,1,8.192541973293926,9.415265471517456,21,0,0,0.8627300118419544,29.392618279194632,0.30218283231241827,Right Foot,Open Play,Normal,From Free Kick,Left Defensive Midfield,1,0,0,1,,,,0,0,0,455.71135835323605,0.6239532345251273,0.2712747370987117,0.023031652,0
3869685,Lautaro Javier Martínez,Argentina,104,3,0,10,12.390722335683261,33.08401098106791,1,1,1.1997662754085847,8.321093467934451,10,0,2,4.039541247112887,8.43492828871412,2.3133807280093777,Right Foot,Open Play,Normal,Regular Play,Center Forward,1,0,0,1,Ground Pass,,11.148542,1,0,1,409.93479381710847,0.25151404624717777,0.09682779122194138,0.23260574,0
3869685,Gonzalo Ariel Montiel,Argentina,104,3,0,10,25.496078129783022,16.648245008175287,2,1,1.127323824153519,9.782237287209808,15,1,1,3.4250587636031598,22.64849649634403,2.742181580369561,Right Foot,Open Play,Half Volley,Regular Play,Right Back,1,0,0,1,,,,0,0,0,424.46495545220733,0.587583693200463,0.04421557772199661,0.020604363,0
3869685,Lionel Andrés Messi Cuccittini,Argentina,106,4,0,1,22.772790781983662,14.630154911772795,1,1,0.9577165311077327,0.19011408094727308,18,0,2,1.9574015887198848,20.827372921034886,1.2015219049413943,Left Foot,Open Play,Half Volley,From Throw In,Right Wing,1,0,0,1,High Pass,,25.5196,1,0,1,333.1694569138125,0.012994673131881157,0.04205529925060459,0.024784861,0
3869685,Lautaro Javier Martínez,Argentina,107,4,0,5,13.242356285797477,15.701973979369946,0,1,1.2431877222679333,8.65151788893052,11,0,1,4.468662870841022,8.962501346214388,4.381198608652127,Right Foot,Open Play,Normal,Regular Play,Center Forward,1,0,0,1,Ground Pass,,15.794303,1,0,1,207.93113382513803,0.5509828191218076,0.09387964614735983,0.10407211,0
3869685,Lionel Andrés Messi Cuccittini,Argentina,107,4,0,5,4.534313619501858,80.48303233452033,1,1,1.6783443138324203,44.419911132544684,11,0,3,3.88493967939464,1.6783443138324203,3.451365575583729,Right Foot,Open Play,Half Volley,Regular Play,Right Wing,1,0,0,1,,,,0,0,0,364.93530965322395,0.5519164703923853,0.3701429708377349,0.48840353,1
3869685,Kylian Mbappé Lottin,France,115,4,-1,1,22.924222996647014,16.279893266654916,3,1,4.831760734652517,1.1631752745387895,20,0,1,3.513865580397503,19.432622750432863,2.337969112708265,Right Foot,Open Play,Normal,From Corner,Left Center Forward,1,0,0,1,,,,0,0,0,373.20390360640954,0.0714485811108632,0.21077097074824427,0.03075741,0
3869685,Kylian Mbappé Lottin,France,117,4,-1,0,12.0,36.86989764584404,0,1,10.062847836586753,31.112935404434925,7,0,0,0.5039169215681966,11.9479446689446,0.5000231458451623,Right Foot,Penalty,Normal,Other,Left Center Forward,1,0,0,1,,,,0,0,0,442.43877175012847,0.8438573847774693,0.8385706530488961,0.7835,1
3869685,Randal Kolo Muani,France,122,4,0,3,17.07922714879101,25.313113298944206,0,1,4.13145218326555,14.501532745942155,10,0,1,10.72385449927132,6.368823422390659,3.513559517091551,Right Foot,Open Play,Half Volley,From Free Kick,Right Center Forward,1,0,0,1,High Pass,,41.070183,1,0,1,432.32841187575065,0.5728861785858244,0.24189924680274563,0.27751395,0
3869685,Lautaro Javier Martínez,Argentina,122,4,0,5,9.338094023943004,45.94956685643581,0,1,2.886261356893161,36.03059380328164,11,0,3,3.0162382932834344,6.940322164599046,1.1025774412441365,Head,Open Play,Normal,Regular Play,Left Center Forward,1,0,0,1,High Pass,,20.056171,1,0,1,429.08137566485277,0.7841334808629454,0.3090846322057527,0.10655013,0
3869685,Lionel Andrés Messi Cuccittini,Argentina,121,5,-1,0,11.900420160649796,37.156345075648375,0,1,11.159446701419059,30.99223080687718,2,0,0,0.7409748234259869,11.159446701419059,0.004849620756289141,Left Foot,Penalty,Normal,Other,Right Center Forward,1,0,0,1,,,,0,0,0,442.1761180343067,0.8341033205440046,0.9377355211641302,0.7835,1
3869685,Kingsley Coman,France,121,5,0,0,11.900420160649796,37.156345075648375,0,1,11.619161755703576,31.23633722806506,2,0,0,0.5347195688895385,11.619161755703576,0.45170357043117093,Right Foot,Penalty,Normal,Other,Right Midfield,1,0,0,1,,,,0,0,0,442.1761180343067,0.8406730307964767,0.9763656743922172,0.7835,0
3869685,Paulo Bruno Exequiel Dybala,Argentina,122,5,0,0,11.900420160649796,37.156345075648375,0,1,10.30053054473217,30.477672023880455,2,0,0,1.6473029353508732,10.30053054473217,0.3784785482638142,Left Foot,Penalty,Normal,Other,Left Center Midfield,1,0,0,1,,,,0,0,0,442.1761180343067,0.8202548437374426,0.8655602412083014,0.7835,1
3869685,Aurélien Djani Tchouaméni,France,123,5,-1,0,11.900420160649796,37.156345075648375,0,1,10.970723753820655,30.886088095589663,2,0,0,1.2489565398443176,10.970723753820655,0.7921413372182045,Right Foot,Penalty,Normal,Other,Right Defensive Midfield,1,0,0,1,,,,0,0,0,442.1761180343067,0.8312466695178765,0.9218770098636268,0.7835,0
3869685,Leandro Daniel Paredes,Argentina,124,5,1,0,11.900420160649796,37.156345075648375,0,1,11.79211416416935,31.32324034589238,2,0,0,0.6892405189967207,11.79211416416935,0.6761960252487214,Right Foot,Penalty,Normal,Other,Center Defensive Midfield,1,0,0,1,,,,0,0,0,442.1761180343067,0.8430118808004367,0.9908989770933825,0.7835,1
3869685,Gonzalo Ariel Montiel,Argentina,125,5,1,0,11.900420160649796,37.156345075648375,0,1,11.382221903540518,31.11298922369516,2,0,0,0.5274113820162801,11.382221903540518,0.10034243057154413,Right Foot,Penalty,Normal,Other,Right Wing Back,1,0,0,1,,,,0,0,0,442.1761180343067,0.8373533284920984,0.9564554654277868,0.7835,1
3869684,Joško Gvardiol,Croatia,6,1,0,2,11.377170122662315,38.303261765356964,2,1,1.4516659369224905,16.21540760030375,19,2,2,1.2728158391962359,10.465015241963437,1.0038679217568358,Head,Open Play,Diving Header,From Free Kick,Left Center Back,1,0,0,1,High Pass,,11.311056,1,0,1,435.78272535733305,0.42334273513410353,0.1275946409582907,0.1243582,1
3869684,Achraf Dari,Morocco,8,1,-1,1,4.512205669071396,82.93909975751524,0,1,1.5042571051691562,51.96078088011867,17,1,6,2.2672392086220885,2.246719376423622,0.563603073853649,Head,Open Play,Normal,From Free Kick,Left Center Back,1,0,0,1,,,,0,0,0,374.23827611353835,0.6264931863503911,0.33337511972913453,0.4178385,1
3869684,Mislav Oršić,Croatia,9,1,0,6,26.1283371074395,13.819874375724373,1,1,1.4846978056919407,7.750719060340047,17,0,1,3.0083612083279307,23.129340752982007,2.0351821526284226,Right Foot,Open Play,Normal,From Kick Off,Left Wing,1,0,0,1,High Pass,,50.743473,1,0,1,361.0903364713914,0.5608386045791238,0.056823279628813575,0.02730659,0
3869684,Josip Stanišić,Croatia,13,1,0,7,25.632986560289844,17.717425995416214,2,1,1.4117304199292322,7.72323709710307,16,0,1,5.568890756452342,20.2078684373408,0.8377241208152029,Right Foot,Open Play,Normal,From Throw In,Right Back,1,0,0,1,,,,0,0,0,454.1505424234337,0.4359119151450779,0.05507475364249047,0.040524755,0
3869684,Mislav Oršić,Croatia,17,1,0,1,15.147607071745684,29.5072791026973,1,1,1.2396765790947506,17.568075711361555,10,1,2,5.0991640386886505,10.228954731679886,0.7055845392704114,Right Foot,Open Play,Normal,Regular Play,Left Wing,1,0,0,1,Ground Pass,,11.681182,1,0,1,446.96466960399124,0.5953810803841834,0.08183976341762107,0.11308218,0
3869684,Andrej Kramarić,Croatia,17,1,0,3,10.135580891098451,38.74671141316949,1,1,2.0964368774453175,21.37642467687897,17,2,4,1.1925131942906069,8.992215678809535,0.8634005755975949,Head,Open Play,Normal,From Counter,Center Attacking Midfield,1,0,0,1,High Pass,,24.20124,1,0,1,392.720427792227,0.5516964897726367,0.20683934152077144,0.13429043,0
3869684,Luka Modrić,Croatia,23,1,0,10,21.06395024680793,19.37455901319453,0,1,1.186162942931746,15.46756455687973,19,0,2,3.4627652220148573,17.601319600741046,1.5367751458502639,Left Foot,Open Play,Normal,From Throw In,Right Defensive Midfield,1,0,0,1,Ground Pass,,9.27847,1,0,1,408.1047471077738,0.7983440834109284,0.05631246414055214,0.07012748,0
3869684,Sofiane Boufal,Morocco,32,1,0,11,12.961867149450342,21.800109746557048,1,1,1.7850122218093902,0.0,17,0,2,4.321208837077985,8.696627886462272,3.8029190692458457,Left Foot,Open Play,Volley,Regular Play,Left Wing,1,0,0,1,,,,0,0,0,282.57012637831,0.0,0.13771258424640503,0.08611878,0
3869684,Youssef En-Nesyri,Morocco,36,1,0,1,9.167878707749137,14.500847093555276,2,1,0.9108332038494621,0.0,20,1,1,2.165084231211725,7.227051099083069,1.7287783655560531,Head,Open Play,Normal,From Corner,Center Forward,1,0,0,1,High Pass,Inswinging,31.177717,1,0,1,132.94200731333137,0.0,0.09935048585225953,0.04761149,0
3869684,Hakim Ziyech,Morocco,39,1,0,7,32.351352367404985,12.85555723152207,0,0,2.1242959005917843,12.855557231522095,17,0,2,,,,Left Foot,Open Play,Normal,From Goal Kick,Right Wing,1,0,0,1,Ground Pass,,9.2358,1,0,1,415.8946618763118,1.000000000000002,0.0656632797438193,0.014617449,0
3869684,Mislav Oršić,Croatia,41,1,0,17,23.063824487712353,11.822824401400316,0,1,4.1245266602543404,9.277843615995362,15,0,1,3.862706743943604,19.544935817960674,2.0398988468764756,Right Foot,Open Play,Normal,Regular Play,Left Wing,1,0,0,1,Ground Pass,,6.43506,1,0,1,272.67954694293974,0.7847400334302925,0.1788309940726332,0.013095795,1
3869684,Marko Livaja,Croatia,46,1,1,9,29.50423698386386,15.439348870432847,1,1,1.4076174045404164,11.50490730370667,15,1,2,5.062991847392131,24.515517108532645,0.8721514058051696,Right Foot,Open Play,Normal,Regular Play,Center Forward,1,0,0,1,,,,0,0,0,455.52620794980146,0.7451679083267018,0.04770899194275912,0.02019975,0
3869684,Mislav Oršić,Croatia,46,2,1,2,24.865236777477108,14.307213246296827,1,1,3.1676815395601485,6.233450071907975,16,0,1,2.5872057172636147,22.278238852239372,1.6198919843933268,Right Foot,Open Play,Normal,From Free Kick,Left Wing,1,0,0,1,Ground Pass,,9.192389,1,0,1,355.7522449950275,0.43568582956023216,0.12739398252702058,0.028195048,0
3869684,Mislav Oršić,Croatia,54,2,1,2,35.154089378051026,12.032415398093887,3,1,4.592415880387766,5.046734246399187,19,0,1,2.4035652000093046,32.758926182659145,1.0924040664167336,Right Foot,Open Play,Normal,From Corner,Left Wing,1,0,0,1,,,,0,0,0,422.9886063384299,0.4194281928795996,0.13063674700830422,0.0065055056,0
3869684,Youssef En-Nesyri,Morocco,64,2,-1,6,9.413288479590971,46.0038622826623,0,0,1.7795120443629189,46.0038622826623,16,0,2,5.890101186829981,8.219189225587401,5.241748958592915,Head,Open Play,Normal,From Free Kick,Center Forward,1,0,0,1,High Pass,,31.269794,1,0,1,433.0476268420746,1.0,0.18904254854412395,0.072652236,0
3869684,Nikola Vlašić,Croatia,70,2,1,3,29.264654448668956,15.482963279466615,1,1,2.954757132937757,11.27313017490313,13,0,3,4.410177811448317,24.86739368446699,0.15684154276907236,Right Foot,Open Play,Normal,Regular Play,Right Wing,1,0,0,1,,,,0,0,0,453.1035702150208,0.7280990060767933,0.10096675284926004,0.03597725,0
3869684,Youssef En-Nesyri,Morocco,74,2,-1,9,9.441398201537734,26.206721480674066,0,1,3.4508276685111294,6.180754984367242,13,0,1,6.028160364353522,3.4508276685111294,5.48072985207552,Left Foot,Open Play,Half Volley,Regular Play,Center Forward,1,0,0,1,High Pass,,42.577576,1,0,1,247.42809305583643,0.2358461736209617,0.3654996426216922,0.16040824,0
3869684,Mateo Kovačić,Croatia,86,2,1,8,14.516542288024379,21.727305937212382,0,1,1.6045736164789601,13.231878074471021,12,0,1,6.4429750128137275,8.100587650834926,5.076356768731316,Left Foot,Open Play,Normal,Regular Play,Left Defensive Midfield,1,0,0,1,Ground Pass,,11.708544,1,0,1,315.4053554423867,0.6089976416178118,0.11053414681281748,0.23560598,0
3869684,Youssef En-Nesyri,Morocco,89,2,-1,2,9.749871794028879,42.639479606719696,2,1,0.3718810826271578,0.0,17,1,4,1.3013093487077032,9.392751056876051,0.9868720208589821,Head,Open Play,Normal,From Free Kick,Center Forward,1,0,0,1,High Pass,,34.490723,1,0,1,415.72945952962596,0.0,0.03814215104396647,0.057190012,0
3869684,Hakim Ziyech,Morocco,90,2,-1,4,31.173225691288355,14.27620269853334,2,1,3.225596832731049,3.769440372509201,21,0,1,0.6308705191244136,30.74431778092444,0.5437334081925158,Left Foot,Open Play,Normal,From Free Kick,Right Wing,1,0,0,1,Ground Pass,,9.035485,1,0,1,445.0352887359596,0.2640366245918078,0.10347330958542643,0.021768013,0
3869684,Youssef En-Nesyri,Morocco,95,2,-1,6,7.24706837279738,54.50044878395946,1,1,0.765336187772853,30.60490691645955,17,2,2,2.0799635790359274,5.52436025974515,1.7470639123547045,Head,Open Play,Normal,From Free Kick,Center Forward,1,0,0,1,High Pass,,37.649036,1,0,1,394.96847868549605,0.5615533009237745,0.10560631532684601,0.1132524,0
3857256,Granit Xhaka,Switzerland,0,1,0,5,24.029981273400942,18.879547721742327,2,1,7.853422247453887,9.306673886846928,13,0,0,1.5945502335936337,22.580205007152646,0.5698192308336516,Left Foot,Open Play,Half Volley,From Kick Off,Left Defensive Midfield,1,1,1,1,,,,0,0,0,453.6751782037475,0.4929500443556202,0.32681765990999456,0.036565553,0
3857256,Breel-Donald Embolo,Switzerland,0,1,0,6,6.935416353759886,59.82106807091832,0,0,2.133359915200104,59.82106807091832,12,0,3,6.595324296323646,2.743960478774741,1.9758448042654564,Left Foot,Open Play,Half Volley,From Kick Off,Center Forward,1,1,1,1,High Pass,,10.123734,1,1,1,414.8840137984303,1.0,0.3076037264934425,0.35328916,0
3857256,Granit Xhaka,Switzerland,0,1,0,6,16.311039206623228,27.39754202937301,3,1,3.6586115990393338,8.882874751380411,15,1,2,4.302356445061918,12.01356598097981,0.675412030297295,Right Foot,Open Play,Half Volley,From Kick Off,Left Defensive Midfield,1,1,1,1,,,,0,0,0,446.8823822062109,0.32422159410713003,0.22430278982799118,0.06952749,0
3857256,Nikola Milenković,Serbia,4,1,0,1,8.430895563343196,48.565403542790435,2,1,1.77061892869327,13.23030558281437,19,2,5,0.6729974055350023,7.774094767627693,0.1194022218032913,Head,Open Play,Normal,From Corner,Right Center Back,1,1,1,1,High Pass,Outswinging,37.51973,1,1,1,409.4498452608838,0.2724224369134974,0.2100155215291443,0.08160872,0
3857256,Andrija Živković,Serbia,10,1,0,10,25.00179993520467,16.25576159569991,2,1,3.0476918084707454,4.4711807401782035,17,0,2,2.487339468826608,22.60632481600461,1.6713923923145515,Left Foot,Open Play,Normal,Regular Play,Right Wing Back,1,1,1,1,Ground Pass,,19.932386,1,1,1,406.4232992100725,0.27505206162478124,0.12189889593426172,0.030001678,0
3857256,Dušan Vlahović,Serbia,10,1,0,10,4.808326112068517,79.04981026314668,0,1,2.260667496988932,71.83902925167496,15,1,3,3.432224101532273,2.2606674969889324,0.5120011445758124,Other,Open Play,Normal,Regular Play,Right Center Forward,1,1,1,1,,,,0,0,0,380.09726684235005,0.9087818049471851,0.4701568579790867,0.5168786,0
3857256,Remo Freuler,Switzerland,13,1,0,7,12.87050892544658,33.11192590211125,2,1,2.5980785522178613,10.496525238610392,13,0,1,2.0371057751119235,11.350021566638116,1.711987548344922,Left Foot,Open Play,Half Volley,From Free Kick,Right Defensive Midfield,1,1,1,1,Ground Pass,,14.36802,1,1,1,426.1673378618487,0.31700135080155883,0.2018629230023018,0.09611784,0
3857256,Xherdan Shaqiri,Switzerland,19,1,0,6,16.38932579455299,21.59698537236271,2,1,5.999546979252645,7.335661354571997,14,0,0,1.026646484763999,15.72961551613942,1.0264653331200222,Left Foot,Open Play,Normal,From Free Kick,Right Wing,1,1,1,1,Ground Pass,,7.566373,1,1,1,353.96002944784783,0.33966135680951637,0.3660642941911985,0.06969889,1
3857256,Granit Xhaka,Switzerland,21,1,1,5,23.558013498595336,18.62035491499379,1,1,4.4911915500659045,9.968939841145325,14,0,1,3.690304678263786,20.235692550668247,2.3367494974791754,Left Foot,Open Play,Normal,Regular Play,Left Defensive Midfield,1,1,1,1,Ground Pass,,11.825819,1,1,1,438.6585724360597,0.5353786158564555,0.19064389916975363,0.04476528,0
3857256,Dušan Vlahović,Serbia,22,1,-1,9,11.371895180663605,36.286265173247955,1,1,0.4575765918188212,0.0,16,0,2,1.135420029419588,11.299975688538284,0.9797950205528281,Head,Open Play,Normal,From Free Kick,Right Center Forward,1,1,1,1,High Pass,,36.259205,1,1,1,412.64360404794,0.0,0.04023749643743369,0.08628477,0
3857256,Aleksandar Mitrović,Serbia,25,1,-1,2,11.783462988442746,37.30394827798342,1,1,1.9634428703451836,13.70489434046562,10,0,1,2.433148574355492,9.377552559413953,0.6080451738552171,Head,Open Play,Normal,Regular Play,Left Center Forward,1,1,1,1,High Pass,,24.981993,1,1,1,439.5696938564002,0.36738455238943624,0.16662698158180952,0.06371751,1
3857256,Xherdan Shaqiri,Switzerland,29,1,0,6,15.360013020827815,24.10446232190926,0,1,2.863882497942936,13.536144847046314,12,0,2,8.867100584058356,6.514991597905672,4.979441059605847,Left Foot,Open Play,Normal,From Free Kick,Right Wing,1,1,1,1,High Pass,,51.02362,1,1,1,370.2448551245797,0.5615617833027916,0.18645052540382479,0.3934682,0
3857256,Dušan Vlahović,Serbia,34,1,0,1,16.05241414865689,24.551033558930715,1,1,2.038661081475746,7.853175510121425,13,0,2,3.793788730768025,12.269604818475015,1.7169190965022736,Left Foot,Open Play,Normal,From Counter,Right Center Forward,1,1,1,1,,,,0,0,0,394.10335846552954,0.31987148285513806,0.12700027937207944,0.15928414,1
3857256,Ruben Vargas,Switzerland,37,1,-1,13,20.354115063052973,20.88842849178713,3,1,5.789141564631484,5.964267184262427,17,1,0,2.6664121307776223,17.89220114053734,1.788153714575735,Right Foot,Open Play,Normal,From Throw In,Left Wing,1,1,1,1,,,,0,0,0,425.1654770081893,0.2855297221908027,0.2844211869048535,0.0683221,0
3857256,Breel-Donald Embolo,Switzerland,43,1,-1,5,6.4007812023221,60.86618769639807,0,0,3.473004685495908,60.86618769639807,13,1,2,3.3937532635387178,5.275890919758314,1.512195417039969,Right Foot,Open Play,Normal,Regular Play,Center Forward,1,1,1,1,Ground Pass,,23.528069,1,1,1,389.59115006411344,1.0,0.5425907519282113,0.72697556,1
3857256,Aleksandar Mitrović,Serbia,47,1,0,2,19.35406933954717,22.2090687950466,1,1,1.4663233793834731,3.321213615542515,13,1,1,2.8698708281142875,16.493645275204138,0.7284781055285237,Right Foot,Open Play,Volley,From Throw In,Left Center Forward,1,1,1,1,High Pass,,24.6,1,1,1,429.83585742610524,0.14954312790832822,0.07576305290935684,0.056521177,0
3857256,Remo Freuler,Switzerland,47,2,0,10,12.856126943990555,34.44853562207788,1,1,1.7369017675774163,24.264114070200783,14,1,2,2.5315915860252125,10.347600911448822,0.5390921344246351,Left Foot,Open Play,Half Volley,From Free Kick,Right Defensive Midfield,1,1,1,1,Low Pass,,9.007774,1,1,1,442.8747469920138,0.7043583604363736,0.13510303492991804,0.15381548,1
3857256,Fabian Lukas Schär,Switzerland,56,2,1,3,13.294359706281455,24.837496657909224,1,1,5.2040612471392125,6.296292922485819,20,0,0,2.199816032162905,11.219531336956324,1.0274836530124674,Right Foot,Open Play,Volley,From Free Kick,Right Center Back,1,1,1,1,High Pass,,26.132355,1,1,1,330.1986147738087,0.2534994975220594,0.391448807021548,0.07925899,0
3857256,Breel-Donald Embolo,Switzerland,56,2,1,3,3.962322551231796,90.55090397921849,0,1,2.5037449053518634,62.820195077811576,18,0,3,2.3121735614249386,2.5037449053518634,1.6750033340325885,Right Foot,Open Play,Half Volley,From Free Kick,Center Forward,1,1,1,1,,,,0,0,0,358.7918888712824,0.6937555818573481,0.6318882102552469,0.6647709,0
3857256,Dušan Tadić,Serbia,60,2,-1,10,15.088074761214562,25.46649742518791,3,1,0.6919027844284874,0.0,17,1,2,3.0578385842660065,12.076442544058086,2.057399317913415,Left Foot,Open Play,Half Volley,Regular Play,Center Attacking Midfield,1,1,1,1,High Pass,,33.932877,1,1,1,384.24041705751335,0.0,0.04585759252778189,0.061684445,0
3857256,Aleksandar Mitrović,Serbia,70,2,-1,1,19.801010075246158,16.35984212000774,1,1,2.2560133724205587,0.0,13,0,2,3.0739753011260817,16.76036571456388,2.4736878174452244,Right Foot,Open Play,Normal,Regular Play,Left Center Forward,1,1,1,1,Ground Pass,,33.26154,1,1,1,323.9413986477097,0.0,0.11393425708322169,0.03203667,0
3857256,Luka Jović,Serbia,72,2,-1,14,18.08535318980528,24.59641495998807,0,1,1.6748895071782521,19.884667003880725,18,1,3,3.597404646125667,14.596348007040172,0.1535783952804195,Head,Open Play,Normal,Regular Play,Right Center Forward,1,1,1,1,Low Pass,,20.88923,1,1,1,444.83485175439455,0.8084376132142783,0.09261027360651093,0.02594082,0
3857256,Manuel Obafemi Akanji,Switzerland,81,2,1,2,24.200206610688262,16.135180052631814,6,1,8.784123788467433,0.0,18,2,0,1.5528254048544632,22.733926534948843,0.35061339481832476,Right Foot,Open Play,Normal,From Free Kick,Left Center Back,1,1,1,1,Ground Pass,,1.118034,1,1,1,390.4746909743458,0.0,0.36297722287163603,0.030122569,0
3857256,Christian Fassnacht,Switzerland,88,2,1,13,18.420097719610506,19.988798108491906,0,1,1.8071956236087607,0.0,11,0,2,16.61991793585798,1.8071956236087607,9.894199105851293,Right Foot,Open Play,Normal,From Free Kick,Left Wing,1,1,1,1,Ground Pass,Through Ball,33.62038,1,1,1,368.1956144559866,0.0,0.09810999111501857,0.31681746,0
3857256,Luka Jović,Serbia,91,2,-1,6,15.001333274079341,29.85809993088228,0,1,2.3443451595269105,27.185623003620307,16,1,3,5.026093258764205,11.380017170657842,3.061949020938073,Head,Open Play,Normal,From Throw In,Right Center Forward,1,1,1,1,High Pass,,30.829369,1,1,1,447.9113079939304,0.910494072514714,0.1562757867380816,0.03223471,0
3857256,Nemanja Radonjić,Serbia,99,2,-1,1,18.225805880673697,19.89109746217951,3,1,5.462009913401023,4.9307740666146245,20,1,0,1.8352589006376434,16.39172106135614,1.0883675804187476,Left Foot,Open Play,Half Volley,From Free Kick,Right Wing Back,1,1,1,1,,,,0,0,0,362.53128109924495,0.24788848760054033,0.2996855090612392,0.042810295,0
3869151,Alejandro Darío Gómez,Argentina,16,1,0,33,29.51694428629088,11.525563848276125,1,1,2.7680915197285554,1.2726311780588564,18,0,2,4.370760844109538,25.5141843753212,3.9385571178605048,Right Foot,Open Play,Normal,From Free Kick,Left Wing,1,0,1,1,Low Pass,,37.164635,1,0,1,340.1994259776547,0.11041812746100083,0.09377974538557479,0.011147299,0
3869151,Harry Souttar,Australia,28,1,0,1,9.033825324855464,44.64413016937813,2,1,0.5810396868737264,0.0,19,1,4,2.39473841035121,6.81921160375428,0.2923064170323997,Head,Open Play,Normal,From Corner,Right Center Back,1,0,1,1,High Pass,Outswinging,44.641014,1,0,1,403.307273730272,0.0,0.06431823352562141,0.06809473,0
3869151,Lionel Andrés Messi Cuccittini,Argentina,34,1,0,5,18.13422179196008,22.000062228180635,1,1,1.7659510385881265,13.920255353852498,18,1,1,3.9048888341324366,14.239210640570048,2.1269475203429167,Left Foot,Open Play,Normal,From Free Kick,Right Center Forward,1,0,1,1,Ground Pass,,2.745906,1,0,1,398.9540078827511,0.6327370899897531,0.09738223447620299,0.06663833,1
3869151,Lionel Andrés Messi Cuccittini,Argentina,49,2,1,11,20.255616505058544,22.28630150644137,2,1,1.7144913459369522,8.26048832124707,16,0,2,2.4833567715306133,17.772274944875978,0.1757809870221294,Left Foot,Open Play,Normal,Regular Play,Right Center Forward,1,0,1,1,Ground Pass,,8.700575,1,0,1,451.4227766305849,0.37065317091126837,0.08464276293485232,0.04517154,0
3869151,Julián Álvarez,Argentina,56,2,1,3,14.080127840328718,22.850517656923802,0,0,2.554434109776291,22.850517656923813,11,0,2,10.342566667846206,4.225348110074156,6.317150678562761,Right Foot,Open Play,Normal,Regular Play,Left Center Forward,1,0,1,1,,,,0,0,0,321.73820982717575,1.0000000000000004,0.18142122988825465,0.28060678,1
3869151,Lionel Andrés Messi Cuccittini,Argentina,65,2,2,17,25.418890613085374,17.34470481448293,1,1,2.4467095679906645,4.361803076055645,14,0,1,2.6603151561605847,22.793696860468796,1.0567324870327752,Left Foot,Open Play,Normal,From Corner,Right Center Forward,1,0,1,1,Ground Pass,,17.762882,1,0,1,440.8831543955969,0.25147750409759145,0.09625556068647326,0.032841697,0
3869151,Nicolás Alejandro Tagliafico,Argentina,74,2,2,5,22.588713996153032,15.212440838557708,0,1,2.5531016665273203,11.46374254797171,9,0,2,4.246548273044569,18.34428778859168,2.7475952239366563,Left Foot,Open Play,Normal,Regular Play,Left Wing Back,1,0,1,1,,,,0,0,0,343.62947528557845,0.7535768039876622,0.11302554306376741,0.05181273,0
3869151,Craig Goodwin,Australia,76,2,-2,8,27.892651361962702,12.891333751212418,1,1,8.595790262980735,5.094332638294743,15,0,0,3.5127296400820844,24.851823767609684,3.228164137995698,Left Foot,Open Play,Half Volley,Regular Play,Left Midfield,1,0,1,1,,,,0,0,0,359.5734779132708,0.3951749862822088,0.3081740115499684,0.013616442,0
3869151,Aziz Eraltay Behich,Australia,80,2,-2,11,11.601724009818543,32.37731616592869,0,1,2.7247899320367077,22.868733776256047,12,0,1,4.443675757218253,7.23913369722246,2.034790301611963,Right Foot,Open Play,Normal,From Free Kick,Left Back,1,0,1,1,Ground Pass,,8.634813,1,0,1,375.63268633574097,0.7063196238705319,0.2348607784266129,0.07721693,0
3869151,Ajdin Hrustic,Australia,80,2,-2,1,23.69155967850154,16.35284119835853,2,1,2.7810437709609874,0.027342046356155232,20,0,1,2.927199277077085,20.766577916483467,1.6581357830746697,Left Foot,Open Play,Normal,From Corner,Right Midfield,1,0,1,1,,,,0,0,0,387.42431316396977,0.001672005862742664,0.11738542369941955,0.033247408,0
3869151,Lautaro Javier Martínez,Argentina,87,2,2,22,16.97586522095413,18.977584958796257,1,1,1.6855035558929086,8.963470077436426,11,0,1,5.505664471956086,11.474381969813432,3.865569556714185,Right Foot,Open Play,Normal,From Free Kick,Left Center Forward,1,0,1,1,Ground Pass,Through Ball,15.057224,1,0,1,322.1609244797316,0.4723187959320287,0.09928822678283344,0.051439364,0
3869151,Lautaro Javier Martínez,Argentina,88,2,2,1,14.811144452742338,26.00223569462037,0,1,4.353718012748007,19.475403086297334,9,0,1,4.414376302580038,10.539894116172778,1.5721812738068266,Right Foot,Open Play,Normal,From Counter,Left Center Forward,1,0,1,1,Ground Pass,,13.748091,1,0,1,385.12286896727534,0.7489895605525421,0.29394879150894376,0.24890411,0
3869151,Lautaro Javier Martínez,Argentina,92,2,2,2,13.64001466274872,27.148313595549933,0,1,0.7323006288124431,12.021631459279153,9,0,3,9.116053781310098,4.5585027542479315,5.839207571609485,Left Foot,Open Play,Normal,From Throw In,Left Center Forward,1,0,1,1,Ground Pass,,14.408678,1,0,1,370.3033955122015,0.44281319415912823,0.05368767167181847,0.37209997,0
3869151,Lionel Andrés Messi Cuccittini,Argentina,92,2,2,3,19.646882704388506,18.416364399469636,1,1,2.3419798395061875,6.9626371979018735,11,0,4,4.201353221917149,15.475950542522272,2.2429692745129586,Left Foot,Open Play,Normal,Regular Play,Right Center Forward,1,0,1,1,Ground Pass,,10.153324,1,0,1,361.8241511976562,0.37806795341768906,0.11920363524046802,0.055600196,0
3869151,Exequiel Alejandro Palacios,Argentina,93,2,2,8,19.260581507316964,20.284751015183932,3,1,6.251608374654368,5.25706302896054,10,0,0,2.2056458042626694,17.303898318287192,0.21891077385861735,Right Foot,Open Play,Normal,Regular Play,Left Center Midfield,1,0,1,1,,,,0,0,0,390.6961002835807,0.2591633007979946,0.3245804583978643,0.046685893,0
3869151,Lionel Andrés Messi Cuccittini,Argentina,93,2,2,10,17.799999999999997,25.33012753008471,1,1,1.0385417398205032,0.0,14,0,3,3.688603285125713,14.82164112490631,1.9812054450365366,Left Foot,Open Play,Normal,Regular Play,Right Center Forward,1,0,1,1,Ground Pass,,8.68159,1,0,1,450.87627003550773,0.0,0.05834504156294963,0.032042325,0
3869151,Lautaro Javier Martínez,Argentina,93,2,2,12,14.88388390172404,24.484897877286986,1,1,2.4942259692699764,15.593539038037667,13,0,1,3.4904430695369717,11.414983814806197,2.413828705413799,Left Foot,Open Play,Normal,Regular Play,Left Center Forward,1,0,1,1,Ground Pass,,5.661272,1,0,1,364.4303773511089,0.6368635522267282,0.1675789723797203,0.076142184,0
3869151,Lionel Andrés Messi Cuccittini,Argentina,94,2,2,12,13.926952286842942,31.440503701011124,1,1,2.846342219324108,8.9256563717617,13,0,2,5.578829090574725,9.399969662210637,3.646328453323896,Left Foot,Open Play,Half Volley,Regular Play,Right Center Forward,1,0,1,1,,,,0,0,0,437.87039491829086,0.2838903745513038,0.20437653269000583,0.110446885,0
3869151,Garang Kuol,Australia,96,2,-2,16,11.66061747936189,24.707869625653203,0,1,4.590657489957866,12.153307873765169,12,0,1,7.198678915945798,4.590657489957866,6.263818722990678,Right Foot,Open Play,Normal,Regular Play,Left Center Forward,1,0,1,1,High Pass,,30.383219,1,0,1,288.10901643468645,0.4918800389470596,0.3936890561827333,0.23394231,0
3857257,Riley McGree,Australia,2,1,0,3,26.243475379606267,16.80732577470371,0,1,4.121007541117252,13.513599447284738,13,0,2,5.65247956581475,20.87738831675798,2.8970366093529236,Left Foot,Open Play,Normal,From Throw In,Right Center Forward,1,0,0,1,Ground Pass,,8.832327,1,1,1,441.0826401654586,0.8040303156153326,0.1570297943205981,0.038979717,0
3857257,Jesper Lindstrøm,Denmark,10,1,0,14,10.640488710580925,39.16788554537529,0,1,2.6159440450917173,27.823697583372468,15,1,3,4.5705986842074715,6.070718143876566,1.736204579116766,Right Foot,Open Play,Normal,From Goal Kick,Left Wing,1,0,0,1,Ground Pass,,24.063457,1,1,1,416.7654439628916,0.7103701717862511,0.2458481105750732,0.09599891,0
3857257,Mathias Jensen,Denmark,10,1,0,28,17.860011198204774,10.910073931084991,0,1,5.47644039665308,6.0567973152792245,10,0,0,3.691305096851197,14.170940616326336,3.320509304109798,Right Foot,Open Play,Normal,From Goal Kick,Right Center Midfield,1,0,0,1,High Pass,,24.548931,1,1,1,194.8540425824199,0.5551563952304844,0.3066314088987555,0.019605601,0
3857257,Andreas Skov Olsen,Denmark,13,1,0,6,18.670297265978384,20.20521740947845,0,1,2.047631883442667,15.650561519108903,15,0,3,3.591809931110269,15.099503396127167,1.7628332130341704,Right Foot,Open Play,Normal,From Throw In,Right Wing,1,0,0,1,Ground Pass,,10.1,1,1,1,377.23741535868436,0.7745802087616778,0.10967323413612313,0.10059545,0
3857257,Riley McGree,Australia,21,1,0,3,26.65876966403364,12.152928734181515,0,1,2.415088624436439,8.972783447119332,12,0,3,5.036080010628157,21.622836550477512,3.564885226850805,Left Foot,Open Play,Half Volley,From Free Kick,Right Center Forward,1,0,0,1,High Pass,,8.1412525,1,1,1,323.9821278679609,0.7383227239605498,0.09059265130658775,0.010740947,0
3857257,Andreas Skov Olsen,Denmark,24,1,0,22,14.778700890132397,22.34496042034026,0,1,2.621623672026231,15.779745135968161,15,0,2,4.306460724496331,10.478340843498088,2.9208160732444526,Right Foot,Open Play,Normal,From Throw In,Right Wing,1,0,0,1,Ground Pass,,12.461541,1,1,1,330.2294864540558,0.7061880996488189,0.17739202461135575,0.09373255,0
3857257,Christian Dannemann Eriksen,Denmark,28,1,0,6,22.355536227073593,15.789789287753996,0,1,3.5093526631147607,12.29545581615908,14,0,1,2.762094864692586,19.67917277661302,1.240685298167719,Right Foot,Open Play,Normal,Regular Play,Left Center Midfield,1,0,0,1,,,,0,0,0,352.989206440243,0.7786966369269414,0.1569791315882091,0.035615563,0
3857257,Mitchell Thomas Duke,Australia,31,1,0,3,17.808424972467385,24.933718713344216,1,0,0.8895415807588318,22.600431867789638,16,0,2,,,,Head,Open Play,Normal,From Throw In,Left Center Forward,1,0,0,1,High Pass,,21.93855,1,1,1,444.0302589911965,0.9064204231875836,0.04995060383689757,0.037495814,0
3857257,Mitchell Thomas Duke,Australia,40,1,0,10,28.908476265621477,11.95768609565746,1,1,5.537083334947538,9.23123366653777,15,0,0,3.718520885239638,26.13340585774311,0.13877252668401496,Right Foot,Open Play,Normal,From Throw In,Left Center Forward,1,0,0,1,Ground Pass,,10.244999,1,1,1,345.6784846880656,0.7719916372357504,0.19153840154253807,0.010397313,0
3857257,Aziz Eraltay Behich,Australia,46,2,0,2,20.66034849657672,21.083754582380628,2,1,5.476391637335681,11.292052813583988,19,0,0,3.1265732086442646,17.60439255009074,0.2912666801880306,Right Foot,Open Play,Half Volley,From Corner,Left Back,1,0,0,1,,,,0,0,0,435.59771728828014,0.5355807367925153,0.265067728080341,0.049681988,0
3857257,Jackson Irvine,Australia,47,2,0,3,13.88524396616783,25.20112364547505,0,1,3.7364308048044625,18.90552788934757,14,0,2,3.0183587356261388,10.926612494307019,2.365696920996818,Left Foot,Open Play,Half Volley,Regular Play,Center Attacking Midfield,1,0,0,1,Low Pass,,18.133945,1,1,1,349.92375003898184,0.7501859105691949,0.2690936373828565,0.17342122,0
3857257,Andreas Skov Olsen,Denmark,51,2,0,29,18.172781845386243,18.048469256115343,1,1,1.2988701269471328,8.33895761363717,16,0,2,4.143605777787331,14.041283474467145,2.7387502770620173,Left Foot,Open Play,Normal,From Throw In,Right Wing,1,0,0,1,Ground Pass,,21.567568,1,1,1,327.99089443454466,0.4620312944717841,0.0714733791445856,0.046983063,0
3857257,Mathew Leckie,Australia,59,2,0,4,16.63550420035413,23.68952362080743,1,1,2.5760771477380975,13.36636021818211,6,0,2,4.804429640699821,11.87574266073345,2.9131758237351306,Left Foot,Open Play,Normal,From Counter,Right Wing,1,0,0,1,Ground Pass,,35.640568,1,1,1,394.0871696983304,0.5642308571558575,0.15485416713027902,0.11353828,1
3857257,Andreas Skov Olsen,Denmark,68,2,-1,6,19.289893727027117,20.790198865459498,0,1,0.7208832463039051,16.386680175084535,15,1,2,3.744293709718258,15.617478881461702,1.201748441694349,Left Foot,Open Play,Normal,From Throw In,Right Wing,1,0,0,1,Ground Pass,,7.566373,1,1,1,401.04072667847345,0.7881925652144243,0.03737103254715571,0.070518844,0
3857257,Joachim Andersen,Denmark,68,2,-1,1,13.729530217745976,15.796131316110413,2,1,0.9535867387645203,0.0,18,1,2,3.564631007273039,10.179146804796497,3.0622291582287886,Head,Open Play,Normal,From Corner,Right Center Back,1,0,0,1,High Pass,Inswinging,52.55521,1,1,1,216.87346222802145,0.0,0.06945516151251632,0.020115681,0
3857257,Alexander Hartmann Bah,Denmark,76,2,-1,10,25.191466809219342,14.917350285826165,0,1,2.0255317293762944,11.610925134720732,14,1,2,4.459100187598709,20.797227688482202,3.098805793671815,Right Foot,Open Play,Half Volley,Regular Play,Right Back,1,0,0,1,Low Pass,,2.5495098,1,1,1,375.7899346068885,0.7783503713627307,0.08040547002348465,0.019515881,0
3857257,Kasper Dolberg,Denmark,76,2,-1,10,14.805404418657394,30.228378507832506,1,1,0.7916477430546851,0.0,14,0,1,3.796957273967655,11.293192408029658,1.1607606806796014,Left Foot,Open Play,Backheel,Regular Play,Left Center Forward,1,0,0,1,,,,0,0,0,447.5433687287116,0.0,0.05347018701205289,0.049264465,0
3857257,Jesper Lindstrøm,Denmark,81,2,-1,13,22.571885167172013,20.039392215705174,2,1,1.937052808669874,11.640939710513116,16,0,2,3.415729267530017,19.369657873485504,0.8393249094652688,Right Foot,Open Play,Normal,Regular Play,Left Midfield,1,0,0,1,Ground Pass,,11.400438,1,1,1,452.3268599128179,0.5809028330405119,0.08581705933393083,0.048889678,0
3857257,Keanu Baccus,Australia,84,2,1,1,23.527430798963152,18.36009089404679,1,1,2.1448324870790403,14.114085812799123,10,0,2,4.977487810024431,18.564821155914682,1.2591942677698569,Right Foot,Open Play,Normal,From Counter,Right Wing,1,0,0,1,Low Pass,,23.172829,1,1,1,431.9657679723594,0.7687372515882029,0.09116305581370841,0.035468098,0
3857257,Alexander Hartmann Bah,Denmark,87,2,-1,31,20.46851240320117,12.75263231122903,0,1,3.2859788661091094,8.572116337826728,16,1,1,4.037572248490318,16.450167761976875,3.1440576681975614,Right Foot,Open Play,Normal,Regular Play,Right Back,1,0,0,1,,,,0,0,0,261.0274126358554,0.6721840737365847,0.16053823557764751,0.03670106,0
3857257,Kasper Dolberg,Denmark,94,2,-1,2,6.928924880528005,30.95585911248015,1,1,0.4633157088339133,0.0,15,0,4,4.401812984961769,2.685030142048524,3.823984820637726,Right Foot,Open Play,Backheel,From Counter,Left Center Forward,1,0,0,1,Low Pass,,14.217243,1,1,1,214.4908224025833,0.0,0.06686689736469005,0.08217044,0
3857257,Andreas Evald Cornelius,Denmark,94,2,-1,1,12.088010589009263,11.806968078163063,3,1,5.050674239167587,3.064445380849293,20,1,0,3.5606470629072544,8.529331517339177,3.4435319873714434,Head,Open Play,Normal,From Corner,Right Center Forward,1,0,0,1,High Pass,Inswinging,51.61211,1,1,1,142.72275515292947,0.2595454955550334,0.41782510049749566,0.017447446,0
3857258,Neymar da Silva Santos Junior,Brazil,12,1,0,0,39.30814165029937,0.23980357963513152,0,0,31.219028806630803,0.23980357963656973,19,0,0,3.2771797382883983,37.40872650735427,1.936733103418625,Right Foot,Corner,Normal,From Corner,Center Attacking Midfield,1,0,0,1,,,,0,0,0,9.426233076546595,1.0000000000059974,0.7942127889017883,0.00018,0
3857258,Neymar da Silva Santos Junior,Brazil,20,1,0,5,30.384206423732714,14.060017648932654,1,1,1.281818978508329,10.600789264398873,18,0,1,3.6060953509066938,26.778228246367533,1.307250373312776,Right Foot,Open Play,Normal,Regular Play,Center Attacking Midfield,1,0,0,1,Ground Pass,,12.370934,1,1,1,427.20247856649485,0.7539669955680046,0.04218701520889868,0.020173745,0
3857258,Carlos Henrique Casimiro,Brazil,20,1,0,21,36.16807984950266,12.463717948559777,2,1,5.826259209869145,6.385380451350923,18,0,0,5.142490261715158,31.069824624668353,0.20286222277471921,Right Foot,Open Play,Normal,Regular Play,Left Defensive Midfield,1,0,0,1,Ground Pass,,19.059118,1,1,1,450.7887459851895,0.5123174704132947,0.161088430298554,0.0075366697,0
3857258,Raphael Dias Belloli,Brazil,34,1,0,15,17.341568556506072,22.441744372296235,0,1,1.3185760527303454,17.415080819004803,17,1,1,3.659144816666832,13.682433597762154,1.9348397130346058,Left Foot,Open Play,Half Volley,Regular Play,Right Wing,1,0,0,1,Ground Pass,,13.306014,1,1,1,389.1750485597595,0.7760127969599048,0.07603557016390265,0.119197816,0
3857258,Filip Mladenović,Serbia,36,1,0,9,12.812884140582874,19.062540842585083,1,1,0.42263734321132373,0.0,12,0,2,3.85884331056792,8.963474204060939,3.224613302307276,Head,Open Play,Normal,Regular Play,Left Wing Back,1,0,0,1,High Pass,,34.317635,1,1,1,244.2461272411717,0.0,0.03298534026954039,0.026318645,0
3857258,Vinícius José Paixão de Oliveira Júnior,Brazil,40,1,0,3,14.671059948074644,15.271663830958607,0,1,1.0871777072789246,13.28714670915053,8,1,2,9.116900945697978,5.690979332731865,7.579450443967836,Right Foot,Open Play,Half Volley,Regular Play,Left Wing,1,0,0,1,,,,0,0,0,224.051495570837,0.8700523306579682,0.07410355564811119,0.09814694,0
3857258,Raphael Dias Belloli,Brazil,45,2,0,0,15.877657257920635,25.53677580331812,0,0,2.0407035429932545,25.536775803318115,11,0,2,12.24372692396123,3.9595605479448315,4.369143898868437,Left Foot,Open Play,Normal,Regular Play,Right Wing,1,0,0,1,,,,0,0,0,405.46417367744596,0.9999999999999999,0.12852674105779938,0.4224228,0
3857258,Neymar da Silva Santos Junior,Brazil,49,2,0,0,24.613207836444243,15.827032008889717,5,1,11.086961957654786,2.7348312665075043,20,1,0,2.2470545689977532,22.717805029638196,0.03244222102965466,Right Foot,Free Kick,Normal,From Free Kick,Center Attacking Midfield,1,0,0,1,,,,0,0,0,389.55402826885825,0.17279495390995647,0.4504476633573362,0.06281959,0
3857258,Richarlison de Andrade,Brazil,50,2,0,1,11.494781424629178,16.136791255143187,1,1,0.5559230197666466,0.0,18,1,3,5.906332524167673,5.588456843636742,5.495480706095897,Right Foot,Open Play,Half Volley,From Corner,Center Forward,1,0,0,1,,,,0,0,0,185.48888837273847,0.0,0.048363078794652306,0.0399856,0
3857258,Danilo Luiz da Silva,Brazil,53,2,0,2,27.972307734614958,14.119762390140302,0,1,10.333080607123472,11.315529054048817,17,0,0,4.381229326857763,24.520712097842328,3.992107287890491,Right Foot,Open Play,Volley,Regular Play,Right Back,1,0,0,1,,,,0,0,0,394.96233871664697,0.8013965632984267,0.36940393710657526,0.016877638,0
3857258,Neymar da Silva Santos Junior,Brazil,54,2,0,14,12.548306658669128,35.257010612007065,1,1,0.8103731253647406,17.646242492214732,19,0,3,1.6629437657877868,10.905325292220342,0.38280568576346496,Left Foot,Open Play,Half Volley,From Throw In,Center Attacking Midfield,1,0,0,1,Ground Pass,,24.303291,1,1,1,442.41578102741636,0.5005030825331844,0.06458027743567184,0.11246919,0
3857258,Alex Sandro Lobo Silva,Brazil,59,2,0,6,32.984845004941285,13.431028870681653,1,1,3.807007017615568,6.651724919490578,17,0,1,4.002976502374358,29.02152089654677,1.4738354778369427,Left Foot,Open Play,Normal,From Free Kick,Left Back,1,0,0,1,Ground Pass,,31.030468,1,1,1,443.0204055563259,0.49525058605230954,0.11541685331688721,0.021819543,0
3857258,Vinícius José Paixão de Oliveira Júnior,Brazil,59,2,0,7,24.920072231034965,11.218661552236744,2,1,1.4737037414379168,0.0,17,0,2,3.2237223707489986,21.75291457812283,2.19683717800217,Right Foot,Open Play,Normal,From Free Kick,Left Wing,1,0,0,1,,,,0,0,0,279.5698562172745,0.0,0.05913721789307638,0.009459062,0
3857258,Vinícius José Paixão de Oliveira Júnior,Brazil,61,2,0,21,16.48059464946578,17.37890943255895,1,1,1.6122353574954125,0.0,16,1,2,5.03135946987694,11.486144957259354,3.67081137586667,Right Foot,Open Play,Normal,Regular Play,Left Wing,1,0,0,1,Ground Pass,,5.531727,1,1,1,286.41476180778136,0.0,0.09782628550649253,0.07986015,0
3857258,Richarlison de Andrade,Brazil,61,2,0,21,5.787054518492114,68.32217914749559,0,0,2.7570948438842064,68.32217914749559,16,1,2,5.2700144771489015,5.754271489946412,3.68672331832299,Right Foot,Open Play,Volley,Regular Play,Center Forward,1,0,0,1,,,,0,0,0,395.384175548742,1.0,0.47642454984208454,0.568145,1
3857258,Vinícius José Paixão de Oliveira Júnior,Brazil,66,2,1,2,16.063934760823706,19.811867549253353,0,1,4.37537414378042,12.305639568606487,10,0,1,6.921216676388526,9.166272215687593,5.366566119144025,Left Foot,Open Play,Normal,Regular Play,Left Wing,1,0,0,1,,,,0,0,0,318.2565478012861,0.6211246636902864,0.27237250455292966,0.14253756,0
3857258,Strahinja Pavlović,Serbia,68,2,-1,1,8.336066218546973,50.80632335558339,1,1,0.7389700295821957,8.950105562105266,17,3,6,2.125175826175451,6.583358124546361,0.7161651961884417,Head,Open Play,Normal,From Corner,Left Center Back,1,0,0,1,High Pass,Outswinging,39.265762,1,1,1,423.5248758130528,0.17616125259576945,0.08864733199192397,0.098937765,0
3857258,Darko Lazović,Serbia,69,2,-1,2,26.7239592875008,15.620357912729226,4,1,5.173977675483165,4.673833049953037,19,0,0,1.6891440611274602,25.27965415340156,1.3726522524436575,Right Foot,Open Play,Half Volley,From Corner,Right Wing Back,1,0,0,1,,,,0,0,0,417.4378089159668,0.2992142098193712,0.19360820078419716,0.018288644,0
3857258,Richarlison de Andrade,Brazil,72,2,1,7,12.906200060436076,34.42656385192519,0,1,1.7314867797775495,27.61403984220561,14,0,3,3.266616632988708,10.098379515591308,1.5623994190552892,Right Foot,Open Play,Volley,From Throw In,Center Forward,1,0,0,1,Low Pass,,17.71807,1,1,1,444.3161204663233,0.8021143196567202,0.1341593010854851,0.07569885,1
3857258,Carlos Henrique Casimiro,Brazil,76,2,2,4,34.83001579098121,12.691578077272181,3,1,0.4643407850945462,0.0,16,0,1,5.925821890142279,29.040626503520468,0.35178246381033773,Right Foot,Open Play,Normal,Regular Play,Left Defensive Midfield,1,0,0,1,,,,0,0,0,442.04786484386096,0.0,0.013331627177004651,0.010592449,0
3857258,Carlos Henrique Casimiro,Brazil,80,2,2,4,22.41985726984006,19.79950171548384,1,1,5.420330097592292,14.797369548844909,16,0,0,2.133383090480819,20.474214318766368,0.39649335448523004,Right Foot,Open Play,Normal,Regular Play,Left Defensive Midfield,1,0,0,1,Ground Pass,,9.912619,1,1,1,443.90200247510114,0.7473607043995908,0.2417647013696158,0.06218912,0
3857258,Rodrygo Silva de Goes,Brazil,81,2,2,20,24.712952069714376,15.916635453325048,2,1,1.783991183662554,0.0,16,1,3,4.612476007881918,20.10289133311017,2.253870493736862,Right Foot,Open Play,Normal,Regular Play,Center Attacking Midfield,1,0,0,1,Ground Pass,,4.570558,1,1,1,393.34704906913845,0.0,0.07218850984010235,0.03669105,0
3857258,Nikola Milenković,Serbia,84,2,-2,2,28.50701668010878,11.742868950899023,1,1,3.544886380571768,2.5349637037948463,15,0,2,2.5423622031787354,26.16995901319336,0.922691568648176,Right Foot,Open Play,Normal,From Goal Kick,Right Center Back,1,0,0,1,,,,0,0,0,334.7541610556099,0.21587260442012954,0.1243513630468834,0.011090157,0
3857258,Rodrygo Silva de Goes,Brazil,86,2,2,22,20.751144546747295,19.644631575774575,2,1,1.6819473942170873,3.910706652437475,17,0,2,2.8393106610896885,17.913569807108008,1.2032644612199093,Right Foot,Open Play,Normal,Regular Play,Center Attacking Midfield,1,0,0,1,Ground Pass,,14.856985,1,1,1,407.6485893964943,0.19907253731651,0.08105323493979177,0.051727816,0
3857258,Antony Matheus dos Santos,Brazil,87,2,2,4,28.092169727523714,12.032443756343048,2,1,1.7262009731477506,0.0,17,0,2,3.3174858786351433,25.464988178507454,0.42259545050756486,Left Foot,Open Play,Normal,Regular Play,Right Wing,1,0,0,1,Ground Pass,,18.532135,1,1,1,338.01745224007186,0.0,0.061447762486515234,0.009657804,0
3857258,Nemanja Radonjić,Serbia,97,2,-2,9,32.073197533142846,11.693597285882174,2,1,0.8297112971998003,3.98609744584359,19,0,1,3.8072324732956413,28.30864614502893,1.7380607337933398,Right Foot,Open Play,Normal,From Free Kick,Left Wing Back,1,0,0,1,Ground Pass,,20.496342,1,1,1,375.051055623122,0.3408786319891532,0.025869303998842585,0.008691933,0
3857288,Fran Karačić,Australia,5,1,0,1,29.124731758421394,15.627562336705731,4,1,2.021041189587932,0.0,19,0,1,1.4142556982289378,29.671900378162263,1.3362121829564373,Right Foot,Open Play,Volley,From Free Kick,Right Back,1,0,0,1,,,,0,0,0,455.14856109456343,0.0,0.06939261128142578,0.015131147,0
3857288,Mohamed Dräger,Tunisia,20,1,0,5,28.111385593741193,16.13580339740809,0,1,3.951488516714312,13.475376673445124,17,0,2,2.2658883163095696,25.845895995509043,0.16088168927853275,Right Foot,Open Play,Normal,From Throw In,Right Wing Back,1,0,0,1,Ground Pass,,16.551132,1,1,1,453.59979116933795,0.8351227603336867,0.14056541267016323,0.029703999,0
3857288,Mitchell Thomas Duke,Australia,22,1,0,9,12.420144926690675,29.805539103161987,1,1,1.8545028213242551,0.0,13,0,1,3.226470439594312,9.292468948220966,1.3580353000951533,Head,Open Play,Normal,From Throw In,Right Center Forward,1,0,0,1,,,,0,0,0,370.1891152794179,0.0,0.14931410480879018,0.04459479,1
3857288,Mitchell Thomas Duke,Australia,26,1,1,1,10.907795377618704,35.846996291136236,1,1,1.3747164690451592,0.0,18,2,3,1.5309284432529766,9.681579207686422,0.07461918175299331,Head,Open Play,Normal,From Free Kick,Right Center Forward,1,0,0,1,High Pass,,32.653484,1,1,1,391.0117004459707,0.0,0.12603064335675826,0.03948435,0
3857288,Jackson Irvine,Australia,33,1,1,1,9.98649087517733,28.573050006347124,1,1,1.0460172074958394,4.866515572435265,18,1,4,4.6793933679391575,5.408982226988854,4.204460736505808,Right Foot,Open Play,Backheel,From Corner,Right Defensive Midfield,1,0,0,1,High Pass,Inswinging,32.306812,1,1,1,285.3445031643711,0.17031837942936554,0.10474321967247231,0.07543106,0
3857288,Youssef Msakni,Tunisia,37,1,-1,1,22.690967365892536,15.419805939425583,1,1,1.2105972694066036,8.57184391857634,11,0,3,4.180636795780219,18.588530750340986,2.1330287651183397,Right Foot,Open Play,Normal,From Counter,Left Attacking Midfield,1,0,0,1,Ground Pass,,12.0,1,1,1,349.8903133599018,0.5558983006822236,0.053351505464076784,0.031703874,0
3857288,Mohamed Dräger,Tunisia,40,1,-1,3,13.682105101189652,26.778840406955098,2,1,3.1492149021676425,10.017259407455986,12,0,2,4.8671832499744285,9.006426332000949,3.7757480570289204,Right Foot,Open Play,Normal,From Throw In,Right Wing Back,1,0,0,1,Ground Pass,,12.185237,1,1,1,366.3909089359439,0.3740736811312512,0.2301703487056111,0.21984866,0
3857288,Mitchell Thomas Duke,Australia,43,1,1,1,15.111915828246259,29.632022902393093,0,1,1.5652783819453546,23.548317745556506,17,1,4,4.170680344777498,11.306801178837746,1.6275893737861225,Head,Open Play,Normal,From Free Kick,Right Center Forward,1,0,0,1,High Pass,,35.004284,1,1,1,447.79663592162984,0.7946915343283815,0.10357908287310819,0.040856346,0
3857288,Fran Karačić,Australia,43,1,1,10,20.173497465734588,15.550939602643595,0,1,3.0653838397143067,10.421206090963036,16,0,3,6.768210870999914,13.407695364809042,5.097000789264037,Left Foot,Open Play,Half Volley,Regular Play,Right Back,1,0,0,1,,,,0,0,0,313.7168406637222,0.6701335325867689,0.15195103600260548,0.035070673,0
3857288,Fran Karačić,Australia,45,1,1,3,34.9954282728473,12.248634981343473,3,1,4.570583681481065,0.0,20,0,1,2.664978377415912,32.610686635325365,1.914542335288452,Right Foot,Open Play,Volley,From Corner,Right Back,1,0,0,1,,,,0,0,0,428.6462269298938,0.0,0.13060516493313923,0.0052714557,0
3857288,Youssef Msakni,Tunisia,47,1,-1,9,10.547511554864494,37.085835490952356,1,1,1.3936400218838831,5.398829042012204,14,0,1,3.4091550082582542,7.68309639963302,2.9172971004661576,Right Foot,Open Play,Normal,From Throw In,Left Attacking Midfield,1,0,0,1,Ground Pass,,24.035183,1,1,1,391.1632783626237,0.14557657851147315,0.13212974592487067,0.23484555,0
3857288,Ferjani Sassi,Tunisia,60,2,-1,7,31.47586376892618,13.299086551090943,1,1,4.554419442663303,9.883661855196646,17,0,2,3.427746307951958,28.101555589964054,1.885020489127065,Right Foot,Open Play,Normal,From Throw In,Right Center Midfield,1,0,0,1,Ground Pass,,14.522052,1,1,1,418.6002365332969,0.7431835124334818,0.14469561426808397,0.020219443,0
3857288,Youssef Msakni,Tunisia,65,2,-1,5,19.961963831246667,20.84050303053489,0,1,1.5732348371923957,16.606286881600063,14,0,2,3.726704174690758,16.24163272077846,1.3495712522981336,Right Foot,Open Play,Normal,Regular Play,Left Wing,1,0,0,1,Ground Pass,,4.0718546,1,1,1,416.017367720524,0.7968275457300154,0.07881162647583777,0.058604978,0
3857288,Youssef Msakni,Tunisia,71,2,-1,11,19.147062437878038,15.19107729894466,1,1,1.4447796813522338,0.0,18,0,1,5.262749282266942,13.961093369191293,3.6039848790720654,Left Foot,Open Play,Normal,Regular Play,Left Wing,1,0,0,1,Ground Pass,,24.836466,1,1,1,290.86450554152503,0.0,0.07545698908330038,0.026706748,0
3857288,Youssef Msakni,Tunisia,71,2,-1,17,24.498979570586208,18.476130708898506,1,1,3.541472870639606,10.626849796599524,17,0,2,2.896181886363211,21.613289637672686,0.48964620116116464,Right Foot,Open Play,Normal,Regular Play,Left Wing,1,0,0,1,High Pass,,58.011208,1,1,1,452.64634878078493,0.5751664114110971,0.1445559338680189,0.048467197,0
3857288,Aaron Mooy,Australia,73,2,1,2,24.742069436488134,18.12965689112313,1,1,6.298070058382752,7.8136728549074705,16,1,0,1.6062172129517551,23.13693325714949,0.20980910995432822,Right Foot,Open Play,Half Volley,From Throw In,Left Defensive Midfield,1,0,0,1,Low Pass,,6.928925,1,1,1,448.56522965987403,0.43098845730132374,0.25454904144334556,0.039191317,0
3857288,Youssef Msakni,Tunisia,74,2,-1,3,10.100000000000005,42.639589039345644,1,1,0.7112133458898643,0.0,16,1,1,1.9764371021189955,8.273714407242474,0.30256068755049625,Head,Open Play,Normal,From Throw In,Left Wing,1,0,0,1,,,,0,0,0,430.6598492973912,0.0,0.07041716295939247,0.10262261,0
3857288,Taha Yassine Khenissi,Tunisia,85,2,-1,2,26.071440313108898,14.59303859927433,1,1,1.2437419217324566,0.08067237026328045,7,0,1,5.382738068549569,20.689513664437367,3.0829482545864835,Right Foot,Open Play,Normal,From Counter,Center Forward,1,0,0,1,,,,0,0,0,380.46153482787497,0.005528140675739188,0.047705148115928776,0.012915949,0
3857288,Naïm Sliti,Tunisia,86,2,-1,4,12.601587201618694,29.74488129694223,1,1,2.569024947971762,13.579934685320353,14,0,2,4.515968409945197,8.11014451958299,2.947766039753432,Left Foot,Open Play,Normal,Regular Play,Right Wing,1,0,0,1,Ground Pass,,7.902531,1,1,1,374.83271546521445,0.4565469449937381,0.20386518831864028,0.1403044,0
3857288,Wahbi Khazri,Tunisia,87,2,-1,2,13.797463535012508,24.86217912957876,1,1,2.8108488704303816,9.185898141525755,14,0,3,4.875965656982387,8.95584019270398,3.6473459268001136,Left Foot,Open Play,Normal,Regular Play,Center Attacking Midfield,1,0,0,1,Ground Pass,,14.355835,1,1,1,343.03500994131196,0.36947276800034023,0.20372214525499982,0.09264534,0
3857288,Wahbi Khazri,Tunisia,91,2,-1,11,19.68171740473884,14.0300720138882,2,1,1.578550319964654,4.7972123343863196,19,0,1,3.3404819202493,16.342410902386426,2.650253002945618,Right Foot,Open Play,Normal,Regular Play,Center Attacking Midfield,1,0,0,1,,,,0,0,0,276.1359125454827,0.34192357171350346,0.0802038911291644,0.021421792,0
3857267,Idrissa Gana Gueye,Senegal,2,1,0,4,14.286357128393504,29.124385563372396,0,1,4.100599519169648,20.75378752004628,11,0,1,6.118274755739646,8.221171063307729,1.869891921435375,Right Foot,Open Play,Normal,From Goal Kick,Center Attacking Midfield,1,1,0,1,Ground Pass,,38.10328,1,0,1,416.0813733033661,0.7125914287492059,0.2870290503252146,0.21271749,0
3857267,Boulaye Dia,Senegal,7,1,0,11,16.00312469488381,19.62207203275643,0,1,0.9992730992342087,10.3435561287274,12,1,2,8.679087952303577,7.4182252935906625,7.00104810778776,Right Foot,Open Play,Normal,From Free Kick,Center Forward,1,1,0,1,Ground Pass,Through Ball,11.957006,1,0,1,314.0144655121934,0.5271388317941251,0.062442374116704585,0.16839646,0
3857267,Enner Remberto Valencia Lastra,Ecuador,9,1,0,0,33.11223338888514,13.77115831194655,2,1,10.277270063747116,7.5078854573560845,20,0,0,0.19760975384873547,33.028296822546864,0.180898369713816,Right Foot,Free Kick,Normal,From Free Kick,Left Wing,1,1,0,1,,,,0,0,0,455.9938080604596,0.5451891037257887,0.31037683091461027,0.021615954,0
3857267,Enner Remberto Valencia Lastra,Ecuador,9,1,0,1,24.20950226667206,18.68483162194394,3,1,6.848063051816318,3.7283317840022416,19,0,0,1.1038505206053524,23.26235470564919,0.6437792581965027,Right Foot,Open Play,Half Volley,From Free Kick,Left Wing,1,1,0,1,,,,0,0,0,452.3504735038376,0.19953788503095712,0.28286674283443175,0.02803523,0
3857267,Ismaïla Sarr,Senegal,10,1,0,1,20.800961516237653,21.769159568336455,3,1,2.755325956192343,7.923649420406069,20,1,2,2.3582483549557476,18.44935831585771,0.18921989843956055,Right Foot,Open Play,Half Volley,From Corner,Left Wing,1,1,0,1,,,,0,0,0,452.81945042180325,0.36398508612758423,0.13246147078544807,0.042373266,0
3857267,Iliman Ndiaye,Senegal,11,1,0,13,24.052026941611384,16.104016474555852,3,1,3.5669233677561034,2.5457864276474953,16,1,2,4.691064954830436,19.364662611799368,2.373313304878124,Left Foot,Open Play,Normal,From Corner,Right Wing,1,1,0,1,,,,0,0,0,387.33423811417094,0.15808394332369236,0.14830032314595165,0.02889044,0
3857267,Ismaïla Sarr,Senegal,23,1,0,1,21.51882896442091,15.88240785370882,1,1,1.5492298304012513,1.9139737887596349,14,0,2,4.930396526202265,17.059909769209725,1.6917254168842106,Right Foot,Open Play,Normal,Regular Play,Left Wing,1,1,0,1,High Pass,,21.217445,1,0,1,341.77081814713546,0.12050904411906842,0.07199415139935067,0.023828069,0
3857267,Pape Gueye,Senegal,24,1,0,1,27.252339349127443,16.553958275838504,6,1,2.344801695784411,0.5920423415558903,19,0,1,3.0530097015291537,24.216933053499243,0.7181234910911414,Left Foot,Open Play,Normal,From Corner,Left Defensive Midfield,1,1,0,1,,,,0,0,0,451.1340885044475,0.035764397353834805,0.08604038228591507,0.025696881,0
3857267,Abdou Diallo,Senegal,24,1,0,3,12.248265183282074,35.83983817181581,1,1,0.9485217763818845,0.0,18,1,2,2.3287482650092146,9.975021699928803,0.0962065706021491,Head,Open Play,Normal,From Corner,Left Center Back,1,1,0,1,High Pass,,26.422907,1,0,1,438.9758420543155,0.0,0.07744131615280038,0.035411544,0
3857267,Pathé Ismaël Ciss,Senegal,36,1,0,1,13.511846653955192,29.749326304685866,0,1,1.5106423986844544,24.00848801907251,17,1,2,2.4103273100132845,11.981473962707552,0.7545605025629953,Head,Open Play,Normal,From Free Kick,Right Defensive Midfield,1,1,0,1,High Pass,,41.895107,1,0,1,401.9683350873909,0.807026275929176,0.11180132792894439,0.03057826,0
3857267,Ismaïla Sarr,Senegal,43,1,0,0,12.0,36.86989764584404,0,1,9.041147217473622,31.001534467071238,17,0,0,0.6001081689732802,11.721325873777232,0.5251402220706183,Right Foot,Penalty,Normal,Other,Left Wing,1,1,0,1,,,,0,0,0,442.43877175012847,0.840835924332047,0.7534289347894685,0.7835,1
3857267,Iliman Ndiaye,Senegal,46,1,1,2,14.358969322343443,28.112502533098993,2,1,1.168560141375617,3.28107822610623,13,1,2,4.837350692269576,9.540608102353048,2.5599234434335116,Left Foot,Open Play,Half Volley,Regular Play,Right Wing,1,1,0,1,,,,0,0,0,403.66656144707076,0.1167124208256866,0.08138189553460953,0.04522632,0
3857267,José Adoni Cifuentes Charcopa,Ecuador,48,2,-1,20,28.532963393240458,14.714406875646622,1,1,2.275593173222785,8.428816773651379,18,0,2,2.9354267352231127,25.916040633851587,2.2120669859319975,Right Foot,Open Play,Normal,From Throw In,Right Defensive Midfield,1,1,0,1,Ground Pass,,25.800776,1,0,1,419.84563273607074,0.5728274911034071,0.07975313120690015,0.025271386,0
3857267,Michael Steveen Estrada Martínez,Ecuador,56,2,-1,24,13.354025610279468,33.24303540452609,1,1,1.0090941561560793,0.0,16,1,2,1.57343440733252,11.987160774082867,0.8599164992703763,Head,Open Play,Normal,Regular Play,Right Center Forward,1,1,0,1,,,,0,0,0,443.9283461554685,0.0,0.07556479114277821,0.042533338,0
3857267,Felix Eduardo Torres Caicedo,Ecuador,66,2,-1,1,6.854195795277516,58.42168367718353,0,1,0.6237003754869421,44.98902211385859,17,2,5,4.194345218354536,3.6095326409927417,3.1895653999854616,Head,Open Play,Normal,From Corner,Right Center Back,1,1,0,1,High Pass,Inswinging,37.828297,1,0,1,400.43365861318443,0.7700740424129364,0.09099541275384437,0.15397952,0
3857267,Moisés Isaac Caicedo Corozo,Ecuador,66,2,-1,1,5.215361924162116,63.434948822922046,0,1,3.242024678395059,56.57631079890461,17,0,2,1.4718169873463705,5.979046449756448,1.234903689568796,Right Foot,Open Play,Volley,From Corner,Left Defensive Midfield,1,1,0,1,,,,0,0,0,330.8362167522401,0.8918791903945056,0.6216298553270418,0.5894187,1
3857267,Kalidou Koulibaly,Senegal,69,2,0,1,8.275868534480235,40.982051283050296,0,1,4.9004331973784945,31.730619077347313,15,0,2,1.43779627930295,7.439894841368946,0.09577103581445101,Right Foot,Open Play,Volley,From Free Kick,Right Center Back,1,1,0,1,,,,0,0,0,339.1620686918513,0.7742564875094656,0.5921352154111116,0.23427999,1
3857267,Gonzalo Jordy Plata Jiménez,Ecuador,75,2,-1,12,13.29812016790343,32.88692378043625,3,1,0.9101246597832019,0.0,15,0,4,1.4653115751914019,11.840905012169513,0.16511753180664357,Left Foot,Open Play,Half Volley,From Throw In,Right Midfield,1,1,0,1,Low Pass,,12.857682,1,0,1,437.3342643849222,0.0,0.06844009892314662,0.058988493,0
3857267,Boulaye Dia,Senegal,81,2,1,9,23.724459951703857,15.29987998299044,1,1,1.2457542103652397,0.0,16,0,1,4.755677034959434,19.07500212989052,2.1680009560789486,Right Foot,Open Play,Normal,From Throw In,Right Wing,1,1,0,1,Low Pass,,15.239751,1,0,1,362.9813899223322,0.0,0.05250927578125004,0.04455093,0
3857267,Pape Gueye,Senegal,87,2,1,1,22.842942017174586,15.38730855064609,1,1,1.9074650809596163,4.998927489616173,15,0,3,4.153064818622467,18.789156628017036,2.014579852437109,Right Foot,Open Play,Normal,From Free Kick,Left Defensive Midfield,1,1,0,1,,,,0,0,0,351.49139702278336,0.32487341585194085,0.0835034768956415,0.03201506,0
3857267,Jeremy Leonel Sarmiento Morante,Ecuador,88,2,-1,7,16.688319268278637,24.13237959458083,0,1,2.9220802591254245,19.43087204033457,15,0,1,3.479857786953317,14.046375663815763,0.5018674671366412,Head,Open Play,Normal,From Throw In,Left Midfield,1,1,0,1,High Pass,,30.6648,1,0,1,402.72885537765745,0.8051784518049754,0.1750973367749352,0.02928531,0
3857267,Jackson Gabriel Porozo Vernaza,Ecuador,93,2,-1,3,15.208550226763887,27.650947143069935,0,0,2.0580286257442952,27.650947143069942,18,1,1,,,,Head,Open Play,Normal,From Throw In,Right Back,1,1,0,1,High Pass,,34.800144,1,0,1,420.5308184429725,1.0000000000000002,0.13532050031452655,0.052534856,0
3857287,Matías Vecino Falero,Uruguay,12,1,0,4,15.498709623707386,20.538400064939495,0,1,2.861014775923722,13.116621764085957,12,0,1,8.797078132312187,6.767728005326638,5.96832483373538,Head,Open Play,Normal,From Throw In,Left Center Midfield,1,0,0,1,High Pass,,17.22353,1,1,1,318.31869874203016,0.6386389262363703,0.1845969661595189,0.052239094,0
3857287,Federico Santiago Valverde Dipetta,Uruguay,18,1,0,7,16.744252745345186,25.975157449263662,0,1,1.5354808579003378,20.798820206852824,13,0,3,3.5970137413789005,13.287063872805895,1.808046481875948,Left Foot,Open Play,Half Volley,From Goal Kick,Right Center Midfield,1,0,0,1,High Pass,,51.41916,1,1,1,434.9346014306065,0.800719697175211,0.09170196372765535,0.05187739,0
3857287,Ui-Jo Hwang,South Korea,33,1,0,27,11.423659658795858,37.795218377964375,0,1,4.242057004019657,32.251391018137575,18,0,1,4.9177023447830885,7.6332860455133185,3.450756414176425,Right Foot,Open Play,Normal,From Throw In,Center Forward,1,0,0,1,Ground Pass,,14.649232,1,1,1,431.75971147973144,0.8533193457334539,0.3713395821236154,0.323128,0
3857287,In-Beom Hwang,South Korea,38,1,0,6,35.04069063246328,11.311296302053394,1,1,7.825049644422313,5.8924427614549,15,0,0,3.8341534964776036,31.79653622091879,3.341903133584296,Right Foot,Open Play,Normal,From Throw In,Right Defensive Midfield,1,0,0,1,Ground Pass,,11.253888,1,1,1,396.3556343723789,0.5209343477621762,0.2233132253726995,0.007071261,0
3857287,Diego Roberto Godín Leal,Uruguay,42,1,0,1,10.007996802557443,43.54837084739169,0,0,0.8145616063888886,43.54837084739169,19,1,4,9.582514532720763,9.150252278304945,7.687768850120044,Head,Open Play,Normal,From Corner,Right Center Back,1,0,0,1,High Pass,Outswinging,40.843113,1,1,1,435.8319561972818,1.0,0.08139107380417383,0.054689027,0
3857287,José María Giménez de Vargas,Uruguay,45,1,0,7,17.00176461429813,25.799598338495123,1,1,3.4151609544080017,22.56075706119711,18,1,2,5.144906123448076,13.215972329517676,3.9598407941933473,Head,Open Play,Normal,From Free Kick,Left Center Back,1,0,0,1,High Pass,,28.317663,1,1,1,438.63869809453115,0.8744615619668235,0.20087097027186948,0.046385217,0
3857287,Min Jae Kim,South Korea,52,2,0,1,10.462313319720453,36.039036202802,1,1,1.6220549952843486,3.7273676978598207,18,1,3,2.7243058257621633,7.756665872876297,1.3577081883640574,Other,Open Play,Normal,From Corner,Right Center Back,1,0,0,1,High Pass,Outswinging,34.94939,1,1,1,377.051688494463,0.10342584293555612,0.15503789130716733,0.046898182,0
3857287,Rodrigo Bentancur Colmán,Uruguay,54,2,0,2,18.777113729218346,23.96375251992205,0,1,1.2343492568596506,19.77392193243236,19,2,4,3.752098923576165,16.413612846128252,2.469549468063377,Right Foot,Open Play,Normal,From Free Kick,Center Defensive Midfield,1,0,0,1,Ground Pass,,6.7675695,1,1,1,449.97010644541905,0.8251596621185887,0.06573690049812753,0.052523207,0
3857287,Federico Santiago Valverde Dipetta,Uruguay,68,2,0,6,32.078185734233784,13.114227714435884,3,0,8.30206762696547,1.5083166140624755,16,0,0,,,,Right Foot,Open Play,Half Volley,Regular Play,Right Defensive Midfield,1,0,0,1,,,,0,0,0,420.6806323847105,0.11501375810351,0.2588072684580013,0.014167523,0
3857287,Edinson Roberto Cavani Gómez,Uruguay,68,2,0,3,15.356106277308715,25.998210069964397,1,1,1.5066745075028172,14.800857876012074,15,0,2,3.1689339594737755,12.19678713717109,1.7358180599780155,Right Foot,Open Play,Normal,From Throw In,Right Center Forward,1,0,0,1,Low Pass,,20.36664,1,1,1,399.2312768541709,0.5693029572490236,0.0981156603304568,0.03804607,0
3857287,Kang-In Lee,South Korea,74,2,0,8,29.187154708878357,13.715008277094348,2,0,1.9617623693883193,8.722434893684024,13,0,2,,,,Left Foot,Open Play,Normal,From Goal Kick,Right Wing,1,0,0,1,Ground Pass,,32.485844,1,1,1,400.3020684171,0.6359773700065132,0.06721321036447504,0.023162797,0
3857287,Gue-Sung Cho,South Korea,76,2,0,13,26.675082005497185,17.01099538572155,0,0,1.8579568153804373,17.010995385721564,11,0,2,,,,Left Foot,Open Play,Half Volley,From Throw In,Center Forward,1,0,0,1,High Pass,,20.836987,1,1,1,453.76969690925654,1.0000000000000009,0.06965140032175161,0.036145955,0
3857287,Darwin Gabriel Núñez Ribeiro,Uruguay,80,2,0,5,22.655021518418387,17.334011796086294,3,1,1.9153208201449021,0.0,14,0,2,2.8698246514170647,19.78602427683233,1.5368691175769698,Right Foot,Open Play,Normal,Regular Play,Left Center Forward,1,0,0,1,Ground Pass,,14.223924,1,1,1,392.70241024085317,0.0,0.0845428824063468,0.028178101,0
3857287,Edinson Roberto Cavani Gómez,Uruguay,86,2,0,30,9.504735661763561,45.63261360272504,1,1,0.935776061971121,0.484321294019477,16,1,2,3.030726604168893,7.074955032216053,1.4704047774156734,Head,Open Play,Normal,Regular Play,Right Center Forward,1,0,0,1,High Pass,,32.41188,1,1,1,433.72592984929764,0.0106134901287038,0.09845366512775715,0.06689449,0
3857287,Federico Santiago Valverde Dipetta,Uruguay,88,2,0,6,29.887288267756908,12.494917367244826,2,0,5.228021367562681,2.326107893289121,13,0,0,,,,Right Foot,Open Play,Normal,Regular Play,Right Defensive Midfield,1,0,0,1,,,,0,0,0,373.43919723664834,0.18616432785597814,0.174924580668725,0.012294213,0
3857287,Heung-Min Son,South Korea,89,2,0,5,26.419689627245816,17.083835839358976,1,1,3.472485752924472,12.931847262084949,12,0,1,4.027952630840199,22.61003946914209,1.6940087579493905,Left Foot,Open Play,Normal,From Goal Kick,Left Wing,1,0,0,1,Ground Pass,,11.443775,1,1,1,451.34964051868263,0.7569639151115948,0.13143552410787612,0.0335565,0
3857287,In-Beom Hwang,South Korea,93,2,0,11,28.40598528479517,14.245711708397241,1,1,3.9535644798089726,4.056073930174274,13,0,1,4.1477173960664535,24.269042985762187,1.6936779309119032,Left Foot,Open Play,Normal,From Throw In,Center Attacking Midfield,1,0,0,1,Ground Pass,,29.802685,1,1,1,404.66347716016634,0.2847224493377464,0.139180684639909,0.023029828,0
3869486,João Félix Sequeira,Portugal,3,1,0,1,13.852075656738238,30.98099986930976,1,1,0.5762488605301078,0.0,15,2,3,3.370978093094563,10.701320680298313,1.9735905741850956,Head,Open Play,Diving Header,From Free Kick,Left Wing,1,0,0,1,High Pass,,40.588177,1,1,1,429.15115411107627,0.0,0.04160018143200048,0.0989785,0
3869486,Youssef En-Nesyri,Morocco,5,1,0,1,7.324616030891992,57.19045696445906,1,1,1.0030577407357784,44.610158906783596,19,0,4,0.9911927759535094,6.336714507078593,0.006146760701142284,Head,Open Play,Normal,From Corner,Center Forward,1,0,0,1,High Pass,Outswinging,39.97224,1,1,1,418.8981378959154,0.7800280199633048,0.1369433887735991,0.117904566,0
3869486,Raphaël Adelino José Guerreiro,Portugal,12,1,0,2,21.824756585125986,14.0503003320981,1,1,4.460356179584042,6.381395773128251,16,0,1,2.4808255218638133,19.373775478139194,1.6058146096619765,Left Foot,Open Play,Volley,From Free Kick,Left Back,1,0,0,1,,,,0,0,0,306.6443846959558,0.4541821613983486,0.204371405572691,0.019215545,0
3869486,Hakim Ziyech,Morocco,17,1,0,4,31.749330701606926,10.909303439897585,1,1,2.056286955819899,4.371977767752486,15,0,2,4.773513878364629,27.014856138315633,3.5434936573935616,Left Foot,Open Play,Normal,Regular Play,Right Midfield,1,0,0,1,Ground Pass,,24.021656,1,1,1,346.36308263748646,0.4007568211700168,0.06476630878130052,0.008206696,0
3869486,Youssef En-Nesyri,Morocco,25,1,0,1,13.301503674397114,33.470964274645745,2,1,0.31515386610681334,0.0,18,0,3,5.731950235401869,8.258728929146848,2.0487281921490776,Head,Open Play,Normal,From Free Kick,Center Forward,1,0,0,1,High Pass,,27.951744,1,1,1,445.2141542848149,0.0,0.023693100706608464,0.043849364,0
3869486,João Félix Sequeira,Portugal,30,1,0,4,22.717834403833475,16.989950075944392,1,1,4.402922580312061,1.3254606238170394,18,0,2,2.72455561618412,20.092782299861113,0.8508186795822397,Right Foot,Open Play,Half Volley,Regular Play,Left Wing,1,0,0,1,,,,0,0,0,385.97487235470265,0.07801439191358914,0.19380907977606784,0.027014187,0
3869486,Selim Amallah,Morocco,34,1,0,7,14.261135999632005,25.754618023107973,1,1,2.424946873026502,11.33378793879848,17,0,1,3.8665868189828023,10.483717197603909,2.879551483968797,Left Foot,Open Play,Half Volley,Regular Play,Left Center Midfield,1,0,0,1,Low Pass,,16.137224,1,1,1,367.2901102461164,0.4400681822820822,0.1700388295216507,0.06053267,0
3869486,Sofiane Boufal,Morocco,34,1,0,2,26.03536056980967,15.536612101714836,1,0,3.745021623289536,15.132154617265039,18,0,1,,,,Right Foot,Open Play,Normal,Regular Play,Left Midfield,1,0,0,1,Ground Pass,,37.401203,1,1,1,404.50129810141414,0.9739674594562894,0.1438436626697701,0.03503226,0
3869486,João Félix Sequeira,Portugal,38,1,0,6,18.384776310850235,23.856740741647364,2,1,5.347300844388069,10.848642834227821,18,0,0,3.2599418477857345,15.127827427347489,0.9376999399412114,Right Foot,Open Play,Half Volley,From Free Kick,Left Wing,1,0,0,1,Low Pass,,29.79547,1,1,1,438.6008420411341,0.45474119670039626,0.290854822162412,0.060545366,0
3869486,Youssef En-Nesyri,Morocco,41,1,0,15,7.406078584514216,56.72511201516505,0,0,1.6665406045104658,56.725112015165045,14,1,3,7.066926487551762,1.6665406045104658,1.3034200515483079,Head,Open Play,Normal,From Free Kick,Center Forward,1,0,0,1,High Pass,,39.29033,1,1,1,420.1106372996839,0.9999999999999999,0.225023348792859,0.20030825,1
3869486,Bruno Miguel Borges Fernandes,Portugal,44,1,-1,5,25.323704310388713,8.72839670643406,0,0,1.9443526846026395,8.728396706434028,14,0,1,4.216231961444866,21.781652601502124,2.2061628030081053,Right Foot,Open Play,Half Volley,From Throw In,Right Wing,1,0,0,1,Low Pass,,15.352199,1,1,1,221.03533729750686,0.9999999999999963,0.07677994738727836,0.0067060287,0
3869486,Yahia Attiyat allah,Morocco,46,1,1,3,18.478365728602736,16.95167889165999,0,1,4.966546977510695,12.425557008200919,10,0,1,3.4795486259606303,15.194645141202537,1.7612532379552306,Left Foot,Open Play,Normal,From Counter,Left Back,1,0,0,1,Ground Pass,,24.014162,1,1,1,313.2393222739284,0.7329986066639177,0.2687763111985037,0.082217455,0
3869486,Azzedine Ounahi,Morocco,55,2,1,2,26.929537686339877,16.70220893333452,1,1,6.455574811232063,6.036340619454507,13,1,0,3.8913553770592344,23.319895200664764,0.7665281104711639,Right Foot,Open Play,Normal,Regular Play,Right Center Midfield,1,0,0,1,Ground Pass,,5.3460264,1,1,1,449.78276491535456,0.3614097179330027,0.2397209668588808,0.032880384,0
3869486,Gonçalo Matias Ramos,Portugal,57,2,-1,8,11.299999999999997,38.986123822302005,0,1,2.4736572723004477,35.665578317140614,18,1,2,4.826254098305482,7.8344957857570225,2.7519932722364686,Head,Open Play,Normal,From Goal Kick,Center Attacking Midfield,1,0,0,1,High Pass,,18.804522,1,1,1,440.54319919201254,0.9148275032343207,0.21890772321242905,0.10594022,0
3869486,João Félix Sequeira,Portugal,60,2,-1,8,14.780054127099804,22.147015111255666,1,1,0.7653449737175022,0.0,18,0,1,3.643510704205512,11.734240119183792,1.0433901994827863,Head,Open Play,Normal,Regular Play,Left Wing,1,0,0,1,High Pass,,24.010206,1,1,1,327.33408209805606,0.0,0.05178228490477666,0.026895314,0
3869486,Bruno Miguel Borges Fernandes,Portugal,63,2,-1,3,19.525624189766635,22.59479874238619,2,1,1.670401483355666,10.760780530525938,16,1,2,4.226502350774049,15.8259295632235,2.664421327956113,Right Foot,Open Play,Normal,From Throw In,Right Wing,1,0,0,1,Ground Pass,,17.014406,1,1,1,441.1775488872445,0.47625033766463704,0.0855491976656563,0.057325892,0
3869486,Bernardo Mota Veiga de Carvalho e Silva,Portugal,70,2,-1,1,10.993179703798173,37.892003884139406,1,1,4.737561721190448,21.82274626726719,20,0,1,1.0575281240891492,10.047146476111923,0.06251605574129115,Right Foot,Open Play,Normal,From Free Kick,Left Defensive Midfield,1,0,0,1,Ground Pass,,24.025194,1,1,1,416.55360803536286,0.5759195616572185,0.43095463267589523,0.10927713,0
3869486,João Félix Sequeira,Portugal,81,2,-1,6,24.8276056034407,13.486854271300958,1,1,5.091075007653099,4.781456097230773,17,0,0,5.213016362007035,19.65696913093325,3.995269362039444,Left Foot,Open Play,Normal,Regular Play,Center Attacking Midfield,1,0,0,1,Ground Pass,,7.2235727,1,1,1,334.8462986789398,0.35452715667028173,0.20505702760750957,0.025960794,0
3869486,Cristiano Ronaldo dos Santos Aveiro,Portugal,90,2,-1,2,22.780035118497956,16.14591550451064,0,1,2.6258031073999666,10.616486873534159,9,0,2,10.385410423448585,12.439191933014307,6.7984038555473845,Right Foot,Open Play,Normal,From Free Kick,Center Forward,1,0,0,1,Ground Pass,,52.147194,1,1,1,367.804522213053,0.6575339051271674,0.11526773746137683,0.05699573,0
3869486,Zakaria Aboukhlal,Morocco,95,2,1,3,19.799494943053478,21.905368724786754,0,0,5.83073353955708,21.905368724786765,4,0,0,15.227413524436919,5.83073353955708,1.4263773222485696,Right Foot,Open Play,Lob,Regular Play,Center Forward,1,0,0,1,,,,0,0,0,433.71523729213715,1.0000000000000004,0.2944890037007108,0.39109123,0
3869486,Kléper Laveran Lima Ferreira,Portugal,96,2,-1,5,7.420242583635663,50.39080238834251,0,1,1.2000503369022784,31.959401157470587,18,1,4,3.707807532798539,3.746448270959087,1.955453133898942,Head,Open Play,Normal,From Throw In,Right Center Back,1,0,0,1,High Pass,,32.529526,1,1,1,373.91197770554874,0.6342308445730194,0.16172656397363966,0.14926605,0
3857260,Luis Gerardo Chávez Magallón,Mexico,1,1,0,2,30.54734030975528,13.866487845045905,2,1,5.562563222339999,7.651974892099414,18,0,0,2.372651875356944,28.32029348001233,0.11259360826370823,Left Foot,Open Play,Normal,From Throw In,Left Defensive Midfield,1,0,1,1,Ground Pass,,30.576626,1,1,1,423.5843231037024,0.5518322287235295,0.1820964825721209,0.021919996,0
3857260,Saleh Khalid Al Shehri,Saudi Arabia,2,1,0,10,27.15326867984773,16.729118420060182,1,1,3.196992045850077,0.0,14,0,1,2.9306549209080126,24.54180804621093,1.4271043499975278,Left Foot,Open Play,Volley,From Throw In,Right Center Forward,1,0,1,1,,,,0,0,0,454.25024723688387,0.0,0.11773875490072325,0.02182735,0
3857260,Ernesto Alexis Vega Rojas,Mexico,2,1,0,6,18.432851108821993,24.448621135919964,0,1,4.2011290914864405,8.026644958995204,13,0,2,14.231928929598316,4.2011290914864405,0.8858744869581301,Right Foot,Open Play,Normal,From Keeper,Left Wing,1,0,1,1,Ground Pass,Through Ball,25.005,1,1,1,450.65779321441113,0.32830665232087225,0.2279153163384352,0.3665275,0
3857260,Mohammed Kanoo,Saudi Arabia,7,1,0,7,15.7419820861288,13.581145396894554,1,1,2.7501176136488326,0.0,12,0,1,3.096739549970995,12.865656283460593,3.0746445930492783,Right Foot,Open Play,Half Volley,From Goal Kick,Left Center Forward,1,0,1,1,High Pass,,37.525726,1,1,1,213.7941475470247,0.0,0.17469957713089543,0.047937077,0
3857260,Mohammed Kanoo,Saudi Arabia,12,1,0,0,24.575190741884388,17.87357127602704,4,1,9.402095362801187,10.161871799256605,17,1,0,2.018731571532174,24.069126491530515,1.7092588600053489,Right Foot,Free Kick,Normal,From Free Kick,Left Center Forward,1,0,1,1,,,,0,0,0,439.24642334703043,0.5685417671893157,0.3825848377557801,0.073429175,0
3857260,Luis Gerardo Chávez Magallón,Mexico,22,1,0,6,27.30293024567143,16.667892533173926,3,1,5.211393733450046,5.008419718932548,18,0,0,0.5480660978574172,26.755771623369395,0.02318878455911033,Left Foot,Open Play,Volley,Regular Play,Left Defensive Midfield,1,0,1,1,,,,0,0,0,455.08230717559536,0.30048308200717905,0.19087305598915535,0.01981399,0
3857260,Orbelín Pineda Alvarado,Mexico,24,1,0,8,16.648123017325407,26.110444186408365,1,1,1.0172137474504335,4.0603781275820845,15,0,2,2.1372585145904472,14.678024212130959,1.2975318179966564,Right Foot,Open Play,Normal,From Free Kick,Center Attacking Midfield,1,0,1,1,,,,0,0,0,434.68988685233546,0.15550781513306042,0.061100806763131024,0.0489465,0
3857260,Orbelín Pineda Alvarado,Mexico,26,1,0,5,6.9202601107183845,46.49570203386976,1,1,2.264223923612457,35.36742100672025,15,1,1,1.612213701115189,5.601080909509543,0.5931162205271647,Head,Open Play,Diving Header,Regular Play,Center Attacking Midfield,1,0,1,1,High Pass,,42.240383,1,1,1,321.76235210483657,0.7606600064013848,0.32718769054728647,0.30787364,0
3857260,Luis Gerardo Chávez Magallón,Mexico,34,1,0,1,32.36309626719916,13.268136678840499,1,1,1.1973283510349346,7.1272390969623585,20,0,2,2.4277010625405815,30.17685108454782,1.7130061535680738,Left Foot,Open Play,Normal,From Free Kick,Left Defensive Midfield,1,0,1,1,,,,0,0,0,429.3979846236712,0.5371695566212096,0.03699671814925996,0.016814427,0
3857260,Jesús Daniel Gallardo Vasconcelos,Mexico,35,1,0,1,13.606248564538282,31.97949252565714,5,1,5.363358700359383,11.465148828641201,20,0,0,1.3617447287119662,12.954183716852567,1.3013881665674347,Right Foot,Open Play,Half Volley,From Corner,Left Back,1,0,1,1,High Pass,Outswinging,39.001667,1,1,1,435.12092427188514,0.35851565872856533,0.3941835014199143,0.06430086,0
3857260,Luis Gerardo Chávez Magallón,Mexico,40,1,0,0,36.5759483814159,12.092980904295429,2,0,9.009182272152696,6.493419461485806,21,0,0,0.909285577809121,37.230603750522405,0.45288513469755287,Left Foot,Free Kick,Normal,From Free Kick,Left Defensive Midfield,1,0,1,1,,,,0,0,0,442.31224533295773,0.5369577205880928,0.24631438611528192,0.0066389865,0
3857260,Orbelín Pineda Alvarado,Mexico,40,1,0,3,18.73606148580859,23.258005403702427,1,1,3.4958243353739262,14.440993916973806,19,0,4,2.594768001923724,16.488370056725703,0.5313280626767707,Left Foot,Open Play,Normal,From Free Kick,Center Attacking Midfield,1,0,1,1,Ground Pass,,10.031949,1,1,1,435.7634192810371,0.62090422915952,0.18658266776194118,0.062194254,0
3857260,Ernesto Alexis Vega Rojas,Mexico,44,1,0,5,17.54137964927503,20.86752565545099,2,1,2.430784516977637,6.872010081651239,15,0,3,3.101765414384426,14.452007580349626,2.0850346529867423,Right Foot,Open Play,Normal,From Free Kick,Left Wing,1,0,1,1,Ground Pass,,17.711578,1,1,1,366.0451898632526,0.3293160001390074,0.13857430633046583,0.04950449,0
3857260,Luis Gerardo Chávez Magallón,Mexico,44,1,0,6,28.886155853626487,14.83708205442127,2,1,6.107972735604974,5.833594140036361,17,0,0,1.8286415436881402,27.847187218990623,1.7589045786287727,Left Foot,Open Play,Half Volley,From Free Kick,Left Defensive Midfield,1,0,1,1,,,,0,0,0,428.58626463705747,0.39317664474990355,0.21144982968850642,0.015146091,0
3857260,Ali Al Hassan,Saudi Arabia,50,1,0,8,11.37409337046255,34.938054045791695,0,1,1.1883035866976248,27.211039746545556,15,1,2,3.1403373052045183,8.904741776415051,2.7844451378523303,Head,Open Play,Diving Header,Regular Play,Right Defensive Midfield,1,0,1,1,High Pass,,20.050436,1,1,1,397.38868889910157,0.7788367294549748,0.10447457638984549,0.10154356,0
3857260,Luis Gerardo Chávez Magallón,Mexico,46,2,0,2,34.52086325687699,13.211288943377642,1,1,0.886942614179877,0.0,17,0,1,4.463737807128684,30.27174863079458,1.4281369198027818,Left Foot,Open Play,Normal,Regular Play,Left Defensive Midfield,1,0,1,1,Ground Pass,,20.988092,1,1,1,456.06509906143054,0.0,0.025692944222742944,0.018109906,0
3857260,Hirving Rodrigo Lozano Bahena,Mexico,46,2,0,2,27.054204848784597,10.941172217404882,0,1,2.243155107534195,8.079559968017325,18,0,1,3.038783174231869,24.029140233089795,2.1531191121485875,Right Foot,Open Play,Normal,Regular Play,Left Wing,1,0,1,1,,,,0,0,0,296.00471445550244,0.7384546927398336,0.08291336300852206,0.0068189544,0
3857260,Henry Josué Martín Mex,Mexico,46,2,0,2,3.3060550509633053,100.87103707911614,1,1,1.1641754353195752,36.30740457061686,19,2,5,2.074652711235614,1.7196021872011686,0.8115052786432457,Left Foot,Open Play,Volley,From Corner,Center Forward,1,0,1,1,Low Pass,,7.725283,1,1,1,333.4852016313188,0.3599388449049046,0.35213431639027376,0.28809994,1
3857260,Sultan Abdullah Salim Al Ghannam,Saudi Arabia,49,2,-1,2,7.90759128938769,35.83360645165917,0,0,3.254097739273329,35.8336064516592,18,1,1,2.8700470712912103,7.726193611575612,0.88509337334159,Right Foot,Open Play,Volley,From Free Kick,Right Wing Back,1,0,1,1,,,,0,0,0,283.3575142444866,1.0000000000000009,0.41151567148399043,0.21450256,0
3857260,Luis Gerardo Chávez Magallón,Mexico,51,2,1,0,33.3253657144224,13.678760100951223,4,1,11.18889149906364,1.1718445845932548,20,1,0,1.9871692847494549,31.3388623547483,0.12733990205851597,Left Foot,Free Kick,Normal,From Free Kick,Left Defensive Midfield,1,0,1,1,,,,0,0,0,455.84968288404895,0.08566891852367267,0.3357469980958488,0.024289701,1
3857260,Sultan Abdullah Salim Al Ghannam,Saudi Arabia,54,2,-2,16,13.446189051177289,14.167055522631196,1,1,0.791963791714635,0.0,15,0,1,3.602828143217648,9.8672336452044,3.443523009411777,Head,Open Play,Normal,From Throw In,Right Wing Back,1,0,1,1,High Pass,,9.024965,1,1,1,190.49290685582434,0.0,0.05889875478474655,0.030311959,0
3857260,Henry Josué Martín Mex,Mexico,58,2,2,1,8.0,53.13010235415599,1,1,1.153909523236713,14.810928422636508,20,3,4,2.147887560213617,6.826512921129013,1.64945701248746,Head,Open Play,Normal,From Corner,Center Forward,1,0,1,1,High Pass,Outswinging,40.694103,1,1,1,425.0408188332479,0.27876717277729757,0.14423869040458911,0.09122391,0
3857260,Abdulelah Al Amri,Saudi Arabia,61,2,-2,1,12.034118164618468,34.094602555517305,0,1,1.0870985560922335,27.89410129254115,16,2,4,2.6891727757319797,10.694924374102484,1.3173872636838482,Head,Open Play,Normal,From Free Kick,Right Center Back,1,0,1,1,High Pass,,41.603848,1,1,1,410.29847592879804,0.8181383328085527,0.09033470846982489,0.037819926,0
3857260,Hirving Rodrigo Lozano Bahena,Mexico,66,2,2,3,24.12343259156955,17.64352153273813,1,1,2.422692144770068,7.051231401894125,10,0,1,3.091851238081036,21.17365378100406,1.879638368806411,Right Foot,Open Play,Normal,From Counter,Left Wing,1,0,1,1,Ground Pass,,7.1112585,1,1,1,425.6223023729142,0.39964988785318933,0.1004289972239162,0.05300886,0
3857260,Firas Tariq Nasser Al Albirakan,Saudi Arabia,66,2,-2,2,23.645718428502015,15.321510074864756,1,1,0.946229527975089,0.0,10,0,2,4.854482784131328,18.80707896271844,3.264516979420236,Left Foot,Open Play,Half Volley,From Keeper,Center Forward,1,0,1,1,Low Pass,,21.51488,1,1,1,362.28811312970885,0.0,0.040016949826930416,0.013105479,0
3857260,Henry Josué Martín Mex,Mexico,69,2,2,4,12.30650234632083,33.48458443978369,1,1,0.2939471409078569,0.0,17,0,1,4.68923696948898,7.638054407464226,1.6217983077399296,Left Foot,Open Play,Volley,From Free Kick,Center Forward,1,0,1,1,High Pass,,8.130191,1,1,1,412.07811697377593,0.0,0.02388551455448556,0.22500646,0
3857260,Luis Gerardo Chávez Magallón,Mexico,72,2,2,0,32.703822406562814,13.944841891725465,2,1,11.339122287862692,6.45627422506724,19,0,0,2.241038656184077,30.541304512040718,0.6013008383314258,Left Foot,Free Kick,Normal,From Free Kick,Left Defensive Midfield,1,0,1,1,,,,0,0,0,456.04963271458706,0.4629865490908318,0.34672162008766355,0.027150616,0
3857260,Orbelín Pineda Alvarado,Mexico,75,2,2,7,20.752349264601346,20.61689380860448,1,1,4.439076140056916,6.10264483210604,10,0,2,3.0774494842921696,17.786286598222908,0.3067540281189167,Right Foot,Open Play,Normal,From Free Kick,Center Attacking Midfield,1,0,1,1,Low Pass,,8.3600235,1,1,1,427.8489810673572,0.2960021470139743,0.21390716219435174,0.08600338,0
3857260,Carlos Uriel Antuna Romero,Mexico,77,2,2,3,11.365298060323799,36.84477787083832,1,0,2.186188816329457,26.48569819136045,8,0,1,14.183999721141987,11.75033358122989,13.670358257349392,Right Foot,Open Play,Normal,From Counter,Right Wing,1,0,1,1,Ground Pass,,13.395895,1,1,1,418.7518824685,0.7188453757058252,0.19235648768081426,0.26870292,0
3857260,Edson Omar Álvarez Velázquez,Mexico,77,2,2,16,34.3144284521832,13.255036618484072,1,1,7.099949662151777,9.397714333154925,18,0,0,3.1560871003851436,31.24211661501093,0.9382275240868552,Right Foot,Open Play,Half Volley,Regular Play,Right Defensive Midfield,1,0,1,1,,,,0,0,0,454.83900567604,0.7089919555597354,0.20690857993002806,0.013687578,0
3857260,Salem Mohammed Al Dawsari,Saudi Arabia,80,2,-2,6,30.801461004309516,14.797823994471301,2,1,2.306572651789348,0.4910704544722943,20,0,1,3.6676870901901584,27.16788590126974,0.43323044260333177,Right Foot,Open Play,Normal,From Throw In,Left Wing,1,0,1,1,Ground Pass,,12.684636,1,1,1,455.79459871434346,0.033185315263633754,0.07488517026730093,0.019886926,0
3857260,Luis Gerardo Chávez Magallón,Mexico,82,2,2,1,19.924858845171276,21.7495346435655,6,1,7.560153239049162,0.07158302824092612,19,1,0,1.061063480722663,18.86576802218492,0.2589493748750371,Left Foot,Open Play,Normal,From Free Kick,Left Defensive Midfield,1,0,1,1,Ground Pass,,2.5,1,1,1,433.35640772120513,0.0032912441306924066,0.3794332144481586,0.057560198,0
3857260,Rogelio Gabriel Funes Mori,Mexico,88,2,2,2,21.358838919754046,21.07064710703928,2,1,3.087911705639796,0.0,14,0,2,2.640206238572665,18.756299913570626,0.7306798882376313,Right Foot,Open Play,Normal,From Counter,Left Center Forward,1,0,1,1,Ground Pass,,12.776933,1,1,1,450.0445574942336,0.0,0.14457301341337866,0.06664524,0
3857260,Hirving Rodrigo Lozano Bahena,Mexico,91,2,2,0,28.31342437784592,15.426835043770891,1,1,11.04208460759896,7.132730300888416,20,1,0,2.2820538724187656,27.211211356643567,2.2134128086394043,Right Foot,Free Kick,Normal,From Free Kick,Left Midfield,1,0,1,1,,,,0,0,0,436.7865274013105,0.4623586290156449,0.3899946703811261,0.05359905,0
3857260,Hirving Rodrigo Lozano Bahena,Mexico,93,2,2,4,21.5522620622523,17.892879181106842,1,1,0.7444069349626437,0.0,18,0,1,2.098523533331615,20.339173765576742,0.70038215959773,Right Foot,Open Play,Normal,From Free Kick,Left Midfield,1,0,1,1,,,,0,0,0,385.632021159433,0.0,0.03453961968411821,0.06253588,0
3857260,Salem Mohammed Al Dawsari,Saudi Arabia,94,2,-2,6,10.48093507278811,37.8009444719679,0,1,4.19562714275138,21.35728434356287,10,0,2,6.3339431986922055,4.19562714275138,3.5625212823631784,Right Foot,Open Play,Normal,Regular Play,Left Wing,1,0,1,1,Ground Pass,Through Ball,5.517246,1,1,1,396.1892447007642,0.5649934053737948,0.4003103839126512,0.51574713,1
3857264,Krystian Bielik,Poland,4,1,0,4,19.343732835210474,23.31933647514063,2,1,4.774673593868943,12.18300396984575,17,0,1,2.822560226923319,16.533452396671187,0.43157748310674293,Left Foot,Open Play,Normal,From Throw In,Right Defensive Midfield,1,0,0,1,Ground Pass,,21.185137,1,1,1,451.0830146694991,0.5224421365004674,0.24683310271830433,0.061495427,0
3857264,Lionel Andrés Messi Cuccittini,Argentina,6,1,0,28,21.12557691519926,21.32738177172598,1,1,1.4739002379310393,14.693304964858502,19,0,2,2.8400584544478273,18.306306919002637,0.6246280357998657,Right Foot,Open Play,Normal,Regular Play,Center Forward,1,0,0,1,,,,0,0,0,450.5532440184159,0.6889408705731347,0.06976852011414701,0.050872557,0
3857264,Ángel Fabián Di María Hernández,Argentina,8,1,0,2,25.70486335306998,17.686870427049648,2,1,3.384471832415364,10.117665213881772,17,0,2,2.318621801571247,23.47064197296952,0.5485727601021892,Left Foot,Open Play,Normal,Regular Play,Right Wing,1,0,0,1,Ground Pass,,10.733592,1,1,1,454.6385874707657,0.5720438364499005,0.13166659499129957,0.034158513,0
3857264,Lionel Andrés Messi Cuccittini,Argentina,9,1,0,1,16.447796204963144,14.621057259178768,0,1,2.071017863717798,9.304252564511511,13,0,1,3.518467316197306,12.936268004189929,3.1317556411280023,Left Foot,Open Play,Normal,Regular Play,Center Forward,1,0,0,1,Ground Pass,,30.716282,1,1,1,240.48417010006935,0.6363597652057967,0.12591461116796096,0.053250678,0
3857264,Marcos Javier Acuña,Argentina,16,1,0,9,17.759786034747155,19.15465979106736,2,1,0.682750921991103,0.0,15,0,1,1.9509634346966676,15.833137460942536,1.5266742147527452,Right Foot,Open Play,Half Volley,From Throw In,Left Back,1,0,0,1,High Pass,,36.51986,1,1,1,340.18265945773095,0.0,0.03844364569794342,0.05141401,0
3857264,Kamil Glik,Poland,21,1,0,3,14.52790418470606,30.040090944866954,0,1,2.1988083083693937,22.608535520654005,20,1,2,5.279687031676646,9.258244160663468,1.0184589947123044,Right Foot,Open Play,Backheel,From Corner,Right Center Back,1,0,0,1,High Pass,,24.1,1,1,1,436.4195629468832,0.7526120863664428,0.15135068901983412,0.06557972,0
3857264,Julián Álvarez,Argentina,27,1,0,10,11.99708297879114,29.912447536602407,1,1,2.600557713417538,12.448695937776042,15,0,1,4.511449014189836,7.5661250464136565,3.379299261889038,Right Foot,Open Play,Normal,Regular Play,Left Wing,1,0,0,1,Ground Pass,,13.799275,1,1,1,358.86211519535567,0.41617109140076813,0.2167658353297126,0.1493578,0
3857264,Marcos Javier Acuña,Argentina,27,1,0,10,24.467529503405117,13.212892752638568,2,1,5.719155980430307,4.386444072493376,16,0,0,2.525134657021791,22.004832684461643,2.1357992638788446,Left Foot,Open Play,Normal,Regular Play,Left Back,1,0,0,1,,,,0,0,0,323.2868432505118,0.33198211433430563,0.23374472603106003,0.024708062,0
3857264,Ángel Fabián Di María Hernández,Argentina,32,1,0,0,39.202040763205176,0.12055906355178139,0,0,25.874542976258883,0.12055906355567753,19,0,0,1.6819708315626256,38.362844776348666,0.8515405502711104,Left Foot,Corner,Normal,From Corner,Right Wing,1,0,0,1,,,,0,0,0,4.726161323730778,1.0000000000323173,0.6600305104662967,0.00018,0
3857264,Enzo Fernandez,Argentina,34,1,0,3,28.40158446284292,16.03245476638528,4,1,4.797538893387702,1.0235382319088864,19,0,1,1.6748546476425814,26.97802863761126,0.8750244361154529,Right Foot,Open Play,Normal,From Corner,Center Defensive Midfield,1,0,0,1,Ground Pass,,21.227577,1,1,1,455.34711819420005,0.06384164164647484,0.16891800172853744,0.024548035,0
3857264,Julián Álvarez,Argentina,35,1,0,5,15.681836627130123,18.470825950050802,0,1,3.4583593393147862,6.69872006550017,12,0,1,9.832312840036664,5.850781600691478,7.833075612052717,Left Foot,Open Play,Normal,Regular Play,Left Wing,1,0,0,1,Low Pass,,16.011246,1,1,1,289.65647491685223,0.3626648902228298,0.22053279992291874,0.19083758,0
3857264,Lionel Andrés Messi Cuccittini,Argentina,38,1,0,0,11.900420160649796,37.156345075648375,0,1,9.676775209623655,31.092681232315744,15,0,0,0.6257785162599253,11.34413678386889,0.2751002640747089,Left Foot,Penalty,Normal,Other,Center Forward,1,0,0,1,,,,0,0,0,442.1761180343067,0.836806773352241,0.813145677126687,0.7835,0
3857264,Julián Álvarez,Argentina,42,1,0,6,21.88058500132023,16.922980279348742,2,1,1.5330025325939203,4.857638716690723,16,0,2,1.1194362644039042,20.761155020093284,0.6621529397704933,Right Foot,Open Play,Normal,Regular Play,Left Wing,1,0,0,1,Ground Pass,,14.148145,1,1,1,370.28470847795614,0.2870439270450809,0.07006222788382586,0.03720347,0
3857264,Rodrigo Javier De Paul,Argentina,42,1,0,6,7.805767098754609,54.24490333086379,0,1,2.099063017179896,44.11440847991275,15,0,2,1.43644613549379,6.795776222611897,0.9086157298864492,Other,Open Play,Normal,Regular Play,Right Center Midfield,1,0,0,1,,,,0,0,0,423.4230816951809,0.813245222520526,0.26891181745799153,0.3152717,0
3857264,Ángel Fabián Di María Hernández,Argentina,43,1,0,3,22.70352395554487,12.026188680458548,1,1,2.196435387853916,0.0,17,0,3,2.510127584591575,20.203081487790026,1.9056082365800435,Left Foot,Open Play,Normal,Regular Play,Right Wing,1,0,0,1,Ground Pass,,18.607794,1,1,1,273.0368628006932,0.0,0.09674424957793751,0.010134568,0
3857264,Alexis Mac Allister,Argentina,45,2,0,17,15.520631430454111,26.474280410754986,2,1,4.776423359852525,16.28772967036263,16,0,1,2.6777357324897957,13.072060136376518,1.9699420615732492,Right Foot,Open Play,Normal,From Kick Off,Left Center Midfield,1,0,0,1,Low Pass,,24.640009,1,1,1,410.8975486418194,0.6152284185879461,0.3077467164435316,0.107545994,1
3857264,Kamil Glik,Poland,49,2,-1,1,11.73413822996815,36.36410998862021,1,1,0.8174716178003679,0.6808995787442204,17,2,4,2.559051324943752,9.3466343817141,0.061038827452108535,Head,Open Play,Normal,From Free Kick,Right Center Back,1,0,0,1,High Pass,,38.416664,1,1,1,426.701493216235,0.018724494534784468,0.06966609748235315,0.04381306,0
3857264,Michał Skóraś,Poland,52,2,-1,4,25.35389516425435,13.561677470303307,1,1,1.9130068508333458,4.857675871998773,17,0,2,3.4001757151186918,22.07864637304502,2.829263280835775,Left Foot,Open Play,Normal,From Free Kick,Right Midfield,1,0,0,1,Ground Pass,,18.976038,1,1,1,343.8413488335002,0.3581913729061816,0.07545218746232071,0.026707038,0
3857264,Lionel Andrés Messi Cuccittini,Argentina,55,2,1,49,15.061540425866138,21.909086193251103,1,1,1.2465922846858055,8.274229080253606,15,0,4,5.180410377302659,9.930302245994312,4.064031179512476,Left Foot,Open Play,Normal,Regular Play,Center Forward,1,0,0,1,Ground Pass,,13.411189,1,1,1,329.98458739343715,0.3776619895175002,0.08276658624804098,0.058334265,0
3857264,Julián Álvarez,Argentina,55,2,1,49,12.391125856838027,35.58100073114955,1,1,3.1028838552682143,10.342788237723397,17,0,3,2.947377508886116,9.677845931469676,1.3433892805789185,Left Foot,Open Play,Normal,Regular Play,Left Wing,1,0,0,1,,,,0,0,0,440.88865817191993,0.29068289326299795,0.2504117778414697,0.15200824,0
3857264,Alexis Mac Allister,Argentina,60,2,1,5,15.231546211727817,27.407575437818405,1,1,3.139919603782504,18.701265584144423,13,0,2,1.8587189119635665,13.665791754849831,0.24175530073659957,Left Foot,Open Play,Normal,From Throw In,Left Wing,1,0,0,1,Ground Pass,,21.900913,1,1,1,417.4597518325473,0.6823392907035272,0.206145821319497,0.13009955,0
3857264,Lionel Andrés Messi Cuccittini,Argentina,63,2,1,0,19.04337155022713,16.457078126084888,2,1,0.9423613846582568,0.0,11,1,4,4.626423268900904,14.418653014130777,3.4979659400101966,Left Foot,Open Play,Normal,From Counter,Right Wing,1,0,0,1,,,,0,0,0,313.39825338615015,0.0,0.049485007535181834,0.023947677,0
3857264,Julián Álvarez,Argentina,66,2,1,27,15.435349040433131,26.74522599044621,1,1,1.3869083781864235,2.2671880443670958,16,0,2,4.174750425910512,11.308924300352857,1.2515720847290126,Right Foot,Open Play,Normal,From Free Kick,Center Forward,1,0,0,1,Low Pass,,6.2,1,1,1,412.8218983278012,0.08476982191801141,0.08985273831860854,0.10054177,1
3857264,Lionel Andrés Messi Cuccittini,Argentina,70,2,2,51,14.36175476743702,29.581162809330834,2,1,2.085474274959893,15.120365191990354,15,0,1,3.355781683733111,11.682823459357705,2.6707525641168033,Left Foot,Open Play,Normal,Regular Play,Right Wing,1,0,0,1,Ground Pass,,21.66218,1,1,1,424.8374060032378,0.5111484389390167,0.14521026913009072,0.13232325,0
3857264,Julián Álvarez,Argentina,72,2,2,12,18.760863519571807,18.313610621633227,0,1,1.0042550743347913,10.472431660699899,9,0,1,10.03486911021915,8.775290051549723,7.227100811452864,Right Foot,Open Play,Normal,From Throw In,Center Forward,1,0,0,1,Ground Pass,Through Ball,41.389008,1,1,1,343.57914942304154,0.5718387202318903,0.05352925643785677,0.18145993,0
3857264,Lautaro Javier Martínez,Argentina,85,2,2,11,16.161683080669537,19.077439165672804,0,1,2.189577552228105,10.457267917584911,8,0,1,8.611489689449753,7.663074006768294,7.086885744497387,Right Foot,Open Play,Normal,From Free Kick,Center Forward,1,0,0,1,,,,0,0,0,308.3235257863565,0.5481484085348997,0.13547955007526336,0.17955275,0
3857264,Nicolás Alejandro Tagliafico,Argentina,91,2,2,63,15.338839591051206,23.291869079629357,0,0,2.7779599199812086,23.29186907962934,16,0,2,12.192271717089303,3.6484112968890816,8.982271733279706,Left Foot,Open Play,Lob,From Throw In,Left Wing Back,1,0,0,1,Ground Pass,,17.755281,1,1,1,357.27024358820023,0.9999999999999992,0.18110626318837647,0.22421487,0
3857289,César Jasib Montes Castro,Mexico,9,1,0,1,12.478781991845203,35.37442467622876,0,1,0.6277506197424937,28.110408108821648,17,1,4,3.20935703053828,9.471482249525025,1.3120068975442933,Left Foot,Open Play,Volley,From Free Kick,Center Back,1,0,0,1,High Pass,,33.78905,1,1,0,441.4297336216081,0.7946534358115382,0.05030544007842467,0.0988946,0
3857289,Lautaro Javier Martínez,Argentina,39,1,0,2,7.317103251970684,57.26675720735481,1,1,0.5657994113765327,0.0,19,2,4,0.6555103811024422,7.042460604275456,0.6024804404519486,Head,Open Play,Normal,From Corner,Left Center Forward,1,0,0,1,High Pass,,31.296804,1,1,0,419.02677539175147,0.0,0.07732560166130611,0.13799548,0
3857289,Ernesto Alexis Vega Rojas,Mexico,44,1,0,0,27.917736297916413,16.131581275036243,6,1,10.718811114828455,0.0,20,1,0,1.10389840362167,27.164107863755696,0.6713880408502959,Right Foot,Free Kick,Normal,From Free Kick,Left Center Forward,1,0,0,1,,,,0,0,0,450.35723210486805,0.0,0.383942702246544,0.05948228,0
3857289,Ernesto Alexis Vega Rojas,Mexico,49,1,0,2,32.07553584899246,12.125196239239447,0,1,5.3661974682799505,9.781778584070612,16,0,0,2.755593229049941,29.341644596913433,1.7298797433245952,Right Foot,Open Play,Half Volley,From Throw In,Left Center Forward,1,0,0,1,,,,0,0,0,388.9221666477934,0.8067315687984423,0.16729876294330126,0.0077116457,0
3857289,Hirving Rodrigo Lozano Bahena,Mexico,47,2,0,5,26.692508312258703,16.92937892088756,1,1,1.6981237597754155,5.079958942196653,9,0,3,3.1969782011469987,23.591761669521528,0.3534175605927814,Right Foot,Open Play,Normal,From Free Kick,Left Center Forward,1,0,0,1,Ground Pass,,33.882442,1,1,0,451.8875875671685,0.3000676496128852,0.06361799123222682,0.040303126,0
3857289,Lionel Andrés Messi Cuccittini,Argentina,50,2,0,0,25.27152547829276,17.940781344693452,4,1,11.610404938792335,3.815724591057557,20,1,0,2.4691488104336843,25.19164404682343,2.4389741822234825,Left Foot,Free Kick,Normal,From Free Kick,Right Center Forward,1,0,0,1,,,,0,0,0,453.3909128529,0.2126844153410396,0.45942635907615526,0.067327775,0
3857289,Lionel Andrés Messi Cuccittini,Argentina,63,2,0,7,25.234302050978144,17.924798779706997,2,1,1.6005830545030775,11.792444435925574,17,0,2,2.738803540552376,22.49580928483596,0.24341485349071945,Left Foot,Open Play,Normal,From Goal Kick,Right Center Forward,1,0,0,1,Ground Pass,,31.17082,1,1,0,452.3197866101308,0.657884341177432,0.06342886168476512,0.033919714,1
3857289,Nahuel Molina Lucero,Argentina,69,2,1,6,20.66131651178114,19.80870194429708,1,1,10.40337813348839,9.294084901503236,16,0,0,3.2695907090745795,17.62364608756008,2.368030164189584,Right Foot,Open Play,Half Volley,From Throw In,Right Wing Back,1,0,0,1,Ground Pass,,39.332047,1,1,0,409.27386055865645,0.4691920211449797,0.503519614907228,0.050896797,0
3857289,Enzo Fernandez,Argentina,86,2,1,2,21.865269264292174,13.155069206746264,1,1,1.0225639281738377,7.709763088872263,18,0,3,3.3760847350044543,18.54016419753261,2.9540582185910083,Right Foot,Open Play,Normal,From Corner,Center Defensive Midfield,1,0,0,1,Ground Pass,,11.810589,1,1,0,287.6391303959055,0.586067847132153,0.04676658292261558,0.035064373,1
3869254,Breel-Donald Embolo,Switzerland,4,1,0,1,20.41200627082013,17.613815112298184,1,1,1.7148792811872455,12.091351848096162,15,0,2,3.6172761720105466,17.325500560906544,0.6381438032483686,Left Foot,Open Play,Normal,Regular Play,Right Center Forward,1,1,0,1,Low Pass,,24.405123,1,1,1,359.5333045252969,0.6864697835765194,0.08401326446968331,0.06137733,0
3869254,Gonçalo Matias Ramos,Portugal,16,1,0,2,15.229576487873851,17.86474119024901,1,1,1.944279501723716,0.0,16,0,2,2.991470486160034,12.33221445514272,2.7755451416694257,Left Foot,Open Play,Normal,From Throw In,Center Forward,1,1,0,1,Low Pass,,12.814445,1,1,1,272.07244239296784,0.0,0.12766471236227725,0.10102074,1
3869254,Otávio Edmilson da Silva Monteiro,Portugal,21,1,1,20,18.873261509341724,23.624076492745132,1,1,1.0140774012733442,5.194240618143104,16,0,3,4.0793591293281946,15.039676302699164,1.8845472005259083,Right Foot,Open Play,Half Volley,From Free Kick,Left Center Midfield,1,1,0,1,Low Pass,,7.1168814,1,1,1,445.86337356427134,0.21987063154567063,0.05373090394426024,0.032515083,0
3869254,Gonçalo Matias Ramos,Portugal,21,1,1,5,20.81657993043045,20.303012508058554,0,1,2.1174545434999446,15.806441661959191,9,0,2,5.529746986715444,15.294451144247459,2.300496482745487,Right Foot,Open Play,Normal,Regular Play,Center Forward,1,1,0,1,,,,0,0,0,422.63928270253007,0.7785269134659396,0.10171961727510151,0.072023906,0
3869254,Xherdan Shaqiri,Switzerland,29,1,-1,0,33.36240399012037,13.4516757982457,3,1,11.226164980600428,4.11548598081649,19,1,0,1.6114458334732524,33.521979089587234,1.6019364513906282,Left Foot,Free Kick,Normal,From Free Kick,Left Center Forward,1,1,0,1,,,,0,0,0,448.78024232519795,0.30594596855755407,0.33649148856074157,0.023890225,0
3869254,Kléper Laveran Lima Ferreira,Portugal,32,1,1,1,5.700000000000003,70.11885393377392,0,0,1.4708805849924387,70.11885393377392,19,1,5,6.882994618108713,6.031548207930115,5.729285181225336,Head,Open Play,Normal,From Corner,Right Center Back,1,1,0,1,High Pass,Outswinging,40.404083,1,1,1,399.67746742251154,1.0,0.2580492254372698,0.12779379,1
3869254,Remo Freuler,Switzerland,37,1,-2,3,5.72800139664787,62.864860377923165,0,1,2.4455507332327286,42.710204920481196,15,0,2,2.302505944746697,3.429019380556066,1.5359073302594268,Head,Open Play,Normal,From Throw In,Left Center Midfield,1,1,0,1,,,,0,0,0,360.09000804481724,0.6793971173040279,0.42694660211918056,0.2948616,0
3869254,Fabian Lukas Schär,Switzerland,37,1,-2,3,24.324884377936925,15.605693777420266,1,1,2.816837911704331,7.690413507002219,17,0,2,3.72491561424579,20.623025655580733,1.772072089554456,Right Foot,Open Play,Volley,From Throw In,Center Back,1,1,0,1,,,,0,0,0,379.60669677323773,0.49279536153204595,0.11580067012607262,0.024413843,0
3869254,Gonçalo Matias Ramos,Portugal,42,1,2,5,14.135416513141735,28.54796100490712,0,1,2.121719872954432,19.460544423569875,7,0,1,6.642610387929746,7.573885641704423,3.7502600861101243,Left Foot,Open Play,Normal,Regular Play,Center Forward,1,1,0,1,Ground Pass,Through Ball,32.87324,1,1,1,403.5373194052904,0.6816789619484486,0.1500995652290729,0.31703457,0
3869254,Raphaël Adelino José Guerreiro,Portugal,47,1,2,4,28.30194339616981,13.743920598697912,1,0,3.3452655783648453,8.13370060122675,17,0,2,,,,Left Foot,Open Play,Normal,From Corner,Left Back,1,1,0,1,Ground Pass,,29.413773,1,1,1,388.97966282580063,0.5918035208961648,0.11819914737083285,0.021823613,0
3869254,Gonçalo Matias Ramos,Portugal,48,2,2,1,7.441102068914249,48.69116731112027,1,0,0.46072781767055493,0.0,18,1,3,7.518744776781254,10.783384292835237,5.847894560160185,Head,Open Play,Normal,From Corner,Center Forward,1,1,0,1,High Pass,Outswinging,35.445168,1,1,1,362.3159458166269,0.0,0.06191661038964635,0.09938955,0
3869254,Gonçalo Matias Ramos,Portugal,50,2,2,5,6.08276253029822,57.9946167919165,0,1,0.907286581556562,37.44371857147486,15,0,2,3.2148256303665743,3.3635942827324548,3.006411627630378,Left Foot,Open Play,Normal,Regular Play,Center Forward,1,1,0,1,,,,0,0,0,352.76748198087364,0.64564127918669,0.14915699520363823,0.5086819,1
3869254,João Félix Sequeira,Portugal,52,2,3,1,21.382469455140114,16.65598730503699,1,1,1.5287298217353746,11.472330202507571,12,0,2,3.298540656754256,18.249396034045024,1.2733999096361828,Left Foot,Open Play,Normal,From Counter,Left Wing,1,1,0,1,Low Pass,,9.002777,1,1,1,356.14613979515497,0.6887811567338423,0.07149454018595053,0.043932665,0
3869254,Kléper Laveran Lima Ferreira,Portugal,53,2,3,1,10.19803902718557,39.90788487550103,1,0,2.1801383844302795,28.047611780322775,18,1,3,4.866930335383835,9.533713052415646,3.2994888909497604,Head,Open Play,Normal,From Corner,Right Center Back,1,1,0,1,High Pass,Outswinging,45.343136,1,1,1,406.9821674527883,0.7028087774589343,0.21378015701043543,0.05800441,0
3869254,Raphaël Adelino José Guerreiro,Portugal,54,2,3,7,11.85622199522259,30.30245808966239,0,1,2.1547897010310915,21.073291586899554,11,0,1,4.458443734595303,7.457804893800202,3.2773367153541173,Left Foot,Open Play,Normal,From Free Kick,Left Back,1,1,0,1,Ground Pass,,15.8823805,1,1,1,359.27267011196597,0.6954317542341113,0.18174336663899798,0.35848966,1
3869254,Manuel Obafemi Akanji,Switzerland,57,2,-4,1,4.780167361086849,56.62894799424703,0,0,2.962033856243889,56.62894799424703,20,1,1,2.5866560136139007,6.886446724553997,2.28586667459831,Right Foot,Open Play,Volley,From Corner,Right Center Back,1,1,0,1,,,,0,0,0,270.6958488947842,1.0,0.6196506591707329,0.6688656,1
3869254,Xherdan Shaqiri,Switzerland,65,2,-3,3,30.10149497948565,9.340149872629805,0,0,4.830905307791555,9.340149872629814,20,0,1,3.0134964567239715,30.092805708558238,1.702801816792416,Left Foot,Open Play,Normal,From Throw In,Right Midfield,1,1,0,1,Ground Pass,,6.0207973,1,1,1,281.1524744986096,1.0000000000000009,0.16048722201617716,0.007870479,0
3869254,Gonçalo Matias Ramos,Portugal,66,2,3,4,9.40212741883453,39.27216467839459,0,1,2.2302909301988163,13.811606562941419,11,0,3,7.051036047055475,2.4375836401416797,4.77437183738207,Right Foot,Open Play,Lob,From Goal Kick,Center Forward,1,1,0,1,Ground Pass,Through Ball,11.403947,1,1,1,369.2418963197187,0.3516894644348396,0.23721130663801182,0.46699882,1
3869254,Cristiano Ronaldo dos Santos Aveiro,Portugal,75,2,4,0,31.483646548644895,14.312110722403078,3,1,9.959822065096512,5.154126697236782,18,1,0,1.884599594632905,30.156375329910126,1.50416328079163,Right Foot,Free Kick,Normal,From Free Kick,Center Forward,1,1,0,1,,,,0,0,0,450.59743534920926,0.36012345049629246,0.3163490623523468,0.028790973,0
3869254,Breel-Donald Embolo,Switzerland,79,2,-4,4,17.917868176767016,25.14682730353593,1,0,2.1972760158895297,22.867817144227438,16,1,3,5.920833317042536,14.573316999038912,4.530288015314575,Right Foot,Open Play,Overhead Kick,Regular Play,Left Center Forward,1,1,0,1,Ground Pass,,26.220602,1,1,1,450.5775366886823,0.9093718610383889,0.12263043762865723,0.032889098,0
3869254,Granit Xhaka,Switzerland,80,2,-4,1,8.745856161634489,41.96574948211036,1,1,0.4560844107073651,0.0,19,0,6,3.2126788647052167,5.542457213604617,2.1676666079426425,Head,Open Play,Normal,From Corner,Left Defensive Midfield,1,1,0,1,High Pass,Outswinging,35.06565,1,1,1,367.0264086857243,0.0,0.05214862927978097,0.0836758,0
3869254,Noah Okafor,Switzerland,84,2,-4,10,20.49804868761902,12.931341579945006,1,1,1.1180824411386612,5.222941505331369,17,0,2,4.72948031576586,15.770702888898333,3.968478202110745,Right Foot,Open Play,Normal,Regular Play,Left Midfield,1,1,0,1,Ground Pass,,41.86669,1,1,1,265.067269301945,0.40389788430239437,0.05454579887957783,0.032096077,0
3869254,Rafael Alexandre Conceição Leão,Portugal,91,2,4,18,23.661994844053197,12.441999538664735,0,1,1.0178024800042051,10.614017202162717,12,0,2,4.058965980819859,20.139069125893183,1.6132590471131465,Right Foot,Open Play,Normal,From Free Kick,Right Wing,1,1,0,1,Ground Pass,,20.84922,1,1,1,294.40252893359724,0.8530796974536622,0.0430142296417583,0.010257767,1
3869254,Rúben Santos Gato Alves Dias,Portugal,93,2,5,1,12.149485585818027,36.10805303809495,0,1,1.6141753180942435,29.688423064916588,16,2,6,4.266798021152805,9.096116703288326,3.056014110562444,Head,Open Play,Normal,From Corner,Left Center Back,1,1,0,1,High Pass,Outswinging,39.945087,1,1,1,438.69426991828743,0.8222105753969763,0.1328595607355141,0.03750256,0
3869118,John Stones,England,20,1,0,1,8.450443775329198,43.1816124492771,0,1,1.6591030090068577,29.957833889455852,18,3,7,4.469296482442253,4.65908571637643,3.961842258469048,Other,Open Play,Normal,From Corner,Right Center Back,1,0,0,1,High Pass,Inswinging,35.205254,1,1,0,364.90378813067144,0.6937636690766367,0.1963332403737844,0.08366814,0
3869118,Boulaye Dia,Senegal,21,1,0,3,11.715374513859988,36.94920232560936,0,1,1.0116021683705092,28.384249482269812,10,0,1,3.693461670703562,8.034953107044895,1.099020014727472,Right Foot,Open Play,Volley,Regular Play,Center Forward,1,0,0,1,High Pass,,26.084862,1,1,0,432.87374323290015,0.7681965427057891,0.08634825691434135,0.05336251,0
3869118,Ismaïla Sarr,Senegal,22,1,0,3,4.3289721643826695,85.44593908714997,0,1,1.3556927829061172,38.33284972632336,9,0,3,3.151859111950202,1.3556927829061172,0.9256636070663475,Right Foot,Open Play,Half Volley,Regular Play,Left Wing,1,0,0,1,,,,0,0,0,369.89309186780935,0.44862108294258485,0.31316735969344006,0.629174,0
3869118,Boulaye Dia,Senegal,31,1,0,34,13.23064624271997,19.90786778298907,1,1,0.7427695726159775,0.0,14,0,1,5.774817892370075,7.677894825006068,5.393752900804579,Left Foot,Open Play,Normal,From Free Kick,Center Forward,1,0,0,1,Ground Pass,,14.123031,1,1,0,263.3939560835703,0.0,0.056140082577196784,0.0358749,0
3869118,Jordan Brian Henderson,England,38,1,0,7,12.56025477448607,34.98333901991097,0,1,2.3627190191511627,26.64656829489727,10,0,2,4.7985052476336385,8.254470090904773,2.3999497413790394,Left Foot,Open Play,Normal,From Goal Kick,Right Center Midfield,1,0,0,1,Ground Pass,,16.714664,1,1,0,439.3996509523016,0.7616931099610367,0.18811075583837736,0.13174866,1
3869118,Harry Kane,England,40,1,1,2,10.024470060806207,43.43641446672429,1,1,1.8655550341444067,12.317826153035666,14,0,2,2.6249393278572706,8.548967986068131,1.8667207249276458,Right Foot,Open Play,Normal,From Goal Kick,Center Forward,1,0,0,1,Ground Pass,,22.68612,1,1,0,435.42703637044724,0.2835829408173663,0.18610011530069565,0.18422936,0
3869118,Harry Kane,England,47,1,1,2,18.999473676920637,20.00550653881291,0,1,1.2122876811430552,12.322802501253427,11,0,1,10.05386711615723,8.956022542206167,5.918843743971479,Right Foot,Open Play,Normal,Regular Play,Center Forward,1,0,0,1,,,,0,0,0,380.0940948776396,0.6159705317806284,0.06380638231129875,0.20664306,1
3869118,Pape Matar Sarr,Senegal,49,2,-2,6,27.620282402611313,16.243235444110944,2,1,2.3749755234243257,9.967422884954926,17,0,1,2.8808821796201602,25.094079020083036,0.8544048980927528,Left Foot,Open Play,Half Volley,Regular Play,Center Attacking Midfield,1,0,0,1,,,,0,0,0,448.6427500984499,0.6136353141743481,0.0859866488258566,0.018660808,0
3869118,Bukayo Saka,England,53,2,2,1,18.18928255869373,17.35557888375205,0,1,2.1750357923658674,12.196461712812436,13,0,2,5.022179108297318,13.33138323865226,4.348604596371729,Right Foot,Open Play,Normal,Regular Play,Right Wing,1,0,0,1,Ground Pass,,16.003124,1,1,0,315.68552828626434,0.7027401272239051,0.1195778769914314,0.03518777,0
3869118,Harry Kane,England,55,2,2,12,32.19720484762614,13.019295259133694,1,1,4.37520721416663,3.8184860479178235,17,0,1,3.6228638910742434,28.595851048916277,1.103498612324998,Right Foot,Open Play,Normal,From Goal Kick,Center Forward,1,0,0,1,Ground Pass,,9.602604,1,1,0,419.18491643005535,0.2932943736135766,0.13588779631251774,0.015214441,0
3869118,Bukayo Saka,England,56,2,2,4,9.889893831583835,41.350618919853176,1,1,0.876552034692587,16.030273693925064,12,0,2,6.436114082723681,3.8600938477133115,3.8640210880459165,Left Foot,Open Play,Normal,Regular Play,Right Wing,1,0,0,1,Ground Pass,,22.046541,1,1,0,408.95323098762975,0.3876670800259447,0.08863108640188608,0.21738943,1
3869118,Pape Matar Sarr,Senegal,68,2,-3,7,31.232034836046147,14.492831982786639,3,0,2.6326748375681808,0.0,16,0,1,,,,Right Foot,Open Play,Normal,From Free Kick,Center Attacking Midfield,1,0,0,1,Ground Pass,,11.520851,1,1,0,452.64063335935606,0.0,0.08429405421031694,0.013223637,0
3869118,Pape Matar Sarr,Senegal,73,2,-3,0,33.68753478662397,12.965628242391762,2,1,10.976253178326848,6.2877788172593,20,0,0,0.14852412103764773,33.83578974960303,0.03500670192684652,Right Foot,Free Kick,Normal,From Free Kick,Right Defensive Midfield,1,0,0,1,,,,0,0,0,436.7800524460067,0.4849575122554491,0.32582536085974145,0.021199826,0
3869118,Ismaïla Sarr,Senegal,83,2,-3,18,8.429116205154612,50.67578827025046,1,1,1.642019033520056,34.60845589874438,15,1,3,1.3333339684558208,7.098454870023457,0.18770507974942063,Head,Open Play,Normal,Regular Play,Left Wing,1,0,0,1,High Pass,,38.908226,1,1,0,427.15210811775216,0.6829386790034698,0.19480322652521043,0.107544675,0
3869118,Pape Gueye,Senegal,86,2,-3,1,26.394128134871206,15.315288737782133,2,1,1.3133416036217218,2.896726659024553,17,0,3,3.9802744285245093,22.624824075298122,2.830067903280792,Left Foot,Open Play,Normal,From Throw In,Center Attacking Midfield,1,0,0,1,Low Pass,,20.56818,1,1,0,404.2336933675715,0.18913953949026488,0.0497588553374707,0.027956013,0
3869118,Pape Matar Sarr,Senegal,88,2,-3,9,26.953663943887115,16.85078872616557,1,1,5.883497373347565,11.517186327776146,16,1,0,3.8236036301048246,25.967852280935556,3.5319523425083688,Right Foot,Open Play,Normal,From Free Kick,Right Defensive Midfield,1,0,0,1,Ground Pass,,18.439089,1,1,0,454.1904965145085,0.6834805488892332,0.21828191468128388,0.032847784,0
3869118,Marcus Rashford,England,90,2,3,15,6.296824596572466,36.65610841596693,0,1,1.0024218139534813,24.533787963135975,14,0,3,1.4327935342474627,4.890776706964809,1.2382691997729012,Right Foot,Open Play,Half Volley,From Goal Kick,Right Wing,1,0,0,1,High Pass,,23.407692,1,1,0,230.81708508828757,0.6692960334122476,0.1591948129695604,0.1459426,0
3869118,Cheikh Ahmadou Bamba Mbacke Dieng,Senegal,92,2,-3,0,29.867875719575373,13.355799719273513,5,1,9.9985369968934,5.0568295729147295,19,0,0,0.4753350124982809,30.13571455588547,0.21280801218459544,Right Foot,Free Kick,Normal,From Free Kick,Right Wing,1,0,0,1,,,,0,0,0,398.90936615080096,0.3786242440890537,0.33475889248930984,0.03296228,0
3869519,Enzo Fernandez,Argentina,24,1,0,3,27.07803537925158,16.70173605586448,1,1,3.546189581544612,7.74386441388583,19,0,2,1.1180539450751203,26.068050965044215,0.3513038522536931,Right Foot,Open Play,Normal,From Throw In,Left Defensive Midfield,1,0,0,1,Ground Pass,,7.955501,1,1,1,452.25019981562014,0.46365625633071406,0.1309618490365761,0.027808638,0
3869519,Lionel Andrés Messi Cuccittini,Argentina,33,1,0,0,12.0,36.86989764584404,0,1,9.217098174379014,30.88218647612899,7,0,0,0.5935466502933601,11.487900936627149,0.29359006625322337,Left Foot,Penalty,Normal,Other,Right Center Forward,1,0,0,1,,,,0,0,0,442.43877175012847,0.8375989207447668,0.7680915145315845,0.7835,1
3869519,Rodrigo Javier De Paul,Argentina,40,1,2,9,26.931765630942213,15.386538957487991,1,1,5.35156994181688,11.753231221455508,16,0,0,1.8717750941319713,25.078618471657776,1.015260082134482,Right Foot,Open Play,Normal,Regular Play,Right Midfield,1,0,0,1,Ground Pass,,13.523683,1,1,1,414.3866610744285,0.7638645217049086,0.19870846995892466,0.027667157,0
3869519,Alexis Mac Allister,Argentina,41,1,2,1,9.700000000000003,33.65957933802652,0,1,1.7337491405809138,25.23518498927063,18,2,3,2.1593693795935227,8.168766206358141,2.15814053092803,Head,Open Play,Normal,From Corner,Left Midfield,1,0,0,1,High Pass,Outswinging,33.339767,1,1,1,326.4979195788573,0.749717776798282,0.178737024802156,0.0684051,0
3869519,Luka Modrić,Croatia,44,1,-2,14,27.822652641328066,15.959369750674215,2,1,5.599399087156527,5.894354795701265,18,0,0,1.664773567467292,26.300398947756094,0.9847279663307944,Right Foot,Open Play,Normal,From Throw In,Right Center Midfield,1,0,0,1,Ground Pass,,13.420135,1,1,1,444.0320009475272,0.3693350607064075,0.20125324351133653,0.026162526,0
3869519,Mario Pašalić,Croatia,44,1,-2,16,5.830951894845297,14.931417178137432,0,0,2.16251627378446,14.93141717813744,16,0,2,3.137751999401102,3.0802557083690094,2.8193916068227196,Right Foot,Open Play,Half Volley,From Throw In,Right Wing,1,0,0,1,,,,0,0,0,87.06437528758607,1.0000000000000007,0.37086848130168537,0.07864248,0
3869519,Leandro Daniel Paredes,Argentina,48,2,2,6,35.32760959929217,12.803864058475886,0,1,4.319372960357424,10.68178483418535,18,0,1,3.1092303291415093,32.401648622201236,1.39742229624634,Right Foot,Open Play,Normal,Regular Play,Right Defensive Midfield,1,0,0,1,Ground Pass,,7.1561165,1,1,1,452.32991082024466,0.8342625933390971,0.12226621074424374,0.014370957,0
3869519,Lionel Andrés Messi Cuccittini,Argentina,57,2,2,14,12.30040649734796,23.346641293992523,1,1,0.697762245145415,3.848472789623675,13,0,3,5.029775446391229,7.375011856292914,4.4659825672202516,Left Foot,Open Play,Normal,Regular Play,Right Center Forward,1,0,0,1,Ground Pass,,7.0604534,1,1,1,287.17317826387784,0.1648405327842147,0.05672676307859066,0.10581502,0
3869519,Dejan Lovren,Croatia,61,2,-2,1,7.300684899377589,57.43368475363673,2,1,0.5892545919469308,0.0,17,1,6,2.7821615683526764,5.381081307897777,1.7364125038453864,Head,Open Play,Normal,From Free Kick,Right Center Back,1,0,0,1,High Pass,,40.508022,1,1,1,419.30523499648854,0.0,0.08071223454626386,0.09374543,0
3869519,Ivan Perišić,Croatia,72,2,-3,0,37.90118731649446,11.987009679572017,3,1,10.526370234940112,0.0,21,1,0,3.781357242324706,34.178619196312695,0.24370744977202463,Left Foot,Free Kick,Normal,From Free Kick,Left Back,1,0,0,1,,,,0,0,0,454.3218992300912,0.0,0.27773193876591495,0.00752127,0
3869519,Ivan Perišić,Croatia,74,2,-3,2,38.97858386344994,10.31470664591045,1,0,3.3514906866929897,6.006866467203911,19,0,1,,,,Left Foot,Open Play,Normal,From Throw In,Left Back,1,0,0,1,Ground Pass,,30.801622,1,1,1,402.0526580245049,0.5823594090856185,0.08598287455578059,0.0058680973,0
3869519,Alexis Mac Allister,Argentina,82,2,3,2,14.536161804272824,27.85277103462502,0,1,1.9936806443663921,21.162184310043287,15,1,2,4.3437152449654866,10.282209573799575,2.628229788323374,Right Foot,Open Play,Volley,From Free Kick,Left Center Midfield,1,0,0,1,High Pass,Through Ball,17.24094,1,1,1,404.8723864566727,0.7597873936397794,0.13715316816165055,0.14140838,0
3869519,Nikola Vlašić,Croatia,92,2,-3,3,20.500000000000004,17.980923539571922,1,1,1.8905299883382602,0.0,17,0,3,3.991778796346123,16.576565127631156,2.8909767513214746,Left Foot,Open Play,Normal,From Corner,Right Wing,1,0,0,1,Ground Pass,,13.983204,1,1,1,368.6089325612245,0.0,0.09222097504089073,0.049129687,0
3869519,Dejan Lovren,Croatia,94,2,-3,8,30.898867293154943,14.661514536606514,1,1,4.551970568980305,8.007326943264882,18,1,1,3.4675218780705013,27.71521561445774,1.656708071163436,Left Foot,Open Play,Normal,Regular Play,Right Center Back,1,0,0,1,Ground Pass,,8.7,1,1,1,453.0241919832668,0.5461459607922757,0.14731836367311457,0.02342664,0
3869354,Philip Foden,England,3,1,0,1,19.799999999999997,22.842372549998565,2,1,1.1037381936266804,0.0,14,0,3,2.327278374272567,17.54236149215662,0.5318096602832725,Left Foot,Open Play,Half Volley,Regular Play,Left Wing,1,0,0,1,Ground Pass,,23.43075,1,1,0,452.2789764899715,0.0,0.05574435321346871,0.022691524,0
3869354,Olivier Giroud,France,10,1,0,5,9.865596788841517,43.65554626746644,0,1,1.4322103873444854,35.190293106335055,13,0,2,1.7703040971865573,8.129409662889412,0.009234128048980494,Head,Open Play,Diving Header,Regular Play,Center Forward,1,0,0,1,High Pass,,37.223648,1,1,0,430.68801707143916,0.8060898583362827,0.1451721997157219,0.21537142,0
3869354,Aurélien Djani Tchouaméni,France,16,1,0,6,27.721832551258224,16.296745379067737,2,1,2.42479915987791,0.0,18,0,1,1.3134049128167686,26.41380250338324,0.050237445788425816,Right Foot,Open Play,Normal,Regular Play,Right Defensive Midfield,1,0,0,1,Ground Pass,,7.856844,1,1,0,451.775646529007,0.0,0.08746893465265718,0.027870113,1
3869354,Luke Shaw,England,20,1,-1,0,25.656188337319325,15.325147648077834,4,1,9.422226208886077,0.0,19,0,0,1.9207857566672542,24.293674845504324,0.40988863546861865,Left Foot,Free Kick,Normal,From Free Kick,Left Back,1,0,0,1,,,,0,0,0,393.18487435631124,0.0,0.3672496508446879,0.05589417,0
3869354,Harry Kane,England,21,1,-1,11,13.776792079435625,16.414524476012733,0,1,1.8386896410869065,13.175706326262228,13,0,3,10.0793752699592,3.810819866691704,8.532025255782692,Right Foot,Open Play,Normal,From Throw In,Center Forward,1,0,0,1,Ground Pass,,33.52014,1,1,0,226.13949078883442,0.8026858375042462,0.13346282868212014,0.07522586,0
3869354,Jude Bellingham,England,21,1,-1,12,5.077400909914441,65.64003897231298,2,0,0.8358945345239083,47.30795733809643,13,0,4,5.809667634921653,8.990796446121882,4.657530642506217,Head,Open Play,Normal,From Throw In,Left Center Midfield,1,0,0,1,High Pass,,20.207424,1,1,0,333.2807936048413,0.7207179958874028,0.16463039837797522,0.21807538,0
3869354,Harry Kane,England,28,1,-1,7,28.901557051480808,12.81726269166913,2,1,4.819022589391249,5.104796980564984,18,0,1,1.8885297440769069,27.032357274950797,1.3168116098393696,Right Foot,Open Play,Normal,From Throw In,Center Forward,1,0,0,1,Ground Pass,,12.104958,1,1,0,370.43884892709184,0.3982751312324247,0.16673920304042375,0.018916143,0
3869354,Kylian Mbappé Lottin,France,38,1,1,3,14.029255147726122,28.161880570992146,3,1,2.020856242267152,8.05126630271296,18,0,1,3.9756189678863185,11.865740162211312,3.9189954982757627,Left Foot,Open Play,Half Volley,From Free Kick,Left Wing,1,0,0,1,Low Pass,,13.9603,1,1,0,395.0902079702398,0.28589235304854194,0.14404586850747345,0.06798863,0
3869354,Jude Bellingham,England,46,2,-1,2,20.523401277566062,20.462549396857362,2,1,3.38777827494899,7.119330740906299,19,1,1,1.5477461747368584,19.33830234088072,1.360995221749974,Right Foot,Open Play,Half Volley,From Corner,Left Center Midfield,1,0,0,1,Ground Pass,,8.485281,1,1,0,419.96111243372104,0.347920027110585,0.1650690462624311,0.046397094,0
3869354,Harry Maguire,England,47,2,-1,1,9.86154146165801,20.513529470867383,0,1,0.8931018033070426,19.35261561527941,17,2,4,9.281982180252848,0.8931018033070426,8.289722319015354,Head,Open Play,Normal,From Corner,Left Center Back,1,0,0,1,High Pass,Straight,49.246826,1,1,0,202.2950214019022,0.9434074054766314,0.0905641178693464,0.048588943,0
3869354,Jordan Brian Henderson,England,51,2,-1,17,25.02338905903835,13.917535080292286,3,1,2.6222757130841847,0.0,15,0,1,2.82100058155829,22.202392535793233,1.8522486406538476,Right Foot,Open Play,Half Volley,From Free Kick,Right Center Midfield,1,0,0,1,,,,0,0,0,348.2638950569684,0.0,0.10479298814790353,0.017202334,0
3869354,Harry Kane,England,53,2,-1,0,11.900420160649796,37.156345075648375,0,1,9.922189906429587,31.189402131039216,12,0,0,0.6091793649894484,11.527848781735822,0.4774558663398807,Right Foot,Penalty,Normal,Other,Center Forward,1,0,0,1,,,,0,0,0,442.1761180343067,0.839409852275277,0.8337680327656438,0.7835,1
3869354,Adrien Rabiot,France,54,2,0,5,24.608941464435244,18.318256968965528,0,1,3.0994549406849026,14.689319628062238,11,0,2,5.798013756785962,18.94946718102812,1.8358277606039266,Left Foot,Open Play,Half Volley,From Kick Off,Left Defensive Midfield,1,0,0,1,High Pass,,56.911335,1,1,0,450.79291347975567,0.8018950521847481,0.1259483243179811,0.06667264,0
3869354,Bukayo Saka,England,59,2,0,11,18.439088914585774,22.52939800293686,1,1,1.2897439128697263,8.684582577298032,13,0,3,3.091934253423408,15.58378575265177,2.1856268121574303,Right Foot,Open Play,Normal,Regular Play,Right Wing,1,0,0,1,Ground Pass,,22.749065,1,1,0,415.4215729682439,0.38547779111390096,0.06994618437191369,0.07073746,0
3869354,Ousmane Dembélé,France,60,2,0,4,24.71214276423637,15.417468488814286,1,1,2.9980839660488585,3.7523608358519476,14,0,4,3.0715499861601137,21.695917015120045,2.1392118533314104,Left Foot,Open Play,Normal,From Keeper,Right Wing,1,0,0,1,Ground Pass,,24.628845,1,1,0,380.99868235869417,0.2433837201337151,0.12132027540678149,0.030820057,0
3869354,Harry Kane,England,61,2,0,7,25.044959572736392,15.298336255027692,2,1,1.0105745409388673,0.0,16,0,2,2.986125763295405,22.33529698733839,0.5218077444777975,Left Foot,Open Play,Normal,Regular Play,Center Forward,1,0,0,1,Ground Pass,,11.236102,1,1,0,383.146213037296,0.0,0.040350416138781285,0.029508974,0
3869354,Harry Maguire,England,69,2,0,1,11.992080720208655,34.304261164429164,0,1,1.5837819293158888,26.967814201606515,17,1,3,3.0679217707794364,9.37809924335361,2.4218973729746978,Head,Open Play,Normal,From Free Kick,Left Center Back,1,0,0,1,High Pass,,38.954975,1,1,0,411.37946893095346,0.7861359867901784,0.13206898504668604,0.07199757,0
3869354,Luke Shaw,England,70,2,0,5,21.666794871415565,11.566056898297912,1,1,1.2927522778193614,0.6068729335972338,13,0,2,4.932201954779785,16.999698357330104,4.747337209314537,Left Foot,Open Play,Normal,Regular Play,Left Back,1,0,0,1,High Pass,,4.304649,1,1,0,250.5993822865418,0.05247016670707738,0.05966513669840737,0.006951497,0
3869354,Olivier Giroud,France,74,2,0,11,9.970456358662823,34.25382607010934,1,1,1.4404363713798791,13.926715468305169,9,0,2,2.7172130186956656,7.4805889743629495,2.4595286248809813,Head,Open Play,Normal,Regular Play,Center Forward,1,0,0,1,High Pass,,40.494938,1,1,0,341.52627794925206,0.40657401131775855,0.1444704554700104,0.075690374,0
3869354,Olivier Giroud,France,76,2,0,11,8.71435597161374,49.26474210726159,0,1,2.0880180870118723,40.43889131174777,13,0,4,0.9169467524989259,7.797883836518054,0.024728475183827925,Left Foot,Open Play,Volley,Regular Play,Center Forward,1,0,0,1,Low Pass,,9.4,1,1,0,429.3104995724259,0.8208485334948521,0.23960670115076896,0.20829616,0
3869354,Olivier Giroud,France,77,2,0,4,6.407027391856537,59.425326012360806,1,1,0.5253098397719055,0.0,17,0,3,0.402917024341153,6.085809292244491,0.012977386806682034,Head,Open Play,Normal,From Corner,Center Forward,1,0,0,1,High Pass,,37.297855,1,1,0,380.7396915312005,0.0,0.08198963538685429,0.14665264,1
3869354,Harry Kane,England,83,2,-1,0,11.900420160649796,37.156345075648375,0,1,10.075870094776347,31.322945842604913,10,0,0,0.4810906805726875,11.79151934524587,0.46733897787240863,Right Foot,Penalty,Normal,Other,Center Forward,1,0,0,1,,,,0,0,0,442.1761180343067,0.8430039547440157,0.8466818783502663,0.7835,0
3869354,Mason Mount,England,88,2,-1,5,30.86000648088072,14.605827501298108,2,0,4.724072036566743,9.402743671005307,15,0,1,,,,Right Foot,Open Play,Normal,Regular Play,Right Center Midfield,1,0,0,1,Low Pass,,18.427155,1,1,0,450.7359313486855,0.6437665835892987,0.15308072081882212,0.024138648,0
3869354,Marcus Rashford,England,100,2,-1,0,23.2606964642076,18.92263571174378,6,1,9.988649345983145,3.4255689384756853,19,0,0,1.429137474587432,22.57754316644998,1.0139482105004305,Right Foot,Free Kick,Normal,From Free Kick,Left Wing,1,0,0,1,,,,0,0,0,440.153685593647,0.18103022172274374,0.42942176565319873,0.07922588,0
3869552,Kylian Mbappé Lottin,France,4,1,0,16,13.621306838919677,28.486240854470513,3,1,1.2608081287511748,3.5028431852573454,15,1,6,3.4860956665686804,10.160380231822947,2.163088978363831,Left Foot,Open Play,Normal,From Throw In,Left Wing,1,1,0,1,Ground Pass,,11.715375,1,1,1,388.0198273661123,0.12296614366046209,0.0925614659196071,0.09459595,0
3869552,Theo Bernard François Hernández,France,4,1,0,16,9.525754563287885,24.714830268194902,1,1,1.9247132254268504,8.881039624473026,15,0,1,7.748915103591768,1.9247132254268504,7.189793901949386,Left Foot,Open Play,Half Volley,From Throw In,Left Back,1,1,0,1,,,,0,0,0,235.42740720814314,0.35934050641253584,0.20205362343101577,0.0979349,1
3869552,Azzedine Ounahi,Morocco,9,1,-1,7,28.119210515233178,14.19814366325271,1,1,4.005266582267622,0.7581906300707321,15,0,2,1.9426072642786434,26.179815594202164,0.858019124516666,Right Foot,Open Play,Normal,Regular Play,Left Defensive Midfield,1,1,0,1,Ground Pass,,14.579781,1,1,1,399.2405905925269,0.053400687304852576,0.14243879927204312,0.01924696,0
3869552,Hakim Ziyech,Morocco,16,1,-1,4,19.952944644838762,15.89310067062902,1,1,1.5758885866922099,0.0,11,0,2,4.598264333990901,15.657810451942254,4.182589204772768,Right Foot,Open Play,Normal,Regular Play,Right Wing,1,1,0,1,Ground Pass,,23.900837,1,1,1,317.11415791591065,0.0,0.07898025152391959,0.06111174,0
3869552,Olivier Giroud,France,16,1,1,2,19.68247951859724,17.457617652555154,1,1,2.076936833676396,8.507246214396503,8,0,2,5.994684699653416,13.69635452800869,3.818178146153052,Left Foot,Open Play,Normal,From Goal Kick,Center Forward,1,1,0,1,High Pass,,62.803265,1,1,1,343.60920188991844,0.4873085425348031,0.10552211329441373,0.09802507,0
3869552,Achraf Hakimi Mouh,Morocco,25,1,-1,11,28.05316381444346,14.375315315339355,1,1,3.0992832172613403,10.919796170414985,15,0,3,3.5761455951735073,25.817482161691604,1.2286337989600824,Right Foot,Open Play,Normal,From Throw In,Right Back,1,1,0,1,Ground Pass,,13.257451,1,1,1,403.2730754254929,0.7596213321848241,0.11047891916082714,0.020597277,0
3869552,Aurélien Djani Tchouaméni,France,32,1,1,2,25.02818411311536,17.46058717665713,2,1,3.9037394237135623,8.638402761096414,11,0,1,4.684818248417404,20.365599667774912,0.9295431465393449,Right Foot,Open Play,Normal,Regular Play,Right Defensive Midfield,1,1,0,1,Ground Pass,,16.107452,1,1,1,437.0067905804757,0.49473724300892935,0.1559737376898994,0.040336993,0
3869552,Olivier Giroud,France,34,1,1,1,9.266067126888295,42.84805948955358,1,1,1.0735973357772375,0.0,15,2,4,1.6980911679788175,7.687614134892788,1.2750116937571931,Head,Open Play,Normal,From Corner,Center Forward,1,1,0,1,High Pass,Inswinging,36.41236,1,1,1,397.03299548710646,0.0,0.11586332378942844,0.060999498,0
3869552,Youssouf Fofana,France,34,1,1,1,16.992351220475644,24.726630237284883,2,1,2.547607440597954,9.357335789045344,15,0,2,3.2568126124392944,13.795989508795696,1.7469479263506642,Left Foot,Open Play,Half Volley,From Corner,Left Defensive Midfield,1,1,0,1,,,,0,0,0,420.16358549077773,0.37843150074430965,0.14992671747086464,0.061363008,0
3869552,Kylian Mbappé Lottin,France,35,1,1,1,12.31665539016173,26.073181198571525,0,1,2.8408251100386943,6.296900356392974,7,0,2,9.479140524018915,2.8408251100386943,6.921924984515279,Right Foot,Open Play,Normal,From Counter,Left Wing,1,1,0,1,Ground Pass,,26.512074,1,1,1,321.13438774804945,0.24150870998196272,0.2306490699015483,0.15100354,0
3869552,Olivier Giroud,France,35,1,1,2,14.418391033676402,30.62578034922602,1,1,6.350252093220229,11.184796611764114,11,0,0,6.545602475170492,8.00441565961592,0.16574787631014942,Left Foot,Open Play,Normal,From Counter,Center Forward,1,1,0,1,Ground Pass,,27.322153,1,1,1,441.5744767866234,0.36520854274483094,0.44042723479951573,0.2635025,0
3869552,Raphaël Varane,France,39,1,1,1,10.1044544632553,30.343248884239582,1,1,2.2160991704512925,17.95181634012564,15,0,3,3.345342411946327,6.794341814819705,2.349568739545468,Right Foot,Open Play,Volley,From Corner,Right Center Back,1,1,0,1,High Pass,Inswinging,32.712383,1,1,1,306.601976618021,0.5916247270887954,0.21931903186956847,0.07554505,0
3869552,Jawad El Yamiq,Morocco,43,1,-1,1,14.179210133149164,28.958560837764164,2,1,1.600832637287074,17.424778527027335,18,0,2,1.1470831099283094,13.108482957297259,0.10606056892500959,Right Foot,Open Play,Overhead Kick,From Corner,Left Center Back,1,1,0,1,,,,0,0,0,410.60951927224215,0.6017142434890652,0.11289998682962839,0.06408756,0
3869552,Sofiane Boufal,Morocco,43,1,-1,3,23.467637290532675,19.217897714192308,3,0,6.7241341863518125,6.019149626403302,18,0,0,,,,Right Foot,Open Play,Half Volley,From Corner,Left Wing,1,1,0,1,Ground Pass,,15.570806,1,1,1,450.9986530432221,0.3132054148648213,0.2865279577618351,0.035300843,0
3869552,Jules Koundé,France,46,2,1,11,28.077749197540747,15.072425399411372,1,0,1.9354562977942313,11.771065416411988,14,0,1,6.361774776312117,23.601092520273195,1.995281820821269,Right Foot,Open Play,Half Volley,From Throw In,Right Back,1,1,0,1,High Pass,,34.82786,1,1,1,423.19978016331544,0.7809669050922412,0.06893203170159211,0.01766911,0
3869552,Yahia Attiyat allah,Morocco,52,2,-1,9,11.315917991926243,36.063841375731926,1,1,2.0875307394925318,10.34299399661068,14,1,2,1.6660032834294893,10.578914289171362,0.9372930633887435,Right Foot,Open Play,Half Volley,From Throw In,Left Back,1,1,0,1,,,,0,0,0,408.095471481619,0.2867967915245625,0.18447736551130514,0.24936919,0
3869552,Sofyan Amrabat,Morocco,53,2,-1,16,27.789386463180506,16.22019369560277,1,1,1.1269211154564212,0.0,19,0,2,1.6367611060947158,26.35558097967302,0.5527056074778969,Right Foot,Open Play,Normal,From Throw In,Center Defensive Midfield,1,1,0,1,,,,0,0,0,450.7492311147494,0.0,0.040552212872692714,0.020691318,0
3869552,Marcus Thuram,France,70,2,1,1,7.7781745930520225,44.676298475079776,0,0,1.866081791351376,44.676298475079776,20,2,3,5.480350845526347,7.26254498267962,1.755986016286549,Head,Open Play,Normal,From Free Kick,Left Wing,1,1,0,1,High Pass,,35.211502,1,1,1,347.50004971047434,1.0,0.23991256162059968,0.115658596,0
3869552,Youssouf Fofana,France,73,2,1,3,15.226621424334423,17.29279183631318,1,1,4.143621510052947,7.105619726594144,12,0,1,3.2090665581562146,12.02015296301971,2.738141557560162,Left Foot,Open Play,Normal,Regular Play,Left Center Midfield,1,1,0,1,Ground Pass,,7.4431176,1,1,1,263.3107946613617,0.4109006685475178,0.2721300671093601,0.040043775,0
3869552,Kylian Mbappé Lottin,France,78,2,1,10,16.36704005005181,22.123846475311364,2,1,1.1029891755171124,9.323392443918978,12,1,4,5.579221811727833,10.78800040312918,3.5055425103971984,Right Foot,Open Play,Normal,From Goal Kick,Center Forward,1,1,0,1,Ground Pass,,5.3037724,1,1,1,362.1018813226186,0.4214182400118903,0.06739087655092656,0.033641826,0
3869552,Randal Kolo Muani,France,78,2,1,10,5.8137767414994554,63.17510579931007,0,0,0.7075563884000511,63.17510579931007,12,0,2,4.294853542925668,4.430353636889949,0.6277702608908342,Right Foot,Open Play,Normal,From Goal Kick,Right Wing,1,1,0,1,,,,0,0,0,367.28596073779624,1.0,0.12170339864436594,0.8521293,1
3869552,Zakaria Aboukhlal,Morocco,85,2,-2,14,12.938701635017331,34.278069504745964,1,1,0.9573112821168397,5.312676897968658,14,1,1,1.2603432045848044,11.680926485296284,0.021051508418111098,Head,Open Play,Normal,From Throw In,Left Center Forward,1,1,0,1,High Pass,,42.001904,1,1,1,443.51371394629433,0.15498763421414652,0.07398820292184266,0.024939176,0
3869552,Abdessamad Ezzalzouli,Morocco,92,2,-2,10,14.900335566691103,26.961915990685714,1,1,1.2635074753335611,10.088322970329312,17,1,3,3.077628053844575,11.83479630063522,1.675426869428513,Right Foot,Open Play,Normal,From Throw In,Left Midfield,1,1,0,1,,,,0,0,0,401.74159578215193,0.3741693644403622,0.0847972496779243,0.05950738,0
3869552,Azzedine Ounahi,Morocco,92,2,-2,10,18.874321179846444,21.78747173365373,2,1,1.361149154938799,0.0,18,0,3,2.517741714225947,16.35720844735445,1.1407883822788563,Right Foot,Open Play,Normal,From Throw In,Left Defensive Midfield,1,1,0,1,,,,0,0,0,411.22373919780637,0.0,0.07211645610821767,0.06379096,0
3869552,Azzedine Ounahi,Morocco,93,2,-2,2,23.315445524372898,18.36944114293896,1,1,2.1675887257679807,14.517739383587127,20,0,2,0.8088094455160272,22.541817822427223,0.4837729589998645,Left Foot,Open Play,Normal,From Corner,Left Defensive Midfield,1,1,0,1,,,,0,0,0,428.2917042813676,0.7903201447784713,0.09296793078657162,0.03807111,0
3869552,Azzedine Ounahi,Morocco,93,2,-2,5,12.293087488503453,34.017602101495285,3,1,2.089265382057033,4.798755165721499,13,0,1,2.6062528434778325,9.718911254274484,1.3018358362200573,Right Foot,Open Play,Half Volley,From Corner,Left Defensive Midfield,1,1,0,1,Low Pass,,18.420097,1,1,1,418.1813587827804,0.14106682626846775,0.169954487349978,0.067406826,0
3869552,Abderrazak Hamdallah,Morocco,93,2,-2,5,4.8548944375753385,77.00410744536386,1,0,3.0810218506421356,54.544967968856774,13,1,3,3.472958527394145,4.826510989885258,2.049239421532903,Other,Open Play,Normal,From Corner,Right Center Forward,1,1,0,1,,,,0,0,0,373.8468129069507,0.7083384221751762,0.6346218007946798,0.50624365,0
3869420,Vinícius José Paixão de Oliveira Júnior,Brazil,4,1,0,11,28.60209782515961,11.939338302196694,1,1,3.259826917713452,0.0,15,0,1,3.2873068689554716,25.374839204056972,2.6076035413584435,Right Foot,Open Play,Normal,From Free Kick,Left Midfield,1,0,1,1,,,,0,0,0,341.4901220871049,0.0,0.11397160228037437,0.008460451,0
3869420,Ivan Perišić,Croatia,12,1,0,8,8.430895563343196,48.565403542790435,1,1,1.792390496321496,17.480912483023918,11,0,2,2.943069189337265,5.7315135914242,1.9468078553411488,Right Foot,Open Play,Half Volley,From Throw In,Left Wing,1,0,1,1,Low Pass,,27.212498,1,1,1,409.4498452608838,0.3599457887263653,0.21259787680381842,0.19016835,0
3869420,Andrej Kramarić,Croatia,18,1,0,6,24.27447218787671,15.96519516737417,2,1,2.943415638367474,0.0,14,0,1,2.8541311557175675,21.751345399516705,2.4369461954266,Right Foot,Open Play,Normal,Regular Play,Center Forward,1,0,1,1,Ground Pass,,22.041779,1,1,1,387.54668606444795,0.0,0.12125559788020811,0.026674595,0
3869420,Vinícius José Paixão de Oliveira Júnior,Brazil,19,1,0,15,17.77751388693031,24.383498603549747,1,1,2.1949702190439213,8.99199768533668,16,0,1,2.9697609379125818,15.031815201004012,1.8081479918879424,Right Foot,Open Play,Normal,Regular Play,Left Midfield,1,0,1,1,Ground Pass,,6.902898,1,1,1,433.47798503655144,0.3687738921939457,0.12346890757641998,0.06970771,0
3869420,Carlos Henrique Casimiro,Brazil,22,1,0,10,25.55386467836127,16.509261231402668,3,1,4.2486866385062445,7.142290045976108,16,0,1,1.350157757038976,24.924391913396214,1.3412478905971952,Right Foot,Open Play,Normal,Regular Play,Left Defensive Midfield,1,0,1,1,Ground Pass,,8.802273,1,1,1,421.8754274469797,0.43262323770070243,0.1662639562345333,0.030699778,0
3869420,Ivan Perišić,Croatia,29,1,0,5,27.2237029075767,11.959840450990963,1,1,1.3523830760655684,0.0,16,0,2,3.287832586752144,24.54249049195219,0.6745939179719755,Right Foot,Open Play,Normal,Regular Play,Left Wing,1,0,1,1,High Pass,,61.546894,1,1,1,325.5911432597961,0.0,0.049676676264681946,0.012010745,0
3869420,Neymar da Silva Santos Junior,Brazil,41,1,0,0,29.74306641891518,9.97655743225223,3,1,10.394873423926734,0.0,19,1,0,0.9967830473587417,29.005511541852584,0.14599570176721244,Right Foot,Free Kick,Normal,From Free Kick,Center Attacking Midfield,1,0,1,1,,,,0,0,0,296.73341033959997,0.0,0.3494889624869374,0.008240742,0
3869420,Ivan Perišić,Croatia,50,2,0,1,8.220097323024826,51.4860564499102,2,1,0.3942763223646308,0.0,17,2,5,2.6790452616253217,6.541569846791126,1.4857206795458069,Head,Open Play,Normal,From Corner,Left Wing,1,0,1,1,High Pass,Outswinging,39.440716,1,1,1,423.2203947970119,0.0,0.04796492144445137,0.11005159,0
3869420,Neymar da Silva Santos Junior,Brazil,54,2,0,12,13.257450735341244,20.33248071638731,1,1,0.77601689042393,0.0,11,0,1,6.256541024151984,7.123095981372364,5.639606364492906,Left Foot,Open Play,Normal,From Goal Kick,Center Attacking Midfield,1,0,1,1,Ground Pass,,21.400934,1,1,1,269.5568614247806,0.0,0.05853439744303567,0.16692519,0
3869420,Carlos Henrique Casimiro,Brazil,65,2,0,0,32.8671568590896,13.076569764483185,2,0,10.929983944246901,3.903429117065767,21,1,0,2.076103994911023,34.41055622758024,1.851418782693031,Right Foot,Free Kick,Normal,From Free Kick,Left Defensive Midfield,1,0,1,1,,,,0,0,0,429.78966962809716,0.29850558574372726,0.3325503325738427,0.026057322,0
3869420,Lucas Tolentino Coelho de Lima,Brazil,65,2,0,4,10.040418317978594,38.39187584093762,0,0,5.068503562018948,38.39187584093763,13,1,0,5.70339056618283,5.439588356038673,0.8092797721777316,Left Foot,Open Play,Half Volley,From Throw In,Right Defensive Midfield,1,0,1,1,,,,0,0,0,385.4704934549099,1.0000000000000002,0.5048099990956725,0.26807922,0
3869420,Éder Gabriel Militão,Brazil,66,2,0,5,23.100865784641055,16.037451318424562,0,1,1.79187389640683,12.408085672919551,16,0,2,4.277414314147312,18.947231685560936,3.2214124425640165,Right Foot,Open Play,Normal,From Corner,Right Back,1,0,1,1,Ground Pass,,7.632169,1,1,1,370.47901043464054,0.7736943624367901,0.0775673913312021,0.04353941,0
3869420,Andrej Kramarić,Croatia,70,2,0,20,25.54858117391257,13.290063208121841,0,0,1.8276254011891628,13.290063208121804,14,0,1,,,,Left Foot,Open Play,Normal,From Free Kick,Center Forward,1,0,1,1,Ground Pass,,13.556548,1,1,1,339.54225867912976,0.9999999999999972,0.07153529930872776,0.030721588,0
3869420,Neymar da Silva Santos Junior,Brazil,75,2,0,2,13.192801067248762,16.627711882823363,1,0,0.2580747867615588,0.0,11,0,2,11.051962354640468,2.783674344769329,10.504165244363648,Left Foot,Open Play,Normal,Regular Play,Center Attacking Midfield,1,0,1,1,Ground Pass,Through Ball,19.695684,1,1,1,219.36609507361698,0.0,0.01956178869415621,0.12963046,0
3869420,Lucas Tolentino Coelho de Lima,Brazil,79,2,0,14,17.000000000000007,24.28880217838126,2,1,2.3979195364662607,12.442585030423743,16,0,1,3.2177353986035073,15.360743343896587,3.165284816426997,Left Foot,Open Play,Normal,From Throw In,Right Defensive Midfield,1,0,1,1,Ground Pass,,12.753431,1,1,1,412.9096370324816,0.5122766013343596,0.1410540903803682,0.092192985,0
3869420,Richarlison de Andrade,Brazil,81,2,0,5,10.647065323364926,41.05567734850943,0,1,2.4722781950252806,32.98302419749334,15,0,1,3.0367323223802165,8.524067198797772,2.1418202974017717,Head,Open Play,Normal,Regular Play,Center Forward,1,0,1,1,High Pass,,26.990368,1,1,1,437.12247862457355,0.8033730369982759,0.23220278263906954,0.067200735,0
3869420,Nikola Vlašić,Croatia,84,2,0,2,19.25201288177421,16.34404583866257,0,1,1.2797928678874835,12.096865497445267,16,1,2,3.0734578947058275,16.192078981913543,2.4368991985819974,Right Foot,Open Play,Normal,From Throw In,Right Wing,1,0,1,1,Ground Pass,,5.9093146,1,1,1,314.65578102624,0.7401389849769995,0.06647579532315072,0.026884926,0
3869420,Éder Gabriel Militão,Brazil,85,2,0,11,20.205444810743465,19.641794206144517,1,1,1.361554010699283,14.94267219298634,17,0,2,4.317550890965767,16.764613849794905,3.8564574629397583,Right Foot,Open Play,Normal,Regular Play,Right Back,1,0,1,1,Ground Pass,,7.7801027,1,1,1,396.8711888162338,0.7607590241583858,0.06738550046546508,0.04975106,0
3869420,Éder Gabriel Militão,Brazil,85,2,0,11,16.743058263053374,24.846851439908082,1,1,0.7708684862422509,12.714514504098036,17,0,2,2.071860957453005,14.949933421782205,1.6370914835194341,Left Foot,Open Play,Half Volley,Regular Play,Right Back,1,0,1,1,,,,0,0,0,416.01228131181267,0.5117153187335622,0.0460410800781428,0.06132018,0
3869420,Antony Matheus dos Santos,Brazil,93,2,0,9,30.453242848668847,12.568739713033212,0,1,1.7263946507294654,10.052044620030184,16,0,2,3.2569492424611393,27.321729660916294,2.4419280235738796,Left Foot,Open Play,Normal,From Free Kick,Right Midfield,1,0,1,1,Ground Pass,,28.025167,1,1,1,382.7588827827088,0.799765517429458,0.056690010299015776,0.013999131,0
3869420,Pedro Guilherme Abreu dos Santos,Brazil,91,3,0,1,11.780067911519012,24.82779749378572,0,1,0.6100500190614985,20.24109518051895,19,1,3,2.3233791879793966,10.018171912746375,0.6438539927126499,Head,Open Play,Normal,From Corner,Center Forward,1,0,1,1,High Pass,Outswinging,31.412895,1,1,1,292.4731405702373,0.8152593956666998,0.051786630063903764,0.057022728,0
3869420,Pedro Guilherme Abreu dos Santos,Brazil,100,3,0,17,12.856126943990555,34.44853562207788,0,1,1.0283930259519805,28.88235240092689,11,0,2,1.848071293007951,12.357117501881746,1.6745286261679553,Right Foot,Open Play,Volley,From Free Kick,Center Forward,1,0,1,1,High Pass,,32.866093,1,1,1,442.8747469920138,0.8384203240969218,0.07999244488113044,0.113875866,0
3869420,Marcelo Brozović,Croatia,102,3,0,3,17.511424842085233,24.163368986131946,1,1,3.789525627178387,7.542502085074809,9,0,2,2.9570856920847235,14.654103186606287,1.698673570653277,Right Foot,Open Play,Normal,Regular Play,Center Defensive Midfield,1,0,1,1,Ground Pass,,14.19049,1,1,1,423.13501993222286,0.31214612868775327,0.21640304323329615,0.12467693,0
3869420,Danilo Luiz da Silva,Brazil,104,3,0,4,28.92006224059692,12.694791357644625,0,1,2.770889205878788,10.00518435510595,17,0,2,3.4781993193969005,25.56553749305884,2.717333068400343,Right Foot,Open Play,Normal,From Throw In,Left Back,1,0,1,1,Ground Pass,,8.405355,1,1,1,367.13415619447443,0.7881330282030171,0.09581200700146197,0.0154907415,0
3869420,Neymar da Silva Santos Junior,Brazil,105,3,0,7,8.005623023850177,30.209745575203666,0,0,2.3918672459119334,30.209745575203666,14,0,2,7.892784069949265,4.0791170770401175,4.453731926276404,Right Foot,Open Play,Normal,From Throw In,Center Attacking Midfield,1,0,1,1,Ground Pass,,8.653323,1,1,1,241.84783472150647,1.0,0.29877340449158485,0.4674385,1
3869420,Bruno Petković,Croatia,116,4,-1,9,16.85823241030921,26.616299624513864,2,1,4.204244153091416,9.955762226795649,13,2,2,2.2470813304860373,15.12411925875276,1.4965842649481687,Left Foot,Open Play,Normal,Regular Play,Right Center Forward,1,0,1,1,Ground Pass,,14.773287,1,1,1,448.7037649724805,0.37404757112165576,0.2493881950826838,0.09977819,1
3869420,Lovro Majer,Croatia,119,4,0,7,32.20636583037583,12.58522894105017,1,0,3.950033347134358,8.1720634725404,13,0,1,,,,Left Foot,Open Play,Normal,From Free Kick,Right Defensive Midfield,1,0,1,1,Ground Pass,,13.290975,1,1,1,405.3244873344952,0.6493376887157751,0.12264759606651539,0.01192189,0
3869420,Carlos Henrique Casimiro,Brazil,121,4,0,2,10.816653826391969,25.41928833890289,0,1,3.912439986160002,16.428543553236562,19,0,1,3.161874446709828,7.655152968858155,2.6079377526229734,Left Foot,Open Play,Half Volley,From Free Kick,Left Defensive Midfield,1,0,1,1,High Pass,,2.828427,1,1,1,274.9516424751547,0.6463022620540299,0.36170520467373096,0.10135116,0
3869420,Lovro Majer,Croatia,121,5,1,0,12.0,36.86989764584404,0,1,12.247404029588642,31.253812215050598,2,0,0,0.8883865749914062,12.247404029588642,0.8614588884908656,Left Foot,Penalty,Normal,Other,Right Defensive Midfield,1,0,1,1,,,,0,0,0,442.43877175012847,0.8476783015581144,1.0206170024657202,0.7835,1
3869420,Carlos Henrique Casimiro,Brazil,122,5,-2,0,12.0,36.86989764584404,0,1,11.57503799773925,30.92730266175165,2,0,0,1.1360830989220039,11.57503799773925,1.03375066618905,Right Foot,Penalty,Normal,Other,Left Defensive Midfield,1,0,1,1,,,,0,0,0,442.43877175012847,0.8388225798407597,0.9645864998116042,0.7835,1
3869420,Luka Modrić,Croatia,123,5,1,0,12.0,36.86989764584404,0,1,11.610885816149198,30.945666407533068,2,0,0,1.4566569926387485,11.610885816149196,1.3783342215854049,Right Foot,Penalty,Normal,Other,Left Defensive Midfield,1,0,1,1,,,,0,0,0,442.43877175012847,0.8393206486436029,0.9675738180124331,0.7835,1
3869420,Pedro Guilherme Abreu dos Santos,Brazil,123,5,-2,0,12.0,36.86989764584404,0,1,11.70592836086953,30.993808687037927,2,0,0,0.45631701631769855,11.705928360869532,0.34458355539634766,Right Foot,Penalty,Normal,Other,Center Forward,1,0,1,1,,,,0,0,0,442.43877175012847,0.8406263826591213,0.9754940300724608,0.7835,1
3869420,Marcos Aoás Corrêa,Brazil,125,5,-2,0,12.0,36.86989764584404,0,1,12.260727322931151,31.25991989688817,2,0,0,1.0562952853777907,12.260727322931153,1.03375066618905,Right Foot,Penalty,Normal,Other,Left Center Back,1,0,1,1,,,,0,0,0,442.43877175012847,0.8478439565294474,1.0217272769109293,0.7835,0
3869220,Achraf Hakimi Mouh,Morocco,11,1,0,0,29.39064477006246,14.090136497767134,4,1,9.819807994921552,1.3936422752219728,19,1,0,1.0897631815383708,29.38191589182017,0.9736379101880601,Right Foot,Free Kick,Normal,From Free Kick,Right Back,1,0,0,1,,,,0,0,0,414.11819656756575,0.09890906844251109,0.33411339124223927,0.041958537,0
3869220,Marco Asensio Willemsen,Spain,25,1,0,7,15.811388300841896,9.70039194394576,0,1,2.2660182515368863,3.217520305618564,7,0,1,8.771711431654131,7.048148098949983,8.236636884948801,Left Foot,Open Play,Half Volley,Regular Play,Center Forward,1,0,0,1,High Pass,,43.763912,1,0,1,153.376663696085,0.33168972183919776,0.14331557788737814,0.025564773,0
3869220,Noussair Mazraoui,Morocco,32,1,0,2,30.686316168611697,14.813464118804648,0,0,6.557765168938945,14.813464118804674,15,0,0,,,,Left Foot,Open Play,Normal,From Throw In,Left Back,1,0,0,1,,,,0,0,0,454.57064350202427,1.0000000000000018,0.21370323934962018,0.023416335,0
3869220,Nayef Aguerd,Morocco,41,1,0,5,7.741446893184761,51.07785026643997,0,0,1.18074588224758,51.07785026643996,16,1,2,4.857946776760548,8.726354427988777,4.018745804891239,Head,Open Play,Normal,From Free Kick,Right Center Back,1,0,0,1,High Pass,,19.695684,1,0,1,395.4164652556881,0.9999999999999999,0.15252263543744754,0.25141555,0
3869220,Daniel Olmo Carvajal,Spain,54,2,0,1,29.099828178186893,5.390859444025338,2,1,9.572128505752866,0.0,20,0,0,1.4827515134793652,27.699492780405034,1.162224117198214,Right Foot,Open Play,Normal,From Free Kick,Left Wing,1,0,0,1,Ground Pass,,3.2202485,1,0,1,156.87308355389345,0.0,0.3289410661513147,0.0073576192,0
3869220,Daniel Olmo Carvajal,Spain,77,2,0,13,24.403483357914293,17.47075968604832,2,1,3.561850727476225,5.088299924693643,17,0,2,4.709027630664046,19.716815730081734,2.0572657463162187,Right Foot,Open Play,Half Volley,Regular Play,Left Wing,1,0,0,1,,,,0,0,0,426.34739324860016,0.2912466324379141,0.14595665197612379,0.031760626,0
3869220,Álvaro Borja Morata Martín,Spain,81,2,0,16,10.965856099730653,5.261319786102812,0,0,3.6524742419256713,5.105810275378897,13,0,1,3.7041627303839415,7.485477519910981,3.646705795650334,Right Foot,Open Play,Normal,From Corner,Center Forward,1,0,0,1,,,,0,0,0,57.69487566906909,0.9704428704115885,0.33307698083101644,0.017266534,0
3869220,Walid Cheddira,Morocco,85,2,0,15,9.433981132056608,45.850482165738754,0,1,0.8071850737883061,37.164840972818695,14,0,2,1.576851327528271,7.923515624941747,0.542268649195087,Right Foot,Open Play,Half Volley,From Free Kick,Center Forward,1,0,0,1,Low Pass,,7.7620873,1,0,1,432.5525836472774,0.8105659791859222,0.08556144669883813,0.119254045,0
3869220,Álvaro Borja Morata Martín,Spain,90,2,0,1,12.054044964243333,16.214250997667296,0,1,1.986177622214805,9.495301666453226,18,0,2,4.221923285397647,8.068572887101002,4.187445936565929,Head,Open Play,Normal,From Free Kick,Center Forward,1,0,0,1,High Pass,,39.703526,1,0,1,195.4473105874089,0.5856145725028736,0.16477270726187995,0.049165204,0
3869220,Aymeric Laporte,Spain,95,2,0,1,12.358397954427586,35.7413007206819,1,1,1.9140481715365436,0.30530019991851304,19,1,3,2.4439064562297044,10.185215233890776,1.224841226982086,Head,Open Play,Normal,From Corner,Left Center Back,1,0,0,1,High Pass,Outswinging,42.99686,1,0,1,441.7052177150564,0.008541944298682153,0.15487834091398606,0.04145577,0
3869220,Alejandro Balde Martínez,Spain,99,3,0,16,13.396268137059666,20.15628146623488,2,1,2.5608950691204964,0.0,13,0,2,2.8704952231219742,10.637933745425224,2.7012398659676222,Left Foot,Open Play,Normal,From Throw In,Left Back,1,0,0,1,,,,0,0,0,270.01895116772863,0.0,0.1911648111936482,0.077706024,0
3869220,Rodrigo Hernández Cascante,Spain,102,3,0,8,40.672472263190485,11.079392256567633,1,0,6.149615139817957,7.327357940027687,17,0,0,,,,Right Foot,Open Play,Normal,Regular Play,Right Center Back,1,0,0,1,Ground Pass,,26.846601,1,0,1,450.6262742482545,0.6613501688853178,0.15119845924348935,0.0056476467,0
3869220,Walid Cheddira,Morocco,103,3,0,4,12.509996003196802,30.390636861297384,1,1,1.291569777462236,15.44815601888621,13,0,2,5.596871811653538,6.958695475117742,3.5995101561960468,Left Foot,Open Play,Normal,From Goal Kick,Center Forward,1,0,0,1,Ground Pass,,8.637708,1,0,1,380.1867456694357,0.5083195883453008,0.10324302079170836,0.1301347,0
3869220,Marcos Llorente Moreno,Spain,106,3,0,1,23.769307941124413,16.017600180254068,4,0,11.887435616592139,6.834654093187565,18,0,0,8.830615676348641,15.822254938206457,7.211874872523701,Right Foot,Open Play,Half Volley,From Corner,Right Back,1,0,0,1,,,,0,0,0,380.72727116226883,0.42669650985626956,0.5001170267993003,0.024551911,0
3869220,Abdelhamid Sabiri,Morocco,105,4,0,1,60.400745028517655,7.57759417514353,0,0,8.826754978394957,7.577594175143581,17,1,0,,,,Right Foot,Open Play,Lob,From Kick Off,Left Center Midfield,1,0,0,1,Ground Pass,,1.456022,1,0,1,457.69233370242495,1.0000000000000067,0.14613652487610024,0.004195439,0
3869220,Sergio Busquets i Burgos,Spain,120,4,0,16,18.792817777012583,22.433190718964457,0,1,1.2309694589996927,17.11539774989675,18,0,3,5.9519929910148806,12.933865615388292,3.0293274873814653,Left Foot,Open Play,Normal,Regular Play,Center Defensive Midfield,1,0,0,1,Low Pass,,17.801685,1,0,1,421.58286533846893,0.7629497722509808,0.06550212286448162,0.0709334,0
3869220,Carlos Soler Barragán,Spain,121,4,0,27,16.30490723677998,26.688750492870035,0,1,3.508638349724919,20.29036988375256,16,0,1,5.558603749666238,10.751263307677416,1.31559196814694,Head,Open Play,Normal,Regular Play,Right Center Midfield,1,0,0,1,High Pass,,29.492373,1,0,1,435.15760105181187,0.760259266883745,0.21518910219926113,0.039505202,0
3869220,Pablo Sarabia García,Spain,122,4,0,10,8.39344982709732,17.91250938596331,0,1,5.030788830113308,4.71595738890883,14,0,0,3.329117439666696,5.068761304765184,3.245108684332507,Right Foot,Open Play,Volley,From Corner,Right Wing,1,0,0,1,High Pass,,36.266376,1,0,1,150.3477488084929,0.2632773157179402,0.5993708110188453,0.10407615,0
3869220,Pablo Sarabia García,Spain,121,5,-1,0,12.0,36.86989764584404,0,1,11.839034495773811,31.05993048183287,2,0,0,0.54274550337452,11.839034495773811,0.514717096233035,Left Foot,Penalty,Normal,Other,Right Wing,1,0,0,1,,,,0,0,0,442.43877175012847,0.8424197642255709,0.9865862079811509,0.7835,0
3869220,Hakim Ziyech,Morocco,121,5,1,0,12.0,36.86989764584404,0,1,11.097512306454716,30.671348412755904,2,0,0,1.4010267089407553,11.097512306454716,1.02943419246607,Left Foot,Penalty,Normal,Other,Right Wing,1,0,0,1,,,,0,0,0,442.43877175012847,0.8318804870946845,0.9247926922045596,0.7835,1
3869220,Carlos Soler Barragán,Spain,122,5,-2,0,12.0,36.86989764584404,0,1,11.337249522130273,30.80254674439719,2,0,0,1.0348521481008839,11.337249522130273,0.7720756443495489,Right Foot,Penalty,Normal,Other,Right Center Midfield,1,0,0,1,,,,0,0,0,442.43877175012847,0.8354389003265714,0.9447707935108561,0.7835,0
3869220,Badr Banoun,Morocco,123,5,2,0,12.0,36.86989764584404,0,1,11.598358911178789,30.93926217590527,2,0,0,0.882464487634178,11.598358911178789,0.7720756443495489,Right Foot,Penalty,Normal,Other,Left Center Back,1,0,0,1,,,,0,0,0,442.43877175012847,0.8391469505311396,0.966529909264899,0.7835,0
3869220,Sergio Busquets i Burgos,Spain,124,5,-2,0,12.0,36.86989764584404,0,1,11.571948845744792,30.925714851404194,2,0,0,0.5019160383201564,11.571948845744794,0.25735854811651393,Right Foot,Penalty,Normal,Other,Center Defensive Midfield,1,0,0,1,,,,0,0,0,442.43877175012847,0.8387795146182112,0.9643290704787327,0.7835,0
3869220,Achraf Hakimi Mouh,Morocco,125,5,2,0,12.0,36.86989764584404,0,1,10.936727374988273,30.58013025633471,2,0,0,1.5653701198873542,10.936727374988273,1.0953836453247803,Right Foot,Penalty,Normal,Other,Right Wing Back,1,0,0,1,,,,0,0,0,442.43877175012847,0.829406432045837,0.9113939479156894,0.7835,1
3869219,Shogo Taniguchi,Japan,2,1,0,2,7.496665925596531,55.82137565258663,1,1,0.9254746320670736,30.101381620172464,19,1,4,2.0130165215856723,5.614135946667425,0.3013432723226259,Head,Open Play,Normal,From Corner,Left Center Back,1,0,0,1,High Pass,,28.862606,1,1,1,418.47420477467,0.5392447116945538,0.12345149713916737,0.11361285,0
3869219,Ivan Perišić,Croatia,7,1,0,2,11.484337159801605,12.833110737386013,0,1,5.595754587959459,3.8357737650109613,10,0,0,3.8350350691049373,7.64955569405836,3.683478489678599,Right Foot,Open Play,Normal,From Goal Kick,Left Wing,1,0,0,1,,,,0,0,0,147.37977051721117,0.2988966466124544,0.4872509845449476,0.05943511,0
3869219,Andrej Kramarić,Croatia,7,1,0,2,5.756735185849703,68.7168251337602,4,1,0.7968781269488444,0.0,11,0,6,0.9449605665765763,4.898945518881795,0.6064819815970921,Left Foot,Open Play,Half Volley,From Goal Kick,Right Wing,1,0,0,1,,,,0,0,0,395.58456510739853,0.0,0.1384253576415334,0.17775308,0
3869219,Joško Gvardiol,Croatia,23,1,0,1,19.239802493788762,23.11829649340077,2,1,3.4392382700482123,6.4388966939288395,17,0,1,2.4267679822650505,16.936316320481865,0.2698175302862893,Left Foot,Open Play,Normal,From Free Kick,Left Center Back,1,0,0,1,,,,0,0,0,444.7914585258801,0.27851951357085736,0.17875642284573923,0.061746918,0
3869219,Daichi Kamada,Japan,40,1,0,8,12.658988901172165,18.11859863476678,1,0,1.752107046372471,0.0,15,0,1,6.777260184827828,6.760516613037732,4.489800912427654,Right Foot,Open Play,Normal,Regular Play,Left Wing,1,0,0,1,Ground Pass,,12.701181,1,1,1,229.3631390223058,0.0,0.13840813512445957,0.08994952,0
3869219,Daizen Maeda,Japan,42,1,0,4,7.7935871073594845,49.29180360720485,0,1,0.7109156380525403,40.42330957018293,15,1,3,1.6367046114715178,7.760462864979579,1.24124429046514,Left Foot,Open Play,Half Volley,From Corner,Center Forward,1,0,0,1,,,,0,0,0,384.15996509160743,0.8200817704360561,0.09121802685456902,0.45874894,1
3869219,Daichi Kamada,Japan,45,2,1,1,25.357050301641944,17.890977859347572,1,1,3.9975420817815173,10.589090142210436,13,0,1,0.5553796110990521,24.813192958542697,0.14755610713352496,Right Foot,Open Play,Normal,From Counter,Left Wing,1,0,0,1,Ground Pass,,16.62438,1,1,1,453.6624255250387,0.5918676008353513,0.15765012232210088,0.03904812,0
3869219,Mateo Kovačić,Croatia,48,2,-1,1,21.12865353021816,20.297986829751274,4,1,1.6754923686810692,0.0,18,1,3,4.365687678079781,17.991332377694988,3.7580464449039326,Right Foot,Open Play,Volley,From Throw In,Left Center Midfield,1,0,0,1,,,,0,0,0,428.86913108674594,0.0,0.07929953351190994,0.02993381,0
3869219,Hidemasa Morita,Japan,49,2,1,6,22.033610689126736,20.378763936891406,2,1,4.851545996944832,11.575553508685115,15,0,1,2.476690273113675,19.67815349369776,0.3715093468122106,Right Foot,Open Play,Half Volley,Regular Play,Left Defensive Midfield,1,0,0,1,,,,0,0,0,449.01775091108095,0.5680203934120873,0.22018842328638397,0.041140273,0
3869219,Ivan Perišić,Croatia,54,2,-1,17,15.192432326655268,27.53713066339404,1,1,0.5262974502934482,0.0,19,1,3,1.3450132939207415,13.883317328872527,0.23771555670673195,Head,Open Play,Normal,Regular Play,Left Wing,1,0,0,1,High Pass,,40.18221,1,1,1,418.3559940738777,0.0,0.03464207962078951,0.02684295,1
3869219,Wataru Endo,Japan,56,2,0,6,28.666531007430944,14.260719932032888,2,0,3.7767942899015106,6.655304312156754,15,0,2,,,,Right Foot,Open Play,Normal,From Throw In,Right Defensive Midfield,1,0,0,1,,,,0,0,0,408.8053701199093,0.4666878210830994,0.1317492614967081,0.019910807,0
3869219,Hidemasa Morita,Japan,59,2,0,13,22.506221362103418,19.90316198580158,1,1,2.662415074795967,11.175284197798529,17,0,2,1.4975994060298319,21.00928590094191,0.20360719221509527,Right Foot,Open Play,Normal,Regular Play,Left Defensive Midfield,1,0,0,1,,,,0,0,0,447.9449694582522,0.5614828541198981,0.11829684921161458,0.052081473,0
3869219,Ritsu Doan,Japan,59,2,0,14,19.94617757867406,22.324644068536006,1,1,0.8675996598639538,14.205759960004734,16,1,4,2.2876472805850643,18.003373836634093,0.7598364400461506,Left Foot,Open Play,Normal,Regular Play,Right Wing,1,0,0,1,Ground Pass,,7.6843996,1,1,1,445.29131497171176,0.6363263806756992,0.043497038790608636,0.056113943,0
3869219,Luka Modrić,Croatia,62,2,0,11,25.316002844051035,16.878245690928782,1,1,2.49363460627349,7.354283601673258,16,0,2,2.1608455635448207,23.155316437527805,0.7830884594507097,Right Foot,Open Play,Half Volley,Regular Play,Right Center Midfield,1,0,0,1,Low Pass,,8.935883,1,1,1,427.2897159141452,0.435725592359745,0.09850032888819434,0.031055314,0
3869219,Ivan Perišić,Croatia,65,2,0,23,25.83582783655287,16.74385215423591,2,1,1.3031515831018927,0.0,17,0,2,2.7550031057456454,23.14396375989475,1.3827907594128845,Left Foot,Open Play,Normal,Regular Play,Right Wing,1,0,0,1,Ground Pass,,6.5069194,1,1,1,432.59128157753383,0.0,0.050439706880929774,0.018378427,0
3869219,Andrej Kramarić,Croatia,65,2,0,26,26.601691675530706,13.715160921546193,1,1,4.213308644812091,3.1641455394893527,18,0,2,2.437948358564513,24.704280497914155,2.351913623936447,Right Foot,Open Play,Normal,Regular Play,Left Wing,1,0,0,1,Ground Pass,,10.031949,1,1,1,364.8464821152594,0.23070422269115012,0.15838498905269474,0.018472007,0
3869219,Ante Budimir,Croatia,65,2,0,26,11.673045875006233,34.93378369526167,0,1,2.0429018523606124,28.289726789568608,17,0,2,1.3268625978299868,10.354136632201781,0.45374179222456945,Head,Open Play,Normal,Regular Play,Center Forward,1,0,0,1,,,,0,0,0,407.7836596623342,0.809809983262871,0.17501017936841798,0.10111922,0
3869219,Mario Pašalić,Croatia,73,2,0,5,13.285330255586423,31.925092089798884,1,1,1.2672238397573214,0.0,17,1,3,1.9031420938331527,11.391855175685432,0.4749156042326632,Head,Open Play,Normal,From Free Kick,Right Wing,1,0,0,1,High Pass,,34.79684,1,1,1,424.1353918529879,0.0,0.0953851967078093,0.035465226,0
3869219,Ivan Perišić,Croatia,76,2,0,1,23.911712611187017,17.496848514002448,1,1,2.104741979932005,6.162819563811729,11,0,1,4.567307729841538,19.432127317571666,1.0697513564457424,Left Foot,Open Play,Normal,From Throw In,Left Wing,1,0,0,1,,,,0,0,0,418.37961326830117,0.3522245482596322,0.08802138157796813,0.030077945,0
3869219,Mario Pašalić,Croatia,85,2,0,7,9.904039579888602,42.793922137410746,2,1,0.631523840884097,0.0,12,1,3,1.8637984178415448,8.044609082538456,0.4156760116665623,Head,Open Play,Normal,From Throw In,Right Wing,1,0,0,1,High Pass,,32.146072,1,1,1,423.8326986275871,0.0,0.06376426868956436,0.052599985,0
3869219,Shogo Taniguchi,Japan,91,3,0,1,10.754068997360953,23.43756686987584,2,1,1.9872686927814727,8.769706438381688,18,1,4,2.818267017981702,8.019094401568594,2.6784746750549004,Head,Open Play,Normal,From Corner,Left Center Back,1,0,0,1,High Pass,Outswinging,31.1713,1,1,1,252.04921124890598,0.3741730738122538,0.18479225800663435,0.0608747,0
3869219,Ivan Perišić,Croatia,100,3,0,1,14.094325099131208,29.27651998682967,2,1,1.9259622163420562,17.758120330946348,17,0,1,1.3444940614481622,13.235053561595345,0.5338080516206674,Right Foot,Open Play,Half Volley,From Throw In,Left Wing,1,0,0,1,,,,0,0,0,412.63279046558984,0.6065652727487766,0.1366480624503812,0.07439702,0
3869219,Borna Barišić,Croatia,100,3,0,1,26.376125568399925,16.33430296322299,4,1,3.3097990152288035,1.8942756386422368,18,0,1,0.7195219568697725,26.220223672544915,0.715604668970883,Left Foot,Open Play,Volley,From Throw In,Left Back,1,0,0,1,,,,0,0,0,430.83562603025655,0.11596917498758512,0.12548465492574573,0.015196718,0
3869219,Kaoru Mitoma,Japan,104,3,0,5,20.909328061896204,20.990095851722877,1,1,1.1540812860129177,5.9265043040206535,12,0,4,2.877450100093743,18.034605049502215,0.6301449899283185,Right Foot,Open Play,Normal,From Throw In,Left Wing Back,1,0,0,1,Ground Pass,,31.847292,1,1,1,438.88880021432027,0.28234765319255095,0.05519456591797611,0.054134306,0
3869219,Wataru Endo,Japan,104,3,0,5,24.4724334711528,18.443794859521944,3,1,4.09256581964909,3.2719638930178565,14,1,1,1.4069544691656963,23.25928801149573,0.5447532865794216,Right Foot,Open Play,Volley,From Throw In,Right Defensive Midfield,1,0,0,1,,,,0,0,0,451.36454265524077,0.17740188057495368,0.16723166596706682,0.02615668,0
3869219,Takumi Minamino,Japan,104,3,0,7,17.402586014727817,25.885956401484464,2,1,2.1025426498880018,16.493206143101432,18,0,1,1.3431867835818048,16.174450914926435,0.5455349847422326,Right Foot,Open Play,Volley,From Throw In,Left Wing,1,0,0,1,High Pass,,16.995588,1,1,1,450.4825828503275,0.637148803285306,0.12081782834508727,0.03667642,0
3869219,Marko Livaja,Croatia,113,4,0,1,10.541821474489126,31.194369805241987,2,1,0.39012065833163506,0.0,18,0,3,2.4139311819247578,8.127996278724689,1.7766995878536704,Head,Open Play,Normal,From Throw In,Center Forward,1,0,0,1,High Pass,,33.00803,1,1,1,328.84547749605514,0.0,0.03700694982131074,0.047236525,0
3869219,Mislav Oršić,Croatia,120,4,0,10,24.214252001662164,10.489858173474941,0,1,2.957359777399445,7.009418741229819,16,0,2,4.513005139466414,19.757708438557405,4.095287402352994,Right Foot,Open Play,Normal,From Throw In,Left Wing,1,0,0,1,High Pass,,43.747684,1,1,1,254.0040692742178,0.6682091049575966,0.12213302220512283,0.009676031,0
3869219,Lovro Majer,Croatia,120,4,0,13,21.378493866500513,20.12317130055812,1,1,4.193066418127584,8.36747362220803,15,1,1,3.2283396778645614,18.362041324165112,2.0046879874036208,Right Foot,Open Play,Normal,From Throw In,Right Center Midfield,1,0,0,1,Ground Pass,,13.787676,1,1,1,430.2030942235209,0.4158128705079381,0.19613479061300942,0.06501122,0
3869219,Takumi Minamino,Japan,120,5,0,0,11.900420160649796,37.156345075648375,0,1,10.925177662815585,30.859921669806063,2,0,0,1.042781767506833,10.925177662815585,0.3454301157998003,Right Foot,Penalty,Normal,Other,Left Wing,1,0,0,1,,,,0,0,0,442.1761180343067,0.8305424445535985,0.9180497423898553,0.7835,0
3869219,Nikola Vlašić,Croatia,120,5,0,0,11.900420160649796,37.156345075648375,0,1,10.127369001604546,30.363344751307846,2,0,0,2.3778323901835177,10.127369001604546,1.4419796961997093,Right Foot,Penalty,Normal,Other,Left Center Midfield,1,0,0,1,,,,0,0,0,442.1761180343067,0.8171779191276662,0.8510093647862903,0.7835,1
3869219,Kaoru Mitoma,Japan,121,5,-1,0,11.900420160649796,37.156345075648375,0,1,9.78284439508159,30.12381849277357,2,0,0,2.2488962727805495,9.782844395081591,0.6681235620544328,Right Foot,Penalty,Normal,Other,Left Wing Back,1,0,0,1,,,,0,0,0,442.1761180343067,0.8107314761837595,0.822058739356932,0.7835,0
3869219,Marcelo Brozović,Croatia,121,5,1,0,11.900420160649796,37.156345075648375,0,1,9.509882355408848,29.921699109557185,2,0,0,2.439355797938626,9.509882355408848,0.4137759195515116,Right Foot,Penalty,Normal,Other,Center Defensive Midfield,1,0,0,1,,,,0,0,0,442.1761180343067,0.8052917758363524,0.7991215626868743,0.7835,1
3869219,Takuma Asano,Japan,122,5,-2,0,11.900420160649796,37.156345075648375,0,1,9.783080813728194,30.12398865499994,2,0,0,2.3173283450151465,9.783080813728196,0.8711287545803401,Right Foot,Penalty,Normal,Other,Center Forward,1,0,0,1,,,,0,0,0,442.1761180343067,0.8107360558114388,0.8220786057686563,0.7835,1
3869219,Marko Livaja,Croatia,123,5,1,0,11.900420160649796,37.156345075648375,0,1,10.06198133508085,30.3191482298925,2,0,0,2.20182298314108,10.06198133508085,1.1283807059386604,Right Foot,Penalty,Normal,Other,Center Forward,1,0,0,1,,,,0,0,0,442.1761180343067,0.8159884447236213,0.845514796893645,0.7835,0
3869219,Maya Yoshida,Japan,123,5,-1,0,11.900420160649796,37.156345075648375,0,1,10.26930131649474,30.45733886182808,2,0,0,1.673841595310259,10.26930131649474,0.36275508108855803,Right Foot,Penalty,Normal,Other,Center Back,1,0,0,1,,,,0,0,0,442.1761180343067,0.819707611171619,0.8629360289690821,0.7835,0
3869219,Mario Pašalić,Croatia,124,5,1,0,11.900420160649796,37.156345075648375,0,1,10.522588013556344,30.618766380698048,2,0,0,1.3811925752113035,10.522588013556343,0.10212032569540952,Right Foot,Penalty,Normal,Other,Right Wing,1,0,0,1,,,,0,0,0,442.1761180343067,0.824052159015098,0.8842198738789557,0.7835,1
3869253,Neymar da Silva Santos Junior,Brazil,6,1,0,14,9.749358953285084,41.362479125759336,2,1,1.8039787045074116,17.611766766786165,15,1,2,3.5847438619892986,6.634545124488072,2.7768229811119625,Right Foot,Open Play,Normal,From Free Kick,Center Attacking Midfield,1,0,1,1,Ground Pass,,12.354756,1,1,1,403.25765619478915,0.425790889207559,0.18503562266517576,0.083826184,0
3869253,Vinícius José Paixão de Oliveira Júnior,Brazil,6,1,0,14,14.213022197970425,23.271786039297147,3,1,5.874589925743622,10.175598010344462,14,0,0,7.648237203093686,6.711780797365361,4.66677309642148,Right Foot,Open Play,Normal,From Free Kick,Left Wing,1,0,1,1,,,,0,0,0,330.76241156294856,0.4372504109981833,0.4133244741278526,0.13057186,1
3869253,Neymar da Silva Santos Junior,Brazil,12,1,1,0,12.0,36.86989764584404,0,1,9.542034232808842,31.037267681485712,18,0,0,0.34741423150998324,11.793073191510375,0.27663061142628464,Right Foot,Penalty,Normal,Other,Center Attacking Midfield,1,0,1,1,,,,0,0,0,442.43877175012847,0.8418050947582226,0.7951695194007368,0.7835,1
3869253,Hee-Chan Hwang,South Korea,16,1,-2,15,31.939943644283403,13.269012113072424,1,1,1.3842045186323666,3.7625094064441567,18,1,1,3.7212935637977433,28.292575844282077,2.017242547993618,Right Foot,Open Play,Normal,Regular Play,Left Midfield,1,0,1,1,,,,0,0,0,423.81149910684707,0.2835561060900224,0.043337725765840884,0.016991004,0
3869253,In-Beom Hwang,South Korea,16,1,-2,2,29.01465147128257,15.330526760745727,3,1,3.309699851758411,4.041275434940568,19,0,1,1.1240362365491154,28.022149822364298,0.28575547347465147,Left Foot,Open Play,Normal,From Corner,Left Defensive Midfield,1,0,1,1,Ground Pass,,28.052807,1,1,1,444.8098908342078,0.2636096918266615,0.11406995031576399,0.026666574,0
3869253,Hee-Chan Hwang,South Korea,24,1,-2,2,37.95115281516492,11.832771823555785,2,1,9.729791168466399,6.232332019397622,17,0,0,1.9697675766132303,36.02054772143184,0.01775469180625322,Right Foot,Open Play,Normal,From Corner,Left Midfield,1,0,1,1,Ground Pass,,13.50037,1,1,1,449.0673317027432,0.5267009380668329,0.2563766960085193,0.0058221314,0
3869253,Richarlison de Andrade,Brazil,28,1,2,9,9.868130522039113,42.43447665229374,0,1,2.446906109081272,30.604692242637203,16,0,1,4.109418519990994,5.822355593984516,1.8826762660808356,Left Foot,Open Play,Normal,From Corner,Center Forward,1,0,1,1,Ground Pass,Through Ball,9.377633,1,1,1,418.74895423925597,0.7212223328076065,0.24796045245008094,0.5379008,1
3869253,Raphael Dias Belloli,Brazil,30,1,3,4,26.95514793133215,15.898953059137531,2,1,4.7909839019258875,2.325230075436873,18,0,1,1.559360861014641,25.45471698116824,0.131534258629884,Left Foot,Open Play,Normal,Regular Play,Right Wing,1,0,1,1,Ground Pass,,16.389326,1,1,1,428.558631662358,0.1462505151620977,0.1777391062416296,0.02589997,0
3869253,Hee-Chan Hwang,South Korea,31,1,-3,16,9.226592003551474,4.631235136758555,0,1,3.342736492755043,0.0,14,1,3,5.103413957639474,4.124745155184523,5.094421618725619,Right Foot,Open Play,Normal,From Goal Kick,Left Midfield,1,0,1,1,Ground Pass,,19.820444,1,1,1,42.7305170793831,0.0,0.3622937365679946,0.017834108,0
3869253,Carlos Henrique Casimiro,Brazil,33,1,3,43,26.593232221751464,16.99082329198618,2,1,4.238431647185279,7.380929611525942,18,0,1,0.6122929511637755,26.026983781736025,0.2970392731613032,Right Foot,Open Play,Normal,From Throw In,Left Defensive Midfield,1,0,1,1,Ground Pass,,6.0464864,1,1,1,451.8409094425322,0.4344068256543636,0.1593800863258182,0.029429397,0
3869253,Lucas Tolentino Coelho de Lima,Brazil,35,1,3,6,11.092339699089637,36.77385595979281,2,1,2.006366995099237,5.739889733698629,12,0,2,0.41923654391295373,11.250309713588912,0.41794153588246985,Right Foot,Open Play,Volley,From Throw In,Right Defensive Midfield,1,0,1,1,High Pass,,19.89799,1,1,1,407.90810235141385,0.15608615370589404,0.1808786107825297,0.08633457,1
3869253,Lucas Tolentino Coelho de Lima,Brazil,45,1,4,10,12.191800523302538,25.75772967985699,0,1,2.342412236317958,15.311932583033796,15,0,1,5.644302813090149,6.591191432174521,3.9035268592089523,Left Foot,Open Play,Normal,Regular Play,Right Defensive Midfield,1,0,1,1,Ground Pass,,16.804762,1,1,1,314.03310218996575,0.5944597126123272,0.19213013138140164,0.2577265,0
3869253,Richarlison de Andrade,Brazil,48,1,4,2,15.121177202850316,20.04798065716235,0,1,5.453772274566829,12.057035672784647,9,0,0,9.805061085873863,5.453772274566829,8.11238090955871,Right Foot,Open Play,Normal,From Counter,Center Forward,1,0,1,1,High Pass,,39.521385,1,1,1,303.1490680762674,0.6014089837261064,0.360671143615644,0.2681848,0
3869253,Neymar da Silva Santos Junior,Brazil,48,1,4,2,8.902246907382422,47.40669846571703,1,0,0.42389488927376456,0.0,9,0,3,10.049048540463716,7.3411363317876495,8.707222925046551,Other,Open Play,Normal,From Counter,Center Attacking Midfield,1,0,1,1,,,,0,0,0,422.0261348056404,0.0,0.04761661788129451,0.26870713,0
3869253,Raphael Dias Belloli,Brazil,45,2,4,10,19.580091930325562,18.874549758203273,1,1,2.2449185471428965,0.0,11,0,2,5.350258777509637,14.232675811153165,3.3150021451570737,Left Foot,Open Play,Normal,From Kick Off,Right Wing,1,0,1,1,,,,0,0,0,369.56541940912416,0.0,0.11465311578368927,0.04634087,0
3869253,Heung-Min Son,South Korea,46,2,-4,1,19.039432764659775,18.74690098278328,0,1,2.030095626991761,12.52891159781409,9,0,1,10.846234666410384,8.275318494686381,6.193330835334848,Right Foot,Open Play,Normal,Regular Play,Left Midfield,1,0,1,1,High Pass,,65.51679,1,1,1,356.93036080743656,0.6683190789411195,0.10662584605776398,0.1490943,0
3869253,Raphael Dias Belloli,Brazil,53,2,4,21,14.301048912579802,22.165187325216355,1,1,2.53778684626079,10.730666307459089,17,0,3,2.9213989643709364,11.380705493286582,2.1177079792203273,Left Foot,Open Play,Normal,From Throw In,Right Wing,1,0,1,1,Ground Pass,,8.502353,1,1,1,316.98542809441295,0.48412251834439873,0.17745459523800708,0.080992505,0
3869253,Vinícius José Paixão de Oliveira Júnior,Brazil,53,2,4,22,16.32176461048253,17.05126185555349,2,1,0.8689433351556467,0.0,16,0,3,3.0950890979408436,13.30108456725148,2.8122942978479415,Right Foot,Open Play,Normal,From Throw In,Left Wing,1,0,1,1,Ground Pass,,6.6407833,1,1,1,278.3066823180436,0.0,0.053238320481449324,0.05640157,0
3869253,Raphael Dias Belloli,Brazil,57,2,4,0,29.614185789921695,15.080419808531119,3,1,8.174255016787246,4.5400394415246925,18,1,0,1.0364983715786993,30.18558922867433,0.9680877102472678,Left Foot,Free Kick,Normal,From Free Kick,Right Wing,1,0,1,1,,,,0,0,0,446.5943539998559,0.3010552424380358,0.2760249792033489,0.04321825,0
3869253,Raphael Dias Belloli,Brazil,61,2,4,5,12.343824366864594,17.577431932372484,0,1,4.589882114287703,8.753055236718758,14,0,1,4.545075141600127,7.799183885604286,4.06498704132683,Right Foot,Open Play,Normal,Regular Play,Right Wing,1,0,1,1,Ground Pass,,19.80101,1,1,1,216.97273259372326,0.4979712207332285,0.37183631084452645,0.16284284,0
3869253,Hee-Chan Hwang,South Korea,67,2,-4,6,17.638877515306923,19.687637247268572,1,1,3.5550270622516966,7.25409354813649,15,0,1,3.691175581494185,13.965589000865943,2.680658630421391,Right Foot,Open Play,Half Volley,Regular Play,Right Midfield,1,0,1,1,,,,0,0,0,347.2678219703647,0.3684593258717681,0.20154497128100488,0.04724954,0
3869253,Seung-Ho Paik,South Korea,75,2,-4,1,26.300760445279902,17.294863140874334,4,1,4.614236631647586,1.8696396385934249,20,0,1,1.2573163235672515,25.244483296898885,0.6599864668099187,Left Foot,Open Play,Half Volley,From Free Kick,Right Center Midfield,1,0,1,1,,,,0,0,0,454.868052402037,0.10810375447116179,0.1754411870047539,0.023081098,1
3869253,Daniel Alves da Silva,Brazil,88,2,3,19,15.837297749300546,16.867879150880135,2,1,9.508189507478646,8.013419133506874,15,0,0,1.7494674683991684,15.005841534432657,0.0913246925297102,Right Foot,Open Play,Overhead Kick,From Free Kick,Right Back,1,0,1,1,High Pass,,26.704308,1,1,1,267.14162451170756,0.47506975013445885,0.6003669096830976,0.027839905,0
3869253,Gleison Bremer Silva Nascimento,Brazil,89,2,3,1,4.026164427839484,89.6143611536949,0,0,1.9160784414696241,89.6143611536949,19,2,4,4.146062839636691,1.9160784414696241,0.9105969873868531,Head,Open Play,Normal,From Corner,Left Back,1,0,1,1,High Pass,Inswinging,39.194515,1,1,1,360.80215310056695,1.0,0.4759066540404133,0.34439024,0
3869253,Daniel Alves da Silva,Brazil,92,2,3,2,32.18338080438411,13.922892177072963,0,1,5.115769990500265,11.675153111858375,20,0,0,1.6200200234432074,30.590447827410486,0.5845763241221604,Right Foot,Open Play,Normal,From Throw In,Right Back,1,0,1,1,,,,0,0,0,448.08574083311964,0.8385580354550203,0.15895688590315474,0.027316706,0
3869152,Raphaël Varane,France,3,1,0,1,5.700000000000003,70.11885393377392,0,0,1.1421226857610265,70.11885393377392,19,2,3,8.052295587923277,5.507961489098405,5.505133608421545,Head,Open Play,Normal,From Corner,Right Center Back,1,0,0,1,High Pass,Inswinging,40.404083,1,1,1,399.67746742251154,1.0,0.2003724010107063,0.1462742,0
3869152,Ousmane Dembélé,France,10,1,0,12,12.459534501738014,12.942915580022808,1,1,1.1492984078442963,4.353894833794699,14,0,1,5.0204768434728795,7.439926141394418,4.731066012188329,Right Foot,Open Play,Normal,From Corner,Right Wing,1,0,0,1,Low Pass,,35.627098,1,1,1,161.26270322237664,0.33639212176542893,0.09224248367256237,0.040392082,0
3869152,Aurélien Djani Tchouaméni,France,12,1,0,10,33.46117152760794,13.138043039813546,1,0,3.9654295382165072,8.577050361716472,16,0,1,,,,Right Foot,Open Play,Normal,From Free Kick,Right Defensive Midfield,1,0,0,1,Ground Pass,,10.283968,1,1,1,439.61431169229667,0.6528407873017743,0.11850838919207402,0.017185243,0
3869152,Ousmane Dembélé,France,16,1,0,2,21.8524598157736,19.82625874072839,0,1,1.1718202103863702,15.693965699552482,12,0,3,5.238389649700759,16.64205284525588,2.048678097405336,Left Foot,Open Play,Normal,From Free Kick,Right Wing,1,0,0,1,,,,0,0,0,433.25252242889724,0.7915747446245577,0.05362417870872934,0.07651916,0
3869152,Robert Lewandowski,Poland,20,1,0,2,27.69729228643118,16.324682110081724,0,0,3.395898962433794,16.324682110081717,12,0,2,,,,Left Foot,Open Play,Normal,Regular Play,Center Forward,1,0,0,1,,,,0,0,0,452.1494918860076,0.9999999999999996,0.12260761547790124,0.03323787,0
3869152,Jules Koundé,France,21,1,0,10,30.157254516948324,12.861627999714786,1,1,3.8111419554813066,0.0,15,0,1,2.9573737300191865,27.208449241898766,1.7553995156246742,Right Foot,Open Play,Normal,From Goal Kick,Right Back,1,0,0,1,Ground Pass,,25.20734,1,1,1,387.87138908970775,0.0,0.12637562724217655,0.01624438,0
3869152,Przemysław Frankowski,Poland,24,1,0,39,18.55640051303054,14.35032235598249,0,1,4.234176554014169,9.765687103760415,13,0,3,3.5597896114715017,15.000818492969128,3.020316980738393,Right Foot,Open Play,Normal,Regular Play,Left Midfield,1,0,0,1,Ground Pass,,10.100495,1,1,1,266.29032912870707,0.6805203995775891,0.2281787651134646,0.043646414,0
3869152,Robert Lewandowski,Poland,32,1,0,0,28.54119829299394,14.167841316670925,4,1,10.034839529764609,1.211620507864885,17,1,0,1.630965384002897,27.1177104450182,0.011521492102481545,Right Foot,Free Kick,Normal,From Free Kick,Center Forward,1,0,0,1,,,,0,0,0,404.3671684027772,0.08551906255748383,0.3515913882364175,0.042642463,0
3869152,Matty Cash,Poland,33,1,0,26,26.44333564435471,13.750774478496753,0,1,4.050078433846049,10.794922543034502,16,0,1,3.1853214022672214,23.263195191346682,1.814009529238362,Right Foot,Open Play,Normal,Regular Play,Right Back,1,0,0,1,Ground Pass,,29.508305,1,1,1,363.61634490471624,0.7850410578629905,0.15316064842639038,0.023505978,0
3869152,Kylian Mbappé Lottin,France,34,1,0,11,17.328012003689288,13.453339977720537,0,1,3.4687564791554086,8.293072506670283,15,0,3,4.026457156123228,13.328413484094238,3.6904787860036166,Left Foot,Open Play,Normal,From Goal Kick,Left Wing,1,0,0,1,Ground Pass,,14.494137,1,1,1,233.11963662365446,0.6164322406483492,0.20018202194324886,0.047962468,0
3869152,Olivier Giroud,France,35,1,0,1,15.469001260585634,27.934866913399254,3,1,0.9322961896484685,0.0,20,1,4,1.3176007421149836,14.176705177159253,0.14118533518272613,Left Foot,Open Play,Half Volley,From Corner,Center Forward,1,0,0,1,,,,0,0,0,432.12449149766496,0.0,0.06026867371353315,0.046657436,0
3869152,Piotr Zieliński,Poland,37,1,0,5,13.495184326269877,32.83482618722516,2,1,5.026236854664082,18.102924748309693,15,1,0,2.4835517504817153,11.143799825709483,0.4393187187669696,Right Foot,Open Play,Normal,From Throw In,Right Center Midfield,1,0,0,1,,,,0,0,0,443.1120317176367,0.5513330463540838,0.372446698996171,0.13905574,0
3869152,Piotr Zieliński,Poland,37,1,0,5,9.442986815621415,43.236926646683195,3,1,1.85268985201461,10.207239540343842,17,1,2,3.242113876575688,7.353023842009313,2.9672694747498554,Left Foot,Open Play,Half Volley,From Throw In,Right Center Midfield,1,0,0,1,,,,0,0,0,408.2857282726197,0.23607689842883092,0.19619744135930894,0.2098723,0
3869152,Jakub Kamiński,Poland,37,1,0,5,12.044085685513869,20.08854608266547,2,1,4.588951910530319,11.37651296066722,17,1,1,3.207030106185442,8.865402283052603,2.598944456145091,Right Foot,Open Play,Half Volley,From Throw In,Right Midfield,1,0,0,1,,,,0,0,0,241.9481703170169,0.5663183843097577,0.38101289133551436,0.07224382,0
3869152,Olivier Giroud,France,43,1,0,11,16.3294213002176,24.68374940637373,0,1,2.2200117679392273,17.570091493059774,15,0,2,6.720803533652402,9.671411888223785,3.7732856564134067,Left Foot,Open Play,Normal,From Throw In,Center Forward,1,0,0,1,Ground Pass,Through Ball,11.503912,1,1,1,403.07134332567273,0.7118080484370377,0.1359516499160717,0.28635955,1
3869152,Jakub Kamiński,Poland,45,1,-1,3,16.196604582442585,19.988335551022573,1,1,2.535843066187744,10.292633811709997,16,1,2,2.766990626842808,13.449715603166448,2.1965276912318217,Right Foot,Open Play,Half Volley,From Throw In,Right Midfield,1,0,0,1,Low Pass,,28.853077,1,1,1,323.74316718109225,0.5149320104936622,0.156566337918544,0.03898995,0
3869152,Antoine Griezmann,France,47,2,1,0,26.64301034042512,8.589105430391516,0,0,8.416550263740149,8.589105430391506,21,0,0,2.6364913548960542,27.052625531137075,1.5347054585711106,Left Foot,Free Kick,Normal,From Free Kick,Center Attacking Midfield,1,0,0,1,,,,0,0,0,228.83962479692272,0.9999999999999988,0.3159008744207038,0.008752431,0
3869152,Theo Bernard François Hernández,France,47,2,1,0,22.051077071199945,20.519317160823743,4,1,8.57672926709229,5.158478112981085,19,0,0,1.679862973244291,20.681040724309483,0.8443217510148173,Right Foot,Open Play,Volley,From Free Kick,Left Back,1,0,0,1,,,,0,0,0,452.47304416172,0.2513961879213918,0.38894831483283976,0.032634486,0
3869152,Kylian Mbappé Lottin,France,55,2,1,7,22.380571931923456,16.540080658965433,1,1,1.6963990342506525,11.320691902131273,13,0,3,2.6115851880557504,19.800358869988663,1.8407842564995605,Right Foot,Open Play,Normal,From Throw In,Left Wing,1,0,0,1,Ground Pass,,14.124093,1,1,1,370.17646494779177,0.6844399453393821,0.07579784106548786,0.02943752,0
3869152,Kylian Mbappé Lottin,France,62,2,1,52,16.84428686528462,16.321736904077117,1,1,1.746750474916178,4.165646538771999,17,1,3,4.242913069962366,12.663365260660834,3.7775116154433945,Right Foot,Open Play,Normal,Regular Play,Left Wing,1,0,0,1,Ground Pass,,4.967897,1,1,1,274.9280185519774,0.2552207870555391,0.10369987693074491,0.054253228,0
3869152,Olivier Giroud,France,65,2,1,10,7.992496481075233,35.05942696688699,1,1,1.2829609823269652,24.57973075887401,13,0,2,3.228186322588286,4.896579939289218,2.3033426030864277,Left Foot,Open Play,Volley,Regular Play,Center Forward,1,0,0,1,Low Pass,,18.676188,1,1,1,280.21234666135837,0.7010876356333243,0.16052068153733715,0.12365263,0
3869152,Kamil Glik,Poland,70,2,-1,1,10.0,29.744881296942214,0,1,1.7804411007112713,29.241070216004257,19,0,3,2.317611924913224,10.138021250124543,1.2847175425293074,Head,Open Play,Normal,From Free Kick,Right Center Back,1,0,0,1,High Pass,,48.047062,1,1,1,297.44881296942214,0.9830622594890049,0.17804411007112714,0.041239407,0
3869152,Kylian Mbappé Lottin,France,73,2,1,4,19.0,19.415707625162167,1,1,4.569608836756455,9.615484711865921,10,0,1,3.0666348038241056,15.936584212197724,1.7354407836478316,Right Foot,Open Play,Normal,Regular Play,Left Wing,1,0,0,1,Ground Pass,,29.71683,1,1,1,368.8984448780812,0.4952425581133363,0.24050572825033972,0.08738103,1
3869152,Theo Bernard François Hernández,France,80,2,2,3,16.387800340497197,25.414011094139084,2,1,2.5391006147610518,1.8399730689221634,19,1,2,2.6214443169201114,13.80757975426515,1.430800837017543,Right Foot,Open Play,Normal,From Free Kick,Left Back,1,0,0,1,,,,0,0,0,416.47973966193206,0.07239994749772079,0.15493846410164508,0.069959894,0
3869152,Kylian Mbappé Lottin,France,90,2,2,8,20.23561217260303,15.672703974411277,1,1,2.8635177290383003,4.2763578886056415,15,0,3,3.4206096207615215,16.85351512545994,2.7968757017971697,Right Foot,Open Play,Normal,Regular Play,Center Forward,1,0,0,1,Ground Pass,,12.366487,1,1,1,317.14675932220075,0.27285386718128685,0.14150882635096226,0.042708755,1
3869152,Robert Lewandowski,Poland,91,2,-3,5,16.82408987137195,23.334395962588545,1,1,3.2302829714814165,6.936292326371584,12,1,3,5.19418733185595,11.859897379552997,3.6998000999716893,Right Foot,Open Play,Half Volley,From Kick Off,Center Forward,1,0,0,1,,,,0,0,0,392.57997476876847,0.29725613371318327,0.19200343056762317,0.061160102,0
3869152,Robert Lewandowski,Poland,93,2,-3,5,7.0,59.48976259388444,1,0,0.15938860644914649,0.0,15,1,3,4.3969738182632305,4.812869595925448,2.987254899388738,Head,Open Play,Normal,Regular Play,Center Forward,1,0,0,1,High Pass,,29.459293,1,1,1,416.4283381571911,0.0,0.022769800921306642,0.10443308,0
3869152,Robert Lewandowski,Poland,98,2,-3,0,12.0,36.86989764584404,0,1,7.924550561583011,30.769026980884455,17,0,0,2.4445877190878074,11.275018117694545,2.2515657622247005,Right Foot,Penalty,Normal,Other,Center Forward,1,0,0,1,,,,0,0,0,442.43877175012847,0.8345297639944147,0.660379213465251,0.7835,1
3869117,Memphis Depay,Netherlands,9,1,0,21,15.546703830716009,28.156747310524153,1,1,5.084845022602537,15.115543871585055,13,0,0,2.8858271397411714,12.819400615406277,1.4873858322615447,Right Foot,Open Play,Normal,Regular Play,Left Center Forward,1,0,0,1,Ground Pass,,24.891766,1,1,1,437.7446112730285,0.5368355834885558,0.3270690094807288,0.16183718,1
3869117,Daley Blind,Netherlands,17,1,1,18,18.902909828912588,21.02626147135777,1,1,2.1488299260590593,0.0,11,0,2,5.07816097113308,14.03833045533599,1.3585300357450478,Left Foot,Open Play,Normal,Regular Play,Left Wing Back,1,0,0,1,Ground Pass,,12.202458,1,1,1,397.45752463221487,0.0,0.11367720343099544,0.07337185,0
3869117,Memphis Depay,Netherlands,20,1,1,1,26.107853224652544,9.4843755798721,0,1,4.27979790842597,6.21972242417345,8,0,1,5.099276538702778,21.063259660933916,4.635301373602189,Right Foot,Open Play,Half Volley,From Free Kick,Left Center Forward,1,0,0,1,High Pass,,80.98253,1,1,1,247.61668556677967,0.6557861792581315,0.16392760720688968,0.008920797,0
3869117,Timothy Weah,United States,42,1,-1,6,26.136947029062135,15.0993445909409,0,0,3.82183528330697,15.099344590940865,17,0,1,,,,Right Foot,Open Play,Half Volley,Regular Play,Right Wing,1,0,0,1,,,,0,0,0,394.6507697469782,0.9999999999999977,0.1462234774037459,0.028368456,0
3869117,Sergino Dest,United States,43,1,-1,11,16.04618334682737,26.11916379693775,1,1,0.6861220272063836,14.593612286444841,14,1,5,4.144721060959704,11.908423759428635,1.4086756298254386,Right Foot,Open Play,Normal,Regular Play,Right Back,1,0,0,1,High Pass,,17.917868,1,1,1,419.1128911514789,0.5587319869771565,0.0427592040036139,0.07418261,0
3869117,Daley Blind,Netherlands,45,1,1,5,12.49039631076613,35.31836598883536,2,1,0.787535188039352,0.0,17,1,1,2.3055576534390236,10.679397839087695,1.0800303142108163,Right Foot,Open Play,Normal,From Throw In,Left Wing Back,1,0,0,1,Ground Pass,,22.916588,1,1,1,441.14038824923716,0.0,0.06305125701740416,0.2502288,1
3869117,Weston McKennie,United States,48,2,-2,1,11.44814395437095,37.15723138057932,2,1,1.0757638503465117,17.362686238703343,17,1,3,1.323797864668769,10.197584711697345,0.7749585467263955,Head,Open Play,Normal,From Corner,Right Center Midfield,1,0,0,1,High Pass,Outswinging,44.844845,1,1,1,425.3813337907417,0.46727610194817054,0.09396840698668717,0.03899759,0
3869117,Tim Ream,United States,48,2,-2,1,4.545327270945403,80.55095145778884,1,0,1.9377525340020794,69.8556313952376,17,1,4,3.5774826719594213,4.090655271821259,1.1887209018012896,Left Foot,Open Play,Half Volley,From Corner,Left Center Back,1,0,0,1,,,,0,0,0,366.13043636168703,0.8672229207850397,0.4263174945374258,0.2582279,0
3869117,Weston McKennie,United States,48,2,-2,2,11.981652640600121,36.03591877619417,1,1,0.46148912457745683,0.0,18,0,3,2.546689366685293,9.60987879149749,0.2006203766382484,Head,Open Play,Normal,From Corner,Right Center Midfield,1,0,0,1,High Pass,,24.4804,1,1,1,431.7698613612384,0.0,0.038516316439828155,0.06857926,0
3869117,Sergino Dest,United States,50,2,-2,9,25.770137756713673,13.266140398088432,1,1,1.3486126513647108,0.0,14,0,2,4.686897628154142,21.13878799729282,3.5987472957402318,Left Foot,Open Play,Normal,From Free Kick,Right Back,1,0,0,1,Ground Pass,,12.306909,1,1,1,341.87026555864327,0.0,0.05233238037361163,0.01609117,0
3869117,Weston McKennie,United States,53,2,-2,3,18.585209172888,23.495385555806067,3,1,2.905009590978934,2.3526740433804547,15,0,2,2.0447879804606655,16.67091844073774,1.1742675377482357,Left Foot,Open Play,Half Volley,Regular Play,Right Center Midfield,1,0,0,1,Ground Pass,,18.03136,1,1,1,436.6666551523071,0.10013345121715073,0.15630760805300734,0.053084504,0
3869117,Memphis Depay,Netherlands,60,2,2,7,22.515772249692,19.223897330901075,1,1,2.313246010678305,14.796644633538289,16,1,4,4.548476576948064,19.345940984108644,3.924013967713222,Right Foot,Open Play,Normal,Regular Play,Left Center Forward,1,0,0,1,Ground Pass,,7.741447,1,1,1,432.8408940540305,0.7697005648149043,0.10273891497147954,0.046333984,0
3869117,Timothy Weah,United States,62,2,-2,2,23.618001608942283,17.14997812398994,1,1,1.9461397417722162,12.356347625965823,13,0,1,2.8808017015985725,20.757921824536208,1.0471141377821809,Left Foot,Open Play,Normal,Regular Play,Right Wing,1,0,0,1,High Pass,,57.487564,1,1,1,405.04821092571933,0.7204876610706207,0.0824006947749282,0.04334448,0
3869117,Virgil van Dijk,Netherlands,70,2,2,1,8.302409288875129,51.10133686356506,2,1,0.4794346707663836,0.0,19,2,5,0.9773252525898118,7.888005547467579,0.7785532206900427,Head,Open Play,Normal,From Corner,Center Back,1,0,0,1,High Pass,Outswinging,39.559196,1,1,1,424.2642138499996,0.0,0.05774645094994358,0.08036702,0
3869117,Teun Koopmeiners,Netherlands,70,2,2,1,25.59472601924076,17.70328416172676,1,1,5.452195165989096,7.381619965782555,15,0,0,1.7155584887467143,23.924828499245596,0.23491364038320484,Left Foot,Open Play,Normal,Regular Play,Right Defensive Midfield,1,0,0,1,Ground Pass,,10.191173,1,1,1,453.1107077601607,0.41696331021681793,0.21302025901314295,0.04472613,0
3869117,Memphis Depay,Netherlands,70,2,2,1,8.886506625215564,41.23806137560051,0,1,3.8840578137823694,30.654549407156697,7,1,1,2.5248624412404204,6.505664734263732,2.0829499525343778,Head,Open Play,Diving Header,Regular Play,Left Center Forward,1,0,0,1,,,,0,0,0,366.46230562531997,0.7433557345955695,0.43707364182470887,0.27671057,0
3869117,Giovanni Reyna,United States,73,2,-2,8,23.30708046924796,17.753504012940194,1,1,0.9241066168197355,0.0,14,0,2,3.4962336452041463,19.82135968130467,1.7074580317886685,Left Foot,Open Play,Normal,Regular Play,Right Wing,1,0,0,1,Ground Pass,,18.822327,1,1,1,413.7823466407137,0.0,0.039649179485994765,0.042619057,0
3869117,Haji Wright,United States,74,2,-2,0,16.321764610482532,8.718649285311914,0,0,5.229272260607152,8.718649285311868,10,0,0,11.977237264622492,5.229272260607152,10.47037148371792,Right Foot,Open Play,Normal,Regular Play,Center Forward,1,0,0,1,,,,0,0,0,142.3037413562128,0.9999999999999947,0.3203864524089932,0.046546377,0
3869117,Haji Wright,United States,75,2,-2,6,7.1449282711585065,48.19906191027377,1,1,1.3615712763066568,8.120081589056163,16,0,3,3.7566381679684078,3.9541805628268465,3.5162600162872693,Right Foot,Open Play,Normal,From Corner,Center Forward,1,0,0,1,Ground Pass,,10.572133,1,1,1,344.3788400860342,0.1684697018413411,0.19056472292420737,0.3636808,1
3869117,Steven Bergwijn,Netherlands,77,2,1,4,12.731457104353769,29.898386032173157,0,1,1.9964534064741162,7.2169731240282795,9,0,2,9.681149221013737,3.0512179917458493,5.528432939155145,Right Foot,Open Play,Normal,Regular Play,Right Center Forward,1,0,0,1,Ground Pass,Through Ball,15.047923,1,1,1,380.65001925802244,0.24138336819459802,0.1568126405414656,0.25042096,0
3869117,Christian Pulisic,United States,78,2,-1,8,25.22578046364473,14.80855564933178,1,1,1.981233468012587,4.802704289967964,17,1,2,3.6927071246922445,21.848177848196634,0.8656955986900812,Left Foot,Open Play,Normal,From Goal Kick,Left Wing,1,0,0,1,Ground Pass,,11.221853,1,1,1,373.55737379370936,0.3243195625350998,0.07854002657590439,0.031073315,0
3869117,Denzel Dumfries,Netherlands,80,2,1,9,7.7935871073594845,49.29180360720485,0,0,9.120650651913069,49.29180360720485,15,0,0,3.988722616205707,9.120650651913069,3.5396011717034668,Left Foot,Open Play,Volley,From Keeper,Right Wing Back,1,0,0,1,High Pass,,37.63416,1,1,1,384.15996509160743,1.0,1.1702763472420086,0.23592436,1
3869117,Walker Zimmerman,United States,85,2,-2,1,13.146862743635834,33.14030555082428,3,1,1.1890641123889147,8.447047104255045,19,0,3,2.4501972705937622,10.707436869950651,0.7587511561262943,Right Foot,Open Play,Volley,From Corner,Right Center Back,1,0,0,1,,,,0,0,0,435.69104835883957,0.2548874237535491,0.09044470422911503,0.05674074,0
3869117,Giovanni Reyna,United States,88,2,-2,12,20.385534086699817,18.693955200464938,3,1,0.8298008394125259,1.7504289331435767,16,0,5,3.6677911707241613,16.74877884096563,2.394612981169516,Left Foot,Open Play,Normal,Regular Play,Right Wing,1,0,0,1,Ground Pass,,5.0328918,1,1,1,381.0862609543173,0.093636093291806,0.040705376463691226,0.043403003,0
3869117,Yunus Dimoara Musah,United States,93,2,-2,9,16.638810053606594,26.2787948602992,3,1,2.1664861331374734,4.630862744901517,17,0,2,2.475594566579491,14.179968887902405,0.8781138956364458,Right Foot,Open Play,Half Volley,From Throw In,Right Center Midfield,1,0,0,1,High Pass,,15.428869,1,1,1,437.24787611821165,0.17622051427851482,0.13020679520696074,0.054460905,0
3869117,Haji Wright,United States,94,2,-2,3,8.702298546935749,49.36414819422017,1,1,0.5140497736922004,0.0,19,2,3,1.8350975659044508,7.670938827323327,1.3917919932474163,Head,Open Play,Normal,From Throw In,Center Forward,1,0,0,1,High Pass,,29.594088,1,1,1,429.5815551012832,0.0,0.059070574391314974,0.072495155,0
3857270,Mathías Olivera Miramontes,Uruguay,2,1,0,3,24.981593223811803,16.00312262087202,1,1,1.8894380752811673,13.007078657704959,14,0,4,5.640408541376735,20.17120689406833,4.738477205522727,Left Foot,Open Play,Normal,Regular Play,Left Wing Back,1,0,0,1,Ground Pass,,3.9319208,1,1,1,399.78349962540585,0.8127837901298413,0.07563320955367267,0.039672486,0
3857270,William Silva de Carvalho,Portugal,2,1,0,2,17.839843048636943,21.784412621457744,1,1,2.811049269760154,4.118821293812459,15,2,2,3.074005042155553,14.773724303030438,1.8029721974937658,Right Foot,Open Play,Volley,From Throw In,Left Center Midfield,1,0,0,1,High Pass,,16.54237,1,1,1,388.63050207355184,0.18907194632162824,0.15757141260135316,0.048683427,0
3857270,Bruno Miguel Borges Fernandes,Portugal,7,1,0,8,32.33960420289649,12.780096923599645,1,0,2.052217566661345,12.540060639006082,14,0,1,,,,Right Foot,Open Play,Normal,From Free Kick,Center Attacking Midfield,1,0,0,1,Low Pass,,6.844706,1,1,1,413.3032761838676,0.9812179605500242,0.06345833900086936,0.014580331,0
3857270,José María Giménez de Vargas,Uruguay,11,1,0,2,10.989540481748993,38.98643148747766,0,0,0.9144213747779503,38.98643148747767,19,1,6,5.441066092283759,8.570454352862667,3.0948920377098545,Head,Open Play,Normal,From Corner,Right Center Back,1,0,0,1,High Pass,,32.184624,1,1,1,428.44296707056935,1.0000000000000002,0.08320833580772428,0.050594334,0
3857270,João Félix Sequeira,Portugal,15,1,0,2,21.06679852279411,19.56001965674188,1,1,1.278748478481347,13.967576530682152,13,0,2,3.7272993097339175,17.343246522903545,1.471974275866792,Right Foot,Open Play,Normal,Regular Play,Left Center Forward,1,0,0,1,Ground Pass,,20.972363,1,1,1,412.0669932104735,0.7140880620673536,0.06069970608480217,0.033737455,0
3857270,Cristiano Ronaldo dos Santos Aveiro,Portugal,17,1,0,0,29.181500989496755,12.941119347600157,3,1,10.419797605411562,7.283169824611612,20,0,0,3.4837661811433955,30.176454948859252,3.2451836439674935,Right Foot,Free Kick,Normal,From Free Kick,Right Center Forward,1,0,0,1,,,,0,0,0,377.64128704718956,0.5627928797335623,0.3570685966140652,0.026755862,0
3857270,Rúben Diogo Da Silva Neves,Portugal,19,1,0,11,29.35574901105403,14.631463237600991,3,1,7.172704440985842,0.4702703264639927,18,0,0,3.89400508478961,25.82454991271493,0.22818993117587638,Right Foot,Open Play,Half Volley,Regular Play,Center Defensive Midfield,1,0,0,1,,,,0,0,0,429.5175624674787,0.0321410318863706,0.24433729959623685,0.015326656,0
3857270,Rodrigo Bentancur Colmán,Uruguay,31,1,0,13,13.263860674780931,33.436338905848494,0,1,1.5487796859190237,19.665301434530953,12,0,4,9.383846090638754,3.9867305548926337,0.1503041539348331,Right Foot,Open Play,Normal,From Throw In,Center Defensive Midfield,1,0,0,1,,,,0,0,0,443.4949407219315,0.5881415872086166,0.11676688438561299,0.49410823,0
3857270,Cristiano Ronaldo dos Santos Aveiro,Portugal,34,1,0,19,25.660280590827526,14.38718777604757,1,1,1.16154944088847,0.0,16,1,2,3.1605392369247247,22.972821917242676,0.37185069492330314,Left Foot,Open Play,Normal,From Keeper,Right Center Forward,1,0,0,1,Ground Pass,,8.508819,1,1,1,369.1792752463045,0.0,0.045266435679728115,0.029249214,0
3857270,João Félix Sequeira,Portugal,34,1,0,20,29.560108254199616,14.834924718316298,1,1,1.976313588420169,4.466203164729994,17,0,2,2.84941397406097,26.87655545412317,1.6262009996466489,Right Foot,Open Play,Normal,From Keeper,Left Center Forward,1,0,0,1,Ground Pass,,10.423532,1,1,1,438.5219806163315,0.30106004914306633,0.06685745435791472,0.022321237,0
3857270,Rodrigo Bentancur Colmán,Uruguay,35,1,0,4,15.646405337968202,22.076327147368886,2,1,1.6278824126900782,0.0,13,0,2,4.112409927037871,11.637510075849473,3.29422823628812,Right Foot,Open Play,Normal,From Goal Kick,Center Defensive Midfield,1,0,0,1,Ground Pass,,16.31962,1,1,1,345.41516292132485,0.0,0.10404194302315514,0.07433986,0
3857270,Bruno Miguel Borges Fernandes,Portugal,36,1,0,9,27.795863001533164,15.877161301837505,2,1,1.6235761881090949,0.0,14,0,1,2.229362349576216,25.61721469728581,0.11042017718426678,Right Foot,Open Play,Normal,From Throw In,Center Attacking Midfield,1,0,0,1,Ground Pass,,19.284191,1,1,1,441.3194003991192,0.0,0.05841071342233705,0.028039778,0
3857270,Bruno Miguel Borges Fernandes,Portugal,53,2,0,14,32.703516630478745,8.890613062470567,2,0,1.7343383201265463,0.0,17,0,1,,,,Right Foot,Open Play,Normal,Regular Play,Center Attacking Midfield,1,0,0,1,Ground Pass,,15.9890585,1,1,1,290.7543121436578,0.0,0.053032165920352196,0.0077694156,1
3857270,Cristiano Ronaldo dos Santos Aveiro,Portugal,56,2,1,1,40.851193373021545,9.642000903090592,0,0,2.4525181294166387,9.64200090309058,18,0,2,,,,Right Foot,Open Play,Normal,Regular Play,Center Forward,1,0,0,1,Ground Pass,,8.980535,1,1,1,393.88724339500214,0.9999999999999987,0.06003540966409812,0.007159395,0
3857270,Edinson Roberto Cavani Gómez,Uruguay,57,2,-1,3,17.102631376487064,26.32417442776765,0,1,4.027363442500845,21.428423489084846,9,0,1,3.4873739759553257,14.04807088577015,1.5775869873840662,Right Foot,Open Play,Volley,Regular Play,Left Center Forward,1,0,0,1,High Pass,,34.232735,1,1,1,450.21265152845746,0.8140207225827147,0.2354820935939554,0.07401822,0
3857270,Darwin Gabriel Núñez Ribeiro,Uruguay,59,2,-1,1,27.43720102342803,16.453512794420075,1,1,2.110543641401924,5.0453732423056605,16,0,3,3.7301084321729325,23.715824651516982,0.25333259219728177,Right Foot,Open Play,Normal,Regular Play,Right Center Forward,1,0,0,1,High Pass,,24.856588,1,1,1,451.4383380820487,0.30664413765896315,0.07692270212255894,0.03092143,0
3857270,Mathías Olivera Miramontes,Uruguay,64,2,-1,11,13.418271125595881,30.127059816778644,2,1,2.231497230954153,24.804055761070256,14,0,1,3.2249241179322685,12.290208127272205,1.8680639008168498,Head,Open Play,Normal,From Throw In,Left Back,1,0,0,1,High Pass,,27.875616,1,1,1,404.2530568385808,0.8233148508987973,0.1663028873144085,0.041303303,0
3857270,Maximiliano Gómez González,Uruguay,74,2,-1,9,21.044714300745447,21.296090162251428,1,1,1.2387728047424482,0.0,18,0,2,3.575908308430548,17.75386113860559,1.7767306756582428,Right Foot,Open Play,Normal,From Throw In,Left Center Forward,1,0,0,1,Ground Pass,,16.667633,1,1,1,448.1701331874971,0.0,0.058863845193591835,0.047642853,0
3857270,Luis Alberto Suárez Díaz,Uruguay,77,2,-1,1,7.440430095095313,41.806550726716715,2,1,1.3319775993138392,2.2637705940191024,19,0,4,4.2396470236464285,3.4803693777276257,3.923217943628245,Left Foot,Open Play,Half Volley,From Free Kick,Right Center Forward,1,0,0,1,High Pass,,27.282595,1,1,1,311.0587181991919,0.05414870527867842,0.17901889840909477,0.088375136,0
3857270,Giorgian Daniel De Arrascaeta Benedetti,Uruguay,78,2,-1,5,14.645477117526765,23.32841009649292,0,1,1.1013559458771736,13.016938512326963,10,0,1,8.051783402098573,6.676817165331265,6.0403731784219445,Right Foot,Open Play,Normal,Regular Play,Left Midfield,1,0,0,1,Ground Pass,,25.939352,1,1,1,341.6556962564674,0.5579865262349732,0.07520109703760634,0.2560759,0
3857270,Rafael Alexandre Conceição Leão,Portugal,82,2,1,6,26.322993750711568,16.273530214969675,1,1,4.276230144713556,5.71372972606506,13,1,1,3.2589097370501072,23.116917325701326,1.6244860827574996,Right Foot,Open Play,Normal,Regular Play,Left Wing,1,0,0,1,Ground Pass,,18.78643,1,1,1,428.36803415066265,0.3511057312450326,0.16245227215456676,0.026902085,0
3857270,Federico Santiago Valverde Dipetta,Uruguay,85,2,-1,4,32.116818024206566,14.064251809478876,2,1,7.22365013156627,8.210929191884738,19,0,0,1.744876935427621,30.587281653468978,1.027161762532515,Right Foot,Open Play,Normal,From Free Kick,Right Defensive Midfield,1,0,0,1,Ground Pass,,25.603516,1,1,1,451.69901601165094,0.5838155703633536,0.22491798926412254,0.019629322,0
3857270,Bruno Miguel Borges Fernandes,Portugal,92,2,1,0,12.0,36.86989764584404,0,1,8.226036465743414,30.75250086349007,14,0,0,1.4275924785497296,11.244587535234034,1.1710087619714002,Right Foot,Penalty,Normal,Other,Right Wing,1,0,0,1,,,,0,0,0,442.43877175012847,0.8340815360781583,0.6855030388119512,0.7835,1
3857270,Bruno Miguel Borges Fernandes,Portugal,97,2,2,2,10.261091559868277,11.643953778622638,0,0,7.123878144139126,4.529850451565755,12,0,0,3.5458569863360068,7.123878144139126,3.4942747369993725,Right Foot,Open Play,Volley,From Throw In,Right Wing,1,0,0,1,Ground Pass,,11.557249,1,1,1,119.47967584132108,0.3890302673549079,0.6942612394183311,0.032710962,0
3857270,Bruno Miguel Borges Fernandes,Portugal,98,2,2,2,20.033971149025852,21.936632601918177,1,1,3.0497905860980214,17.64691358620305,15,0,1,3.8770128937276658,16.266559378521066,0.14704008404021351,Right Foot,Open Play,Half Volley,Regular Play,Right Wing,1,0,0,1,Ground Pass,,12.054045,1,1,1,439.47786465360866,0.8044495208740458,0.15223095627979463,0.100704454,0
3857263,Daniel Olmo Carvajal,Spain,6,1,0,35,23.94702486740263,15.633782762921646,1,1,3.497971581263959,5.809186367095793,15,1,1,3.1738329063245003,20.776933246575847,1.9572122759855688,Right Foot,Open Play,Normal,Regular Play,Left Wing,1,0,0,1,Ground Pass,,9.2,1,1,1,374.38258459525525,0.37157906408123653,0.14607123852055198,0.032144632,0
3857263,Jordi Alba Ramos,Spain,21,1,0,9,28.748043411682826,13.006233469814367,1,1,2.9771461169074986,4.962434280190808,14,0,2,2.778300962713616,26.084756769264295,2.1667752408143315,Right Foot,Open Play,Normal,Regular Play,Left Back,1,0,0,1,Ground Pass,,42.845886,1,1,1,373.9037644127056,0.3815427649909498,0.10355995621245047,0.021667236,0
3857263,Serge Gnabry,Germany,24,1,0,5,23.903974564912843,13.914813123470331,1,1,4.412897802413427,4.550671047783264,15,0,2,3.596972476822721,20.409831429696364,3.0047287360037913,Left Foot,Open Play,Normal,Regular Play,Right Wing,1,0,0,1,,,,0,0,0,332.6193389789502,0.32703788454819965,0.18460937491503382,0.028963488,0
3857263,Ferrán Torres García,Spain,25,1,0,1,18.35211159512714,23.21583269775397,0,1,1.7461444257261833,17.831183270601883,10,0,1,5.720627031059948,12.77339319786447,2.949985453541636,Left Foot,Open Play,Normal,Regular Play,Right Wing,1,0,0,1,Ground Pass,,29.543528,1,1,1,426.05955244298246,0.7680613270583644,0.0951467855170312,0.068952255,0
3857263,Antonio Rüdiger,Germany,29,1,0,5,33.51074454559314,12.39095765678749,2,1,3.512806344255668,3.309684859345919,19,0,1,3.103289752400921,30.42531210251116,1.5862763612658597,Right Foot,Open Play,Normal,From Free Kick,Left Center Back,1,0,0,1,Ground Pass,,18.806648,1,1,1,415.23021671186694,0.2671048478269109,0.10482626966035652,0.0065071667,0
3857263,Ferrán Torres García,Spain,35,1,0,3,17.810109488714552,15.15849859310561,1,1,3.5616092338754255,4.436955291263212,14,0,1,4.8076511102690045,13.162943679371779,4.450472360555473,Right Foot,Open Play,Normal,From Corner,Right Wing,1,0,0,1,Low Pass,,16.964964,1,1,1,269.9745196277364,0.2927041397939786,0.19997682979614773,0.04777013,0
3857263,Antonio Rüdiger,Germany,44,1,0,1,21.159631376751346,6.658549305167807,0,1,5.205869863685413,4.761745820106063,18,0,0,4.316329445062559,16.948190762112322,3.7886869012618263,Right Foot,Open Play,Half Volley,From Free Kick,Left Center Back,1,0,0,1,High Pass,,35.035126,1,1,1,140.8924488012746,0.7151326215171818,0.2460283816383135,0.008851705,0
3857263,Joshua Kimmich,Germany,55,2,0,1,14.212670403551899,31.414611087725575,1,1,2.956057583402627,7.992874038445955,14,0,3,3.5251263035290497,10.70563270373403,0.1609892080187052,Right Foot,Open Play,Normal,Regular Play,Right Defensive Midfield,1,0,0,1,Ground Pass,,5.9008474,1,1,1,446.4855132456106,0.254431736115586,0.2079874857763448,0.09558376,0
3857263,Daniel Olmo Carvajal,Spain,58,2,0,1,35.33907186104355,12.512568036963865,0,1,5.093316924548004,10.261738927976305,15,0,0,4.945909990681315,30.548457215754876,2.318108714532535,Right Foot,Open Play,Normal,From Throw In,Left Wing,1,0,0,1,Low Pass,,26.81287,1,1,1,442.18254102446264,0.8201145358540071,0.14412707115159645,0.0118638035,0
3857263,Álvaro Borja Morata Martín,Spain,61,2,0,17,8.872992730753248,40.932112702547364,0,1,0.9926986718173427,28.63407075599475,12,0,1,3.289894189877915,5.6014686469093755,2.3173245198866894,Right Foot,Open Play,Normal,From Goal Kick,Center Forward,1,0,0,1,Ground Pass,,24.539356,1,1,1,363.19033846407547,0.6995502764315593,0.11187867520467024,0.31874228,1
3857263,Leon Goretzka,Germany,63,2,-1,4,23.801890681204295,19.077869824542457,4,1,1.8987265740576926,0.0,17,1,1,0.9389363157231647,22.904606536110286,0.2599359950645663,Right Foot,Open Play,Normal,Regular Play,Left Defensive Midfield,1,0,0,1,,,,0,0,0,454.0893719940057,0.0,0.07977209035570713,0.036448006,0
3857263,Marco Asensio Willemsen,Spain,64,2,1,9,19.08009433938941,22.813044583328878,0,1,7.831075494912222,18.868072031547065,11,0,0,1.6629216173351873,17.43193837309262,0.26411840464246694,Left Foot,Open Play,Normal,From Free Kick,Right Wing,1,0,0,1,Ground Pass,,5.246904,1,1,1,435.2750428186116,0.8270738244791453,0.41043169680485064,0.13836038,0
3857263,Niclas Füllkrug,Germany,72,2,-1,14,8.926925562588721,47.8647494746892,0,1,1.4968542050125664,37.85523313244889,15,0,2,2.7797780867257753,6.877699539781861,1.9910165655666319,Right Foot,Open Play,Normal,Regular Play,Center Forward,1,0,0,1,Ground Pass,,25.319756,1,1,1,427.2850556325081,0.7908791657306526,0.16767858032620284,0.3730103,0
3857263,Jamal Musiala,Germany,72,2,-1,2,14.142842712835357,23.286463951416163,0,1,3.997139207517429,15.212621620143773,15,0,1,5.636997411296975,8.522813783575568,3.780873919015292,Right Foot,Open Play,Normal,From Throw In,Center Attacking Midfield,1,0,0,1,Ground Pass,Through Ball,26.73668,1,1,1,329.33679700298933,0.6532817370590359,0.2826262929368379,0.28996226,0
3857263,Serge Gnabry,Germany,72,2,-1,4,22.29282395749807,14.098732237638181,1,1,3.3321876876985295,3.626159190723011,18,0,3,4.366988970586802,18.0096755092411,3.681268534928172,Right Foot,Open Play,Volley,From Throw In,Left Wing,1,0,0,1,High Pass,,6.293648,1,1,1,314.3005557975708,0.257197535892097,0.149473556784526,0.024480116,0
3857263,Niclas Füllkrug,Germany,73,2,-1,1,9.139474820797966,45.864823571994734,2,1,0.5681266103165146,0.0,19,2,4,0.10514643837053861,9.227022431496797,0.02893376964699712,Head,Open Play,Normal,From Corner,Center Forward,1,0,0,1,High Pass,Outswinging,43.577286,1,1,1,419.1804001965869,0.0,0.062161844247732335,0.065169856,0
3857263,Joshua Kimmich,Germany,80,2,-1,0,25.489213404889522,14.915659108594998,5,1,10.240674953894962,1.1809349948463224,21,1,0,1.3304062058698198,24.548238361929748,0.2262670674541809,Right Foot,Free Kick,Normal,From Free Kick,Right Defensive Midfield,1,0,0,1,,,,0,0,0,380.1884180935621,0.07917417435249781,0.4017650443434446,0.053563386,0
3857263,Niclas Füllkrug,Germany,82,2,-1,2,15.041608956491324,19.2930808246853,0,1,1.756553585081238,12.695098900258056,15,1,1,4.806778689538266,10.42636080708642,4.381850593360561,Right Foot,Open Play,Normal,From Counter,Center Forward,1,0,0,1,,,,0,0,0,290.19897733089743,0.658013047040927,0.11677963375873986,0.16441207,1
3857259,Aleksandar Mitrović,Serbia,5,1,0,10,11.881077392223311,31.533884924571762,0,1,1.0107136357024984,24.85110056470767,16,0,2,2.706136355550801,9.870049451048622,0.06275345190799442,Head,Open Play,Normal,Regular Play,Center Forward,1,1,0,1,High Pass,,29.068195,1,1,1,374.65652726630105,0.7880760846356503,0.08506919047291578,0.06545554,0
3857259,Aleksandar Mitrović,Serbia,10,1,0,3,15.264337522473749,11.664920369791425,0,1,3.691056448475556,5.661701198656338,16,0,1,3.8061881726790223,11.458251510444365,3.5318584998810394,Left Foot,Open Play,Normal,Regular Play,Center Forward,1,1,0,1,Low Pass,,7.7162166,1,1,1,178.0572816972756,0.48536132431031526,0.2418091478284726,0.016927462,0
3857259,Filip Kostić,Serbia,10,1,0,4,22.027255843613386,11.375670923553024,1,1,2.1222771386960955,7.38260587460864,15,0,1,3.4877094815522742,18.540851885400965,2.89722667073589,Left Foot,Open Play,Normal,Regular Play,Left Wing Back,1,1,0,1,,,,0,0,0,250.5748138258562,0.6489820182230439,0.09634777721580927,0.012009094,0
3857259,Nicolas Alexis Julio N'Koulou Ndoubena,Cameroon,15,1,0,5,24.860008045050986,17.757931259563396,1,1,2.5686664054483077,10.504958422880495,17,0,1,3.125319809342283,21.855567565256788,1.5231621953305137,Left Foot,Open Play,Normal,From Free Kick,Left Center Back,1,1,0,1,Ground Pass,,7.668768,1,1,1,441.4623139762084,0.5915643139582001,0.10332524433593922,0.046143826,0
3857259,Aleksandar Mitrović,Serbia,16,1,0,2,11.187939935484096,39.12526064841254,0,1,1.9169329360242122,30.25155011903888,15,0,3,3.520376569510022,7.755909920067115,0.21393150429243946,Right Foot,Open Play,Half Volley,From Throw In,Center Forward,1,1,0,1,,,,0,0,0,437.73106609459904,0.773197407958132,0.17133922304537896,0.063389905,0
3857259,Pierre Kunde Malong,Cameroon,18,1,0,8,23.358510226467786,10.190183064768974,1,1,0.8021625043750338,0.0,9,0,1,6.125140022305711,17.236768354621134,5.179249761807775,Right Foot,Open Play,Half Volley,Regular Play,Left Center Midfield,1,1,0,1,High Pass,,47.913776,1,1,1,238.02749532798492,0.0,0.034341338407194076,0.009715966,0
3857259,Pierre Kunde Malong,Cameroon,19,1,0,2,25.303161857759992,16.558097003331593,4,1,5.680349655580313,0.019552853152139355,20,0,0,2.25001882944025,23.30635636963499,1.7178296225830394,Right Foot,Open Play,Normal,From Corner,Left Center Midfield,1,1,0,1,Ground Pass,,21.54739,1,1,1,418.97220853179,0.001180863546590239,0.22449169346945705,0.029523049,0
3857259,Nicolas Alexis Julio N'Koulou Ndoubena,Cameroon,28,1,0,1,8.080222769206303,37.920826055547224,2,1,1.1401684589285241,18.796532961183075,15,1,5,2.31590379393079,6.101236070085226,1.0453304840506021,Head,Open Play,Normal,From Corner,Left Center Back,1,1,0,1,High Pass,Inswinging,33.74315,1,1,1,306.4087221211443,0.4956783624293816,0.1411060674309255,0.09064111,0
3857259,Jean-Charles Castelletto,Cameroon,28,1,0,1,3.534119409414461,106.30419800383224,0,0,3.9539828761881397,106.30419800383224,18,0,1,3.0304315942700737,5.737749356291764,2.5355262928457734,Right Foot,Open Play,Volley,From Corner,Right Center Back,1,1,0,1,,,,0,0,0,375.6917294675815,1.0,1.1188028524602802,0.8945071,1
3857259,Pierre Kunde Malong,Cameroon,42,1,1,2,21.510230124292022,16.462776330931266,0,1,4.234140422184672,11.722439066173104,9,1,1,7.036823044744126,14.50836616893233,4.058152341748702,Right Foot,Open Play,Normal,Regular Play,Left Center Midfield,1,1,0,1,,,,0,0,0,354.1181073630794,0.7120572393459705,0.19684310199001334,0.0845098,0
3857259,Pierre Kunde Malong,Cameroon,42,1,1,2,17.839843048636947,14.113824395699124,0,1,6.230909321598714,8.11215567217444,9,0,0,6.382218599384702,11.461208882172924,5.308805572310675,Right Foot,Open Play,Normal,Regular Play,Left Center Midfield,1,1,0,1,,,,0,0,0,251.78841203529558,0.5747666574799131,0.3492692903525733,0.056867022,0
3857259,Strahinja Pavlović,Serbia,45,1,-1,1,9.712363255150619,43.52600840566444,0,1,1.860329766149687,33.37040832522784,18,2,4,3.1713346172813717,6.7790205144366835,1.8288136194913562,Head,Open Play,Normal,From Free Kick,Left Center Back,1,1,0,1,High Pass,,29.483894,1,1,1,422.7404046825523,0.7666774314385567,0.19154244103906687,0.07892812,1
3857259,Sergej Milinković-Savić,Serbia,47,1,0,5,21.47207488809594,20.138005653866454,1,1,4.54065160826057,9.928699469761938,15,0,2,3.295973641758006,18.245309606207194,0.4218005168832377,Left Foot,Open Play,Normal,From Throw In,Left Attacking Midfield,1,1,0,1,Ground Pass,,9.091755,1,1,1,432.4047654967199,0.49303290705232516,0.2114677613563045,0.058657028,1
3857259,Aleksandar Mitrović,Serbia,50,1,1,7,22.391292950609166,19.59659697009861,1,1,3.5266830872468637,1.0483127022233167,10,0,1,7.275665029401768,15.133890524938488,2.322386509098017,Right Foot,Open Play,Normal,From Throw In,Center Forward,1,1,0,1,,,,0,0,0,438.7931435924979,0.05349462990043019,0.15750243163831762,0.08318807,0
3857259,Saša Lukić,Serbia,51,1,1,1,19.52331938989884,20.427317173386275,4,1,7.144779508867136,2.532059991873363,18,0,0,3.0835956332502574,16.72193981021015,0.36052507972594583,Right Foot,Open Play,Half Volley,From Corner,Left Defensive Midfield,1,1,0,1,,,,0,0,0,398.8090374547858,0.12395460306320874,0.36596130843220076,0.039666813,0
3857259,Vincent Paté Aboubakar,Cameroon,59,2,-2,2,15.492256130079957,25.73970775467204,1,1,1.1480044858373828,0.0,11,0,2,3.8150753374912165,11.723512873954103,2.303618570383101,Left Foot,Open Play,Normal,From Counter,Center Attacking Midfield,1,1,0,1,Ground Pass,,45.855644,1,1,1,398.7661452487845,0.0,0.07410182714500847,0.05176351,0
3857259,Karl Brillant Toko Ekambi,Cameroon,61,2,-2,3,20.62062074720351,14.889229933775297,1,1,1.8082378333022553,4.026069280041874,10,0,2,4.102268856897382,16.519229792914956,3.0329468361393808,Right Foot,Open Play,Normal,From Counter,Left Wing,1,1,0,1,Ground Pass,,19.726631,1,1,1,307.02516368229044,0.27040144439632735,0.0876907565232963,0.02132554,0
3857259,Sergej Milinković-Savić,Serbia,62,2,2,1,24.855582873873622,17.417970792202848,0,1,1.20124063637498,12.386224726420691,8,0,2,11.189015510646335,13.668621989158684,3.359932473392064,Right Foot,Open Play,Lob,From Keeper,Left Attacking Midfield,1,1,0,1,,,,0,0,0,432.9338165203081,0.7111175506141842,0.04832880574438818,0.10917903,0
3857259,Vincent Paté Aboubakar,Cameroon,62,2,-2,4,18.009997223764355,22.034250269356434,0,1,2.4911771344961293,5.863373577922481,6,0,2,14.732794135690373,3.3032211533081415,7.684067887082037,Right Foot,Open Play,Lob,From Goal Kick,Center Attacking Midfield,1,1,0,1,High Pass,Through Ball,46.14943,1,1,1,396.8367861788384,0.2661027040287736,0.13832190552528228,0.28323865,1
3857259,Jean-Eric Maxim Choupo-Moting,Cameroon,65,2,-1,2,9.486832980505138,44.21517539700812,0,0,4.700791184885878,44.21517539700812,6,0,1,5.226106907560018,6.385039121381936,1.8760555749823098,Left Foot,Open Play,Normal,From Counter,Center Forward,1,1,0,1,Ground Pass,,18.298906,1,1,1,419.461984195156,1.0,0.4955068983027019,0.46942416,1
3857259,Nikola Milenković,Serbia,69,2,0,1,11.078808600206072,35.45126501733282,1,1,0.712128461665071,0.0,14,2,3,4.065741578717984,7.33723885841646,0.8779500434798209,Head,Open Play,Normal,From Corner,Right Center Back,1,1,0,1,High Pass,Outswinging,46.57907,1,1,1,392.75777976221156,0.0,0.06427843348172159,0.0304652,0
3857259,Aleksandar Mitrović,Serbia,75,2,0,12,18.560711193270592,13.555088671883267,0,1,5.237212521958114,5.211000906510847,9,0,0,11.954139333998903,6.643403182776111,10.39951105780888,Right Foot,Open Play,Normal,From Free Kick,Center Forward,1,1,0,1,Ground Pass,Through Ball,45.580696,1,1,1,251.59208603799917,0.3844313403364008,0.28216658658300375,0.10947208,0
3857259,Sergej Milinković-Savić,Serbia,77,2,0,20,26.120490041344933,16.58209513188405,1,1,3.396500277848114,6.803563493544147,18,0,1,4.924812180161049,21.200442597561956,1.730087133588242,Right Foot,Open Play,Normal,Regular Play,Left Attacking Midfield,1,1,0,1,Ground Pass,,7.930952,1,1,1,433.1324507570116,0.41029577019264935,0.1300320274417497,0.032438725,0
3857259,Vincent Paté Aboubakar,Cameroon,86,2,0,4,30.117104774529704,13.139551217384048,1,1,1.6332079110280395,0.0,14,0,1,4.839210596979961,25.385241198939408,1.5935218627434935,Right Foot,Open Play,Normal,From Throw In,Center Attacking Midfield,1,1,0,1,Low Pass,,40.38663,1,1,1,395.7252407042547,0.0,0.05422858283540115,0.025639288,0
3857259,Aleksandar Mitrović,Serbia,88,2,0,31,14.996666296213975,29.7094241639224,2,1,1.5728206209711313,4.7818186325957415,15,0,2,2.6288001467606117,12.915836365591845,1.2331438090779372,Right Foot,Open Play,Normal,From Keeper,Left Center Forward,1,1,0,1,Ground Pass,,8.17435,1,1,1,445.5423200390201,0.16095292208330772,0.10487801688087185,0.1134657,0
3857259,Georges-Kévin Nkoudou Mbida,Cameroon,94,2,0,0,31.154132952146174,7.967185011684262,2,1,10.393367040916639,0.0,20,1,0,2.230050689032669,29.999363375542814,0.021121119479275308,Right Foot,Free Kick,Normal,From Free Kick,Left Wing,1,1,0,1,,,,0,0,0,248.21074110835778,0.0,0.3336111795144872,0.0070103277,0
3857259,Marko Grujić,Serbia,94,2,0,3,28.429737951659,15.62682089262865,1,1,4.113115172157407,3.8684153211503416,20,0,1,3.293941810567941,25.16675060417888,0.3223740676727047,Right Foot,Open Play,Half Volley,From Throw In,Right Center Midfield,1,1,0,1,Ground Pass,,26.566332,1,1,1,444.2664229949425,0.2475497318187807,0.14467650666183465,0.027356416,0
3857283,Michy Batshuayi Tunga,Belgium,4,1,0,6,14.427751037497146,22.602925562443307,0,1,1.263327129914678,6.629248806997589,11,0,3,11.127279383035768,3.3414034235747323,8.331426930514908,Left Foot,Open Play,Normal,Regular Play,Center Forward,1,1,0,1,Ground Pass,,30.363794,1,1,1,326.1093827340122,0.29329162672696907,0.0875623045221214,0.13561569,0
3857283,Kevin De Bruyne,Belgium,15,1,0,2,26.70299608658174,15.887841144276504,2,1,3.646364479184135,5.586089355188042,20,0,1,2.6685097882008395,24.23157441145042,1.8135789253411474,Right Foot,Open Play,Half Volley,From Free Kick,Right Wing,1,1,0,1,Ground Pass,,10.076706,1,1,1,424.25295989984784,0.35159524220195243,0.1365526350436921,0.023734333,0
3857283,Amadou Onana,Belgium,16,1,0,1,5.5785302723925465,70.70995378081122,0,0,2.0295790095533137,70.70995378081122,19,2,5,8.034474874193954,5.090323535508622,3.3148321201201014,Head,Open Play,Normal,From Corner,Right Defensive Midfield,1,1,0,1,High Pass,Inswinging,38.876858,1,1,1,394.4576177257332,1.0,0.3638196640425971,0.22733837,0
3857283,Thomas Meunier,Belgium,18,1,0,11,22.71497303542314,16.826269125234937,0,0,2.9894230101695136,16.82626912523494,16,1,1,5.929319530413358,18.257052881360394,0.24335614156916563,Right Foot,Open Play,Normal,From Throw In,Right Back,1,1,0,1,,,,0,0,0,382.20824946648446,1.0000000000000002,0.13160583574136855,0.050302412,0
3857283,Hakim Ziyech,Morocco,20,1,0,5,33.70830758136635,12.67764515323692,1,0,2.110933447368118,8.800768118782731,18,0,2,,,,Left Foot,Open Play,Normal,From Throw In,Right Wing,1,1,0,1,Ground Pass,,3.535534,1,1,1,427.3419622327284,0.694195807849668,0.06262353701005811,0.010982664,0
3857283,Selim Amallah,Morocco,27,1,0,16,17.032028651925174,22.226147614388044,2,1,0.9307238636460273,0.5403664908231395,15,0,2,3.164569571585829,14.09342512718796,2.5740901787962684,Right Foot,Open Play,Volley,From Goal Kick,Right Center Midfield,1,1,0,1,High Pass,,5.3823786,1,1,1,378.5563829901755,0.024312197516106412,0.054645508334136415,0.054105066,0
3857283,Achraf Hakimi Mouh,Morocco,34,1,0,12,19.443507913954203,13.182289378836355,0,1,0.7639626111936804,8.570748666035753,9,0,1,4.539324137149073,14.91334492318089,3.9371652220716555,Right Foot,Open Play,Normal,Regular Play,Right Back,1,1,0,1,High Pass,,42.052467,1,1,1,256.3099478614391,0.6501714853715586,0.0392913981661406,0.054164495,0
3857283,Kevin De Bruyne,Belgium,34,1,0,6,25.984995670578826,17.44849923438954,2,1,0.95191304334757,0.0,14,1,2,4.765933936731322,21.23682221363845,0.7543771603230027,Left Foot,Open Play,Normal,From Goal Kick,Right Wing,1,1,0,1,Ground Pass,,20.938004,1,1,1,453.39917706371017,0.0,0.036633180756130014,0.021631707,0
3857283,Kevin De Bruyne,Belgium,38,1,0,0,34.11231449198368,2.9529093870833494,0,1,13.313076994215114,2.5883680668747258,19,0,0,1.8944405167079283,32.61653203745763,1.232936397557694,Right Foot,Free Kick,Normal,From Free Kick,Right Wing,1,1,0,1,,,,0,0,0,100.73057367851798,0.8765484231235796,0.39027187666623026,0.007375095,0
3857283,Hakim Ziyech,Morocco,49,2,0,4,26.08926982496827,16.62052064044411,2,1,3.0919395180036706,0.0,14,0,1,2.7643777328301535,23.53532743658318,1.7545070144114305,Left Foot,Open Play,Normal,Regular Play,Right Wing,1,1,0,1,Ground Pass,,15.29477,1,1,1,433.6172476200008,0.0,0.11851383878304579,0.02991042,0
3857283,Eden Hazard,Belgium,51,2,0,14,24.035390573069538,12.137243789098935,0,1,6.049445328388476,8.727825162466592,12,0,0,4.620630103346085,19.62446519419985,2.6815912008333953,Right Foot,Open Play,Normal,Regular Play,Center Attacking Midfield,1,1,0,1,Ground Pass,,2.5079873,1,1,1,291.72339495155535,0.7190944924666907,0.2516890794845905,0.009158539,0
3857283,Amadou Onana,Belgium,51,2,0,1,8.637129152675667,49.57749621338181,1,1,0.8461850428855874,18.065532283776925,19,3,6,3.4057734345652957,7.473137805396162,2.742268348598614,Head,Open Play,Normal,From Corner,Right Defensive Midfield,1,1,0,1,High Pass,Outswinging,40.132282,1,1,1,428.2072378612675,0.36438976680110624,0.09797063676226846,0.06452631,0
3857283,Sofiane Boufal,Morocco,56,2,0,12,22.440142602042442,12.400334235602797,0,1,3.893292259986905,8.579668315438868,15,0,2,4.546343283967148,17.998871719343036,4.09892373303213,Right Foot,Open Play,Normal,From Throw In,Left Wing,1,1,0,1,High Pass,,57.968353,1,1,1,278.26526855991574,0.6918900855757295,0.17349677000860717,0.01369968,0
3857283,Noussair Mazraoui,Morocco,60,2,0,9,32.937061192522926,13.712267214308625,1,0,4.614357834986603,8.889422875628194,17,0,1,,,,Right Foot,Open Play,Normal,Regular Play,Left Back,1,1,0,1,Ground Pass,,9.158603,1,1,1,451.64178432590904,0.6482825003841934,0.14009622194326532,0.022188112,0
3857283,Dries Mertens,Belgium,64,2,0,10,22.21936092690336,20.309853932135038,1,1,0.5871659284655826,0.0,16,0,4,3.8808030957121873,18.34708068329153,0.16865973239516308,Right Foot,Open Play,Normal,Regular Play,Right Wing,1,1,0,1,Ground Pass,,20.803846,1,1,1,451.27197489079583,0.0,0.02642586933068079,0.065653466,0
3857283,Romain Saïss,Morocco,72,2,0,1,4.118252056394802,86.56636963754944,0,0,1.0196267798840406,86.56636963754944,19,1,4,2.413763664569186,3.8314357839605555,0.21001191396629793,Other,Open Play,Normal,From Free Kick,Left Center Back,1,1,0,1,High Pass,,33.031048,1,1,1,356.5021297744705,1.0,0.24758726904555758,0.56495196,1
3857283,Jan Vertonghen,Belgium,81,2,-1,1,11.1610931364271,38.77033213512762,2,1,0.6499294869818231,9.88919503405551,16,0,3,1.4894926162423623,9.926400803350775,1.0389117636852916,Head,Open Play,Normal,From Corner,Left Back,1,1,0,1,High Pass,Outswinging,43.77865,1,1,1,432.7192878903719,0.2550711972130738,0.05823170535694312,0.03727616,0
3857283,Abderrazak Hamdallah,Morocco,90,2,1,1,11.609048195265625,12.89910100483245,0,1,1.0186097413145503,4.290549883822225,8,1,3,8.173993838922598,3.5080499252986064,7.96953703131156,Left Foot,Open Play,Normal,Regular Play,Center Forward,1,1,0,1,Ground Pass,,41.03523,1,1,1,149.74628524069917,0.3326239466002193,0.08774274377893937,0.036752854,0
3857283,Zakaria Aboukhlal,Morocco,91,2,1,4,11.846096403457134,31.97015971791198,1,1,4.040240457107291,14.889444278135018,11,0,1,3.0144606459362455,9.096692162269683,2.5005832481932373,Right Foot,Open Play,Normal,From Goal Kick,Left Wing,1,1,0,1,Ground Pass,,10.653169,1,1,1,378.72159405230724,0.465729430491174,0.3410609131906269,0.18104906,1
3857286,Enner Remberto Valencia Lastra,Ecuador,15,1,0,0,11.900420160649796,37.156345075648375,0,1,9.942987051891308,31.463903938277948,9,0,0,0.994849877794626,12.08325560584327,0.9833351554151548,Right Foot,Penalty,Normal,Other,Right Center Forward,1,0,0,1,,,,0,0,0,442.1761180343067,0.8467976027841029,0.8355156303446343,0.7835,1
3857286,Romario Andrés Ibarra Mina,Ecuador,28,1,1,23,24.355902775302745,18.04067216530066,0,0,2.338838455450982,18.0406721653007,13,1,1,,,,Right Foot,Open Play,Normal,From Throw In,Left Midfield,1,0,0,1,,,,0,0,0,439.3968572591733,1.0000000000000022,0.09602758218523517,0.057691004,0
3857286,Enner Remberto Valencia Lastra,Ecuador,30,1,1,3,10.590561835898987,40.867166423508046,0,1,1.9705573377369832,32.954005879000405,14,1,2,1.9221895658900185,8.695591357512612,0.6455674121767956,Head,Open Play,Normal,Regular Play,Right Center Forward,1,0,0,1,High Pass,,37.28552,1,1,1,432.8062530661368,0.8063687493646305,0.18606730863487858,0.08878088,1
3857286,Abdelkarim Hassan Al Haj Fadlalla,Qatar,32,1,-2,10,36.17070637961056,11.068271736816085,2,1,9.26353989401818,1.9514244584691909,17,0,0,4.748859597501177,31.75537443694517,0.7383433525930769,Left Foot,Open Play,Normal,From Kick Off,Left Center Back,1,0,0,1,Ground Pass,,21.105923,1,1,1,400.3472071221168,0.17630796432095372,0.2561061372923599,0.0062173195,0
3857286,Almoez Ali Zainalabiddin Abdulla,Qatar,49,1,-2,6,7.917701686727028,50.180342668433326,0,1,2.5844850335151754,37.182817666093506,12,0,1,2.7310871731929156,5.301207818386521,0.6755269374082502,Head,Open Play,Normal,From Free Kick,Right Center Forward,1,0,0,1,High Pass,,30.63609,1,1,1,397.3129837863948,0.7409837336460418,0.3264185916283914,0.21267414,0
3857286,Angelo Smit Preciado Quiñónez,Ecuador,51,2,2,6,35.54068091638088,10.289159341158078,1,1,5.858108731098416,6.389706803710665,16,0,0,2.9772817699616616,32.79098867525769,0.8014149338082746,Right Foot,Open Play,Normal,Regular Play,Right Back,1,0,0,1,Ground Pass,,14.80608,1,1,1,365.6837290418989,0.6210134950628029,0.16482826383887272,0.0066099144,0
3857286,Romario Andrés Ibarra Mina,Ecuador,54,2,2,1,19.66977376585709,21.32575935512919,0,1,2.6161740260616138,16.317850961144618,9,0,2,5.943900496904926,13.733642983535775,2.0911016220078196,Right Foot,Open Play,Normal,Regular Play,Left Midfield,1,0,0,1,Ground Pass,,42.1527,1,1,1,419.4728619005016,0.7651709226110118,0.13300478476284175,0.07894745,0
3857286,Akram Hassan Afif,Qatar,74,2,-2,16,32.61931942882929,12.022828725746848,2,1,9.386228311519021,1.3665897153139381,16,0,0,4.261064295608832,28.358259644033236,2.2125909351659345,Right Foot,Open Play,Normal,From Throw In,Left Center Forward,1,0,0,1,Ground Pass,,23.55292,1,1,1,392.1764906432411,0.11366623832770659,0.2877505869488919,0.009109482,0
3857286,Mohammed Muntari,Qatar,85,2,-2,5,24.961570463414354,14.623640185730196,0,1,1.7432549901519037,10.905517884122084,6,0,2,6.69311277215153,18.495088491830167,2.795861448304123,Right Foot,Open Play,Half Volley,From Goal Kick,Right Center Forward,1,0,0,1,High Pass,,69.36873,1,1,1,365.02902492772205,0.7457457750337518,0.06983755259737986,0.045332674,0
3857286,Kevin José Rodríguez Cortez,Ecuador,94,2,2,1,8.127115109311548,50.90614111377048,0,1,1.2113876811241775,41.84113365008173,15,1,4,1.9304465708299936,7.592569420244413,1.4480797408928439,Head,Open Play,Normal,From Corner,Center Forward,1,0,0,1,High Pass,Outswinging,38.08648,1,1,1,413.7200686024699,0.8219270354154462,0.14905506626038115,0.13848205,0
3857300,Lionel Andrés Messi Cuccittini,Argentina,1,1,0,23,16.140012391568973,26.89218502569346,1,1,0.48935613363955427,0.0,17,1,4,2.772675131984582,13.659941213422199,1.7990908203143476,Left Foot,Open Play,Normal,Regular Play,Right Center Forward,1,0,0,1,,,,0,0,0,434.04019955105804,0.0,0.030319439772870205,0.15308252,0
3857300,Lionel Andrés Messi Cuccittini,Argentina,9,1,0,0,12.0,36.86989764584404,0,1,9.105022878023524,30.38277576438478,19,0,0,1.6706673379607109,10.604344196977326,0.8625328691419796,Left Foot,Penalty,Normal,Other,Right Center Forward,1,0,0,1,,,,0,0,0,442.43877175012847,0.8240537051723958,0.7587519065019603,0.7835,1
3857300,Alejandro Darío Gómez,Argentina,20,1,1,4,29.30187707297947,11.589498334523945,0,1,3.5943797579694023,8.978492982667685,18,0,1,2.9806407452009607,26.335022632737868,2.2058292113260194,Right Foot,Open Play,Normal,From Throw In,Left Midfield,1,0,0,1,Ground Pass,,35.00086,1,1,1,339.59405553572094,0.7747093725292372,0.1226672185204113,0.011924569,0
3857300,Lautaro Javier Martínez,Argentina,41,1,1,1,9.202173656261872,38.382012712012965,1,0,1.8156758692866513,9.276649016703436,20,3,3,3.074890684878159,9.04250754037779,1.7645066247927446,Head,Open Play,Normal,From Free Kick,Left Center Forward,1,0,0,1,High Pass,,24.729334,1,1,1,353.197946252794,0.24169261487946908,0.19730945503849787,0.0877444,0
3857300,Rodrigo Javier De Paul,Argentina,41,1,1,1,18.98552079875609,23.699584561246258,5,1,6.023986172823811,4.195341065149477,20,0,0,0.6530019376174295,18.58263266587772,0.46722315962028915,Right Foot,Open Play,Half Volley,From Free Kick,Right Defensive Midfield,1,0,0,1,,,,0,0,0,449.9489556094196,0.1770217133683318,0.317293701693898,0.050540753,0
3857300,Saleh Khalid Al Shehri,Saudi Arabia,47,2,-1,10,15.879546593023365,22.121941971881864,1,1,0.6520513658161841,0.0,7,0,1,3.9511616846444135,12.259977420041542,1.3719732655658987,Left Foot,Open Play,Normal,From Free Kick,Center Forward,1,0,0,1,Low Pass,,7.256032,1,1,1,351.2864082706572,0.0,0.04106234154712333,0.080592275,1
3857300,Nawaf Shaker Al Abid,Saudi Arabia,52,2,0,5,20.659622455408034,16.385764883818396,2,1,4.664188506273415,5.787422689610334,12,0,1,4.1761279205326485,16.507616922645507,3.129834522653482,Left Foot,Open Play,Normal,Regular Play,Center Attacking Midfield,1,0,0,1,,,,0,0,0,338.5237161427709,0.35319820164914284,0.22576349187119238,0.040064447,0
3857300,Salem Mohammed Al Dawsari,Saudi Arabia,52,2,0,5,22.931419493786244,15.438004747048161,1,1,1.8266538257136091,7.248296658552173,16,0,2,3.206424590751414,19.823225265309613,2.5630742778498856,Right Foot,Open Play,Normal,Regular Play,Left Midfield,1,0,0,1,,,,0,0,0,354.0153630016248,0.4695099384483665,0.07965725044664504,0.03280492,1
3857300,Lisandro Martínez,Argentina,62,2,-1,5,8.900561780022658,48.39744323724682,1,1,2.847774551849109,27.495914478474006,17,2,1,1.7679690257494944,8.078657562691486,1.4740446973250556,Right Foot,Open Play,Normal,From Corner,Left Center Back,1,0,0,1,Low Pass,,19.557608,1,1,1,430.7644335282551,0.5681274182953753,0.31995447278855466,0.33156127,0
3857300,Nicolás Alejandro Tagliafico,Argentina,62,2,-1,5,4.801041553663125,77.26718986879078,0,1,3.057057356706103,63.63485992688819,17,3,1,0.5653716143524541,5.055436616074542,0.5531999616873833,Other,Open Play,Normal,From Corner,Left Back,1,0,0,1,,,,0,0,0,370.96298929484294,0.823568969376886,0.6367487809751642,0.63619345,0
3857300,Lautaro Javier Martínez,Argentina,68,2,-1,1,9.563472172804184,20.357750357448158,2,1,2.5626762270135077,0.0,18,2,5,5.015002829150989,4.642422488338958,4.379352398854074,Head,Open Play,Normal,From Corner,Left Center Forward,1,0,0,1,High Pass,Outswinging,31.196955,1,1,1,194.69077904434988,0.0,0.26796504247704467,0.077176735,0
3857300,Ángel Fabián Di María Hernández,Argentina,71,2,-1,11,16.772596698186,14.537153031240083,1,1,3.0403824530388874,8.990093039555559,15,0,2,2.910528121883746,13.893549591171514,2.277241842552826,Right Foot,Open Play,Normal,From Throw In,Right Midfield,1,0,0,1,Ground Pass,Through Ball,20.580088,1,1,1,243.82580493280201,0.6184218478154566,0.18127082572537578,0.0639515,0
3857300,Ángel Fabián Di María Hernández,Argentina,73,2,-1,12,37.52572450999447,10.832855235762882,0,1,3.3175362312928907,7.9621601042206915,17,0,1,15.093300901165362,22.556579724994062,5.5955125269557655,Left Foot,Open Play,Half Volley,From Throw In,Right Midfield,1,0,0,1,Ground Pass,,11.428036,1,1,1,406.51074123388906,0.7350010621331794,0.0884069867967322,0.015201165,0
3857300,Enzo Fernandez,Argentina,75,2,-1,1,11.80677771451635,37.415695719328795,0,0,1.836589282239458,37.415695719328774,19,2,4,5.098976608739457,9.674157331431745,4.193539633831662,Head,Open Play,Normal,From Corner,Left Defensive Midfield,1,0,0,1,High Pass,Outswinging,41.224873,1,1,1,441.758802392096,0.9999999999999994,0.1555538121109356,0.036932193,0
3857300,Lionel Andrés Messi Cuccittini,Argentina,79,2,-1,0,28.111385593741197,15.697814931060353,2,1,9.834816136210952,6.600136420518862,20,1,0,0.9235962967666923,27.25596494500888,0.11520133370084551,Left Foot,Free Kick,Normal,From Free Kick,Right Center Forward,1,0,0,1,,,,0,0,0,441.2873285062255,0.4204493714255451,0.3498517034464713,0.056788407,0
3857300,Lionel Andrés Messi Cuccittini,Argentina,83,2,-1,11,10.089598604503552,30.82607383911125,0,1,1.5595213640405885,15.685305900229402,9,1,3,5.628477361936098,4.554286548113152,4.752439265512145,Head,Open Play,Normal,Regular Play,Right Center Forward,1,0,0,1,High Pass,,36.59522,1,1,1,311.0227115894203,0.5088324248522473,0.15456723554339288,0.077553175,0
3857300,Nicolás Hernán Otamendi,Argentina,90,2,-1,1,10.72800074571213,40.28841781877314,1,1,1.3578331526967315,0.0,19,4,5,2.659379925977324,8.669139511883337,1.924633531170528,Head,Open Play,Normal,From Corner,Right Center Back,1,0,0,1,High Pass,Outswinging,39.134895,1,1,1,432.2141764033601,0.0,0.12656907702392203,0.048093256,0
3857300,Julián Álvarez,Argentina,100,2,-1,3,10.123734488813897,34.7498891138942,0,1,2.806531560585305,20.457178498950793,12,0,2,6.582011524864218,3.78758486181897,5.160444171792456,Head,Open Play,Normal,From Corner,Left Midfield,1,0,0,1,High Pass,,44.07596,1,1,1,351.79865090478927,0.5886976626573266,0.27722295203280467,0.061390053,0
3857299,Gue-Sung Cho,South Korea,3,1,0,5,9.364827814754522,42.10619294676103,1,1,1.7380179353507392,13.373710551992671,15,0,3,4.3131680119453835,6.613158108540342,4.036377113906923,Left Foot,Open Play,Normal,Regular Play,Center Forward,1,0,0,1,Ground Pass,,12.224975,1,1,1,394.3172468812483,0.31761861180141265,0.1855899510092912,0.09163986,0
3857299,Woo-Yeong Jeong,South Korea,7,1,0,2,25.013996082193664,16.999656538478543,3,1,2.330072241800239,0.0,18,0,2,4.055869474965472,20.980011402100697,1.8277643505292005,Right Foot,Open Play,Normal,From Corner,Center Attacking Midfield,1,0,0,1,,,,0,0,0,425.22934205214017,0.0,0.09315073985555279,0.03008143,0
3857299,Min Jae Kim,South Korea,7,1,0,1,9.626006440887103,29.85422732362633,1,1,2.0787474114151374,0.0,18,1,3,3.3688172936214835,6.261782102181105,2.6812811853190013,Head,Open Play,Normal,From Corner,Right Center Back,1,0,0,1,High Pass,Outswinging,32.567776,1,1,1,287.3769845049348,0.0,0.21595117603345032,0.059008703,0
3857299,In-Beom Hwang,South Korea,7,1,0,1,28.504385627478445,13.71590299066552,2,1,5.338699351511137,2.342911717158359,20,0,0,3.2310092047973598,25.68127598025858,2.769417231913472,Right Foot,Open Play,Normal,From Corner,Left Defensive Midfield,1,0,0,1,,,,0,0,0,390.96338807501485,0.1708171688552222,0.1872939631564832,0.019586006,0
3857299,Gue-Sung Cho,South Korea,17,1,0,1,10.64518670573701,20.71330915826827,1,1,2.613542510114524,12.373747413306097,18,0,2,1.5262588101013286,9.658945089482835,0.46821399405473585,Head,Open Play,Normal,From Corner,Center Forward,1,0,0,1,High Pass,Inswinging,30.647186,1,1,1,220.49704328341807,0.5973814864037206,0.2455140132681757,0.055939306,0
3857299,Mohamed Salisu,Ghana,23,1,0,1,4.965883607174055,76.47417313636227,0,1,1.2963601675738876,55.370549979987224,17,3,5,1.7929516901435658,3.276457826246138,1.170517735558164,Left Foot,Open Play,Half Volley,From Free Kick,Left Center Back,1,0,0,1,,,,0,0,0,379.76184275005187,0.7240424800835068,0.2610532727148653,0.4040968,1
3857299,Mohammed Kudus,Ghana,33,1,1,31,7.130918594402832,57.73411979226598,0,1,2.2011463592004774,44.92816510371997,14,0,2,1.8352677606449483,5.380173232947265,0.014974525378484316,Head,Open Play,Normal,From Goal Kick,Right Wing,1,0,0,1,High Pass,,38.2106,1,1,1,411.69730835815005,0.7781908733583657,0.30867641104866783,0.20083603,1
3857299,Woo-Young Jung,South Korea,44,1,-2,33,27.8632374285545,11.53639224790308,1,0,3.0657429579615814,6.312873220360903,13,0,1,,,,Right Foot,Open Play,Normal,From Throw In,Right Defensive Midfield,1,0,0,1,Ground Pass,,14.948579,1,1,1,321.44123627225906,0.5472138156110604,0.11002823938971931,0.010946972,0
3857299,Thomas Teye Partey,Ghana,49,1,2,1,4.162931659299728,84.41457038475885,1,1,1.0802411960744878,52.99564611678767,16,1,5,2.5286059661249856,1.6427522212035395,2.252259339077277,Head,Open Play,Normal,From Corner,Right Defensive Midfield,1,0,0,1,High Pass,Inswinging,36.140007,1,1,1,351.4120875608978,0.6278021184640904,0.2594904947962085,0.21468838,0
3857299,Tariq Lamptey,Ghana,49,2,2,18,19.428072472584617,18.59410995535295,3,1,0.5642381790206269,0.0,14,0,2,2.7586543728340445,16.76682290962115,2.193901034410885,Left Foot,Open Play,Normal,From Throw In,Right Back,1,0,0,1,,,,0,0,0,361.2477157758042,0.0,0.02904241683351943,0.07450179,0
3857299,Gue-Sung Cho,South Korea,52,2,-2,8,9.024965373894798,45.75583714835381,0,1,1.0688631674119682,39.46637563008322,13,0,3,5.001553378891298,5.127663566234461,3.764188685413771,Head,Open Play,Normal,From Throw In,Center Forward,1,0,0,1,High Pass,,30.923292,1,1,1,412.94484591746243,0.8625429691543328,0.11843404635143676,0.07677545,0
3857299,Gue-Sung Cho,South Korea,57,2,-2,7,7.570997292299086,55.08600042342725,0,1,1.171518080920053,44.782828817888074,12,0,1,1.2713936298116306,6.682181323647467,0.6336972694073353,Head,Open Play,Normal,Regular Play,Center Forward,1,0,0,1,High Pass,,34.97485,1,1,1,417.055960049354,0.8129620679239331,0.15473761721083615,0.23484395,1
3857299,Gue-Sung Cho,South Korea,60,2,-1,9,5.825804665451805,63.51139411380224,0,1,2.379557088995305,49.67946566721047,14,1,4,1.010123358018501,4.982832298354995,0.949305346750883,Head,Open Play,Normal,From Throw In,Center Forward,1,0,0,1,High Pass,,29.796812,1,1,1,370.0049761375374,0.782213433674481,0.4084512313134283,0.16237147,1
3857299,Iñaki Williams Arthuer,Ghana,67,2,0,8,13.148764200486672,28.8417667042738,2,1,2.197260343405337,15.310102118417662,13,0,2,3.792679039154091,9.840277901423313,3.2749114104667,Right Foot,Open Play,Normal,From Free Kick,Center Forward,1,0,0,1,Ground Pass,,18.686893,1,1,1,379.23358951994385,0.5308309395675472,0.16710774563316075,0.10557394,0
3857299,Mohammed Kudus,Ghana,67,2,0,8,14.440221604947753,25.73536115493786,1,1,5.6788938040606505,13.8037885646593,12,0,0,3.2621774550094407,11.181447399868942,1.8359459574027,Left Foot,Open Play,Normal,From Free Kick,Right Wing,1,0,0,1,,,,0,0,0,371.62431816066686,0.5363743870371432,0.393269158841361,0.15416233,1
3857299,Kang-In Lee,South Korea,74,2,-1,0,29.596790366524537,15.147330407170891,3,0,9.896015337971585,3.7389365749093613,19,1,0,5.601333618320035,29.615973281765214,5.3911558950618925,Left Foot,Free Kick,Normal,From Free Kick,Center Attacking Midfield,1,0,0,1,,,,0,0,0,448.3123626735196,0.2468379888999657,0.3343610984643956,0.034794893,0
3857299,Heung-Min Son,South Korea,75,2,-1,3,14.122676800097066,21.645077597323585,2,1,2.2167416560995385,6.989095293777888,14,0,3,4.14973889133067,10.010607392505904,3.4555970162239262,Right Foot,Open Play,Normal,From Corner,Left Wing,1,0,0,1,Ground Pass,,11.175867,1,1,1,305.68643522002253,0.3228953678891911,0.15696327880875266,0.065267496,0
3857299,Kang-In Lee,South Korea,75,2,-1,9,17.11286066091815,9.514333003839214,1,1,2.1283790006099403,3.8785588600218186,14,0,2,3.8745769115549553,13.246899612258101,3.561974032446898,Left Foot,Open Play,Normal,From Corner,Center Attacking Midfield,1,0,0,1,Low Pass,,16.122654,1,1,1,162.81745497627531,0.40765431044475176,0.12437306904921336,0.011154885,0
3857299,Jin-Su Kim,South Korea,75,2,-1,9,12.7283148923964,23.669095576164104,0,1,5.363578449461839,17.38003730293388,11,0,0,1.8164745615610967,10.937959295821774,1.2165894336199798,Left Foot,Open Play,Volley,From Corner,Left Back,1,0,0,1,,,,0,0,0,301.2677017116433,0.7342924129486551,0.42138951580039213,0.19109753,0
3857299,Salis Abdul Samed,Ghana,82,2,1,1,23.900209204105312,19.002068603475465,2,1,5.392105884816773,9.40975246245327,18,0,0,0.8651182521996266,23.04772563596844,0.14822948621046805,Right Foot,Open Play,Volley,From Corner,Left Defensive Midfield,1,0,0,1,,,,0,0,0,454.1534149338249,0.495196215675815,0.22560915006093657,0.026676558,0
3857299,Jin-Su Kim,South Korea,83,2,-1,7,20.580087463370994,13.574190746495725,1,1,6.919291148664963,7.654531044900473,14,0,0,4.489471714749393,16.09134231783492,3.6416437014937912,Left Foot,Open Play,Normal,From Goal Kick,Left Back,1,0,0,1,,,,0,0,0,279.35803280736326,0.5639033064918839,0.3362129126506439,0.03964235,0
3857299,Jin-Su Kim,South Korea,85,2,-1,9,10.499523798725347,34.181098413826106,1,1,1.4292211097086795,8.82958679511462,10,1,4,5.01514386250663,5.5955906318381246,3.7928815882693883,Head,Open Play,Normal,From Free Kick,Left Back,1,0,0,1,High Pass,,46.777985,1,1,1,358.8852562625404,0.2583178190535589,0.1361224696573561,0.054534186,0
3857299,Heung-Min Son,South Korea,90,2,-1,7,15.505160431288678,20.342260171609347,2,1,1.3346125782613303,1.1299966481805528,15,0,3,3.4127367251505065,12.092518720718665,2.5462174657936743,Right Foot,Open Play,Normal,From Corner,Left Wing,1,0,0,1,High Pass,,45.718487,1,1,1,315.41000749581684,0.05554921816198337,0.08607538014041735,0.060233038,0
3857299,Young-Gwon Kim,South Korea,90,2,-1,7,16.574679484080534,26.890110079425344,3,1,1.5261925339004108,15.400711581924242,16,0,2,3.052972632130657,13.588006104372461,1.0010008667590853,Left Foot,Open Play,Normal,From Corner,Left Center Back,1,0,0,1,,,,0,0,0,445.6949558581184,0.5727277254141074,0.09207976150406236,0.064945966,0
3857299,Sang-Ho Na,South Korea,90,2,-1,20,11.6400171821179,25.110534950730464,1,1,2.3212145761741847,17.459180744178873,12,0,3,2.6434030802578405,9.319180529994924,2.588886936393301,Head,Open Play,Normal,From Corner,Right Wing,1,0,0,1,High Pass,,25.484898,1,1,1,292.28705827867464,0.6952930623913683,0.19941676544431355,0.05996953,0
3857299,Gue-Sung Cho,South Korea,93,2,-1,10,18.87246671741667,11.17479887624075,0,1,1.4661060706395186,6.490492055809851,16,0,1,4.200145605081071,14.68180681378655,3.8653098105038595,Left Foot,Open Play,Normal,From Corner,Center Forward,1,0,0,1,Ground Pass,,14.422205,1,1,1,210.89601986567877,0.5808151115461757,0.07768492018515555,0.014336902,0
3857299,Kang-In Lee,South Korea,99,2,-1,4,27.285344051340086,13.284525039996812,1,0,3.245196356341026,9.920079946178378,13,0,1,,,,Left Foot,Open Play,Normal,From Throw In,Right Defensive Midfield,1,0,0,1,,,,0,0,0,362.4728362749554,0.7467395271047461,0.11893551168843122,0.025138553,0
3857299,Kyung-Won Kwon,South Korea,100,2,-1,5,38.84906691286163,10.975655172812582,0,0,2.6592350540406255,10.97565517281255,12,0,1,,,,Left Foot,Open Play,Normal,Regular Play,Right Center Back,1,0,0,1,Ground Pass,,34.217686,1,1,1,426.3939622210919,0.9999999999999971,0.06845042276061054,0.005484339,0
3857293,Jordan Ayew,Ghana,15,1,0,3,18.51485889765299,24.0145228161142,1,1,1.9483095647470081,16.659902966120736,13,0,3,3.3626288171132277,15.31070335953363,0.31791203746028884,Right Foot,Open Play,Normal,From Throw In,Left Wing,1,1,0,1,Ground Pass,,39.492023,1,1,1,444.62550143482275,0.6937428277751005,0.10522951190267958,0.07146578,0
3857293,André Ayew Pelé,Ghana,20,1,0,0,12.0,36.86989764584404,0,1,9.113683394112151,30.829140549293765,15,0,0,0.6685672800871484,11.387114036687787,0.2601920325171321,Left Foot,Penalty,Normal,Other,Center Attacking Midfield,1,1,0,1,,,,0,0,0,442.43877175012847,0.8361601880597792,0.7594736161760126,0.7835,0
3857293,Darwin Gabriel Núñez Ribeiro,Uruguay,22,1,0,5,17.182549286994643,20.71507995376774,0,1,1.2284889093375753,3.2974399613104635,10,0,1,16.065134733587,1.2284889093375755,10.658930867371666,Right Foot,Open Play,Lob,Regular Play,Left Center Forward,1,1,0,1,Ground Pass,Through Ball,25.663202,1,1,1,355.93788228964894,0.15918065335348666,0.07149631226534064,0.15781382,0
3857293,Giorgian Daniel De Arrascaeta Benedetti,Uruguay,25,1,0,5,3.360059523282291,106.40311064190453,0,0,0.6998402513331385,106.40311064190453,12,1,2,2.1997345453482615,2.0337617491690714,0.6684910367642232,Head,Open Play,Normal,Regular Play,Left Midfield,1,1,0,1,,,,0,0,0,357.5207852191906,1.0,0.20828209931516214,0.71106935,1
3857293,Giorgian Daniel De Arrascaeta Benedetti,Uruguay,31,1,1,10,12.73106437027164,26.74049702267931,0,1,2.2710168303026532,19.36742535104327,11,0,1,3.476641022783386,9.331578663480427,1.9138222665770002,Right Foot,Open Play,Volley,From Free Kick,Left Midfield,1,1,0,1,High Pass,,13.507405,1,1,1,340.4349888887875,0.7242732001060883,0.17838389346343372,0.16736692,1
3857293,José María Giménez de Vargas,Uruguay,49,1,2,1,13.729530217745982,32.05014552672117,0,1,1.906648983921588,29.001594769367152,17,1,4,4.4027553523020515,10.759329682647618,2.192630879842767,Head,Open Play,Normal,From Free Kick,Right Center Back,1,1,0,1,High Pass,,41.298183,1,1,1,440.03344149227445,0.9048818435219789,0.13887212116385206,0.03238874,0
3857293,Osman Bukari,Ghana,45,2,-2,6,18.727786842016325,20.085841417243195,1,1,4.29305621743477,14.605951217236282,14,0,1,3.458416504515959,15.461921871510095,2.7475076309742477,Right Foot,Open Play,Half Volley,From Throw In,Right Wing,1,1,0,1,,,,0,0,0,376.16335660467365,0.7271764679321543,0.22923457286491405,0.08441304,0
3857293,Facundo Pellistri Rebollo,Uruguay,64,2,2,8,14.229898102235307,28.20117864501319,0,1,1.966795901444099,21.571821480826134,16,3,3,3.853685003748239,10.377069885651844,1.780295904950485,Right Foot,Open Play,Normal,From Throw In,Right Midfield,1,1,0,1,Ground Pass,,6.7683086,1,1,1,401.29989848147204,0.7649262377422185,0.13821574035973908,0.099497445,0
3857293,Federico Santiago Valverde Dipetta,Uruguay,69,2,2,1,32.957700162481,11.410690524191516,0,0,1.2640899898929288,11.410690524191494,18,0,1,,,,Right Foot,Open Play,Normal,From Throw In,Right Defensive Midfield,1,1,0,1,Low Pass,,8.471718,1,1,1,376.0701169431671,0.9999999999999981,0.03835492111588439,0.008103582,0
3857293,Mohammed Kudus,Ghana,70,2,-2,5,25.3442301125917,17.2432720857739,2,1,2.2353639774901772,7.625821383226505,15,0,1,4.5191429457974435,20.919324267352547,2.0613518796835066,Right Foot,Open Play,Normal,From Goal Kick,Center Attacking Midfield,1,1,0,1,Ground Pass,,12.455521,1,1,1,437.01745563588275,0.4422490896909285,0.08820011369686814,0.04665373,0
3857293,Federico Santiago Valverde Dipetta,Uruguay,76,2,2,5,70.83078426785913,5.573305006226893,0,0,6.538626520649629,5.5733050062267875,16,0,0,,,,Right Foot,Open Play,Normal,Regular Play,Right Defensive Midfield,1,1,0,1,Ground Pass,,9.037699,1,1,1,394.76156455503633,0.999999999999981,0.09231334353044372,0.003913026,0
3857293,Antoine Semenyo,Ghana,78,2,-2,24,15.87954659302337,19.407540415375866,1,1,1.4604504797873157,10.415987435174456,16,0,1,5.33598814985123,10.58087928700854,4.350291325182816,Left Foot,Open Play,Normal,From Goal Kick,Center Forward,1,1,0,1,,,,0,0,0,308.1829422819452,0.5366979644119283,0.09197054029420211,0.12024433,0
3857293,Mohammed Kudus,Ghana,80,2,-2,14,23.36835467036565,19.29697902388219,1,1,0.991233956291709,13.806747068873404,15,2,3,3.9147459329911642,19.457368796809853,0.3132928451628061,Left Foot,Open Play,Normal,Regular Play,Center Attacking Midfield,1,1,0,1,,,,0,0,0,450.9386498966854,0.7154874890927744,0.042417789796246656,0.05586675,0
3857293,Mohammed Kudus,Ghana,94,2,-2,5,12.52836781069266,34.256595932438394,1,1,2.9890302153142034,15.504713460697747,12,1,2,3.285040875511712,9.270990569846198,0.5876133572884683,Left Foot,Open Play,Half Volley,Regular Play,Center Attacking Midfield,1,1,0,1,High Pass,,40.500492,1,1,1,429.1792337838663,0.4526052002153536,0.23858097562901515,0.10750313,0
3857293,Maximiliano Gómez González,Uruguay,94,2,2,2,28.589508565206224,15.085102052177463,1,1,8.827720004563355,8.007097729042506,11,0,0,3.0522952971645347,25.55107546181871,1.2589173291349312,Right Foot,Open Play,Normal,Regular Play,Left Center Forward,1,1,0,1,Ground Pass,,33.849815,1,1,1,431.2756543277376,0.5307950653132453,0.3087748075287589,0.030132728,0
3857293,Kamaldeen Sulemana,Ghana,95,2,-2,4,23.07834482799839,17.612257990906656,0,1,2.0220587709751383,13.70485686347755,11,0,2,6.375616601445034,17.0779136238739,1.1580978982105563,Right Foot,Open Play,Normal,From Throw In,Left Wing,1,1,0,1,Ground Pass,,9.276314,1,1,1,406.4617631138139,0.7781430904858124,0.08761714871865504,0.081227794,0
3857293,Sebastián Coates Nión,Uruguay,96,2,2,5,11.594826432508597,37.10754846044166,1,1,0.8017861835448222,0.0,13,0,2,4.801772515012143,7.912275409191559,3.4856245183843555,Right Foot,Open Play,Normal,Regular Play,Left Center Back,1,1,0,1,Ground Pass,,11.905041,1,1,1,430.2555837347227,0.0,0.06915033943904858,0.103292696,0
3857293,Diego Nicolás De La Cruz Arcosa,Uruguay,99,2,2,0,29.24328982860854,15.251016767405611,4,1,9.542975121051336,1.1268525424120064,19,0,0,1.359988607710623,28.445086925931722,0.8910696020642206,Right Foot,Free Kick,Normal,From Free Kick,Right Defensive Midfield,1,1,0,1,,,,0,0,0,445.9899035102108,0.07388704370323095,0.32633042236292786,0.0429242,0
3857291,Daniel Olmo Carvajal,Spain,4,1,0,10,9.621330469326988,38.45114472921718,0,0,5.941473925999215,38.451144729217184,14,0,0,5.869371998566435,9.516903905644407,3.226708580763045,Right Foot,Open Play,Volley,Regular Play,Left Wing,1,0,0,1,High Pass,,34.35593,1,1,1,369.95117036371903,1.0000000000000002,0.6175314261308001,0.20824905,0
3857291,Marco Asensio Willemsen,Spain,8,1,0,6,17.513994404475525,25.71220532592344,0,1,2.926115870564731,21.21527037249831,15,0,3,2.256280389252504,15.29321342052971,0.28326532841361995,Left Foot,Open Play,Normal,From Throw In,Center Forward,1,0,0,1,Ground Pass,,10.499524,1,1,1,450.3234202049489,0.8251050465557985,0.16707301618281845,0.1501565,0
3857291,Daniel Olmo Carvajal,Spain,10,1,0,32,7.731752712031086,54.59804799698943,0,1,2.5448517456324518,31.814016820526895,15,1,3,4.714179068845899,3.037655791480642,0.15502939316223774,Right Foot,Open Play,Lob,From Throw In,Left Wing,1,0,0,1,,,,0,0,0,422.13860567232643,0.582695132658976,0.32914293051205645,0.48925844,1
3857291,Marco Asensio Willemsen,Spain,20,1,1,26,15.65886330485071,26.36471710007014,1,1,2.356012486854134,14.342290366307633,14,0,2,3.2115202421875932,13.432609908254271,2.948328590142914,Left Foot,Open Play,Half Volley,Regular Play,Center Forward,1,0,0,1,Low Pass,,21.0402,1,1,1,412.84150114105836,0.5439956101887957,0.15045871727638765,0.09218961,1
3857291,Ferrán Torres García,Spain,30,1,2,0,11.900420160649796,37.156345075648375,0,1,10.082419903429734,30.84133681760838,12,0,0,1.4047122779303696,10.89305765240561,0.9445505342619072,Right Foot,Penalty,Normal,Other,Right Wing,1,0,0,1,,,,0,0,0,442.1761180343067,0.830042264781884,0.8472322630060153,0.7835,1
3857291,Marco Asensio Willemsen,Spain,42,1,3,29,30.08205445111753,14.288777617976088,1,1,2.8492609751417404,7.1304805686420485,17,0,1,1.5800055516646592,28.56616651276288,0.10668223363028773,Left Foot,Open Play,Normal,From Free Kick,Center Forward,1,0,0,1,Ground Pass,,15.101324,1,1,1,429.83578634386606,0.49902663189827395,0.09471630269706836,0.015886325,0
3857291,Marco Asensio Willemsen,Spain,49,1,3,10,13.435028842544403,24.79722412122192,1,1,0.4402491200536929,0.0,12,0,1,6.317590460199022,7.120117102445967,4.5608961711824705,Left Foot,Open Play,Normal,Regular Play,Center Forward,1,0,0,1,Ground Pass,,13.700365,1,1,1,333.15142128365426,0.0,0.0327687513896186,0.04809784,0
3857291,Marco Asensio Willemsen,Spain,47,2,3,19,20.316003544004417,21.464981280776254,1,1,4.051608405929487,9.52204711639176,13,0,3,4.060339027355716,16.732957799827577,2.6920337986484384,Left Foot,Open Play,Normal,From Throw In,Center Forward,1,0,0,1,Ground Pass,,18.201649,1,1,1,436.08263577223886,0.4436084519169638,0.19942940043073495,0.08547543,0
3857291,Ferrán Torres García,Spain,53,2,3,37,10.791200118615164,22.88463472681544,0,1,0.7924445625264775,5.615372036040719,11,0,3,7.965629540837679,2.8301692361585102,6.8696023462612175,Left Foot,Open Play,Normal,From Corner,Right Wing,1,0,0,1,,,,0,0,0,246.9526729784755,0.2453773941805947,0.0734343311046086,0.10498973,1
3857291,Daniel Olmo Carvajal,Spain,61,2,4,2,31.440260813167566,12.971077721250454,1,1,3.3781836560424865,8.9447023167266,16,1,2,2.719280974961549,29.339995812604833,0.5085339090253598,Right Foot,Open Play,Normal,From Free Kick,Left Wing,1,0,0,1,Ground Pass,,21.973848,1,1,1,407.8140665839815,0.689588213789864,0.10744769822735255,0.017297672,0
3857291,Álvaro Borja Morata Martín,Spain,62,2,4,18,16.1245154965971,14.697319279511905,0,1,1.3887894515942676,9.199622276581124,8,0,2,3.6264528553402067,12.510932935381406,3.273373474213905,Right Foot,Open Play,Normal,From Free Kick,Center Forward,1,0,0,1,Ground Pass,Through Ball,35.164757,1,1,1,236.987152480925,0.6259387920765536,0.08612906551439367,0.06487478,0
3857291,Daniel Olmo Carvajal,Spain,69,2,4,9,14.442298985964806,21.94694178567862,0,0,5.58845320882476,21.94694178567861,13,0,0,3.980491220322679,13.666950249035152,1.5607164338130417,Head,Open Play,Normal,From Free Kick,Left Wing,1,0,0,1,High Pass,,42.083725,1,1,1,316.964295096335,0.9999999999999996,0.38695038887199906,0.033574425,0
3857291,Pablo Martín Páez Gavira,Spain,73,2,4,5,17.962182495454165,23.918091934176626,2,1,6.072031834955551,3.228565378781989,13,0,0,3.118351671136869,15.164684081504477,2.117419005754371,Right Foot,Open Play,Volley,From Free Kick,Right Center Midfield,1,0,0,1,High Pass,,33.0929,1,1,1,429.6211322647309,0.13498423652133737,0.3380453258668455,0.056229107,1
3857291,Carlos Soler Barragán,Spain,89,2,5,7,10.30048542545447,42.4441458936278,1,1,2.6998172419831157,21.261014044160934,14,0,2,6.075650031734311,4.494138205915451,1.2291388156248289,Right Foot,Open Play,Normal,Regular Play,Left Center Midfield,1,0,0,1,,,,0,0,0,437.19530617317633,0.500917466862088,0.26210582613042205,0.33333436,1
3857291,Álvaro Borja Morata Martín,Spain,91,2,6,23,16.4,26.839814293113104,1,1,0.9506137739523063,0.0,18,0,3,2.576051026887271,13.938662981787376,1.227660636700577,Left Foot,Open Play,Normal,From Keeper,Center Forward,1,0,0,1,Ground Pass,,9.247703,1,1,1,440.1729544070549,0.0,0.057964254509286973,0.16366571,1
3857291,Carlos Soler Barragán,Spain,95,2,7,27,17.67766952966369,25.27552766762417,1,1,3.328158991869972,8.894848737882423,15,0,3,2.902902797576367,14.945772862609461,1.2833164967307198,Right Foot,Open Play,Normal,Regular Play,Left Center Midfield,1,0,0,1,Ground Pass,,7.877182,1,1,1,446.8124252961313,0.35191545177021083,0.18826910336145927,0.10654532,0
3857291,Carlos Soler Barragán,Spain,97,2,7,0,28.55065673500349,9.37928894952066,1,0,9.972618643057073,4.647495984485884,21,0,0,3.707210397144972,29.83275260871033,2.9246386857440783,Right Foot,Free Kick,Normal,From Free Kick,Left Center Midfield,1,0,0,1,,,,0,0,0,267.78485921617585,0.49550621688901053,0.3492955953909988,0.008599174,0
3857281,Alphonso Davies,Canada,1,1,0,11,11.00545319375809,38.360783601574106,0,1,1.645196094862952,30.03130689143966,12,1,2,3.7716297020175062,8.261685671699091,3.0962602771532346,Head,Open Play,Normal,Regular Play,Left Midfield,1,0,0,1,High Pass,,32.654556,1,1,1,422.1778084030067,0.7828647924232535,0.1494891728580564,0.08130363,1
3857281,Marko Livaja,Croatia,21,1,-1,30,10.97679370308106,38.79596431464991,0,1,1.021485979286344,29.20529138039844,13,0,2,3.8310836987961254,7.177313844881601,0.7311436842130234,Right Foot,Open Play,Normal,Regular Play,Center Forward,1,0,0,1,Ground Pass,,14.524806,1,1,1,425.8552967940066,0.7527919951552823,0.0930586842494475,0.4341785,0
3857281,Marko Livaja,Croatia,34,1,-1,14,14.21302219797042,23.479415377686962,0,1,1.557287348676521,16.065810086455894,11,0,2,4.974636304162464,9.280629213322102,3.8520212372222673,Right Foot,Open Play,Normal,From Throw In,Center Forward,1,0,0,1,Ground Pass,,15.116217,1,1,1,333.7134519584328,0.6842508566769345,0.10956764346001636,0.24546398,0
3857281,Andrej Kramarić,Croatia,35,1,-1,7,12.131364309095662,19.790678095069826,0,1,4.9808216158944045,11.353647442007421,16,0,1,5.145088668380026,7.201525318071362,4.935732849293089,Left Foot,Open Play,Normal,From Corner,Right Wing,1,0,0,1,Ground Pass,Through Ball,16.1524,1,1,1,240.0879258953314,0.5736866310222991,0.4105739048789395,0.14639324,1
3857281,Andrej Kramarić,Croatia,46,1,1,1,22.389729788454346,19.347348288083676,2,1,4.543088122988651,4.365845294760164,13,1,1,2.3049503161528855,20.358176904619963,1.6216564500037975,Left Foot,Open Play,Normal,Regular Play,Right Wing,1,0,0,1,Ground Pass,,17.991386,1,1,1,433.1819002933083,0.22565600359038113,0.2029094663452068,0.059277993,0
3857281,Jonathan Osorio,Canada,48,2,-1,11,23.93532953606447,17.31359462593001,2,1,4.226882567347429,2.772216229839186,17,0,2,2.9087127449819725,21.553198884930907,2.4647693125214403,Right Foot,Open Play,Normal,Regular Play,Right Center Midfield,1,0,0,1,Ground Pass,,12.419743,1,1,1,414.4065928254696,0.16011788942357053,0.17659596292495533,0.03829635,0
3857281,Andrej Kramarić,Croatia,53,2,1,10,11.985407794480752,36.48374524068917,1,1,4.877232492212845,24.6994308849915,13,1,1,1.8755288256010554,10.389341421028742,1.1887289178459781,Right Foot,Open Play,Normal,Regular Play,Right Wing,1,0,0,1,Ground Pass,,17.123083,1,1,1,437.27256457960596,0.6769982281710762,0.4069308759322146,0.24875651,0
3857281,Jonathan David,Canada,55,2,-1,7,23.600211863455797,19.239126089200848,0,1,2.670603441963207,16.136832933032014,16,0,1,2.012748572275787,22.165324613501426,1.3609688927483177,Right Foot,Open Play,Normal,From Free Kick,Right Center Forward,1,0,0,1,Ground Pass,,10.088112,1,1,1,454.0474517728798,0.8387508277774536,0.11316014692641614,0.052886155,0
3857281,Tajon Buchanan,Canada,57,2,-1,3,23.967686580060246,16.138982567732562,1,1,3.4788238852728846,0.7352423927669536,13,0,1,2.6917675009047612,21.54011372380267,2.2506527522754567,Right Foot,Open Play,Normal,From Keeper,Right Wing Back,1,0,0,1,Ground Pass,,15.255163,1,1,1,386.81407590447,0.04555692341083253,0.14514641926964567,0.023891453,0
3857281,Alphonso Davies,Canada,62,2,-1,0,27.37243138634199,11.651381229886287,3,1,10.225883242184402,0.48439638486133235,20,1,0,1.24713760241668,27.318640070760022,0.7998248681850839,Left Foot,Free Kick,Normal,From Free Kick,Right Center Forward,1,0,0,1,,,,0,0,0,318.9266332711753,0.04157415977591009,0.3735832998484309,0.011981465,0
3857281,Andrej Kramarić,Croatia,69,2,1,6,14.988328792764058,26.844460394083175,1,1,1.6360942805873944,11.93599260967448,14,0,2,2.1458951746009407,13.11713864405324,1.768687989937085,Left Foot,Open Play,Normal,Regular Play,Right Wing,1,0,0,1,High Pass,,35.759335,1,1,1,402.35359865085127,0.4446352221073257,0.1091578856594909,0.10933437,1
3857281,Andrej Kramarić,Croatia,71,2,2,4,8.381527307120106,35.85114701420618,0,1,3.6366053495321915,29.44176127327585,14,0,1,3.1032413750030057,5.576359805374423,1.7312538157339645,Left Foot,Open Play,Half Volley,Regular Play,Right Wing,1,0,0,1,Low Pass,,30.786036,1,1,1,300.4873676911465,0.8212222962241466,0.4338833742679447,0.1355834,0
3857281,David Junior Hoilett,Canada,76,2,-2,5,28.667751917442008,15.428722801554235,3,0,3.0391254949639714,0.0,16,0,3,,,,Right Foot,Open Play,Normal,From Throw In,Center Attacking Midfield,1,0,0,1,,,,0,0,0,442.30679767793765,0.0,0.10601199228024956,0.019849088,0
3857281,Ivan Perišić,Croatia,77,2,2,2,13.917614738165447,11.947144651646159,1,1,1.7809082807240837,0.5357215411092624,11,0,2,4.365849956208829,9.592948854410597,3.9150335134118777,Left Foot,Open Play,Normal,Regular Play,Left Wing,1,0,0,1,Ground Pass,,30.69609,1,1,1,166.2757564827451,0.04484096884484001,0.1279607399851646,0.031612467,0
3857281,Marcelo Brozović,Croatia,77,2,2,3,10.042410069301097,42.44463562817804,2,1,4.763821065355121,21.507637194361163,11,0,1,3.3056544079393477,7.430229568587747,0.9422991579996491,Left Foot,Open Play,Normal,Regular Play,Center Defensive Midfield,1,0,0,1,Ground Pass,,8.747571,1,1,1,426.24643622023126,0.5067221540731692,0.47437029881081727,0.30414897,0
3857281,Ivan Perišić,Croatia,81,2,2,1,27.634941650019815,14.401857427873415,0,1,6.174204447976482,11.67834671056306,15,0,0,2.4993306073847528,25.24734285215231,1.8018792286163858,Left Foot,Open Play,Normal,From Throw In,Left Wing,1,0,0,1,,,,0,0,0,397.9944896711863,0.8108917040076191,0.22342020931938733,0.02367336,0
3857281,Mislav Oršić,Croatia,89,2,2,14,22.343902971504328,19.843996585312183,2,1,3.932061911185608,7.963827398885657,13,1,1,2.785247492533655,19.97366029102615,1.8787824181747865,Right Foot,Open Play,Normal,From Throw In,Left Wing,1,0,0,1,Ground Pass,,13.101526,1,1,1,443.3923342690786,0.4013217480988783,0.1759791884255966,0.045590583,0
3857281,David Junior Hoilett,Canada,92,2,-2,9,22.844255295369123,19.10306129135432,1,1,8.22635950726845,12.96370353566361,18,0,0,1.4469129596052521,21.974485972791708,1.3426542984907073,Right Foot,Open Play,Half Volley,From Free Kick,Center Attacking Midfield,1,0,0,1,,,,0,0,0,436.3952090627818,0.6786191667369426,0.36010626745779967,0.03737635,0
3857281,David Junior Hoilett,Canada,92,2,-2,10,24.436448187083162,15.759275660709676,2,0,2.6518424032759733,1.5266439948054702,15,0,3,,,,Right Foot,Open Play,Volley,From Free Kick,Center Attacking Midfield,1,0,0,1,,,,0,0,0,385.10072314889277,0.09687272611212906,0.1085199609605175,0.02121069,0
3857280,Frederico Rodrigues Santos,Brazil,1,1,0,8,11.386395390991828,38.49960108250329,1,1,4.312002782176722,22.8238851754856,14,0,2,1.6882342757841928,9.911969495631665,0.575900819105776,Left Foot,Open Play,Normal,From Throw In,Right Defensive Midfield,1,0,0,1,Ground Pass,,21.11516,1,1,1,438.37168032083946,0.5928343290252494,0.3786977910136598,0.29454654,0
3857280,Antony Matheus dos Santos,Brazil,1,1,0,9,22.11650967037973,15.768027003833678,1,1,3.127851416800061,4.75569687619963,19,1,2,3.7372555023427387,18.427880623314174,2.8378214072762518,Left Foot,Open Play,Normal,From Throw In,Right Wing,1,0,0,1,Ground Pass,,11.955334,1,1,1,348.73372171309626,0.30160380084606514,0.14142608682007088,0.038875267,0
3857280,Gabriel Teodoro Martinelli Silva,Brazil,13,1,0,5,9.873702446397706,38.834299601184895,0,1,2.4960002846235283,27.835128690124943,11,0,1,3.7948389865911905,6.26052873150993,1.2855570598445567,Head,Open Play,Normal,From Throw In,Left Wing,1,0,0,1,High Pass,,34.49884,1,1,1,383.4383189763608,0.7167665948911732,0.25279273891164933,0.12449543,0
3857280,Gabriel Fernando de Jesus,Brazil,14,1,0,1,11.080162453682703,26.313359238848903,0,1,1.5941279538581061,18.493635604601746,17,0,2,2.394838295193023,8.799329669833812,1.4640803438336008,Head,Open Play,Normal,From Corner,Center Forward,1,0,0,1,High Pass,Inswinging,49.24429,1,1,1,291.5562950685585,0.7028230579278468,0.14387225462820424,0.044797283,0
3857280,Frederico Rodrigues Santos,Brazil,21,1,0,15,12.42577965360726,35.63155391689417,0,1,2.62569806916057,30.11479402599647,17,0,4,1.2454750534028438,12.46773526360498,1.24141155084304,Right Foot,Open Play,Half Volley,From Free Kick,Right Defensive Midfield,1,0,0,1,,,,0,0,0,442.74983768695364,0.8451720656425817,0.21131052878426973,0.083684884,0
3857280,Daniel Alves da Silva,Brazil,33,1,0,0,25.639422770413532,16.205097848580646,6,1,10.051949066500702,0.0,19,1,0,2.4602596377445036,26.074571160309787,2.3505685319525327,Right Foot,Free Kick,Normal,From Free Kick,Right Back,1,0,0,1,,,,0,0,0,415.48935477567795,0.0,0.3920505214376391,0.06485747,0
3857280,Antony Matheus dos Santos,Brazil,37,1,0,3,18.938056922503957,18.582805337261064,1,1,1.5292345040619526,9.124058912030518,12,0,1,4.061415304127068,14.885024470639207,2.4577424906496788,Left Foot,Open Play,Normal,Regular Play,Right Wing,1,0,0,1,Ground Pass,,12.525175,1,1,1,351.9222252568604,0.4909946989400752,0.08074928226901537,0.033440635,0
3857280,Gabriel Teodoro Martinelli Silva,Brazil,45,1,0,5,19.409533739891852,22.524499224667064,1,1,2.300593566959472,0.481764382289065,16,0,3,2.302501034433035,17.183416801216534,1.1318768266929098,Right Foot,Open Play,Normal,From Free Kick,Left Wing,1,0,0,1,,,,0,0,0,437.19002767534323,0.02138846140301643,0.11852904854850421,0.047920834,0
3857280,Rodrygo Silva de Goes,Brazil,46,1,0,1,15.7746632293688,22.742064848244645,3,1,1.7490825835488086,6.228726591449837,16,0,1,2.3787967850637,13.799863998494304,2.2455873978070997,Right Foot,Open Play,Normal,From Corner,Center Attacking Midfield,1,0,0,1,Ground Pass,,32.3858,1,1,1,358.7484141215255,0.27388571059899175,0.11087923451148032,0.06651591,0
3857280,Bryan Mbeumo,Cameroon,47,1,0,8,9.849365461794987,32.69624566489873,0,1,6.142899480790804,26.209005395945752,14,0,0,1.5468814010316294,10.282360949716338,1.2398266532073166,Head,Open Play,Normal,From Goal Kick,Right Midfield,1,0,0,1,High Pass,,28.171085,1,1,1,322.03727278221766,0.8015906677653392,0.6236847951899734,0.11827337,0
3857280,Vincent Paté Aboubakar,Cameroon,50,2,0,9,17.5,16.140743863767113,1,1,2.949197079932066,1.3008680131678578,19,0,3,4.193334271599787,13.723967741795104,4.064129150311693,Right Foot,Open Play,Normal,From Throw In,Right Center Forward,1,0,0,1,Ground Pass,,10.0657835,1,1,1,282.4630176159245,0.080595294996785,0.1685255474246895,0.07058843,0
3857280,Gabriel Fernando de Jesus,Brazil,52,2,0,2,8.90505474435727,45.67088010572804,0,1,2.1963037732657615,21.40679573176509,12,1,4,6.337631404472158,2.7023166534335443,3.2626160238936848,Right Foot,Open Play,Normal,From Goal Kick,Center Forward,1,0,0,1,,,,0,0,0,406.70168756448555,0.4687187039577162,0.24663562845107265,0.27918908,0
3857280,Pierre Kunde Malong,Cameroon,53,2,0,12,35.88983142897163,10.056689330825796,1,1,5.755881910834029,6.813881500449464,17,0,0,2.336056496041769,34.09486074708099,0.015161728744246261,Right Foot,Open Play,Normal,Regular Play,Right Defensive Midfield,1,0,0,1,Ground Pass,,22.526873,1,1,1,360.93288481687534,0.6775471804188614,0.16037639859705952,0.006493906,0
3857280,Gabriel Teodoro Martinelli Silva,Brazil,55,2,0,14,18.102486017119304,15.901686478114307,1,1,2.6306314297208417,2.6574432813949165,11,0,1,3.1739282522854184,15.182564563689999,1.642201919174191,Right Foot,Open Play,Normal,From Goal Kick,Left Wing,1,0,0,1,Ground Pass,,45.941265,1,1,1,287.8600571186794,0.16711707183086458,0.14531879363050385,0.038835723,0
3857280,Éder Gabriel Militão,Brazil,56,2,0,2,14.721752613055283,30.364399788148038,1,1,1.6174264860638223,19.852320310056008,17,1,2,2.5499693321958206,12.348595499476245,0.9832811027122403,Left Foot,Open Play,Half Volley,From Corner,Right Center Back,1,0,0,1,High Pass,,24.389547,1,1,1,447.0171819250237,0.6538024939918243,0.10986643564635673,0.075584605,0
3857280,Antony Matheus dos Santos,Brazil,57,2,0,2,22.055384830013736,17.905736935290705,1,1,2.550848587752477,0.0,13,1,1,3.158197580266758,18.96841375659718,1.0399624820577529,Left Foot,Open Play,Normal,From Free Kick,Right Wing,1,0,0,1,Ground Pass,,29.333427,1,1,1,394.91791877282725,0.0,0.11565649873772293,0.037848417,0
3857280,Bruno Guimarães Rodriguez Moura,Brazil,72,2,0,9,20.2427764894048,22.213150540032338,2,1,0.7206415259892038,0.0,14,0,2,3.1737629192564163,17.0703444780357,0.29235134132456153,Right Foot,Open Play,Normal,Regular Play,Right Defensive Midfield,1,0,0,1,Ground Pass,,20.033972,1,1,1,449.6558415073761,0.0,0.03559993493809469,0.086029716,0
3857280,Jules Olivier Ntcham,Cameroon,77,2,0,5,27.569729777420747,16.300912003937523,2,1,5.027100018246064,7.65140090908969,14,0,0,1.34701846981593,26.25781721354963,0.5085716210797244,Right Foot,Open Play,Normal,Regular Play,Right Defensive Midfield,1,0,0,1,Ground Pass,,24.641834,1,1,1,449.4117390740716,0.4693848360902431,0.18234128730428087,0.03332142,0
3857280,Vincent Paté Aboubakar,Cameroon,79,2,0,2,21.51882896442091,15.88240785370882,0,1,2.960044671026407,12.19312100505318,18,0,1,2.9364294129094874,18.639595501670744,1.5487430948584873,Right Foot,Open Play,Normal,From Corner,Right Center Forward,1,0,0,1,Ground Pass,,13.68247,1,1,1,341.77081814713546,0.7677123719125418,0.13755602946240827,0.042308386,0
3857280,Christopher Wooh,Cameroon,80,2,0,1,13.700364958642528,32.55101240721302,3,1,1.126667727958415,0.0,19,1,3,1.5168936847285992,12.390504280438508,0.7174658818055804,Right Foot,Open Play,Half Volley,From Corner,Right Center Back,1,0,0,1,High Pass,Outswinging,42.3757,1,1,1,445.96074975211945,0.0,0.08223632956928532,0.05692788,0
3857280,Bruno Guimarães Rodriguez Moura,Brazil,83,2,0,12,6.481512169239516,57.48248938495451,1,1,0.36842065094069304,0.0,14,1,2,3.248242707682992,3.566718276733921,2.7240841776333724,Right Foot,Open Play,Normal,Regular Play,Right Defensive Midfield,1,0,0,1,Ground Pass,,13.708756,1,1,1,372.57345446676396,0.0,0.056841774160229695,0.14917652,0
3857280,Pedro Guilherme Abreu dos Santos,Brazil,88,2,0,4,17.321951391226104,23.98868517834006,1,1,1.038649257297227,0.0,20,0,2,3.3149109726567496,14.089333750983615,0.72769292103807,Left Foot,Open Play,Normal,From Throw In,Center Forward,1,0,0,1,Ground Pass,,13.731715,1,1,1,415.5308385986326,0.0,0.05996144625041048,0.18481041,0
3857280,Vincent Paté Aboubakar,Cameroon,91,2,0,4,13.31840831330831,33.39740072386503,0,1,2.5573280165584187,26.15583780937099,12,0,2,4.072885746698927,9.50081084639897,0.9900657128496775,Head,Open Play,Normal,Regular Play,Right Center Forward,1,0,0,1,High Pass,,39.396065,1,1,1,444.80021944361306,0.7831698647937178,0.19201453780351738,0.05544736,1
3857280,Pedro Guilherme Abreu dos Santos,Brazil,95,2,-1,6,11.475626344561768,37.757192312722644,0,1,0.7708587066007194,30.259801478442707,16,1,2,3.013569712201534,9.17706101799609,1.1564725429254352,Head,Open Play,Normal,From Throw In,Center Forward,1,0,0,1,High Pass,,22.400892,1,1,1,433.287430800565,0.8014314525247784,0.06717356277167606,0.07645427,0
3857280,Bruno Guimarães Rodriguez Moura,Brazil,96,2,-1,5,7.1028163428318996,58.762598479782106,0,1,1.0731000394294863,47.57885263063165,17,1,2,0.9850997530392436,6.1575260480992045,0.23118053312191478,Head,Open Play,Normal,Regular Play,Right Defensive Midfield,1,0,0,1,High Pass,,29.098625,1,1,1,417.3799448294653,0.8096791813418812,0.15108092165616102,0.17098139,0
3857280,Gabriel Teodoro Martinelli Silva,Brazil,97,2,-1,9,6.325345840347392,58.512530635785986,0,1,1.5179849619237795,49.88663051169713,16,1,4,2.7530740310917112,4.151220310714007,0.4720215668695218,Head,Open Play,Normal,Regular Play,Left Wing,1,0,0,1,High Pass,,7.4431176,1,1,1,370.1119922652682,0.8525802929669684,0.23998450049023892,0.1945778,0
3857280,Bruno Guimarães Rodriguez Moura,Brazil,98,2,-1,10,7.54320886625845,49.09023852550914,0,0,4.3697771681313125,49.09023852550914,18,1,1,4.64769790343265,5.701333098174609,0.8441283486634319,Right Foot,Open Play,Half Volley,From Throw In,Right Defensive Midfield,1,0,0,1,Low Pass,,4.763402,1,1,1,370.2979224923627,1.0,0.5792995057683973,0.22043578,0
3857279,Ousmane Dembélé,France,1,1,0,2,26.188547115103578,16.624507920334484,3,1,4.159133201880909,6.20350227351646,21,0,1,1.721860533376594,24.470006036497853,0.41330406722674695,Left Foot,Open Play,Volley,From Corner,Right Wing,1,0,0,1,,,,0,0,0,435.37170893709225,0.37315403879886067,0.15881496532055553,0.018982504,0
3857279,Riley McGree,Australia,2,1,0,10,30.513275799232044,14.930481857731245,1,1,0.39736645305848517,0.0,16,0,1,1.5157208317239943,29.01954092216256,0.294830698201757,Right Foot,Open Play,Normal,From Throw In,Left Center Midfield,1,0,0,1,,,,0,0,0,455.57791074038386,0.0,0.013022739861594475,0.030384658,0
3857279,Craig Goodwin,Australia,8,1,0,6,10.456098698845567,26.434755498733832,0,1,9.41839064562669,19.19818095528634,11,0,0,1.173143591448767,9.507351300707802,0.4435859589392095,Left Foot,Open Play,Half Volley,From Throw In,Left Midfield,1,0,0,1,Low Pass,,30.348806,1,1,1,276.4044125746115,0.7262477217239967,0.9007557136646532,0.19147108,1
3857279,Theo Bernard François Hernández,France,12,1,-1,1,27.951565251341467,15.927793298788428,3,1,5.168365833499643,2.3474173885182332,21,0,0,1.7070986622276656,26.314170164307633,0.8099079666936717,Left Foot,Open Play,Volley,From Corner,Left Back,1,0,0,1,,,,0,0,0,445.2067537009641,0.14737869486897429,0.18490434389006533,0.017692888,0
3857279,Mitchell Thomas Duke,Australia,21,1,1,7,29.712287020692305,14.93437924211443,1,0,2.543687857644919,12.808896438133436,12,0,2,,,,Right Foot,Open Play,Normal,From Throw In,Center Forward,1,0,0,1,,,,0,0,0,443.7345625175731,0.8576785302205795,0.08561063831516696,0.017896876,0
3857279,Antoine Griezmann,France,25,1,-1,14,14.95660389259541,16.924219887820765,1,1,0.9848922086171727,0.0,17,0,2,3.5091894580162424,11.449786202454154,2.918578236535936,Right Foot,Open Play,Half Volley,From Throw In,Center Attacking Midfield,1,0,0,1,Ground Pass,,17.83704,1,1,1,253.1288530533207,0.0,0.06584998945547825,0.034694295,0
3857279,Adrien Rabiot,France,26,1,-1,3,8.634813257969167,48.93017554572546,0,1,1.693896294621772,36.09990641206731,18,1,2,3.265647210541109,5.370019870176436,0.8135523510778597,Head,Open Play,Normal,From Corner,Left Defensive Midfield,1,0,0,1,High Pass,,29.048923,1,1,1,422.50292851698896,0.737784118071103,0.19617057648102068,0.16905431,1
3857279,Olivier Giroud,France,28,1,0,4,7.702596964660688,54.877098023048305,0,1,1.0320373745760736,40.94793218320876,18,1,4,3.468252792189926,4.948217601381869,1.5849279700316714,Head,Open Play,Normal,From Corner,Center Forward,1,0,0,1,High Pass,,30.239874,1,1,1,422.6961686617189,0.746175247204411,0.1339856387801457,0.17925091,0
3857279,Olivier Giroud,France,31,1,0,2,9.53362470417207,45.421480337130824,0,0,3.149971880515363,45.42148033713083,9,1,1,6.387229876498049,8.673943515133784,5.888140512377674,Right Foot,Open Play,Normal,Regular Play,Center Forward,1,0,0,1,Ground Pass,,11.810589,1,1,1,433.0313470421363,1.0000000000000002,0.33040653248463664,0.77927965,1
3857279,Kylian Mbappé Lottin,France,36,1,1,47,16.63850954863446,24.704895809978925,0,1,2.1778777106562557,19.354849074393645,15,0,2,3.7850540228386786,12.855947517515618,1.7459000976369055,Right Foot,Open Play,Half Volley,From Goal Kick,Left Wing,1,0,0,1,Low Pass,,27.299816,1,1,1,411.0526448323538,0.7834418417816496,0.13089379816685542,0.08709453,0
3857279,Olivier Giroud,France,36,1,1,47,15.538983235720412,28.810208415252127,1,1,3.564495215330242,17.428986042292937,16,0,1,3.3189069195166105,12.503964549107467,0.9814041608186415,Right Foot,Open Play,Half Volley,From Goal Kick,Center Forward,1,0,0,1,,,,0,0,0,447.68134558221396,0.6049586934978933,0.22939050523822682,0.14067347,0
3857279,Ousmane Dembélé,France,39,1,1,8,13.6194713553794,32.50552090722685,1,1,4.776404565580048,16.03955804033884,15,0,1,3.6627834828453083,11.33329037713032,2.9122622520259114,Right Foot,Open Play,Half Volley,From Throw In,Right Wing,1,0,0,1,Low Pass,,16.985289,1,1,1,442.7080108876623,0.4934410399426275,0.35070410891487874,0.08098688,0
3857279,Antoine Griezmann,France,41,1,1,36,21.828879952943073,19.602575610617475,3,1,3.885940279630728,3.222273855976189,17,0,1,2.9384840897504305,18.94957537804627,0.4786208432763459,Left Foot,Open Play,Normal,Regular Play,Center Attacking Midfield,1,0,0,1,Ground Pass,,7.18401,1,1,1,427.9022697726586,0.1643801263661948,0.17801830822322184,0.04884043,0
3857279,Kylian Mbappé Lottin,France,44,1,1,23,7.1028163428318996,58.762598479782106,0,1,2.0203461971899737,58.30381951176632,9,0,2,4.190140793839461,5.261420008695985,3.1608141121394766,Right Foot,Open Play,Volley,Regular Play,Left Wing,1,0,0,1,Low Pass,,14.534442,1,1,1,417.3799448294653,0.9921926705100756,0.2844429729946332,0.5517509,0
3857279,Jackson Irvine,Australia,46,1,-1,8,10.467568963231152,40.24541536834222,0,1,2.6540392277794456,33.132023841611954,13,1,1,2.3385785853891585,9.671773603740158,1.6536765391769421,Head,Open Play,Normal,From Throw In,Right Center Midfield,1,0,0,1,High Pass,,24.323856,1,1,1,421.27166082200506,0.8232496431798343,0.25354876926076547,0.083539926,0
3857279,Aurélien Djani Tchouaméni,France,49,2,1,10,23.71349826575573,19.13897289124527,3,1,5.115574885815555,8.529410412498553,16,0,0,2.0339811705061157,21.68344623443349,0.1892633218373021,Right Foot,Open Play,Normal,From Free Kick,Right Defensive Midfield,1,0,0,1,,,,0,0,0,453.8520004648907,0.44565664317337306,0.21572417652113654,0.035826564,0
3857279,Olivier Giroud,France,49,2,1,14,9.391485505499123,42.94579527053197,2,1,2.0920470257077493,10.233408251884425,14,0,2,3.51812556215321,9.871742256261593,3.068758011993701,Left Foot,Open Play,Overhead Kick,From Free Kick,Center Forward,1,0,0,1,High Pass,,35.680946,1,1,1,403.32481380533375,0.23828661659238765,0.22275996960041783,0.07860331,0
3857279,Kylian Mbappé Lottin,France,60,2,1,16,15.344705927452633,24.49704173141163,0,1,1.5334550300569054,17.189691374643143,14,0,1,5.9301144711510005,9.415390280780425,3.5013170709369703,Right Foot,Open Play,Normal,From Throw In,Left Wing,1,0,0,1,Ground Pass,Through Ball,14.384019,1,1,1,375.89990146104657,0.7017047839128041,0.0999338167382836,0.12751806,0
3857279,Kylian Mbappé Lottin,France,62,2,1,13,14.650938536489733,23.505947861585536,3,1,0.941081597197511,6.237995631338588,14,0,3,5.420200486201048,9.614677019074085,4.687946833470292,Left Foot,Open Play,Normal,From Corner,Left Wing,1,0,0,1,Ground Pass,,25.634546,1,1,1,344.38419736202195,0.26537945493927506,0.06423353663341407,0.07606661,0
3857279,Ibrahima Konaté,France,62,2,1,1,7.0,59.48976259388444,1,1,0.3271399655624779,0.0,18,2,4,3.0820761619593395,5.34288429204017,2.218513056344321,Head,Open Play,Normal,From Corner,Right Center Back,1,0,0,1,High Pass,Outswinging,40.50938,1,1,1,416.4283381571911,0.0,0.0467342807946397,0.096129,0
3857279,Kylian Mbappé Lottin,France,63,2,1,2,19.053608582103287,15.462784011989923,1,1,1.9248547805932885,0.27968548614821853,10,0,2,4.42678257167209,14.6284373033095,3.5034729645647076,Right Foot,Open Play,Normal,From Free Kick,Left Wing,1,0,0,1,High Pass,,37.40976,1,1,1,294.6218341540607,0.018087653939377862,0.1010231092078416,0.027555656,0
3857279,Antoine Griezmann,France,66,2,1,22,15.183214415926559,28.730455349008672,1,1,6.642184759627036,15.140444312630306,15,0,0,3.7620787474614947,12.415309228151951,2.9673055105671295,Left Foot,Open Play,Normal,Regular Play,Center Attacking Midfield,1,0,0,1,Ground Pass,,15.420116,1,1,1,436.2206638312028,0.5269823999901456,0.43746894285176274,0.17584424,0
3857279,Kylian Mbappé Lottin,France,66,2,1,29,15.8927656498169,8.273133060168908,1,1,2.407104392444006,5.263660152862545,12,0,2,3.801854441785538,12.311844960418462,3.8005836873606427,Left Foot,Open Play,Normal,Regular Play,Left Wing,1,0,0,1,Ground Pass,,31.51587,1,1,1,131.482964915017,0.6362354037558632,0.15145912583639828,0.013371275,0
3857279,Kylian Mbappé Lottin,France,67,2,1,30,6.8622153857191055,59.12544621163866,1,1,0.38360958033945486,0.0,18,0,3,2.8540155103286633,4.268572649258978,0.019687901292435583,Head,Open Play,Normal,Regular Play,Left Wing,1,0,0,1,High Pass,,21.204245,1,1,1,405.7315466810142,0.0,0.05590171085824285,0.14142905,1
3857279,Olivier Giroud,France,70,2,2,7,7.000714249274856,57.592305564742965,1,1,1.4314253347342967,55.41694890168227,14,0,3,3.1813789139909043,6.1875573823123045,2.0575059322366087,Head,Open Play,Normal,From Free Kick,Center Forward,1,0,0,1,High Pass,,27.697292,1,1,1,403.1872742156877,0.9622283455796843,0.20446847046821912,0.16888039,1
3857279,Ibrahima Konaté,France,89,2,3,1,8.02309167341369,52.57143185286449,3,1,1.52955468822693,26.804055549010773,18,2,5,1.1472617264025986,7.009576293165056,0.31445799039195066,Head,Open Play,Normal,From Corner,Right Center Back,1,0,0,1,High Pass,Outswinging,42.048782,1,1,1,421.78541715815237,0.5098597204662266,0.19064404976144692,0.07988335,0
3857279,Theo Bernard François Hernández,France,90,2,3,11,10.688779163215976,30.38137087989805,1,1,0.5965045243951979,0.0,11,1,2,5.633093252135902,5.073785786298178,4.366345080954943,Head,Open Play,Normal,From Throw In,Left Back,1,0,0,1,High Pass,,33.5872,1,1,1,324.7397640109909,0.0,0.05580660946275226,0.041087516,0
3857262,Ricardo Jorge Luz Horta,Portugal,4,1,0,8,9.484724561103505,34.69354215289784,1,1,1.6377557670137564,4.038253689913934,13,1,3,4.187749327268679,5.614703622633338,3.781482131571302,Right Foot,Open Play,Normal,From Goal Kick,Right Wing,1,0,1,1,Ground Pass,,9.352005,1,1,1,329.0586913692699,0.1163978492630402,0.17267299186843343,0.29158956,1
3857262,João Pedro Cavaco Cancelo,Portugal,14,1,1,23,19.56041921841145,3.122612092814386,1,0,0.816862973358216,0.0,14,0,2,4.73973767948328,15.08492596832179,4.325557900299842,Right Foot,Open Play,Normal,From Throw In,Left Back,1,0,1,1,High Pass,,78.8685,1,1,1,61.07960159193052,0.0,0.04176101566316816,0.010523141,0
3857262,Heung-Min Son,South Korea,15,1,-1,4,21.698156603730187,11.435612243569985,1,1,1.7088647166607749,0.0,16,0,1,3.8522751168161236,18.44848964040103,1.829695138450525,Right Foot,Open Play,Normal,From Free Kick,Left Wing,1,0,1,1,High Pass,,57.3328,1,1,1,248.13170532051583,0.0,0.07875621638600394,0.011031977,0
3857262,Gue-Sung Cho,South Korea,16,1,-1,3,11.967038062946074,29.2359325402474,1,1,1.6983343827643387,0.0,19,1,3,2.6395822185528006,10.512192425547447,0.419722798421418,Head,Open Play,Normal,From Corner,Center Forward,1,0,1,1,High Pass,,29.908194,1,1,1,349.86751751486435,0.0,0.1419176887239079,0.040536147,0
3857262,Young-Gwon Kim,South Korea,26,1,-1,1,3.858756276314945,92.40760902137336,0,1,2.4680672245440123,70.18482409092272,18,1,4,1.126300719730364,3.113372218712716,1.0780050099500897,Left Foot,Open Play,Half Volley,From Corner,Left Center Back,1,0,1,1,,,,0,0,0,356.57844129048203,0.7595134733405922,0.6396017389574498,0.6242964,1
3857262,José Diogo Dalot Teixeira,Portugal,33,1,0,14,27.200000000000003,16.73177224806517,1,1,4.718267839876223,7.558152831028134,11,0,1,4.112970691607479,23.243012482067968,1.036879190852929,Left Foot,Open Play,Normal,Regular Play,Right Back,1,0,1,1,High Pass,,78.07099,1,1,1,455.1042051473727,0.4517245823676655,0.17346572940721405,0.036435805,0
3857262,Vitor Machado Ferreira,Portugal,34,1,0,1,28.966359798911572,15.431976040246722,3,0,6.2545428914797325,4.3922787213670516,15,0,0,,,,Right Foot,Open Play,Half Volley,From Corner,Left Center Midfield,1,0,1,1,,,,0,0,0,447.0081703899692,0.2846219246266293,0.21592436657210723,0.017112639,0
3857262,Cristiano Ronaldo dos Santos Aveiro,Portugal,36,1,0,7,18.816216410320116,12.541369227862573,1,1,4.087537958131075,2.5281710513208346,13,1,2,3.90925774222777,15.123933547624882,3.8112767106689276,Right Foot,Open Play,Normal,From Free Kick,Center Forward,1,0,1,1,Ground Pass,,8.13941,1,1,1,235.98111747319146,0.20158652579210534,0.21723485046064767,0.022429451,0
3857262,Heung-Min Son,South Korea,39,1,0,2,25.744902408049644,17.44073858241094,2,1,0.9892926590321977,2.80033403999194,16,0,2,3.7977585138971786,22.457475090607208,2.2985748940383672,Left Foot,Open Play,Half Volley,From Throw In,Left Wing,1,0,1,1,,,,0,0,0,449.01011272847575,0.16056281256437666,0.03842673952894365,0.024709688,0
3857262,Matheus Luiz Nunes,Portugal,40,1,0,12,33.28618331981004,11.350591026538606,0,0,4.549955231073635,11.350591026538574,15,0,1,,,,Right Foot,Open Play,Normal,From Keeper,Right Center Midfield,1,0,1,1,Ground Pass,,39.162354,1,1,1,377.8178536975549,0.9999999999999972,0.13669200783274424,0.007849269,0
3857262,Vitor Machado Ferreira,Portugal,41,1,0,8,23.24758051927125,18.708181143816162,3,1,4.341093583605545,6.174881980064579,16,0,2,1.105162373838959,22.15667520482467,0.48894402472591025,Right Foot,Open Play,Normal,From Throw In,Left Center Midfield,1,0,1,1,,,,0,0,0,434.91994750997833,0.3300631917446254,0.1867331346591945,0.03675865,0
3857262,Cristiano Ronaldo dos Santos Aveiro,Portugal,41,1,0,8,8.848163651289456,43.15391954698334,0,1,3.227293216423893,42.48600101145207,10,0,2,6.393344197670878,3.4389548249498794,5.094809558089821,Head,Open Play,Diving Header,From Throw In,Center Forward,1,0,1,1,,,,0,0,0,381.8329423462875,0.9845224132004028,0.36474158295586845,0.28873095,0
3857262,Ricardo Jorge Luz Horta,Portugal,43,1,0,23,16.063934760823702,27.424846207306782,1,1,3.8780696366143665,19.8067466698032,16,0,1,1.7032217498907243,14.767762286497023,0.7523768566883007,Left Foot,Open Play,Normal,Regular Play,Right Wing,1,0,1,1,Ground Pass,,16.801191,1,1,1,440.5509402997995,0.7222190607773072,0.24141467793258847,0.11468789,0
3857262,Ricardo Jorge Luz Horta,Portugal,46,1,0,2,18.92828571212935,23.044063234907085,2,1,1.4536410877975106,1.847531274202255,13,0,4,1.0822186922229424,17.930426422203137,0.1165865255656513,Right Foot,Open Play,Normal,From Goal Kick,Right Wing,1,0,1,1,,,,0,0,0,436.18461287869707,0.08017385021768295,0.07679729215340453,0.052517958,0
3857262,Heung-Min Son,South Korea,55,2,0,5,21.362116000059547,15.72725053200533,0,1,2.476543241588227,11.667560247784484,8,0,1,4.461904512334816,16.939548381149947,3.4308748261218227,Right Foot,Open Play,Normal,Regular Play,Right Wing,1,0,1,1,Ground Pass,,38.415882,1,1,1,335.9673502266961,0.7418690396036307,0.11593155104959282,0.023785131,0
3857262,Jae-Sung Lee,South Korea,56,2,0,1,24.64183434730458,16.648908340315163,2,0,8.412293148294351,11.077203601545358,16,0,0,,,,Left Foot,Open Play,Volley,From Corner,Left Wing,1,0,1,1,,,,0,0,0,410.25964138550387,0.665341136795259,0.34138258660985277,0.021393217,0
3857262,Heung-Min Son,South Korea,65,2,0,2,23.022163234587673,18.821305618252122,3,1,2.531415500925337,2.2398406895530947,15,0,3,1.878952595474279,21.143298581682263,0.5628690620250367,Left Foot,Open Play,Normal,From Goal Kick,Right Wing,1,0,1,1,Ground Pass,,22.528204,1,1,1,433.3071702314624,0.11900559583820743,0.10995558823604505,0.039930075,0
3857262,In-Beom Hwang,South Korea,66,2,0,1,22.148814866714645,20.007531132974194,0,1,1.729581780106023,16.093598165225387,14,0,2,4.786583068781311,17.57012857376775,2.2339032320171412,Left Foot,Open Play,Normal,Regular Play,Right Center Midfield,1,0,1,1,Ground Pass,,18.659313,1,1,1,443.1431030042749,0.8043770147482966,0.07808913436290658,0.100738145,0
3857262,Heung-Min Son,South Korea,69,2,0,11,15.590060936378665,17.410763067643657,0,1,4.429957899506096,11.842748190127347,12,0,1,3.292307644340314,12.353055697723915,2.3619179285549166,Right Foot,Open Play,Volley,From Free Kick,Right Wing,1,0,1,1,High Pass,,43.00942,1,1,1,271.43485717341576,0.6801969646084055,0.28415269944000027,0.04621987,0
3857262,Rafael Alexandre Conceição Leão,Portugal,71,2,0,2,29.930085198675936,13.25198954604898,1,1,4.388772299620413,8.854565594664079,10,0,1,4.875367960175587,25.276688584617677,3.5059881648286293,Right Foot,Open Play,Normal,From Counter,Left Wing,1,0,1,1,Ground Pass,,21.002142,1,1,1,396.63317616520885,0.6681687729903187,0.14663413987924653,0.029762346,0
3857262,Kang-In Lee,South Korea,73,2,0,0,33.35206140555633,13.143075233758557,2,1,9.44945387687988,4.4578446635071325,17,1,0,0.720645126562989,33.85618931821185,0.638753885654836,Left Foot,Free Kick,Normal,From Free Kick,Left Center Midfield,1,0,1,1,,,,0,0,0,438.34865225416195,0.33917820481290145,0.28332443269325586,0.023724081,0
3857262,João Maria Lobo Alves Palhinha Gonçalves,Portugal,80,2,0,9,31.200641019056004,14.610934772807415,2,0,10.213868602682727,4.471090923590452,16,0,0,,,,Right Foot,Open Play,Normal,From Throw In,Center Defensive Midfield,1,0,1,1,,,,0,0,0,455.87053079920673,0.3060099160740662,0.3273608576325255,0.021024177,0
3857262,João Pedro Cavaco Cancelo,Portugal,89,2,0,2,16.953170794869028,13.108193255678799,0,1,2.0267128388460334,8.009009829100275,15,1,1,3.4744233711372075,13.487969669667955,3.172792755245993,Left Foot,Open Play,Normal,From Throw In,Left Back,1,0,1,1,Ground Pass,,33.917107,1,1,1,222.22543907567297,0.6109926572550776,0.11954771549045146,0.04430043,0
3857262,Hee-Chan Hwang,South Korea,90,2,0,1,12.571793825862724,33.38180267231058,0,1,2.1565798183898224,24.356456714382677,13,0,1,6.196213190455408,6.628868326611556,1.0397499235445054,Right Foot,Open Play,Normal,From Counter,Left Midfield,1,0,1,1,Ground Pass,Through Ball,12.621015,1,1,1,419.66914073192186,0.7296327569087749,0.1715411379045448,0.42196128,1
