match_id,tiratore,distanza,angolo,difensori_cono,portiere_cono,distanza_min_difensore,body_part,shot_type,goal
3835320,Ada Stolsmo Hegerberg,13.579396157414362,24.964718332304546,1,1,1.1239890593713169,Left Foot,Open Play,0
3835320,Guro Reiten,12.277621919573837,34.325124451107314,2,1,1.138217431064835,Head,Open Play,0
3835320,Frida Maanum,30.710421683851887,14.837061733229543,2,0,2.3606402646116096,Right Foot,Open Play,0
3835320,Julie Blakstad,18.11573901335521,18.820599289945367,1,1,0.8101540174046741,Left Foot,Open Play,1
3835320,Rachel Furness,32.90243152108975,13.862060017873095,1,0,3.859241736220348,Left Foot,Open Play,0
3835320,Frida Maanum,26.85553946581599,16.37326404917262,1,0,3.676336143860657,Left Foot,Open Play,0
3835320,Frida Maanum,12.653062870309302,33.891457837247565,1,0,5.784920918208379,Right Foot,Open Play,1
3835320,Maria Thorisdottir,9.154780172128651,47.03247283759231,2,1,1.175678175430465,Right Foot,Open Play,0
3835320,Amalie Vevle Eikeland,11.962023240238253,31.407860043640408,0,1,1.290811913587897,Right Foot,Open Play,0
3835320,Frida Maanum,27.513814711886106,16.47887420642133,0,1,2.162870403161188,Right Foot,Open Play,0
3835320,Ada Stolsmo Hegerberg,9.154780172128659,21.856746605287466,0,0,4.857648336212258,Head,Open Play,0
3835320,Lauren Wade,23.035841638629144,17.594275021746007,1,1,3.2436618232344085,Left Foot,Open Play,0
3835320,Ada Stolsmo Hegerberg,8.075270893288968,52.44309127322985,1,1,2.424581421546022,Right Foot,Open Play,0
3835320,Caroline Graham Hansen,11.900420160649796,37.156345075648375,0,1,9.736053343614113,Right Foot,Penalty,1
3835320,Lauren Wade,18.764061394058594,22.264886826991404,1,1,0.8675565037507595,Left Foot,Open Play,0
3835320,Caroline Graham Hansen,24.813101378102655,17.753268635153336,1,1,5.319780151424015,Left Foot,Open Play,0
3835320,Ada Stolsmo Hegerberg,31.360006377550373,14.244380741542063,0,1,1.194254502668168,Right Foot,Open Play,0
3835320,Simone Magill,24.75176761364731,14.148034460711457,0,1,4.480554110219211,Right Foot,Open Play,0
3835320,Caroline Graham Hansen,22.858915109864686,17.694421005330934,1,1,2.354821410652263,Right Foot,Open Play,0
3835320,Rachel Furness,14.080127840328725,17.539108673485718,1,1,2.8328670433038106,Right Foot,Open Play,0
3835320,Julie Nelson,7.068238818828922,56.44442936198522,1,1,3.317416905143867,Head,Open Play,1
3835320,Lauren Wade,28.398943642325854,14.47029410006589,1,0,2.256495800734837,Left Foot,Open Play,0
3835320,Guro Reiten,21.110187114282052,19.482993334832223,5,1,9.044540135052937,Left Foot,Free Kick,1
3835320,Karina Sævik,19.241881404893864,20.889423801970747,4,1,1.3340950309976716,Right Foot,Open Play,0
3835320,Vilde Bøe Risa,21.966565503054863,20.496937728270343,3,1,1.5778165829048556,Right Foot,Open Play,0
3835320,Karina Sævik,13.520724832641186,25.62179648030252,0,1,1.5184803029136744,Left Foot,Open Play,0
3835320,Guro Reiten,17.53681841155915,18.93228124067648,0,0,2.425448908512724,Right Foot,Open Play,0
3835320,Caroline Graham Hansen,11.618089343777664,27.37214223374113,1,1,1.5824193764385086,Right Foot,Open Play,0
3835326,Tessa Wullaert,17.488853593074648,23.160886821649157,1,1,1.1663997724787878,Left Foot,Open Play,0
3835326,Dagný Brynjarsdóttir,8.980534505250795,47.76037506808125,0,1,2.4998075006361673,Head,Open Play,0
3835326,Sveindís Jane Jónsdóttir,25.598828098176682,12.625563788603262,0,1,3.0530796986659916,Left Foot,Open Play,0
3835326,Berglind Björg Þorvaldsdóttir,11.900420160649796,37.156345075648375,0,1,9.715145564068184,Right Foot,Penalty,0
3835326,Dagný Brynjarsdóttir,8.354639429682173,50.64406962176387,1,1,1.3953741769428536,Head,Open Play,0
3835326,Elena Dhont,16.180543872194168,27.360337589372573,1,1,3.583283757068577,Right Foot,Open Play,0
3835326,Guðrún Arnardóttir,11.395174417269798,38.20276111858581,4,1,0.9394231810074327,Left Foot,Open Play,0
3835326,Karólína Lea Vilhjálmsdóttir,17.088007490635068,25.424653489016,6,1,0.8025298820811673,Right Foot,Open Play,0
3835326,Glódís Perla Viggósdóttir,19.743353311937668,22.338492322021782,3,1,3.2182840200150635,Right Foot,Open Play,0
3835326,Sveindís Jane Jónsdóttir,14.1155942134931,17.221296777485314,1,1,1.202990384491055,Left Foot,Open Play,0
3835326,Berglind Björg Þorvaldsdóttir,7.7897368376601746,34.2311325048063,0,1,4.871984693842182,Head,Open Play,1
3835326,Gunnhildur Yrsa Jónsdóttir,10.255242561733981,40.142038893963495,4,1,1.900347292328055,Left Foot,Open Play,0
3835326,Sara Björk Gunnarsdóttir,7.747257579298621,52.22431569404535,1,0,1.7630148320843693,Right Foot,Open Play,0
3835326,Justine Vanhaevermaet,28.44802277839358,15.392717868078194,2,1,4.76254470389942,Right Foot,Open Play,0
3835326,Tinne De Caigny,11.200446419674533,35.33662337566317,1,1,0.6329997378281409,Head,Open Play,0
3835326,Janice Cayman,19.94893480865582,10.210831593995724,0,1,1.9702886729376632,Left Foot,Open Play,0
3835326,Janice Cayman,18.32211778152296,19.434409966419665,1,1,2.6928610453718314,Right Foot,Open Play,0
3835326,Justine Vanhaevermaet,11.900420160649796,37.156345075648375,0,1,10.210670554982944,Right Foot,Penalty,1
3835326,Tessa Wullaert,32.512920508622415,13.897732334894497,0,0,2.743235296367518,Right Foot,Open Play,0
3835326,Dagný Brynjarsdóttir,8.415461959987704,49.06146551283783,0,1,2.4000656369307283,Head,Open Play,0
3835326,Dagný Brynjarsdóttir,4.66476151587624,79.79602627826833,2,1,0.3245284756243906,Head,Open Play,0
3835326,Gunnhildur Yrsa Jónsdóttir,8.174350127074318,51.89435530929357,0,0,2.276097483746665,Head,Open Play,0
3835326,Gunnhildur Yrsa Jónsdóttir,13.165485179058155,27.642845435853005,4,1,1.134976927372413,Head,Open Play,0
3835326,Tessa Wullaert,25.099003964301055,13.905298988447852,2,1,4.148574884067281,Right Foot,Open Play,0
3835326,Sari Kees,7.849203781276163,43.97069209769068,0,1,0.6599855444887582,Head,Open Play,0
3835326,Dagný Brynjarsdóttir,10.423531071570714,41.92394194784689,1,1,0.4316516460972231,Head,Open Play,0
3835326,Karólína Lea Vilhjálmsdóttir,35.56472971920355,11.654927000031574,1,1,10.462569945036558,Right Foot,Free Kick,0
3835326,Sveindís Jane Jónsdóttir,19.303885619221845,19.743333383440724,2,1,2.8518021572083545,Right Foot,Open Play,0
3835326,Karólína Lea Vilhjálmsdóttir,21.12936345468078,20.94960196440782,1,1,2.2384576875864006,Left Foot,Open Play,0
3835326,Sveindís Jane Jónsdóttir,18.042727066604982,23.095301813642685,3,1,4.235721844491703,Left Foot,Open Play,0
3835326,Alexandra Jóhannsdóttir,12.614673994994874,34.50801331129217,0,1,1.5825147244787563,Head,Open Play,0
3835324,Kosovare Asllani,12.30650234632083,24.455108328944757,1,0,1.1039366369531511,Right Foot,Open Play,0
3835324,Kosovare Asllani,11.359577456930344,19.486683985156333,0,1,1.0238883640222882,Right Foot,Open Play,0
3835324,Fridolina Rolfö,50.6219320058016,8.979396895928021,0,0,4.17612578207418,Left Foot,Open Play,0
3835324,Lieke Martens,36.216708851026205,11.889995239419582,1,1,4.760891323187991,Right Foot,Open Play,0
3835324,Jill Roord,26.061849512266015,17.349597410426206,1,1,5.054497176427826,Left Foot,Open Play,0
3835324,Jonna Ann-Charlotte Andersson,8.121576201698785,45.70228557301231,0,1,3.347645436351147,Left Foot,Open Play,1
3835324,Lieke Martens,18.1463494951464,15.009247495954192,0,1,3.898860095234912,Left Foot,Open Play,0
3835324,Lina Mona Andréa Hurtig,11.303096920755834,38.216951144798855,1,1,1.2848975813563912,Head,Open Play,0
3835324,Danielle van de Donk,14.303146506975308,31.242637449000416,1,1,3.159773674328949,Right Foot,Open Play,0
3835324,Lina Mona Andréa Hurtig,3.1953090617340894,123.34309890567492,1,1,0.9588089354432466,Head,Open Play,0
3835324,Sherida Spitse,27.76706682384728,16.189454602382288,1,1,5.051350356149114,Right Foot,Open Play,0
3835324,Jill Roord,16.73230408521193,26.706395625958578,1,1,2.147873327389617,Right Foot,Open Play,1
3835324,Fridolina Rolfö,25.007198963498492,18.170519072307684,0,1,3.4000596178107507,Left Foot,Open Play,0
3835324,Sherida Spitse,26.309884074241,15.788377677666857,2,1,6.005122706711617,Left Foot,Open Play,0
3835324,Lynn Wilms,22.276669409945463,14.923991357032396,0,1,2.534435672005674,Right Foot,Open Play,0
3835324,Vivianne Miedema,18.107733154649704,23.18816918878965,1,1,1.5716083286250035,Right Foot,Open Play,0
3835324,Kosovare Asllani,23.067076104266015,16.981261227265186,0,1,1.351593313818072,Right Foot,Open Play,0
3835324,Fridolina Rolfö,22.7705950734714,19.707978842978726,0,1,1.8715222143000831,Left Foot,Open Play,0
3835324,Magdalena Lilly Eriksson,7.406078584514215,56.72511201516505,1,0,0.8440025021913526,Head,Open Play,0
3835324,Victoria Pelova,18.787761974221414,15.523234061699538,1,1,2.9695684152569215,Left Foot,Open Play,0
3835324,Fridolina Rolfö,19.3747258045114,23.24975328497558,2,1,0.8901381465415908,Left Foot,Open Play,0
3835336,Sarah Puntigam,24.4826469157238,11.170103990854802,1,1,2.00105649099645,Left Foot,Open Play,0
3835336,Laura Feiersinger,21.868013169924694,17.845007072168748,1,1,1.3774329263599945,Left Foot,Open Play,0
3835336,Barbara Dunst,32.43223704896103,9.169216136194578,1,0,1.7131882683459339,Right Foot,Open Play,0
3835336,Caroline Graham Hansen,13.679546776117988,8.508007100108019,1,1,2.7806261190274197,Right Foot,Open Play,0
3835336,Verena Hanshaw,22.722895942198914,13.74676157624639,0,1,6.001169418380884,Left Foot,Open Play,0
3835336,Nicole Billa,19.11910039724673,9.994700827876578,1,1,5.374007886343064,Right Foot,Open Play,0
3835336,Nicole Billa,10.40192289915668,42.06265578171584,0,1,2.0105219300829553,Head,Open Play,1
3835336,Julia Hickelsberger Füller,19.548913013259845,15.856075493656421,1,1,1.8923258692349356,Right Foot,Open Play,0
3835336,Barbara Dunst,19.6702821535432,17.253702211254552,1,0,1.053320913955786,Right Foot,Open Play,0
3835336,Sarah Puntigam,21.654098919142303,20.618407571071817,2,1,2.057857725311443,Left Foot,Open Play,0
3835336,Nicole Billa,12.175385004179535,10.28654403223366,1,1,0.3269367470904968,Head,Open Play,0
3835336,Julia Hickelsberger Füller,15.473848907107756,26.293626172772587,1,1,1.535410344789092,Left Foot,Open Play,0
3835336,Julia Hickelsberger Füller,22.663186007267385,12.59657323581847,0,1,1.5454085663618748,Right Foot,Open Play,0
3835336,Ada Stolsmo Hegerberg,22.304259682849825,15.949167883022543,1,1,3.9427622400606097,Left Foot,Open Play,0
3835336,Julia Hickelsberger Füller,8.174350127074318,51.89435530929357,1,1,0.39714372137074794,Head,Open Play,0
3835336,Barbara Dunst,18.506755523321747,19.559276652926492,1,1,1.96195611958723,Right Foot,Open Play,0
3835336,Nicole Billa,18.13973538947026,24.822708660445954,1,1,1.835611441023401,Left Foot,Open Play,0
3835336,Julia Hickelsberger Füller,20.659622455408034,16.385764883818396,0,1,1.829962247499968,Left Foot,Open Play,0
3835336,Nicole Billa,11.615506876585277,37.96692972623641,1,1,1.1375677863796154,Head,Open Play,0
3835336,Lisa Makas,10.575916035975323,29.577227702241824,0,1,5.802238233815226,Right Foot,Open Play,0
3835336,Sarah Puntigam,15.211837495845133,23.66564794073545,4,1,0.3070990732113329,Left Foot,Open Play,0
3835336,Nicole Billa,11.591807451817,37.6130107962005,3,1,1.6108131500051495,Left Foot,Open Play,0
3835336,Maren Nævdal Mjelde,15.97779709471866,25.082006012334382,3,1,0.6219689535123913,Right Foot,Open Play,0
3835336,Ingrid Syrstad Engen,7.749193506423745,25.276245083353825,4,1,1.2392708068474072,Right Foot,Open Play,0
3835336,Celin Bizet Ildhusøy,17.112568480505782,19.42011294218188,2,1,2.783777488204888,Right Foot,Open Play,0
3835336,Lisa Makas,20.248456731316587,12.590382945535156,1,1,3.5569706773359613,Left Foot,Open Play,0
3835336,Celin Bizet Ildhusøy,19.99024762227822,14.610780526867483,1,1,3.682264895748947,Right Foot,Open Play,0
3835336,Ada Stolsmo Hegerberg,8.184130986244053,46.43510755863397,3,1,0.2725801043666386,Head,Open Play,0
3835336,Ada Stolsmo Hegerberg,8.560373823613078,43.5227858085068,0,1,1.4047749613331764,Left Foot,Open Play,0
3835336,Celin Bizet Ildhusøy,13.946325680981356,30.034408128081143,5,1,1.5048092500734986,Right Foot,Open Play,0
3835334,Karólína Lea Vilhjálmsdóttir,13.101526628603242,33.9525990069668,2,1,1.7218872121548379,Right Foot,Open Play,1
3835334,Glódís Perla Viggósdóttir,13.124404748406684,33.2392303732445,1,1,0.688891200801576,Right Foot,Open Play,0
3835334,Dagný Brynjarsdóttir,9.11975876873944,47.30336103761767,2,1,2.165997743422138,Head,Open Play,0
3835334,Sara Björk Gunnarsdóttir,13.152946437965907,25.116704852838176,1,1,0.8405018927000063,Right Foot,Open Play,0
3835334,Martina Piemonte,9.178235124467012,46.53579957824179,0,1,2.0125705363898017,Head,Open Play,0
3835334,Arianna Caruso,13.227622613304325,25.78565370572699,0,1,2.480760007067347,Right Foot,Open Play,0
3835334,Valentina Bergamaschi,29.504236983863862,12.612555769546585,1,1,1.6971654907207538,Right Foot,Open Play,0
3835334,Martina Piemonte,24.915858403835895,12.528807709151522,1,0,3.6677757618692675,Right Foot,Open Play,0
3835334,Arianna Caruso,8.300602387778854,45.37658655507255,3,1,2.5312253781901743,Head,Open Play,0
3835334,Arianna Caruso,21.552262062252307,20.981846658085598,1,1,3.0340595452857424,Right Foot,Open Play,0
3835334,Sveindís Jane Jónsdóttir,12.952219886953744,8.986584929202621,1,0,1.515916825231708,Right Foot,Open Play,0
3835334,Martina Piemonte,10.948059188732952,38.96527566803198,1,1,2.9574391145049215,Right Foot,Open Play,0
3835334,Valentina Bergamaschi,20.09278477463987,20.99590880293484,1,1,1.5153137244390644,Right Foot,Open Play,0
3835334,Valentina Giacinti,23.703375287076735,19.154577203164433,0,1,3.1276159183271437,Right Foot,Open Play,0
3835334,Guðrún Arnardóttir,7.119691004531025,58.223263954037,0,1,1.6004658858840997,Head,Open Play,0
3835334,Lucia Di Guglielmo,29.569071679712906,15.02560500834222,3,0,2.9107265234620723,Right Foot,Open Play,0
3835334,Sara Björk Gunnarsdóttir,32.73713487768898,12.559604845560514,0,0,1.8535438387584986,Right Foot,Open Play,0
3835334,Glódís Perla Viggósdóttir,8.50235261559999,50.382242379216144,5,1,1.0632932464873344,Head,Open Play,0
3835334,Alexandra Jóhannsdóttir,7.402702209328698,50.09739973797901,2,1,1.636830739574841,Left Foot,Open Play,0
3835334,Valentina Bergamaschi,8.956003573022965,47.95504266691182,1,1,0.6878055019279635,Right Foot,Open Play,1
3835334,Barbara Bonansea,25.678006153126457,16.87817052249483,1,1,1.8531469375611602,Right Foot,Open Play,0
3835334,Lucia Di Guglielmo,25.092827660508892,15.796071176901544,1,1,4.743292436809343,Left Foot,Open Play,0
3835334,Barbara Bonansea,18.762729012593024,20.852189135672976,2,1,2.788843679002203,Right Foot,Open Play,0
3835334,Barbara Bonansea,21.751781536232844,20.794392268781387,3,1,2.479792632032971,Right Foot,Open Play,0
3835334,Cristiana Girelli,24.44360857156733,11.6602377355765,0,1,8.333243088473164,Right Foot,Open Play,0
3835334,Flaminia Simonetti,16.658931538367032,26.921485314669155,3,1,2.241069533248495,Right Foot,Open Play,0
3835334,Barbara Bonansea,22.769277546729498,14.292466804880952,1,1,2.7558038234551914,Right Foot,Open Play,0
3835334,Cristiana Girelli,10.923827168167762,39.63882016751258,5,1,1.7382225297906455,Head,Open Play,0
3835334,Barbara Bonansea,26.312164487172083,17.28043417456064,1,1,2.666969417677511,Right Foot,Open Play,0
3835334,Karólína Lea Vilhjálmsdóttir,12.238055401083942,34.750129827637885,1,1,4.164868047325749,Right Foot,Open Play,0
3835334,Cristiana Girelli,29.435013164597017,12.773686169562218,1,1,6.390235611364059,Right Foot,Open Play,0
3844386,Ingrid Filippa Angeldal,26.501698058803704,17.16512412228314,1,1,2.590256661931282,Right Foot,Open Play,0
3844386,Ingrid Filippa Angeldal,19.82145302443794,20.910574037742293,4,1,2.7955467300405457,Right Foot,Open Play,0
3844386,Ingrid Filippa Angeldal,17.24905794529081,26.04743576088214,0,1,5.3534202944670115,Right Foot,Open Play,0
3844386,Amanda Ilestedt,11.844407963254223,26.36370956059709,1,1,1.985505815129153,Head,Open Play,0
3844386,Fridolina Rolfö,17.099999999999994,26.331588908881603,2,1,1.45076813357575,Head,Open Play,0
3844386,Ingrid Filippa Angeldal,25.019192632856882,15.399041723198616,2,1,3.800195838615721,Left Foot,Open Play,0
3844386,Gun Nathalie Björn,12.220065466273079,30.456154046978654,2,1,1.1502195246571032,Head,Open Play,0
3844386,Gun Nathalie Björn,11.385077953180652,32.073324984097496,3,1,2.0414717388357957,Right Foot,Open Play,0
3844386,Justine Vanhaevermaet,26.40681730159846,16.111417405093228,1,1,5.172428222348087,Right Foot,Open Play,0
3844386,Ingrid Filippa Angeldal,16.32329623574846,26.77969242047991,6,1,4.751656014338632,Right Foot,Open Play,0
3844386,Emma Stina Blackstenius,2.594224354214568,116.73916414517826,3,0,2.4979106283194,Left Foot,Open Play,0
3844386,Emma Stina Blackstenius,2.86530975637888,111.28091360862025,4,1,1.345745210553406,Left Foot,Open Play,0
3844386,Gun Nathalie Björn,22.343902971504328,19.843996585312183,2,1,4.1073608930917045,Right Foot,Open Play,0
3844386,Gun Nathalie Björn,20.769689453624483,21.735740999904987,5,1,5.437801338542609,Right Foot,Open Play,0
3844386,Linda Brigitta Sembrant,11.40175425099138,32.27564431457763,2,0,4.7016210597625445,Other,Open Play,0
3844386,Magdalena Lilly Eriksson,8.414867794564577,50.79845505799956,1,1,0.33380195063512463,Head,Open Play,0
3844386,Emma Stina Blackstenius,8.860022573334673,46.73301312991531,0,1,0.9389034288643231,Head,Open Play,0
3844386,Kosovare Asllani,18.458873205046945,22.96415335722638,3,1,0.425473449595341,Left Foot,Open Play,0
3844386,Fridolina Rolfö,16.01780259586189,14.183531625439576,0,1,1.3315851400814525,Left Foot,Open Play,0
3844386,Davina Philtjens,12.912397143830418,34.1906374080624,1,1,1.8664551939390965,Head,Open Play,0
3844386,Ingrid Filippa Angeldal,33.903687115120675,12.38035700802876,1,0,5.857162006690884,Right Foot,Open Play,0
3844386,Ingrid Filippa Angeldal,19.147062437878034,18.894056248861965,1,1,1.0104263708741688,Right Foot,Open Play,0
3844386,Ingrid Filippa Angeldal,25.42616762313975,14.239408533583838,1,1,5.239948013315966,Right Foot,Open Play,0
3844386,Gun Nathalie Björn,13.648809471891678,24.720922230751984,1,1,2.0463762445039944,Right Foot,Open Play,0
3844386,Magdalena Lilly Eriksson,9.992497185388649,42.783091352325044,2,0,0.9899787311069065,Head,Open Play,0
3844386,Kosovare Asllani,9.936297097007518,24.89886756503852,1,0,1.618685356667557,Head,Open Play,0
3844386,Emma Stina Blackstenius,3.687817782917149,94.76364169072627,0,1,1.4163909071015635,Head,Open Play,0
3844386,Linda Brigitta Sembrant,10.754068997360953,18.633084092174006,3,1,0.6090884208678423,Left Foot,Open Play,0
3844386,Gun Nathalie Björn,12.656223765404908,32.08746675074081,2,1,3.1972211516175344,Right Foot,Open Play,0
3844386,Kosovare Asllani,17.69180601295413,19.298638867521596,1,1,0.31628677911856357,Left Foot,Open Play,0
3844386,Linda Brigitta Sembrant,10.346980235798268,36.750918125493214,1,0,0.6186602278522619,Head,Open Play,0
3844386,Elena Dhont,28.104448046528148,10.598285863368972,0,1,4.16334135288621,Right Foot,Open Play,0
3844386,Fridolina Rolfö,25.244603383693715,12.839138405113198,1,1,3.8521782312890673,Left Foot,Open Play,0
3844386,Magdalena Lilly Eriksson,6.303173803727766,64.78738041175926,1,0,1.092102684169805,Head,Open Play,0
3844386,Kosovare Asllani,24.891765706755315,13.274376412048378,1,1,1.8600523147736239,Right Foot,Open Play,0
3844386,Gun Nathalie Björn,11.038568747804218,24.75110782574111,0,1,6.739272307306985,Left Foot,Open Play,0
3844386,Linda Brigitta Sembrant,5.232590180780453,73.16105794093063,1,1,2.250443309461046,Right Foot,Open Play,1
3835327,Georgia Stanway,12.0,36.86989764584404,0,1,7.9220347348086335,Right Foot,Penalty,1
3835327,Ada Stolsmo Hegerberg,29.710772457140862,15.330101499164517,1,1,2.949258644606778,Left Foot,Open Play,0
3835327,Lauren Hemp,2.69072480941474,118.7007049563376,0,0,2.735938208108758,Right Foot,Open Play,1
3835327,Caroline Graham Hansen,13.974262055650735,31.624616958461274,3,1,1.236950164071351,Head,Open Play,0
3835327,Karina Sævik,12.637246535539303,28.369663691389714,1,1,6.760412062327746,Right Foot,Open Play,0
3835327,Ellen White,10.088111815399348,41.84183711310485,0,1,1.1607789903090298,Left Foot,Open Play,0
3835327,Ellen White,15.487091398968365,28.66960598808327,0,1,3.5598236472895937,Right Foot,Open Play,1
3835327,Bethany Mead,18.681541692269406,15.316248150461044,0,1,5.611600171061044,Right Foot,Open Play,0
3835327,Ellen White,9.660745312862776,41.98844052566956,0,1,1.0265106854122656,Right Foot,Open Play,0
3835327,Ellen White,9.104943712072025,47.418355966394586,2,1,0.6579134963901138,Head,Open Play,0
3835327,Bethany Mead,6.888396039717806,59.96671956400489,1,1,2.249574814163291,Head,Open Play,1
3835327,Bethany Mead,9.662815324738434,44.78816601468703,1,1,3.3794769731329755,Left Foot,Open Play,1
3835327,Ellen White,3.905124837953327,92.1475854282985,0,0,3.073441939774982,Left Foot,Open Play,1
3835327,Bethany Mead,11.186599125739688,28.7999102054168,3,1,1.8147453089074381,Right Foot,Open Play,0
3835327,Ellen White,7.500666637039671,56.138388736558674,0,1,1.174230304035268,Head,Open Play,0
3835327,Georgia Stanway,26.850884529191962,16.6775438304677,1,1,6.705378162627527,Right Foot,Open Play,0
3835327,Alessia Russo,8.168843247363728,44.81303727746096,1,1,1.6159490762681317,Head,Open Play,1
3835327,Ella Toone,10.358571330062846,42.06685724862789,0,1,0.7807999455301284,Head,Open Play,0
3835327,Ella Toone,22.10022624318583,20.51802317070997,1,1,6.701504713509107,Right Foot,Open Play,0
3835327,Alessia Russo,14.005713120009277,31.867961550793186,0,1,2.0739843680637504,Right Foot,Open Play,0
3835327,Alex Greenwood,23.2606964642076,15.741687152451558,2,1,3.427902405374724,Left Foot,Open Play,0
3835327,Lucy Bronze,25.797868128975313,14.633872261986085,1,1,6.4996247436777255,Right Foot,Open Play,0
3835327,Keira Walsh,22.046541678911915,20.01246212378524,3,1,1.4015431830683138,Right Foot,Open Play,0
3835327,Bethany Mead,5.024937810560444,74.94943263839491,0,0,3.779237071937237,Left Foot,Open Play,1
3835327,Ella Toone,9.5603347221737,44.307869889015016,1,0,4.048932894888307,Left Foot,Open Play,0
3835327,Frida Maanum,30.623520372419623,14.87259752538042,0,0,2.7990970447603765,Right Foot,Open Play,0
3835327,Alex Greenwood,23.21249663435624,18.68379385343178,5,1,8.176055850031974,Left Foot,Free Kick,0
3835327,Jill Scott,13.179529581893284,26.666690821245183,0,1,2.767273421687117,Right Foot,Open Play,0
3835330,Klara Bühl,12.599206324209474,25.472693013872906,1,1,1.9191594970746964,Left Foot,Open Play,1
3835330,Lucía García Córdoba,12.34827923234651,16.951565584568986,0,0,5.056530716016496,Right Foot,Open Play,0
3835330,Patricia Guijarro Gutiérrez,26.700749053163285,17.039622378670213,0,1,4.315698354438796,Right Foot,Open Play,0
3835330,María Francesca Caldentey Oliver,23.160310878742543,18.84353843784543,2,1,0.9849392424513729,Right Foot,Open Play,0
3835330,Sara Däbritz,22.063544592834578,20.326307685494832,1,1,2.125220613645426,Left Foot,Open Play,0
3835330,Sheila García Gómez,16.77647161950331,20.49096867658558,2,1,0.4770196015853954,Right Foot,Open Play,0
3835330,Alexandra Popp,6.0406953242155845,65.80360925221221,1,1,1.0751708665799837,Head,Open Play,1
3835330,Aitana Bonmati Conca,18.800265955565624,19.69629882254068,3,1,2.5285806871913703,Right Foot,Open Play,0
3835330,Klara Bühl,20.44162420161372,19.815333550404624,1,1,2.6493989769646062,Right Foot,Open Play,0
3835330,Giulia Gwinn,17.36231551377869,24.684701445947503,0,1,1.8245851833228712,Left Foot,Open Play,0
3835330,Svenja Huth,7.256721022610695,18.124940252172703,3,0,0.5144235306248245,Right Foot,Open Play,0
3835330,Alexandra Popp,8.542833253669418,43.24923623355418,1,0,0.4649207397627223,Head,Open Play,0
3835330,Ona Batlle Pascual,25.475085868353812,13.297416892618797,1,1,1.8678907327978433,Right Foot,Open Play,0
3835330,Irene Paredes Hernandez,6.43816744112795,55.90743361909434,3,1,0.6522384188930791,Head,Open Play,0
3835330,Patricia Guijarro Gutiérrez,8.405950273467006,33.36957578870797,1,1,0.42194906730260906,Head,Open Play,0
3835330,Irene Paredes Hernandez,9.794896630388704,24.243836289518352,2,1,2.3940616799596475,Head,Open Play,0
3835330,María Francesca Caldentey Oliver,13.159027319676781,26.043555619561428,0,1,3.6196518373545112,Right Foot,Open Play,0
3835330,Athenea del Castillo Belvide,23.988538930080754,13.12058574165567,2,1,1.892724288623287,Right Foot,Open Play,0
3835330,Claudia Pina Medina,9.272000862812735,45.49919972764486,1,1,0.6682059118772522,Head,Open Play,0
3835330,Irene Guerrero Sanmartín,18.157092278225605,19.389572166606033,1,1,1.4934799616559464,Left Foot,Open Play,0
3844385,Svenja Huth,24.363292059982367,17.381980351529652,1,1,1.8661022822372517,Right Foot,Open Play,0
3844385,Julia Hickelsberger Füller,18.967867565965342,20.77235516552359,0,1,1.3244925181496898,Right Foot,Open Play,0
3844385,Alexandra Popp,15.239750654128173,29.34957633911335,1,1,2.075135410439302,Right Foot,Open Play,0
3844385,Marina Georgieva,9.533624704172073,44.50225808982366,3,1,0.6666599075830992,Head,Open Play,0
3844385,Lina Magull,13.958868148958208,16.447625884009085,1,1,0.48067794495904703,Left Foot,Open Play,0
3844385,Lina Magull,12.738916751435339,32.83567847319857,1,1,3.8403147645375673,Right Foot,Open Play,1
3844385,Sarah Puntigam,16.875129629131745,24.625987074449583,4,1,3.235214994382328,Left Foot,Open Play,0
3844385,Giulia Gwinn,22.21215883249532,19.643939340134498,1,1,0.6715641539105045,Left Foot,Open Play,0
3844385,Verena Hanshaw,25.358430550804993,16.21896831893068,1,1,5.3755310396937555,Left Foot,Open Play,0
3844385,Sara Däbritz,7.615773105863909,29.744881296942197,2,1,0.5515668969422103,Head,Open Play,0
3844385,Sarah Puntigam,36.70054495508207,12.440075166342815,2,0,1.2158641573787774,Left Foot,Open Play,0
3844385,Svenja Huth,12.423365083583434,15.205343239355107,0,1,1.3910491021899734,Right Foot,Open Play,0
3844385,Giulia Gwinn,6.576473218982953,62.34373259765942,0,1,1.4665910179884163,Head,Open Play,0
3844385,Klara Bühl,25.719447894540817,11.897783629906336,0,1,3.158493498929192,Right Foot,Open Play,0
3844385,Giulia Gwinn,15.784802817900509,26.60828436784692,2,1,2.4517746928503907,Left Foot,Open Play,0
3844385,Svenja Huth,14.912075643584972,28.31747498722256,1,1,1.737350925294636,Left Foot,Open Play,0
3844385,Lena Oberdorf,26.77778930382417,16.465395932527795,1,1,2.8068376688882615,Right Foot,Open Play,0
3844385,Barbara Dunst,39.137194585202444,9.17446903164347,0,0,5.058378952381146,Right Foot,Open Play,0
3844385,Julia Hickelsberger Füller,13.678084661238207,22.822873909550562,1,1,2.0111856663783,Right Foot,Open Play,0
3844385,Klara Bühl,24.821361767638773,16.55636010100595,1,1,4.517846508331746,Right Foot,Open Play,0
3844385,Sarah Puntigam,17.778920102188437,21.399340440646224,5,1,5.3717492319116555,Left Foot,Open Play,0
3844385,Sarah Puntigam,18.43908891458577,22.529398002936873,5,1,1.9442710699620234,Right Foot,Open Play,0
3844385,Carina Wenninger,9.167878707749132,39.851089902177684,4,1,0.7325544426467994,Head,Open Play,0
3844385,Marina Georgieva,13.807968713753663,31.730334347668386,4,1,2.1827764997816397,Right Foot,Open Play,0
3844385,Alexandra Popp,9.40212741883453,42.179011406484484,1,1,2.2476104770667087,Head,Open Play,0
3844385,Linda Dallmann,21.445745498816315,21.089386181321913,0,1,2.370428228541,Left Foot,Open Play,0
3844385,Lena Oberdorf,31.82766092567909,14.228093361443133,1,1,5.285756496233834,Right Foot,Open Play,0
3844385,Klara Bühl,23.152537657889685,16.940313925481032,1,1,1.2931934854263298,Right Foot,Open Play,0
3844385,Alexandra Popp,31.03949097520769,13.804788351209274,1,0,3.508138977727942,Left Foot,Open Play,0
3844385,Klara Bühl,10.948972554536793,39.75127672265429,0,1,2.245220228251157,Left Foot,Open Play,0
3844385,Linda Dallmann,26.421392847463586,16.958827763666022,3,1,4.959750813949636,Right Foot,Open Play,0
3844385,Alexandra Popp,11.710678887237924,37.69181740234514,0,0,4.186601306954015,Left Foot,Open Play,1
3844385,Katharina Naschenweng,19.27744796387738,19.681376579792886,2,1,2.655114525031774,Left Foot,Open Play,0
3835339,Ramona Bachmann,18.638669480410876,20.63558055782537,0,1,2.2303084738732104,Right Foot,Open Play,0
3835339,Ramona Bachmann,15.425303886795875,20.730685578655933,3,1,1.1183664502194637,Right Foot,Open Play,0
3835339,Jill Roord,22.4877744563574,18.85162532249838,1,1,2.62400019266034,Right Foot,Open Play,0
3835339,Sandy Mändly,28.90069203323685,13.719035390024638,1,1,2.387546554913311,Left Foot,Open Play,0
3835339,Lineth Beerensteyn,23.711811402758755,18.76627983715769,1,1,0.68331605032111,Right Foot,Open Play,0
3835339,Sherida Spitse,28.23065709472593,14.69425846145957,1,1,1.6034168432584783,Right Foot,Open Play,0
3835339,Jackie Groenen,14.588008774332431,30.515137660389414,2,1,3.3899029466852975,Right Foot,Open Play,0
3835339,Sherida Spitse,28.59545418418809,15.451470845668739,4,1,12.175538150913301,Right Foot,Free Kick,0
3835339,Lieke Martens,13.046455457326331,33.995924618954334,0,1,1.0857498412735038,Head,Open Play,0
3835339,Géraldine Reuteler,10.357605900979244,41.795206959761266,1,1,0.9702525262261787,Head,Open Play,0
3835339,Lineth Beerensteyn,20.983088428541688,17.772498307004458,1,1,2.0790811475580337,Right Foot,Open Play,0
3835339,Géraldine Reuteler,20.100995000248126,13.784093583407103,1,1,1.3710182510965077,Right Foot,Open Play,0
3835339,Luana Bühler,24.067405344157894,18.82346727470139,2,1,2.4145310653582785,Right Foot,Open Play,0
3835339,Stephanie van der Gragt,12.416923934694939,20.03901846269126,1,1,1.9192482666234296,Head,Open Play,0
3835339,Géraldine Reuteler,10.771258050942793,32.93800860053197,1,1,0.5804870914481469,Right Foot,Open Play,1
3835339,Coumba Sow,8.228000972289689,50.715530300737136,0,1,1.5666322558985821,Right Foot,Open Play,0
3835339,Coumba Sow,8.220097323024836,37.23962259665027,1,1,1.2170552271076258,Left Foot,Open Play,0
3835339,Jill Roord,8.852683209061528,47.80641297320067,0,1,1.6953621207329599,Head,Open Play,0
3835339,Sherida Spitse,54.509173539873075,8.103907734989935,1,0,1.2876207224679843,Right Foot,Open Play,0
3835339,Ramona Bachmann,29.50830391601659,13.525037600014715,1,1,2.9979643235942794,Right Foot,Open Play,0
3835339,Ana-Maria Crnogorčević,10.026464980241037,36.43472334396616,2,1,2.1101243526504745,Right Foot,Open Play,0
3835339,Riola Xhemaili,31.02579571904644,14.408768847696432,1,0,3.444695650525055,Right Foot,Open Play,0
3835339,Victoria Pelova,15.3,26.34499974114724,0,1,0.7872475603737147,Right Foot,Open Play,0
3835339,Romée Leuchter,6.900724599634453,60.19479326727489,0,0,1.6239682562368951,Head,Open Play,1
3835339,Esmee Brugts,13.206059215375337,20.998719034387026,0,1,1.968493186860094,Right Foot,Open Play,0
3835339,Victoria Pelova,7.340980860893179,50.76510220763503,0,1,2.0815826293097346,Right Foot,Open Play,1
3835339,Victoria Pelova,16.352675622050352,21.05812469719518,0,1,1.5295895140245126,Right Foot,Open Play,0
3835339,Romée Leuchter,7.7103826104804964,54.80249671524523,0,1,0.6777196779561968,Left Foot,Open Play,1
3835339,Stephanie van der Gragt,21.1851362988299,18.783325444504634,0,1,1.5367787262274344,Left Foot,Open Play,0
3835339,Sherida Spitse,30.912780528448103,14.42011944666866,2,1,4.373161457020974,Right Foot,Open Play,0
3835331,Kosovare Asllani,17.848809484108457,23.82319044385102,1,1,1.5138874892932006,Right Foot,Open Play,0
3835331,Sara Caroline Seger,16.475739740600414,26.03780428541065,5,1,1.1952186764237775,Right Foot,Open Play,0
3835331,Emma Stina Blackstenius,12.233151678941944,27.508841070394162,0,1,1.7976332839009903,Head,Open Play,0
3835331,Fridolina Rolfö,14.762791064023087,24.116044430248298,1,1,0.4781833125854045,Left Foot,Open Play,0
3835331,Ramona Bachmann,15.697452022541745,13.848272010926639,0,1,0.8877618189907336,Right Foot,Open Play,0
3835331,Emma Stina Blackstenius,20.008997975910738,22.6008098294737,1,1,0.38156674773679794,Head,Open Play,0
3835331,Fridolina Rolfö,22.94907405539492,19.73552045119984,2,1,0.7790380869250305,Left Foot,Open Play,0
3835331,Emma Stina Blackstenius,12.666885963013952,25.467963888892477,1,1,0.6585793629327039,Right Foot,Open Play,0
3835331,Fridolina Rolfö,16.24130536625674,24.782765264976,0,1,6.564874854338166,Left Foot,Open Play,1
3835331,Ramona Bachmann,18.06017718628474,21.917881626184567,3,1,2.615513991173027,Right Foot,Open Play,1
3835331,Emma Stina Blackstenius,21.00690362714125,15.956427219449532,1,1,1.4086738452722058,Right Foot,Open Play,0
3835331,Ramona Bachmann,26.21488126999624,14.756587297057976,1,1,1.7365908850874894,Left Foot,Open Play,0
3835331,Emma Stina Blackstenius,8.100617260431449,52.55724789416015,1,0,1.1029634492762908,Right Foot,Open Play,0
3835331,Emma Stina Blackstenius,7.632168761236867,53.356726659874234,2,0,1.5544688230093568,Left Foot,Open Play,0
3835331,Johanna Rytting-Kaneryd,26.730693967796647,16.702329466598613,4,0,4.495566011921199,Right Foot,Open Play,0
3835331,Ana-Maria Crnogorčević,26.692320993124596,16.1433799834779,2,1,3.569448608622507,Right Foot,Open Play,0
3835331,Coumba Sow,7.700649323271385,40.969751170342164,1,1,1.4170636791348983,Head,Open Play,0
3835331,Lia Wälti,28.10160137785745,10.02698926066949,1,1,2.301682649840908,Left Foot,Open Play,0
3835331,Hanna Ulrika Bennison,21.69469981354893,20.721864366610557,3,1,5.302239938050292,Right Foot,Open Play,1
3835331,Kosovare Asllani,11.513470371699404,37.051927884176365,2,1,1.308582212136103,Left Foot,Open Play,0
3835331,Kosovare Asllani,14.499999999999996,25.535433178195625,1,1,3.524906368339176,Left Foot,Open Play,0
3845507,Delphine Cascarino,21.639085008382395,20.911334337573756,6,1,3.7943271741941618,Left Foot,Open Play,0
3845507,Lina Magull,29.56552045880472,8.692770332862143,2,0,8.36118888406642,Right Foot,Free Kick,0
3845507,Alexandra Popp,23.720033726788838,18.603324899794785,6,1,8.49507870784825,Left Foot,Free Kick,0
3845507,Marina Hegering,17.68191166135607,22.156835741883096,3,1,3.084314742975881,Left Foot,Open Play,0
3845507,Felicitas Rauch,28.884944175123483,13.469143824833536,2,1,6.6583382366024235,Left Foot,Free Kick,0
3845507,Alexandra Popp,10.225947388873067,42.37334659858691,1,1,0.407323234659847,Left Foot,Open Play,1
3845507,Kadidiatou Diani,23.156208670678367,18.295729972369116,1,1,0.5569763478012273,Right Foot,Open Play,0
3845507,Svenja Huth,21.43944961980134,14.749601766539561,2,1,0.7412515353188224,Left Foot,Open Play,0
3845507,Selma Bacha,29.01758087780579,13.558364492878889,0,0,2.354958277160397,Left Foot,Open Play,0
3845507,Selma Bacha,13.484806264830057,27.951849302892807,2,1,2.229415717696881,Right Foot,Open Play,0
3845507,Wendie Renard,8.026207074328441,34.11394965320299,2,1,0.7615648871072733,Head,Open Play,0
3845507,Kadidiatou Diani,14.294054708164513,10.587321318237121,0,1,0.9324931235803229,Right Foot,Open Play,0
3845507,Selma Bacha,27.65519842633569,12.061153100484209,2,1,4.403021361560556,Left Foot,Open Play,0
3845507,Griedge Mbock Bathy Nka,8.352843827104639,33.21036783630248,3,1,0.5904883545641301,Head,Open Play,0
3845507,Svenja Huth,18.027756377319946,14.515148405033726,2,1,2.581408536089922,Right Foot,Open Play,0
3845507,Jule Brand,11.311056537742173,38.92349260232434,2,1,2.89522793973049,Left Foot,Open Play,0
3845507,Jule Brand,9.563472172804186,45.20427564929933,1,1,0.6833698716456941,Left Foot,Open Play,0
3845507,Alexandra Popp,7.532595834106593,55.82349536816081,1,1,0.48658249392985825,Head,Open Play,1
3845507,Selma Bacha,24.635137507227352,17.50821067198645,1,0,4.219644577975515,Left Foot,Open Play,0
3845507,Clara Mateo,18.104143172213373,18.448180085756555,1,1,3.27216093642216,Right Foot,Open Play,0
3845507,Charlotte Bilbault,26.51358142537518,16.600409667399756,4,1,2.2940447964929636,Right Foot,Open Play,0
3845507,Wendie Renard,10.54751155486449,39.45769751521111,0,0,2.3239312650718293,Head,Open Play,0
3845507,Linda Dallmann,13.723337786413335,32.45591531015867,1,1,2.7784415052260902,Right Foot,Open Play,0
3845507,Charlotte Bilbault,33.518054836162555,13.603774555060209,2,0,6.028495845505953,Right Foot,Open Play,0
3845507,Selma Bacha,30.886890422960995,14.626841573748655,4,1,9.360796726486129,Left Foot,Free Kick,0
3835321,Linda Sällström,16.264070831129583,20.15174703421186,0,1,1.6666187445532743,Right Foot,Open Play,1
3835321,Lucía García Córdoba,9.291393867445295,46.301500541412416,5,1,1.0815996195818578,Head,Open Play,0
3835321,Linda Sällström,29.4838939083697,8.583621480113925,0,1,2.7007520650598735,Right Foot,Open Play,0
3835321,María Francesca Caldentey Oliver,30.55110472634336,13.533002970795943,2,1,1.7861103569258607,Right Foot,Open Play,0
3835321,Adelina Engman,18.62310393033342,14.766578049614777,0,1,3.196942288661601,Right Foot,Open Play,0
3835321,Esther Gonzalez Rodríguez,23.100865784641055,16.037451318424562,0,1,2.1465183464386626,Right Foot,Open Play,0
3835321,María Francesca Caldentey Oliver,21.852459815773603,14.760365887865674,2,1,1.6217599691269984,Right Foot,Open Play,0
3835321,Aitana Bonmati Conca,23.286262044390032,15.54628928258634,5,1,7.2112761607924725,Right Foot,Open Play,0
3835321,Esther Gonzalez Rodríguez,10.700467279516348,27.8304148424889,4,1,2.771791909575506,Head,Open Play,0
3835321,Irene Paredes Hernandez,5.100980297942734,76.20190872971678,3,1,0.542406776367835,Head,Open Play,1
3835321,Leila Ouahabi El Ouahabi,19.554283418218112,21.56536231115568,2,1,2.810237931258485,Right Foot,Open Play,0
3835321,Irene Guerrero Sanmartín,25.22102297687388,13.703132224005111,1,1,2.2928734326925855,Left Foot,Open Play,0
3835321,Esther Gonzalez Rodríguez,9.552486587271403,27.51636968020834,4,1,0.4932679123788504,Right Foot,Open Play,0
3835321,Aitana Bonmati Conca,13.61910422898657,29.11771399831806,0,1,1.3313513484500612,Right Foot,Open Play,0
3835321,Aitana Bonmati Conca,12.601983970788092,35.000904934749514,0,1,4.175512001061288,Head,Open Play,1
3835321,María Francesca Caldentey Oliver,24.633310780323463,13.84440563731597,1,1,0.9779333398048979,Right Foot,Open Play,0
3835321,Lucía García Córdoba,20.789420386340733,15.675942044790093,1,1,2.7351149980855705,Right Foot,Open Play,0
3835321,Irene Guerrero Sanmartín,28.193793643282557,16.04463987632793,2,0,4.820237230298141,Right Foot,Open Play,0
3835321,Esther Gonzalez Rodríguez,7.294518489934752,36.960944805163315,2,1,0.9488449985480328,Right Foot,Open Play,0
3835321,Eveliina Summanen,14.003570973148237,24.162895184043396,0,1,4.164867010034322,Right Foot,Open Play,0
3835321,María Francesca Caldentey Oliver,21.47091055358389,20.863024191677795,1,1,2.3130750478832502,Right Foot,Open Play,0
3835321,Ona Batlle Pascual,14.404513181638592,21.232743270189303,0,1,1.1489205423275402,Right Foot,Open Play,0
3835321,María Francesca Caldentey Oliver,22.337860237721962,20.272892507593838,0,1,2.7831367415599346,Right Foot,Open Play,0
3835321,Esther Gonzalez Rodríguez,24.51224183953806,8.86317561794285,0,0,2.3575643377911923,Right Foot,Open Play,0
3835321,Aitana Bonmati Conca,13.532553343696822,29.250705348746443,0,1,3.3041796132446306,Head,Open Play,0
3835321,María Francesca Caldentey Oliver,8.945389874119524,48.0394743532431,1,1,1.0529648220348298,Right Foot,Open Play,0
3835321,Laia Aleixandri López,11.610770861575034,37.99264901499443,3,1,1.7662827101944083,Head,Open Play,0
3835321,Laia Aleixandri López,13.101526628603242,33.9525990069668,2,1,2.19484545626049,Head,Open Play,0
3835321,Ona Batlle Pascual,18.17965896269785,23.262323278811795,2,0,1.302759116548985,Right Foot,Open Play,0
3835321,Patricia Guijarro Gutiérrez,13.75354499756336,25.663376064071688,2,1,0.8747340270336177,Left Foot,Open Play,0
3835321,María Pilar León Cebrián,25.388580109962827,14.759265201925858,4,1,6.073532882979819,Left Foot,Open Play,0
3835321,María Pilar León Cebrián,22.45885126180767,17.969139740156994,3,1,1.0258338573640806,Left Foot,Open Play,0
3835321,Esther Gonzalez Rodríguez,6.79779375974293,58.24011572071155,3,1,0.8610402096056707,Head,Open Play,0
3835321,Lucía García Córdoba,10.44030650891055,40.7026133360583,1,1,0.555002222331234,Head,Open Play,1
3835321,Athenea del Castillo Belvide,20.94755355644186,15.039325057406066,0,1,3.7358932693848574,Right Foot,Open Play,0
3835321,Athenea del Castillo Belvide,21.780036730914844,20.216807251175616,6,1,2.64188598463743,Right Foot,Open Play,0
3835321,Marta Cardona De Miguel,7.240165743959185,40.585744155628355,0,1,1.0168462835064769,Head,Open Play,0
3835321,Claudia Pina Medina,25.98345627509935,15.790517356719295,1,0,2.2768196675372363,Right Foot,Open Play,0
3835321,María Francesca Caldentey Oliver,12.0,36.86989764584404,0,1,9.905627258155413,Right Foot,Penalty,1
3844384,Marta Cardona De Miguel,7.242237223399962,25.773723326467742,0,1,3.32730324025203,Right Foot,Open Play,0
3844384,María Francesca Caldentey Oliver,26.75070092539633,15.468339652091132,1,1,1.7720283848565248,Right Foot,Open Play,0
3844384,Patricia Guijarro Gutiérrez,9.436630754670862,25.21623080164931,1,1,0.4396273905240647,Head,Open Play,0
3844384,Marta Cardona De Miguel,18.56071119327058,16.675238964946992,2,1,4.390865986294649,Right Foot,Open Play,0
3844384,Olga  Carmona García,32.82209621581169,10.588783865202288,1,1,3.592116275286654,Left Foot,Open Play,0
3844384,Aitana Bonmati Conca,21.89360637263765,19.31587596597459,6,1,2.5390336960559616,Right Foot,Open Play,0
3844384,Lauren Hemp,9.408506789071266,46.03937073682307,0,1,2.474414363027821,Head,Open Play,0
3844384,Aitana Bonmati Conca,26.30304164920856,16.92025990007582,2,1,0.8448593102492429,Left Foot,Open Play,0
3844384,Esther Gonzalez Rodríguez,9.002777349240619,39.905057850865155,1,1,2.8284790707756975,Right Foot,Open Play,1
3844384,Lucy Bronze,8.077747210701762,48.260333667381154,2,1,0.7268357500909104,Head,Open Play,0
3844384,Rachel Daly,25.489017242726323,15.050879882220531,0,1,1.4308269400378477,Right Foot,Open Play,0
3844384,Ella Toone,23.104112188093275,15.047057605441395,2,0,0.6469724597206403,Right Foot,Open Play,0
3844384,Ella Toone,19.046521992216842,23.224309703501156,1,1,2.964744975768328,Right Foot,Open Play,0
3844384,Georgia Stanway,17.682194433949643,24.75603127843297,2,1,2.5417330242946425,Right Foot,Open Play,0
3844384,Lauren Hemp,13.656500283747663,30.392060568943737,2,1,2.2766979606827724,Left Foot,Open Play,0
3844384,Sheila García Gómez,12.301625908797583,36.021331199601114,3,1,2.5228090374706102,Left Foot,Open Play,0
3844384,Irene Paredes Hernandez,12.126417442921875,34.598418271900776,3,1,0.3389866728143261,Head,Open Play,0
3844384,Ella Toone,4.8507731342539655,78.67541612254698,0,1,1.6671571301840225,Right Foot,Open Play,1
3844384,María Francesca Caldentey Oliver,33.93287491504367,12.320906780851848,0,1,3.505131388255257,Right Foot,Open Play,0
3844384,Lauren Hemp,12.791403363196713,28.21412163726704,1,1,0.5610520714610513,Head,Open Play,0
3844384,Georgia Stanway,24.103319273494268,17.598245529296875,2,1,3.480519662336163,Right Foot,Open Play,1
3844384,Aitana Bonmati Conca,22.555930484021275,19.57239179407626,2,1,3.0018183493357538,Right Foot,Open Play,0
3844384,Amaiur Sarriegi,21.4347848134755,21.019759928715125,1,1,1.747070787208972,Left Foot,Open Play,0
3844384,Laia Aleixandri López,13.285330255586423,31.925092089798884,1,1,2.3183332970766473,Head,Open Play,0
3844384,Aitana Bonmati Conca,15.654072952429981,27.335242929215532,1,1,1.3608081223578987,Left Foot,Open Play,0
3844384,Amaiur Sarriegi,13.092364186807512,20.076592125109574,0,1,2.0082560843393824,Left Foot,Open Play,0
3844384,Olga  Carmona García,28.087185690275202,11.240203072072697,2,1,6.575669809182232,Left Foot,Open Play,0
3844384,Irene Paredes Hernandez,6.711929677819936,61.54329876582094,2,0,0.65509742306854,Head,Open Play,0
3847567,Ellen White,9.767292357659821,33.62340579978993,0,1,2.664904127717851,Head,Open Play,0
3847567,Sara Däbritz,15.245327152934431,29.169115572029252,3,1,0.4692906146344225,Left Foot,Open Play,0
3847567,Sara Däbritz,28.61485628130954,15.59016240824047,2,0,3.8141003071184065,Left Foot,Open Play,0
3847567,Georgia Stanway,23.110170921046866,18.126509699999534,4,0,3.336189451012322,Right Foot,Open Play,0
3847567,Lucy Bronze,10.394710193170372,32.74623561747285,1,1,1.946024329536532,Head,Open Play,0
3847567,Lucy Bronze,16.924833824885837,20.441035597655933,1,1,0.49977182105699147,Head,Open Play,0
3847567,Marina Hegering,1.9235384061671397,128.98014873135094,1,1,1.138146522370394,Left Foot,Open Play,0
3847567,Georgia Stanway,16.98146047900474,25.308818356911644,2,1,1.4745425663059377,Right Foot,Open Play,0
3847567,Lina Magull,22.681490250863142,16.368067604779853,1,1,2.3801982740509877,Left Foot,Open Play,0
3847567,Ellen White,16.434415109762803,25.72100397106432,1,1,4.07742513648355,Left Foot,Open Play,0
3847567,Tabea Waßmuth,15.633937443907088,19.12295077936809,0,1,2.517004977867478,Left Foot,Open Play,0
3847567,Lina Magull,13.138112497615472,33.78957586657293,1,1,0.7020173069503037,Right Foot,Open Play,0
3847567,Tabea Waßmuth,12.026637102698325,36.732826664489366,0,1,1.2990246769009017,Head,Open Play,0
3847567,Ella Toone,17.70028248362155,23.68293839507123,0,1,1.8456186707404876,Right Foot,Open Play,1
3847567,Lina Magull,20.65187642806338,11.350188998975627,1,1,0.5483464563368629,Right Foot,Open Play,0
3847567,Lea Schüller,13.881282361511126,31.998095597272616,1,0,7.571847362020157,Right Foot,Open Play,0
3847567,Lina Magull,22.343902971504328,19.843996585312183,2,0,3.1847027792136697,Left Foot,Open Play,0
3847567,Lina Magull,14.02640367307315,22.374076022262248,3,1,2.6445572604287215,Left Foot,Open Play,0
3847567,Lina Magull,8.345058418010023,40.86066081144888,0,1,4.571758861973221,Left Foot,Open Play,1
3847567,Tabea Waßmuth,22.214409737825576,19.21325546084769,2,1,2.5365953841344613,Left Foot,Open Play,0
3847567,Millie Bright,17.47226373427324,24.919664369832415,3,1,4.9098567795050325,Left Foot,Open Play,0
3847567,Svenja Huth,26.307793522072497,17.162260122769627,6,0,1.3337966269466037,Right Foot,Open Play,0
3847567,Ella Toone,30.600653587791218,12.069246936439066,1,0,2.9911869036613234,Right Foot,Open Play,0
3847567,Chloe Kelly,4.060788100849392,89.12272693743441,2,1,0.7048457260792008,Right Foot,Open Play,0
3847567,Chloe Kelly,3.785498646149542,93.22914262022589,1,1,1.6184068024748963,Right Foot,Open Play,1
3847567,Lena Oberdorf,11.498260738042074,37.38467137626656,4,1,1.2260614542482509,Head,Open Play,0
3847567,Alessia Russo,20.640009689920205,17.845618512570567,0,1,6.2401282515736565,Right Foot,Open Play,0
3835335,Lauren Wade,14.31258187749506,14.715931700075663,1,1,1.8373887263911264,Right Foot,Open Play,0
3835335,Bethany Mead,7.951100552753693,53.234683085880505,0,1,1.4609494302847987,Head,Open Play,0
3835335,Georgia Stanway,28.229948636155896,16.11328279861636,2,1,0.8743846388295249,Right Foot,Open Play,0
3835335,Lauren Wade,17.492855684535904,24.07970303842065,0,0,2.0819036923162137,Left Foot,Open Play,0
3835335,Bethany Mead,4.299999999999997,85.85993869391785,1,1,1.061878001476386,Right Foot,Open Play,0
3835335,Georgia Stanway,14.504137340772798,30.128156670775066,6,1,0.7338455819653826,Right Foot,Open Play,0
3835335,Francesca Kirby,17.15925406304132,24.688434104985916,5,1,3.4832326828642564,Left Foot,Open Play,0
3835335,Millie Bright,35.08974209081622,12.90275194364541,1,0,8.26088154006429,Right Foot,Open Play,0
3835335,Rachel Daly,15.373028328862212,28.894280622803056,1,1,4.590286176450148,Left Foot,Open Play,0
3835335,Ellen White,20.631286920597077,19.068268079660935,0,1,3.744030310969842,Right Foot,Open Play,0
3835335,Georgia Stanway,15.337861650177967,27.882260347635558,0,1,3.958230300309501,Right Foot,Open Play,0
3835335,Lucy Bronze,8.93196506934504,46.15297802256125,0,0,2.0374814226674736,Head,Open Play,0
3835335,Millie Bright,38.24133888869478,11.504815326258846,0,1,4.436819566388885,Right Foot,Open Play,0
3835335,Georgia Stanway,10.607544484940899,31.522637352193314,2,1,4.240026942151722,Right Foot,Open Play,0
3835335,Millie Bright,9.008884503644166,47.85490479684276,2,1,1.4664064097986607,Head,Open Play,0
3835335,Lauren Hemp,17.657009939398,24.821558661119518,2,1,1.3462689967614823,Left Foot,Open Play,0
3835335,Francesca Kirby,20.000249998437525,22.517553436706002,3,1,4.525448185573037,Right Foot,Open Play,1
3835335,Georgia Stanway,17.27078457974623,23.30531196726919,1,1,3.2879945535598476,Right Foot,Open Play,0
3835335,Bethany Mead,16.514841809717705,27.209455062476767,1,1,1.7152448973898589,Left Foot,Open Play,1
3835335,Marissa Callaghan,28.188827574058486,15.504942791447206,1,0,3.188269520713921,Left Foot,Open Play,0
3835335,Alessia Russo,8.321658488546616,51.27185736237738,0,1,0.834892031148029,Head,Open Play,1
3835335,Alessia Russo,13.464768843169939,32.768499078769835,0,1,1.184802770485729,Right Foot,Open Play,1
3835335,Bethany Mead,17.218594600024705,22.886236518738695,1,1,1.5373902724900712,Right Foot,Open Play,0
3835335,Ella Toone,24.61097316239242,18.245276703541688,1,1,4.11658349065663,Right Foot,Open Play,0
3835335,Ella Toone,25.667294364618957,16.630284169450267,2,1,3.172237646887029,Right Foot,Open Play,0
3835335,Rachel Daly,34.74665451521916,10.723024017938624,2,1,1.908679222667126,Right Foot,Open Play,0
3835335,Ella Toone,20.447249203743766,19.70390729536085,0,1,2.3456585860891055,Right Foot,Open Play,0
3835335,Keira Walsh,26.38787600395302,16.753623300896482,2,0,4.154022303197702,Right Foot,Open Play,0
3835335,Kirsty McGuinness,28.252610498854796,10.940260114384731,0,0,3.272436662005628,Left Foot,Open Play,0
3835335,Bethany Mead,17.10263137648707,24.70414048828427,3,1,3.832011497632564,Right Foot,Open Play,0
3835335,Lauren Wade,30.11262193831683,10.133019733912416,1,1,1.2772115764329977,Left Foot,Open Play,0
3835335,Alessia Russo,4.973932046178353,75.74450356014833,1,1,0.6137620515075418,Head,Open Play,0
3835335,Alessia Russo,7.98310716450681,52.58748689134175,0,1,3.123434320817921,Right Foot,Open Play,0
3835323,Coumba Sow,28.155638866841578,14.825952824757032,2,0,1.0545677330566803,Right Foot,Open Play,1
3835323,Rahel Kiwic,8.232860985101105,39.31229674144722,0,0,1.0709491474638535,Head,Open Play,1
3835323,Ana-Maria Crnogorčević,9.019977827023745,47.76753097205606,1,1,1.5286600028845105,Right Foot,Open Play,0
3835323,Rahel Kiwic,10.259142264341596,33.911713536439215,1,1,2.2404789761538595,Left Foot,Open Play,0
3835323,Dolores Isabel Jacome Silva,15.592947123619705,28.63095690004708,1,1,4.973804155188611,Right Foot,Open Play,0
3835323,Diana Micaela Abreu de Sousa e Silva,9.247702417357518,21.368136228666444,0,0,2.135711377530475,Right Foot,Open Play,0
3835323,Andreia Alexandra Norton,28.433958570695005,15.138392192903723,1,1,2.583580987727876,Right Foot,Open Play,0
3835323,Jéssica da Silva,22.450167037240497,18.23712625327916,0,1,0.68017033881167,Right Foot,Open Play,0
3835323,Ramona Bachmann,18.042172818150256,15.321510074864808,0,1,3.0960523893414287,Left Foot,Open Play,0
3835323,Diana Catarina Ribeiro Gomes,31.932428658027252,13.965300958632756,1,0,3.544307407506379,Right Foot,Open Play,0
3835323,Joana Filipa Gaspar Silva Marchão,25.57596527992639,15.552586779300492,3,1,7.9055711011158065,Left Foot,Open Play,0
3835323,Diana Catarina Ribeiro Gomes,4.356604182158391,85.04894674008327,2,1,0.6928237825788136,Head,Open Play,0
3835323,Diana Catarina Ribeiro Gomes,2.7513632984395153,112.06214472714575,0,1,1.6782349040514328,Other,Open Play,1
3835323,Carole da Silva Costa,18.59247159470736,13.376833068848963,1,1,3.6601342327827435,Right Foot,Open Play,0
3835323,Jéssica da Silva,8.29276793356718,46.28929557701192,0,0,0.977425808999349,Right Foot,Open Play,1
3835323,Dolores Isabel Jacome Silva,19.897989848223364,21.492374601997927,6,1,8.143925935536414,Right Foot,Free Kick,0
3835323,Jéssica da Silva,5.60446250768082,37.90843127106583,1,1,0.5897739133783783,Head,Open Play,0
3835323,Diana Micaela Abreu de Sousa e Silva,6.228964600958977,65.31282627020734,0,1,2.54502133556257,Other,Open Play,0
3835323,Géraldine Reuteler,13.904315876734099,31.905075573319973,2,1,2.151797323899265,Right Foot,Open Play,0
3835323,Diana Micaela Abreu de Sousa e Silva,9.91816515288993,43.87600222209637,0,1,3.174215018102892,Right Foot,Open Play,0
3835323,Coumba Sow,11.58360910942699,34.88580842370409,2,1,2.4873278895300777,Right Foot,Open Play,0
3835323,Telma Raquel Velosa Encarnação,23.454637068179085,19.314698194043952,1,1,1.93158158353947,Right Foot,Open Play,0
3835323,Telma Raquel Velosa Encarnação,17.12687945890903,25.721817019580403,0,1,0.9241905557997225,Right Foot,Open Play,0
3835323,Francisca Ramos Ribeiro Nazareth Sousa,8.300602387778847,47.036093616670016,1,1,1.0058187782261538,Right Foot,Open Play,0
3835325,Aïssatou Tounkara,7.922752047110908,53.497387304058364,1,1,0.5684024112446356,Head,Open Play,0
3835325,Charlotte Bilbault,30.31600237498341,14.45555625818234,2,1,10.77548169676085,Right Foot,Open Play,0
3835325,Barbara Bonansea,13.507035203922436,29.975678757627737,0,1,1.0174967140317563,Right Foot,Open Play,0
3835325,Barbara Bonansea,14.239382009062052,30.95112240228642,3,1,2.8953876002010537,Left Foot,Open Play,0
3835325,Onema Grace Geyoro,9.055385138137417,47.48955292199916,1,1,3.5335162348685154,Right Foot,Open Play,1
3835325,Aurora Galli,27.682666056577716,13.66318153898299,1,1,5.383589032998765,Right Foot,Open Play,0
3835325,Marie-Antoinette Katoto,6.789698078707185,60.68286375090132,1,1,3.3365620710759463,Right Foot,Open Play,1
3835325,Marie-Antoinette Katoto,22.56102834535695,18.483746773964377,0,1,2.9651295569096634,Right Foot,Open Play,0
3835325,Marie-Antoinette Katoto,6.296824596572469,64.50751617475092,1,1,1.4254945360412292,Head,Open Play,0
3835325,Kadidiatou Diani,23.689026995636606,13.690265844945273,1,1,1.6216922675912742,Right Foot,Open Play,0
3835325,Onema Grace Geyoro,7.2732386183872695,26.50290827355696,0,1,4.3923718439677835,Right Foot,Open Play,0
3835325,Delphine Cascarino,27.158792314828727,12.259499330456002,1,0,1.4101569510204095,Right Foot,Open Play,0
3835325,Onema Grace Geyoro,20.53606583550024,21.227945270408668,1,1,1.9760144606870542,Right Foot,Open Play,0
3835325,Delphine Cascarino,25.518032839543103,15.084694040188008,1,1,3.2469560680192298,Right Foot,Open Play,1
3835325,Onema Grace Geyoro,6.963476143421476,44.56467061997867,0,0,2.55299640542716,Right Foot,Open Play,1
3835325,Kadidiatou Diani,13.160547101089675,32.66886053401195,2,1,2.1374069473014314,Right Foot,Open Play,0
3835325,Onema Grace Geyoro,13.341664064126334,32.69946112100191,1,1,4.6159686019095405,Right Foot,Open Play,1
3835325,Valentina Bergamaschi,11.829623831720092,36.106457294449456,1,1,0.5192426003049359,Head,Open Play,0
3835325,Lisa Boattin,18.179658962697843,21.518158832834047,1,1,1.2039151226522267,Left Foot,Open Play,0
3835325,Valentina Giacinti,11.56633044660233,33.379109098292055,1,1,1.5311488459271596,Right Foot,Open Play,0
3835325,Martina Piemonte,7.017834423809103,54.83725148520815,1,1,0.338971958677177,Head,Open Play,1
3835325,Valentina Giacinti,20.15862098458127,15.900024479687477,0,1,2.316498409093801,Left Foot,Open Play,0
3835325,Valentina Bergamaschi,27.197426348829403,12.647787966767138,0,0,4.087985578180963,Right Foot,Open Play,0
3835325,Martina Piemonte,18.754199529705335,23.904190093880185,1,1,3.9637185062119746,Right Foot,Open Play,0
3835325,Selma Bacha,8.485281374238577,50.19442890773479,1,1,1.7178777339331461,Left Foot,Open Play,0
3835325,Flaminia Simonetti,13.041855696180662,28.13575134157861,0,1,1.4793696635002977,Left Foot,Open Play,0
3835325,Flaminia Simonetti,5.536244214266559,41.14436633872824,0,1,0.595312199908132,Left Foot,Open Play,0
3835325,Ouleymata Sarr,11.164676439557034,35.25484303179518,1,1,0.5755005051487555,Head,Open Play,0
3835325,Martina Piemonte,10.920164833920781,33.98359495666344,0,1,1.1819534612681197,Head,Open Play,0
3844387,Onema Grace Geyoro,11.79915251193915,21.605527242638452,1,1,1.097155540085352,Right Foot,Open Play,0
3844387,Sherida Spitse,29.769951293208393,15.172915345525267,0,1,0.8714405528459486,Right Foot,Open Play,0
3844387,Wendie Renard,12.215563842901394,33.68609733719684,3,1,1.4307831830060946,Head,Open Play,0
3844387,Kadidiatou Diani,19.821705274773915,18.43038814638042,1,1,2.7027590279610307,Right Foot,Open Play,0
3844387,Charlotte Bilbault,26.62048083712989,16.47168524586015,1,1,7.143403154182455,Right Foot,Open Play,0
3844387,Sandie Toletti,9.551963149007644,43.73941611410466,1,1,0.6272930394467214,Head,Open Play,0
3844387,Wendie Renard,9.208691546577073,46.93058744116698,5,1,0.5958430191108377,Head,Open Play,0
3844387,Delphine Cascarino,21.652944372532797,18.645350216987506,1,1,2.701066391050062,Right Foot,Open Play,0
3844387,Sandie Toletti,15.182226450688974,28.07248693585296,2,1,2.5707979390543887,Right Foot,Open Play,0
3844387,Melvine Malard,14.516542288024374,23.926443077925722,0,1,1.0690482432638782,Left Foot,Open Play,0
3844387,Delphine Cascarino,25.686767021172592,17.257441375557796,3,1,5.739352023686037,Right Foot,Open Play,0
3844387,Melvine Malard,7.61642960973184,55.357312871510864,1,1,4.769507121057596,Right Foot,Open Play,0
3844387,Onema Grace Geyoro,5.536244214266566,70.59959876974345,1,0,2.1751243142832513,Right Foot,Open Play,0
3844387,Victoria Pelova,24.690889007891148,17.922677357627162,1,1,0.6862344807074164,Right Foot,Open Play,0
3844387,Kadidiatou Diani,12.114866899805374,36.50999010978734,1,1,0.7159904090438937,Right Foot,Open Play,0
3844387,Vivianne Miedema,9.660227740586652,41.66296233594836,0,1,1.941938572827673,Right Foot,Open Play,0
3844387,Stephanie van der Gragt,12.238055401083953,26.67288501370908,2,1,1.0035264421176853,Head,Open Play,0
3844387,Wendie Renard,12.589678312014176,31.46370701508157,0,0,3.6152766927939575,Head,Open Play,0
3844387,Selma Bacha,20.362956563328424,12.338444333885548,0,1,1.83700485740775,Left Foot,Open Play,0
3844387,Wendie Renard,7.816009211867653,53.07513799703344,3,1,0.3801432575137867,Head,Open Play,0
3844387,Wendie Renard,10.694391053257783,37.39649163346034,0,0,2.1664610937634103,Head,Open Play,0
3844387,Onema Grace Geyoro,4.780167361086849,73.55031014698919,0,1,1.7841558227429817,Head,Open Play,0
3844387,Delphine Cascarino,14.993665329064806,19.99984865876385,0,1,2.279644916659349,Right Foot,Open Play,0
3844387,Wendie Renard,14.383671297690306,24.35230116416142,5,1,1.7523961710022244,Head,Open Play,0
3844387,Vivianne Miedema,10.22154587134451,38.50786400163137,2,1,0.556224387953235,Right Foot,Open Play,0
3844387,Selma Bacha,25.601757752154434,17.758975536035017,1,1,3.783290950618043,Left Foot,Open Play,0
3844387,Esmee Brugts,23.56374333589636,18.458851941899503,1,1,2.6991757106069576,Right Foot,Open Play,0
3844387,Eve Perisset,12.0,36.86989764584404,0,1,10.097163387445159,Right Foot,Penalty,1
3844387,Clara Mateo,21.627991122617,20.931628498469358,1,1,2.7352186352844887,Right Foot,Open Play,0
3844387,Clara Mateo,24.15698656703688,18.254259195094367,2,1,0.5085093421876639,Right Foot,Open Play,0
3844387,Selma Bacha,15.492256130079953,15.185190655954704,0,1,1.1800979788109178,Right Foot,Open Play,0
3844387,Sandie Toletti,6.726812023536849,61.014543561671196,1,0,1.348793034677146,Head,Open Play,0
3844387,Kadidiatou Diani,6.082762530298219,66.37062226934319,0,0,0.8166938959211029,Head,Open Play,0
3844387,Victoria Pelova,13.36899397860587,28.837413401838077,1,1,3.253884654957225,Left Foot,Open Play,0
3844387,Ouleymata Sarr,12.480785231707179,21.550775237658712,1,1,1.1326047335519163,Right Foot,Open Play,0
3844387,Ouleymata Sarr,18.120706387997128,15.733919626201931,0,1,5.024540788332442,Right Foot,Open Play,0
3844387,Marion Torrent,18.471870506258963,18.497822360405113,1,1,4.091986162553725,Right Foot,Open Play,0
3844387,Clara Mateo,16.688319268278637,24.13237959458083,1,1,0.9024241831554041,Right Foot,Open Play,0
3844387,Stephanie van der Gragt,11.01635148313633,39.869698560839105,2,1,0.3876869764734405,Head,Open Play,0
3844387,Vivianne Miedema,16.85852899869974,23.388333961697654,5,0,2.5685140075741337,Right Foot,Open Play,0
3835342,Melvine Malard,25.993268359327196,13.239551659915538,1,1,1.5076417312387786,Right Foot,Open Play,0
3835342,Melvine Malard,17.245579143653018,25.793578262562335,1,1,3.072553981868652,Left Foot,Open Play,1
3835342,Karólína Lea Vilhjálmsdóttir,24.41823089414956,18.30895908268018,1,1,3.264226315025829,Right Foot,Open Play,0
3835342,Sandy Baltimore,26.981660438156872,12.726158689185693,1,1,4.435491617069283,Left Foot,Open Play,0
3835342,Sveindís Jane Jónsdóttir,7.810249675906654,46.8476102659946,2,1,0.762985945790703,Head,Open Play,0
3835342,Melvine Malard,17.647946056127886,25.480656215162618,1,1,3.083155778413409,Right Foot,Open Play,0
3835342,Sandy Baltimore,16.6379085224075,25.9981519399253,1,1,3.9503668319222145,Right Foot,Open Play,0
3835342,Wendie Renard,9.166242414424785,46.94410391354619,3,1,0.43222555698423604,Head,Open Play,0
3835342,Sandy Baltimore,5.632051136131484,70.66439235785693,1,1,0.6344548201450821,Left Foot,Open Play,0
3835342,Clara Mateo,19.769167913698336,22.17887220631868,2,1,1.7319936699333052,Right Foot,Open Play,0
3835342,Berglind Björg Þorvaldsdóttir,4.887739763939978,68.47076568807388,1,0,2.7003048503094917,Other,Open Play,0
3835342,Selma Bacha,25.685015086622002,11.656636605529394,1,1,1.2407802442236906,Left Foot,Open Play,0
3835342,Sandy Baltimore,14.993331851193046,22.479434397103127,0,1,1.212895317203792,Left Foot,Open Play,0
3835342,Agla María Albertsdóttir,27.528893911670334,12.76019363022615,1,1,3.2651613748998423,Right Foot,Open Play,0
3835342,Sara Björk Gunnarsdóttir,4.716990566028305,80.56239022499577,2,1,0.4479124987482486,Head,Open Play,0
3835342,Onema Grace Geyoro,17.949373248110923,21.011172983922616,1,1,2.4428282360682503,Right Foot,Open Play,0
3835342,Clara Mateo,18.487833837418595,21.204663460172043,3,1,3.250096771275877,Right Foot,Open Play,0
3835342,Berglind Björg Þorvaldsdóttir,22.561028345356956,19.646461454712558,0,1,1.6750745596144268,Left Foot,Open Play,0
3835342,Delphine Cascarino,21.429419030855684,10.331691315472366,0,1,2.4534331769870144,Right Foot,Open Play,0
3835342,Ouleymata Sarr,22.368057582186257,15.860050417001153,1,1,1.081699954649986,Left Foot,Open Play,0
3835342,Marion Torrent,17.415510328439986,25.46179679928264,2,1,1.6253714580717171,Right Foot,Open Play,0
3835342,Sandy Baltimore,11.016805344563375,39.609797954379864,1,1,1.5541649507405535,Left Foot,Open Play,0
3835342,Glódís Perla Viggósdóttir,7.144928271158502,49.88425118500366,2,1,2.514342007796816,Head,Open Play,0
3835342,Ouleymata Sarr,29.438919817140032,14.095659179490143,1,1,1.4347377411344928,Right Foot,Open Play,0
3835342,Dagný Brynjarsdóttir,11.900420160649796,37.156345075648375,0,1,10.217936432594046,Right Foot,Penalty,1
3835337,Irene Paredes Hernandez,14.534441853748634,21.268204684722082,2,1,1.4980526514361565,Head,Open Play,0
3835337,Pernille Mosegaard Harder,23.212281232140878,18.28983654746604,0,1,2.070041162262048,Right Foot,Open Play,0
3835337,Pernille Mosegaard Harder,17.353962083628048,12.6495895953937,0,1,4.171364983566558,Right Foot,Open Play,0
3835337,Kathrine Møller Kühl,13.124404748406688,27.11244642795573,1,1,2.494586900830211,Right Foot,Open Play,0
3835337,María Francesca Caldentey Oliver,13.695254652615994,29.230110868669357,0,0,2.954350841225009,Head,Open Play,0
3835337,María Francesca Caldentey Oliver,14.90838690133846,30.02410584455442,1,1,2.470011094821806,Right Foot,Open Play,0
3835337,Patricia Guijarro Gutiérrez,27.86269907959385,15.4679346418045,2,0,3.268579325280501,Left Foot,Open Play,0
3835337,Athenea del Castillo Belvide,30.87150789967993,12.468583976466467,2,1,2.5093804245329907,Right Foot,Open Play,0
3835337,Irene Paredes Hernandez,9.97647232241938,34.95932186318539,0,1,1.026169054822407,Head,Open Play,0
3835337,Kathrine Møller Kühl,13.452880732393337,28.720326797869507,1,1,1.5770138769141226,Right Foot,Open Play,0
3835337,Olga  Carmona García,13.870832707519758,16.663479082887978,1,1,4.588158793812061,Left Foot,Open Play,0
3835337,María Pilar León Cebrián,5.966573556070517,29.74488129694233,1,1,1.0371952947219267,Left Foot,Open Play,0
3835337,Athenea del Castillo Belvide,21.300938946440837,18.868539544356167,2,1,3.335345364385467,Right Foot,Open Play,0
3835337,Olga  Carmona García,30.600653587791218,12.069246936439066,2,1,0.4358332418692999,Left Foot,Open Play,0
3835337,Pernille Mosegaard Harder,25.573814733042855,17.470023146645374,0,0,2.7282681876936907,Left Foot,Open Play,0
3835337,Nadia Nadim,41.69148594137656,10.860228825122853,1,0,0.6106067011140227,Left Foot,Open Play,0
3835337,Aitana Bonmati Conca,18.406792224611007,24.512785971774154,2,0,1.7570151037102852,Left Foot,Open Play,0
3835337,Nadia Nadim,14.089002803605377,31.354581162921974,0,1,1.1152790124700154,Right Foot,Open Play,0
3835337,Karen Holmgaard,6.7416615162732665,59.7011712445909,2,1,0.3668571739993274,Head,Open Play,0
3835337,Aitana Bonmati Conca,20.854016399725015,21.66497155057499,6,1,2.9198042412998992,Right Foot,Open Play,0
3835337,Marta Cardona De Miguel,25.501568579207042,17.69667778065254,5,1,1.1968781774029658,Right Foot,Open Play,0
3835337,Sanne Troelsgaard-Nielsen,29.485250550063157,15.358803578340167,3,0,2.0416002105375135,Right Foot,Open Play,0
3835338,Alexandra Popp,7.915806970865326,53.56187662201678,0,1,1.4445652004941574,Head,Open Play,0
3835338,Sara Däbritz,20.394361965994424,19.08871890223063,0,1,1.5194393536705872,Left Foot,Open Play,0
3835338,Klara Bühl,22.291253890259288,15.879283599168597,2,1,2.153701180598326,Right Foot,Open Play,0
3835338,Marina Hegering,10.679419459877016,40.855376258895724,2,1,1.2875804062882863,Head,Open Play,0
3835338,Klara Bühl,25.247970215445044,17.50456303179026,5,1,5.138513566103045,Left Foot,Open Play,0
3835338,Giulia Gwinn,10.42353107157071,38.463189179359816,2,0,0.648723451041768,Head,Open Play,0
3835338,Sophia Kleinherne,24.09585026513902,10.043694258852977,1,1,1.9017008524315313,Right Foot,Open Play,0
3835338,Sara Däbritz,18.86054081939327,20.171381259200928,1,1,2.089951936454316,Left Foot,Open Play,0
3835338,Giulia Gwinn,16.920106382644292,16.79895826600342,1,1,2.4785829132371022,Right Foot,Open Play,0
3835338,Juliette Kemppi,20.89258241577618,20.354195056890934,1,1,1.3931531484798754,Right Foot,Open Play,0
3835338,Alexandra Popp,7.5690157880665065,45.214279271804386,0,1,1.8345938103483048,Left Foot,Open Play,0
3835338,Giulia Gwinn,21.944703233354517,20.621966558589726,1,1,7.410876539318284,Left Foot,Open Play,0
3835338,Marina Hegering,33.700593466584536,13.537567086071599,2,0,4.889092964514057,Right Foot,Open Play,0
3835338,Svenja Huth,17.269916039170546,25.330030508972015,2,1,1.8487942652897844,Right Foot,Open Play,0
3835338,Svenja Huth,17.112568480505782,19.12504723295335,0,1,2.70815331221192,Right Foot,Open Play,0
3835338,Linda Dallmann,8.881441324469812,42.49063526014829,1,1,1.5813351062157273,Right Foot,Open Play,0
3835338,Sara Däbritz,25.088044961694404,17.719995113198852,3,0,4.349433960937068,Left Foot,Open Play,0
3835338,Sophia Kleinherne,3.8118237105091803,92.76839612296094,1,1,0.528037441063058,Head,Open Play,1
3835338,Klara Bühl,16.772000476985447,10.088041354087329,0,1,2.220305715103199,Right Foot,Open Play,0
3835338,Sara Däbritz,6.661080993352358,47.719913315569634,1,1,0.3569231339481898,Head,Open Play,0
3835338,Alexandra Popp,6.985699678629196,57.35535986508351,2,1,0.24880698461251977,Head,Open Play,1
3835338,Linda Dallmann,14.417003849621466,30.983515967839086,1,1,1.312818428359273,Left Foot,Open Play,0
3835338,Linda Dallmann,21.497209121185943,17.609244344648484,0,1,3.2446241259900317,Right Foot,Open Play,0
3835338,Svenja Huth,17.189822570346678,24.198671988087348,1,1,2.800174800509669,Left Foot,Open Play,0
3835338,Alexandra Popp,9.585405573057404,42.854565820713695,0,1,1.0173882701160035,Left Foot,Open Play,0
3835338,Nicole Anyomi,16.61384964419745,26.351354204813095,2,1,1.1110060895654685,Right Foot,Open Play,1
3835338,Jule Brand,16.834488409215176,20.051893066093275,1,1,2.7629150546174026,Right Foot,Open Play,0
3835338,Sara Däbritz,20.33420763147657,14.446575423766356,1,1,1.1986495458770063,Left Foot,Open Play,0
3835338,Alexandra Popp,22.85278976405288,19.573125830410202,2,1,4.666834094312151,Left Foot,Open Play,0
3835338,Laura Freigang,7.64002617796562,40.97559059170618,1,1,0.6028677501833908,Right Foot,Open Play,0
3835338,Tabea Waßmuth,25.89903473104741,13.069495821697648,1,1,2.686280022506197,Left Foot,Open Play,0
3835338,Sara Däbritz,21.684326136636106,20.386791160440083,1,1,1.9604985715650758,Left Foot,Open Play,0
3835329,Natalia Kuikka,40.02561679724623,10.235847430820963,1,1,8.082257247151563,Right Foot,Open Play,0
3835329,Pernille Mosegaard Harder,19.085072700935672,23.58033496468373,1,1,1.677312455410131,Left Foot,Open Play,0
3835329,Nadia Nadim,21.693316943243143,12.309765747700332,1,1,3.742738912227753,Left Foot,Open Play,0
3835329,Nadia Nadim,7.981227975693969,52.247567080706375,1,1,1.6535119300652732,Right Foot,Open Play,0
3835329,Emmi Alanen,26.60075186907318,16.860238207181418,1,1,5.7032354170589565,Right Foot,Open Play,0
3835329,Signe Kallesøe Bruun,12.20040982918197,30.28994503113773,3,1,1.3392082243487782,Left Foot,Open Play,0
3835329,Eveliina Summanen,24.025195108468935,18.59376081276261,2,1,0.825612838916576,Right Foot,Open Play,0
3835329,Signe Kallesøe Bruun,23.22154172315008,18.43363478995404,1,1,2.5926279379108927,Left Foot,Open Play,0
3835329,Sara Gedsted Thrige Andersen,19.360010330575754,19.633084292672493,1,1,1.8527072048988114,Right Foot,Open Play,0
3835329,Katrine Veje,18.900264548413077,23.898892490454838,0,1,1.293223434646794,Left Foot,Open Play,0
3835329,Linda Sällström,37.995394457749754,11.836464590241265,1,0,4.077482749063746,Right Foot,Open Play,0
3835329,Janni Thomsen,17.585505395068974,16.56022497353037,1,1,2.5047997044777546,Right Foot,Open Play,0
3835329,Emma Wilhelmina Koivisto,17.112568480505782,19.12504723295335,1,1,1.1162453014542801,Left Foot,Open Play,0
3835329,Sanne Troelsgaard-Nielsen,26.24880949681338,17.298746057741816,3,1,1.2329874233868383,Left Foot,Open Play,0
3835329,Katrine Veje,22.514217730136664,19.47580375136125,5,1,2.1718184443668984,Left Foot,Open Play,0
3835329,Nadia Nadim,14.287407042567239,30.405615043005405,1,1,2.1289576616551726,Right Foot,Open Play,0
3835329,Janni Thomsen,16.46845469374708,27.207081369756725,3,1,2.114684341649104,Right Foot,Open Play,0
3835329,Sanne Troelsgaard-Nielsen,20.505608988762077,20.79411495550366,1,1,3.5201255754365586,Left Foot,Open Play,0
3835329,Sofie Junge Pedersen,17.681911661356082,24.501408356244102,3,1,3.4118334101622754,Right Foot,Open Play,0
3835329,Katrine Veje,30.010164944565034,13.721721420875122,0,1,2.5367139056345747,Left Foot,Open Play,0
3835329,Stine Larsen,4.957822102496216,71.99583839408659,1,1,0.5001708632334257,Head,Open Play,0
3835329,Karen Holmgaard,14.446106741956461,25.133496566802453,0,1,1.4398297859621836,Right Foot,Open Play,0
3835329,Karen Holmgaard,5.457105459856898,37.04247477308288,2,1,1.4246839637449944,Head,Open Play,0
3835329,Pernille Mosegaard Harder,3.000000000000003,110.03101268089765,0,0,2.499940012482517,Head,Open Play,1
3835329,Olga Ahtinen,35.24343910573995,12.614872249299554,1,0,4.444925080154692,Right Foot,Open Play,0
3835329,Natalia Kuikka,11.833004690272032,35.60317661971493,2,1,0.7049010075243791,Head,Open Play,0
3835329,Jenny Danielsson,23.32659426491574,18.27434553702471,2,1,2.026910505670163,Right Foot,Open Play,0
3835322,Klara Bühl,9.982484660644364,32.65033086413747,1,1,0.6059772646818762,Head,Open Play,0
3835322,Rikke Marie Madsen,11.116204388189338,39.53997874577429,0,1,0.9917454812545049,Head,Open Play,0
3835322,Felicitas Rauch,22.17746604100658,20.29803407786247,2,1,2.7856322999278724,Right Foot,Open Play,0
3835322,Felicitas Rauch,27.074896121684386,15.703431225479777,2,0,4.537531854926937,Left Foot,Open Play,0
3835322,Lina Magull,5.950630218724741,65.80535162519934,0,1,3.064110982697179,Other,Open Play,0
3835322,Lina Magull,16.29355700883021,21.366119272975702,0,1,2.358027816966307,Right Foot,Open Play,1
3835322,Signe Kallesøe Bruun,21.423351745233525,21.131062426113232,1,0,3.0914684499512752,Left Foot,Open Play,0
3835322,Janni Thomsen,27.809530740377483,12.16030269540908,0,1,2.0257030807642904,Left Foot,Open Play,0
3835322,Lina Magull,30.850769844527385,14.338813614269325,1,1,3.9389259099374194,Left Foot,Open Play,0
3835322,Klara Bühl,19.338303958723994,20.69081279852837,2,1,3.799431571761599,Right Foot,Open Play,0
3835322,Lea Schüller,13.078226179417452,31.76558642386172,1,0,1.5729438339346693,Right Foot,Open Play,0
3835322,Lina Magull,15.307514494521968,26.152070215578313,1,1,3.0839567228492055,Head,Open Play,0
3835322,Svenja Huth,20.761743664731057,21.75141006544761,2,1,2.840422338788902,Left Foot,Open Play,0
3835322,Rikke Marie Madsen,27.673995013369506,15.730210034138393,0,0,2.328513470227615,Right Foot,Open Play,0
3835322,Lina Magull,28.908303305451877,15.699710566355629,0,1,4.965767376700275,Right Foot,Open Play,0
3835322,Lea Schüller,3.9812058474788814,90.27545835613516,2,1,0.30846094559365883,Head,Open Play,1
3835322,Lina Magull,19.949185447030167,19.491646344506876,2,1,0.33377797662154796,Right Foot,Open Play,0
3835322,Klara Bühl,21.302582003128173,19.51940508029757,2,1,1.7486176268547942,Right Foot,Open Play,0
3835322,Sara Däbritz,22.200900882621855,20.087994291741015,1,1,3.125576854581219,Right Foot,Open Play,0
3835322,Lena Lattwein,5.799999999999997,0.0,0,0,99.0,Head,Open Play,0
3835322,Rikke Læntver Sevecke,4.622769732530482,79.43801171526844,2,1,0.5619803310360061,Head,Open Play,0
3835322,Kathrin Julia Hendrich,6.935416353759877,57.50674541547371,5,0,1.1888576843227954,Left Foot,Open Play,0
3835322,Nadia Nadim,5.672741841473134,64.81010704592991,3,1,0.9781544760514813,Head,Open Play,0
3835322,Lena Lattwein,11.428473213863695,24.404393944406827,0,1,3.245891171027829,Right Foot,Open Play,1
3835322,Alexandra Popp,25.714781741247577,17.415434609313092,1,0,3.5719258251491492,Left Foot,Open Play,0
3835322,Alexandra Popp,8.616263691415208,47.697805633316285,0,0,1.8900025262397133,Head,Open Play,1
3835322,Jule Brand,8.202438661763955,51.98499997591052,5,1,0.3111728628951015,Head,Open Play,0
3835322,Giulia Gwinn,10.881176406988361,39.093858886229484,5,1,1.436121905917099,Head,Open Play,0
3835332,Jill Roord,27.627884464793905,16.06481464494001,1,1,2.6263730455642955,Right Foot,Open Play,0
3835332,Tatiana Vanessa Ferreira Pinto,31.223388669393326,14.09668203149378,1,0,7.299611721617187,Right Foot,Open Play,0
3835332,Damaris Berta Egurrola Wienke,6.931089380465381,51.3052723331728,3,1,1.783186657264516,Head,Open Play,1
3835332,Lineth Beerensteyn,20.724140512938042,15.465133999886298,0,1,3.8672596693048327,Right Foot,Open Play,0
3835332,Danielle van de Donk,25.292291315734914,16.50436138175504,2,1,3.2995184724318203,Right Foot,Open Play,0
3835332,Lineth Beerensteyn,6.33245607959503,62.951451612031725,1,1,2.1798453268901588,Head,Open Play,0
3835332,Lieke Martens,17.039366185395508,24.044598422378666,4,1,3.4667712422250383,Right Foot,Open Play,0
3835332,Stephanie van der Gragt,8.560373823613078,43.5227858085068,0,1,0.8518058528155282,Head,Open Play,1
3835332,Damaris Berta Egurrola Wienke,5.830951894845301,65.77225468204583,0,0,0.7559251374274013,Head,Open Play,0
3835332,Lieke Martens,20.715453169071637,21.843003511359438,1,1,1.370635269432208,Right Foot,Open Play,0
3835332,Danielle van de Donk,9.77445650662992,33.17501806164355,1,1,3.7082895884344715,Right Foot,Open Play,0
3835332,Diana Micaela Abreu de Sousa e Silva,21.5870331449229,16.44191558096889,0,0,3.0625690503666583,Right Foot,Open Play,0
3835332,Tatiana Vanessa Ferreira Pinto,16.274212730574703,22.051062719076725,2,1,3.465055654002845,Right Foot,Open Play,0
3835332,Tatiana Vanessa Ferreira Pinto,15.915401345866206,18.803568027994945,1,1,1.084879209477612,Head,Open Play,0
3835332,Stephanie van der Gragt,9.700515450222225,31.14680951791697,0,1,2.7042470026350105,Head,Open Play,0
3835332,Jill Roord,6.937578828380981,59.059829094429716,1,1,0.736903805835074,Head,Open Play,0
3835332,Carole da Silva Costa,11.900420160649796,37.156345075648375,0,1,10.323054297717686,Right Foot,Penalty,1
3835332,Lieke Martens,27.72002886001383,15.792403528857285,1,1,0.8537786857071874,Right Foot,Open Play,0
3835332,Jill Roord,17.14701140140753,24.857158423515916,5,1,1.794274753186735,Right Foot,Open Play,0
3835332,Tatiana Vanessa Ferreira Pinto,9.202716990106783,45.37702224898027,1,1,3.2369117151416527,Head,Open Play,0
3835332,Diana Micaela Abreu de Sousa e Silva,6.525335240430178,62.19368951046369,2,1,2.0747546306290303,Head,Open Play,1
3835332,Lynn Wilms,23.84617369726221,17.665186201579218,2,1,3.1735548205098367,Right Foot,Open Play,0
3835332,Jéssica da Silva,25.908299828433357,9.699811020823342,0,1,2.154614326915093,Left Foot,Open Play,0
3835332,Danielle van de Donk,23.96351393264351,16.597968441321164,1,1,0.9124385122741139,Right Foot,Open Play,1
3835332,Sherida Spitse,37.64425586991992,6.3532524694750565,0,0,12.275262845268905,Right Foot,Free Kick,0
3835332,Fátima Alexandra Figueira Pinto,22.408034273447555,20.235564144927263,2,1,2.967121636567545,Right Foot,Open Play,0
3835332,Sherida Spitse,23.38931379925457,17.476192124861125,2,1,3.547092593185741,Right Foot,Open Play,0
3835332,Andreia Alexandra Norton,35.14541221838208,9.827724011163184,1,1,1.5954041096885547,Right Foot,Open Play,0
3835341,Cristiana Girelli,26.23928352680385,16.12302877494745,1,0,3.281623925111656,Right Foot,Open Play,0
3835341,Cristiana Girelli,8.58020978764506,43.771188381441924,3,1,0.5497598115322194,Head,Open Play,0
3835341,Tessa Wullaert,28.309715646752796,14.832575061263269,2,0,0.6454262323209123,Right Foot,Open Play,0
3835341,Hannah Eurlings,21.458098704218877,20.97658429354765,1,1,4.419712924232249,Right Foot,Open Play,0
3835341,Elena Dhont,8.805112151472004,48.84635706621487,0,1,2.3906736083382953,Right Foot,Open Play,0
3835341,Manuela Giugliano,19.243960091415698,23.436452221922888,2,1,2.761400613725045,Right Foot,Open Play,0
3835341,Tinne De Caigny,32.770260908329675,13.808034098563132,2,1,2.173321494700241,Right Foot,Open Play,0
3835341,Lucia Di Guglielmo,12.599206324209472,27.529760558142115,3,1,0.5753743360060526,Head,Open Play,0
3835341,Manuela Giugliano,35.48098082071577,12.238551580200102,1,0,4.727796141456367,Right Foot,Open Play,0
3835341,Barbara Bonansea,20.669300907384365,13.034703258738212,0,1,1.3426193088598755,Right Foot,Open Play,0
3835341,Lucia Di Guglielmo,21.720036832381293,12.854245683387992,1,1,3.238761140639945,Right Foot,Open Play,0
3835341,Tinne De Caigny,17.311845655504204,25.74334186464544,2,1,0.7022089545021977,Left Foot,Open Play,1
3835341,Cristiana Girelli,18.642961138188326,23.939396443697603,1,1,6.4027933097087315,Right Foot,Open Play,0
3835341,Elena Linari,9.055385138137414,38.65980825409008,3,1,1.8613388395245363,Head,Open Play,0
3835341,Cristiana Girelli,9.486832980505138,44.21517539700812,0,1,0.8350590506962078,Head,Open Play,0
3835341,Agnese Bonfantini,19.4164878389476,22.83365417791755,2,1,3.9193113850367487,Left Foot,Open Play,0
3835341,Martina Rosucci,16.500303027520435,27.253079503631128,2,1,2.031944485244782,Right Foot,Open Play,0
3835341,Lisa Boattin,32.79283458318295,13.216762860055061,2,0,5.722796703150148,Left Foot,Open Play,0
3835341,Barbara Bonansea,21.64901845350038,15.601112285012563,1,1,1.3747898515182748,Right Foot,Open Play,0
3835341,Janice Cayman,21.852459815773603,20.1770375242501,1,1,2.244551140651376,Right Foot,Open Play,0
3835341,Agnese Bonfantini,20.5526154053444,17.4819712218239,2,1,2.1984886872942235,Right Foot,Open Play,0
3835341,Lisa Boattin,22.72465621302113,17.398020290201682,1,1,6.291399831786245,Left Foot,Open Play,0
3835341,Agnese Bonfantini,15.867261893597146,22.818877227469702,0,1,3.150134363607084,Right Foot,Open Play,0
3835341,Arianna Caruso,10.028459502834925,43.12195067757922,2,1,1.880382788421049,Left Foot,Open Play,0
3835341,Valentina Giacinti,18.47836572860274,16.95167889165995,1,1,3.0967338539318083,Right Foot,Open Play,0
3835341,Manuela Giugliano,19.709134937891115,18.30331955821533,2,1,2.9991616872942988,Left Foot,Open Play,0
3835341,Barbara Bonansea,15.871042813879619,28.184319067815952,3,1,3.079801229080764,Right Foot,Open Play,0
3835341,Tessa Wullaert,23.78613041249039,15.222133226268413,1,1,1.130005902063235,Right Foot,Open Play,0
3835341,Janice Cayman,20.436486977951954,16.21445444464142,1,1,0.5138436830717479,Left Foot,Open Play,0
3835341,Marie Minnaert,92.80086206496145,4.745548101457432,0,0,1.567154584235544,Left Foot,Open Play,0
3835340,Fridolina Rolfö,16.104968177553157,26.398126788868804,1,1,1.3073614924931014,Right Foot,Open Play,0
3835340,Tatiana Vanessa Ferreira Pinto,26.212210894924528,17.34527368572628,1,1,5.866366771098553,Right Foot,Open Play,0
3835340,Johanna Rytting-Kaneryd,11.892854997854801,27.03086025984301,0,1,1.3699906972468365,Right Foot,Open Play,0
3835340,Carole da Silva Costa,12.074767078498866,18.408459791284944,3,1,1.6878390783677544,Left Foot,Open Play,0
3835340,Gun Nathalie Björn,19.602295783912666,22.32259386091459,0,1,1.689946038148135,Right Foot,Open Play,0
3835340,Ingrid Filippa Angeldal,10.52235715037273,41.29537255792287,5,1,3.0219431031129522,Right Foot,Open Play,1
3835340,Diana Micaela Abreu de Sousa e Silva,12.175795661885914,31.423431726008218,0,0,2.0817180785531253,Right Foot,Open Play,0
3835340,Ingrid Filippa Angeldal,17.44505660638566,24.99175874094291,4,1,4.653934502391488,Right Foot,Open Play,1
3835340,Andreia Alexandra Norton,31.710723738193042,13.238325402883177,2,1,1.7560958460770648,Right Foot,Open Play,0
3835340,Kosovare Asllani,14.286357128393503,30.950316283783106,2,1,2.234478720941209,Right Foot,Open Play,0
3835340,Emma Stina Blackstenius,24.856588663772833,9.285469642459468,0,0,6.272140339745439,Right Foot,Open Play,0
3835340,Johanna Rytting-Kaneryd,10.435037134576955,34.56633566105169,0,1,0.8974309900616546,Right Foot,Open Play,0
3835340,Emma Stina Blackstenius,13.547324459095234,22.793277794774923,0,1,0.7038027294367012,Right Foot,Open Play,0
3835340,Amanda Ilestedt,4.382921400162226,80.88179245024146,2,1,0.6036454853309893,Head,Open Play,0
3835340,Kosovare Asllani,11.900420160649796,37.156345075648375,0,1,9.824144974616958,Right Foot,Penalty,1
3835340,Fridolina Rolfö,9.889893831583837,41.350618919853176,1,1,1.9186589886139933,Head,Open Play,0
3835340,Fridolina Rolfö,16.38108665504215,26.169524465442915,2,1,1.0909712672390242,Right Foot,Open Play,0
3835340,Jéssica da Silva,19.54942454396037,22.22208921449875,0,1,2.0727235581328567,Left Foot,Open Play,0
3835340,Olivia Alma Charlotta Schough,17.335801106380977,15.405124695334601,1,1,1.7270365246986739,Left Foot,Open Play,0
3835340,Andreia Alexandra Norton,13.136970731489052,18.89694857312651,0,1,0.8763638241415047,Right Foot,Open Play,0
3835340,Fátima Alexandra Figueira Pinto,20.340353979220712,13.896168705330078,0,0,1.1849906747217265,Right Foot,Open Play,0
3835340,Emma Stina Blackstenius,17.734147850968196,24.621581958800302,1,1,2.5382631145703205,Right Foot,Open Play,1
3835328,Marie Therese Höbinger,20.047942537826664,20.044116246759025,1,1,1.616846589944306,Left Foot,Open Play,0
3835328,Julia Hickelsberger Füller,9.5524865872714,36.65610841596691,1,1,0.5052377389588132,Head,Open Play,0
3835328,Nicole Billa,16.843990026119112,18.811636431450918,0,1,1.3186438579751165,Right Foot,Open Play,0
3835328,Lauren Wade,31.271232786700306,13.56028299614147,2,1,2.2861278999536703,Left Foot,Open Play,0
3835328,Barbara Dunst,25.710892633278988,11.973685475188724,1,1,2.7235639220630965,Right Foot,Open Play,0
3835328,Sarah Zadrazil,8.765842800324451,33.323407478795424,0,0,1.157452804485014,Right Foot,Open Play,0
3835328,Katharina Schiechtl,5.323532661682469,71.83060427094586,0,0,3.1238160072102463,Right Foot,Open Play,1
3835328,Barbara Dunst,32.20077638815561,8.028796657586396,0,1,1.5503458926684435,Right Foot,Open Play,0
3835328,Kirsty McGuinness,36.905419656196834,9.315852237913132,1,0,2.199773614119067,Left Foot,Open Play,0
3835328,Lauren Wade,27.81258707851537,16.30556010219979,0,0,2.6525895510784685,Left Foot,Open Play,0
3835328,Barbara Dunst,23.099134182908234,18.063190961489695,1,1,1.9630156413493252,Right Foot,Open Play,0
3835328,Laura Feiersinger,15.570806016388483,28.077739634417316,3,1,3.5457784440666216,Left Foot,Open Play,0
3835328,Rachel Furness,9.33434518324665,46.287196299202996,0,1,1.2897310322586464,Head,Open Play,0
3835328,Katharina Naschenweng,29.575834730401105,15.217907166656405,0,0,0.9309661212014952,Left Foot,Open Play,0
3835328,Katharina Schiechtl,10.176934705499496,40.65405763662294,3,1,1.1961705319139262,Head,Open Play,0
3835328,Barbara Dunst,32.034044390304516,11.939186681604047,2,1,3.7362029647001314,Left Foot,Open Play,0
3835328,Barbara Dunst,22.42699266508998,19.118017745167563,1,1,2.9578060371673365,Right Foot,Open Play,0
3835328,Laura Feiersinger,21.645322820415497,17.283345414576996,2,1,2.996761203697138,Right Foot,Open Play,0
3835328,Katharina Naschenweng,13.328165665236908,16.016531213198036,0,1,1.9438651551916075,Left Foot,Open Play,1
3835328,Sarah Puntigam,17.18400418994362,25.29668348706984,0,1,1.3677992051237755,Left Foot,Open Play,0
3835328,Laura Feiersinger,17.617321022221287,9.109405749991238,1,1,4.944493518791508,Right Foot,Open Play,0
3835333,Wendie Renard,13.930183056945085,31.801004776421387,4,1,1.2782555523906047,Head,Open Play,0
3835333,Kadidiatou Diani,5.622277118748238,60.86033330030261,1,1,0.8659895587452134,Head,Open Play,1
3835333,Delphine Cascarino,25.246187831036984,13.117726794440227,2,1,2.1111936434639724,Right Foot,Open Play,0
3835333,Delphine Cascarino,19.742846805868705,22.86215606167096,3,1,1.7680670520901185,Right Foot,Open Play,0
3835333,Kadidiatou Diani,6.407027391856544,63.92944699935901,1,1,0.8715537952308853,Right Foot,Open Play,0
3835333,Wendie Renard,8.807383266328308,48.17423171499144,3,1,1.0147707673368977,Head,Open Play,0
3835333,Charlotte Bilbault,31.269793731331198,14.369354711847846,4,0,6.69100031554373,Right Foot,Open Play,0
3835333,Delphine Cascarino,24.4724334711528,18.443794859521944,2,1,1.9791421764272328,Right Foot,Open Play,0
3835333,Wendie Renard,9.998499887483128,43.32553131656297,5,1,0.6103073430996919,Head,Open Play,0
3835333,Clara Mateo,19.011838417154713,21.25890911216439,2,1,1.6579792336871366,Right Foot,Open Play,0
3835333,Onema Grace Geyoro,21.15183207195064,20.907459574241997,1,1,3.65468449092739,Right Foot,Open Play,0
3835333,Janice Cayman,16.37681287674742,24.549988279145193,1,1,0.7808657488044085,Right Foot,Open Play,1
3835333,Ouleymata Sarr,10.299999999999997,42.447313005532436,2,1,1.6688604005812886,Head,Open Play,0
3835333,Griedge Mbock Bathy Nka,5.462600113499066,70.91437992081033,1,1,1.8580851402618295,Head,Open Play,1
3835333,Kadidiatou Diani,10.98817546274176,39.25781661203496,0,1,1.8261928083860595,Head,Open Play,0
3835333,Kadidiatou Diani,16.64361739526597,12.109297859122233,0,1,2.993319679586443,Right Foot,Open Play,0
3835333,Delphine Cascarino,28.425692603699208,11.476498395271138,0,1,1.7847068486962165,Right Foot,Open Play,0
3835333,Wendie Renard,11.788553770501276,37.04023433968606,6,1,0.5419892722865891,Head,Open Play,0
3835333,Marie Minnaert,12.020399327809372,36.76487407664503,0,1,0.7431024938944939,Right Foot,Open Play,0
3835333,Ouleymata Sarr,11.321660655575222,36.29853954546039,0,1,4.999351532282552,Right Foot,Open Play,0
3835333,Selma Bacha,11.384638773364744,29.69923898885338,1,1,0.8715095903746507,Left Foot,Open Play,0
3835333,Wendie Renard,13.752454326410254,32.335868276493784,4,1,0.45326843260401833,Head,Open Play,0
3835333,Onema Grace Geyoro,11.36001760562016,25.696999727332443,3,1,3.591843294627204,Right Foot,Open Play,0
3835333,Wendie Renard,11.900420160649796,37.156345075648375,0,1,9.706824119744601,Right Foot,Penalty,0
3835333,Wendie Renard,7.805767098754609,54.24490333086379,0,1,4.660867442981996,Left Foot,Open Play,0
3835333,Melvine Malard,12.231925441237783,22.44609779297345,0,1,4.185044901300421,Right Foot,Open Play,0
3835333,Wendie Renard,7.116881339463232,57.50496143806324,1,1,1.0206362875630193,Head,Open Play,0
3835319,Sarah Zadrazil,17.779201331893397,24.758188080513218,3,1,0.6124750903084449,Right Foot,Open Play,0
3835319,Ellen White,8.828363381737299,48.33275486433859,0,1,1.8103298231470346,Head,Open Play,0
3835319,Lauren Hemp,10.121264743103998,36.51617187365894,0,1,1.7166545627354466,Head,Open Play,0
3835319,Bethany Mead,7.7794601355106945,53.05584498627647,0,0,1.6037632268782052,Right Foot,Open Play,1
3835319,Lauren Hemp,6.476109943476868,62.76591063786632,1,1,1.5810560413312464,Left Foot,Open Play,0
3835319,Ellen White,8.551023330572786,49.63546342690261,0,1,1.672269091428302,Head,Open Play,0
3835319,Lauren Hemp,10.151354589413172,41.42040010192283,0,1,0.9071487729590823,Right Foot,Open Play,0
3835319,Verena Hanshaw,15.990622251807467,19.9907830624018,2,1,0.9796481153886989,Left Foot,Open Play,0
3835319,Ellen White,13.448048185517477,31.444324960084725,1,1,0.7634799460183667,Head,Open Play,0
3835319,Lauren Hemp,10.049875621120892,34.85607665538327,0,1,1.4891352540640876,Left Foot,Open Play,0
3835319,Nicole Billa,7.716216689544168,24.671576985812855,0,0,2.166073538700285,Right Foot,Open Play,0
3835319,Francesca Kirby,25.518032839543103,15.084694040188008,1,1,2.523719239227441,Right Foot,Open Play,0
3835319,Ellen White,14.441952776546534,30.888877303071396,1,1,0.5798349924868996,Head,Open Play,0
3835319,Katharina Naschenweng,18.280043763623766,15.46093299705526,1,1,3.1916647964546483,Left Foot,Open Play,0
3835319,Georgia Stanway,19.416487838947596,21.30716121163473,1,1,1.1919364817259048,Left Foot,Open Play,0
3835319,Julia Hickelsberger Füller,17.30462365958879,16.803964187988253,1,1,1.0684313832377688,Left Foot,Open Play,0
3835319,Alessia Russo,8.720091742636658,43.00601954762125,0,1,3.656363752164683,Left Foot,Open Play,0
3835319,Alessia Russo,8.213403679352428,40.53153595269453,1,1,2.485377384318978,Right Foot,Open Play,0
3835319,Chloe Kelly,23.5732899697942,18.901842395759427,0,1,1.5201262575313041,Right Foot,Open Play,0
3835319,Barbara Dunst,29.502542263337244,11.845391459584764,0,0,2.699935601481502,Right Foot,Open Play,0
3835319,Nicole Billa,16.81576641131768,24.36218398962426,0,1,1.702756596964876,Left Foot,Open Play,0
3835319,Lauren Hemp,27.261694738221983,16.194831763097532,0,0,5.592582739714918,Left Foot,Open Play,0
3835319,Alessia Russo,23.760681808399347,17.484470081123316,1,1,3.0033474089462375,Right Foot,Open Play,0
3835319,Julia Hickelsberger Füller,23.157288269570767,17.175135965365246,1,1,2.7151929340088135,Left Foot,Open Play,0
3835319,Barbara Dunst,22.418073066166944,14.826706530809933,0,1,2.642612180030661,Right Foot,Open Play,0
3998853,Alexandra Jóhannsdóttir,33.11087434665536,13.049645234809846,2,1,3.293363517000599,Right Foot,Open Play,0
3998853,Katla Tryggvadóttir,15.3,26.34499974114724,0,1,4.5434966547692905,Right Foot,Open Play,0
3998853,Sveindís Jane Jónsdóttir,7.3375745311376575,24.943905263424607,1,0,2.1108420579256455,Right Foot,Open Play,0
3998853,Alexandra Jóhannsdóttir,12.394353553130559,32.359525784153504,2,1,0.6256999125978979,Head,Open Play,0
3998853,Sveindís Jane Jónsdóttir,5.235456045083371,60.29524179139618,0,0,3.2977665742225235,Left Foot,Open Play,1
3998853,Signe Gaupset,21.08008538882137,17.516478103838605,1,1,1.3470529030789178,Right Foot,Open Play,0
3998853,Signe Gaupset,12.40403160266855,34.62723732823926,2,0,2.9969231331328263,Right Foot,Open Play,1
3998853,Elisabeth Terland,25.701750913118744,17.690986992661827,1,1,2.9279238378907975,Right Foot,Open Play,0
3998853,Elisabeth Terland,12.306502346320823,35.9971799727016,2,1,1.8688043680432194,Left Foot,Open Play,0
3998853,Frida Maanum,25.11135201457699,15.496700063608506,1,0,3.6051882383952867,Right Foot,Open Play,0
3998853,Signe Gaupset,26.764155133312173,16.78207277018457,2,0,0.6215157387410642,Left Foot,Open Play,1
3998853,Sveindís Jane Jónsdóttir,25.20515820224107,12.315080668203212,1,1,2.7113331580183178,Right Foot,Open Play,0
3998853,Elisabeth Terland,26.432744844226825,15.583611880041728,1,1,3.0323507065524566,Right Foot,Open Play,0
3998853,Frida Maanum,10.911003620199196,38.64624471536895,0,1,1.9306584111038283,Left Foot,Open Play,1
3998853,Sveindís Jane Jónsdóttir,23.35487101227493,16.49699193644026,2,1,0.7713470072877745,Right Foot,Open Play,0
3998853,Justine Kvaleng Kielland,24.10518616397724,18.839779901358728,3,1,5.916101809847831,Right Foot,Open Play,0
3998853,Frida Maanum,15.274161188098027,21.86502599706284,1,1,2.007626033056529,Right Foot,Open Play,0
3998853,Frida Maanum,7.574298647399637,44.60255481931703,2,1,1.1590079721425635,Left Foot,Open Play,0
3998853,Sandra María Jessen,15.321227104902528,11.373387385394492,0,1,3.5118669228830792,Right Foot,Open Play,0
3998853,Frida Maanum,17.636609651517496,25.002540162384584,1,1,2.232595752553577,Left Foot,Open Play,1
3998853,Synne Jensen,23.1935335815826,14.027461159670157,1,1,3.243529686769418,Right Foot,Open Play,0
3998853,Frida Maanum,16.079800993793423,27.82081182913686,1,1,1.0435053539834234,Right Foot,Open Play,0
3998853,Synne Jensen,13.5351394525509,19.983106521899956,1,1,3.3049425064594145,Left Foot,Open Play,0
3998853,Hlín Eiríksdóttir,13.78985134075056,30.843623521448265,0,1,4.679458706693505,Right Foot,Open Play,1
3998853,Glódís Perla Viggósdóttir,12.0,36.86989764584404,0,1,10.108632911532148,Right Foot,Penalty,1
3998838,Tessa Wullaert,25.74024086911387,12.555827645612545,1,1,2.7193195292202974,Right Foot,Open Play,0
3998838,Cecilia Salvai,10.296115772464871,41.91362550304331,1,1,1.2814401285748926,Other,Open Play,0
3998838,Tessa Wullaert,22.88492953889087,19.60090538427118,2,1,3.7276212484261326,Left Foot,Open Play,0
3998838,Manuela Giugliano,29.91889035375477,13.656239178320405,2,0,3.4874588921776204,Right Foot,Open Play,0
3998838,Arianna Caruso,25.36217656274792,12.094008484423956,1,0,1.4692682585335168,Right Foot,Open Play,0
3998838,Arianna Caruso,20.883007446246815,21.13523698245867,2,1,1.4309622625414844,Right Foot,Open Play,0
3998838,Mariam Abdulai Toloba,23.6763595174596,19.1212040726483,0,1,2.9903499650651573,Left Foot,Open Play,0
3998838,Amber Tysiak,12.854960132182441,33.822747596447826,3,1,2.178695558644183,Right Foot,Open Play,0
3998838,Emma Severini,7.981227975693969,52.247567080706375,0,1,0.7855783793896268,Head,Open Play,0
3998838,Lucia Di Guglielmo,21.41891687270858,21.139329489187553,1,1,0.969365243079119,Left Foot,Open Play,0
3998838,Sofia Cantore,18.189282558693726,24.69777396375013,2,1,1.0067715102856585,Right Foot,Open Play,0
3998838,Hannah Eurlings,13.977839604173454,30.67447678783624,0,1,2.9710137125648513,Head,Open Play,0
3998838,Tessa Wullaert,13.743725841270265,29.041940555989896,1,1,1.481502757317181,Left Foot,Open Play,0
3998838,Tessa Wullaert,13.660527076214885,27.2845144354897,1,1,2.1391772313703354,Right Foot,Open Play,0
3998838,Jill Janssens,28.263050083103206,13.891487836341263,0,1,6.46564296045093,Right Foot,Open Play,0
3998838,Arianna Caruso,17.139719951037712,24.604598037456494,1,1,2.9280704244361435,Right Foot,Open Play,1
3998838,Justine Vanhaevermaet,24.67164364204379,17.809469446046172,2,1,4.273083020346833,Right Foot,Open Play,0
3998838,Tessa Wullaert,12.120231020900547,31.68558511364644,0,1,2.6206845524990676,Head,Open Play,0
3998838,Cristiana Girelli,5.315072906367325,69.05252941304884,1,1,0.35588797777848274,Right Foot,Open Play,0
3998838,Arianna Caruso,21.321350801485355,17.417970792202848,2,1,3.4730105345014444,Right Foot,Open Play,0
3998838,Michela Cambiaghi,18.68689380287692,24.064518078997565,0,1,2.972988354420489,Left Foot,Open Play,0
3998838,Michela Cambiaghi,22.737853900489377,18.947680420726666,2,1,1.4862234597090347,Left Foot,Open Play,0
3998838,Lisa Boattin,19.432961688841978,23.012473900879925,1,1,2.3410111136385194,Right Foot,Open Play,0
3998838,Arianna Caruso,24.236542657730702,16.383840055533852,1,1,5.018188730379931,Right Foot,Open Play,0
3998838,Michela Cambiaghi,23.100865784641055,16.037451318424562,1,1,1.815513640281241,Left Foot,Open Play,0
3998838,Cecilia Salvai,9.492101980067433,43.85660218251093,2,1,1.042235745326635,Head,Open Play,0
3998838,Michela Cambiaghi,8.848163651289456,43.15391954698334,2,1,0.5567151708151284,Head,Open Play,0
3998841,Ingrid Filippa Angeldal,13.738267721950976,30.06675231084044,2,1,3.9675275505686884,Left Foot,Open Play,0
3998841,Janni Thomsen,15.658863304850707,12.972706361048413,1,1,1.5885909627955586,Right Foot,Open Play,0
3998841,Pernille Mosegaard Harder,12.124768039018313,23.144202653719283,2,1,0.3992344291930142,Left Foot,Open Play,0
3998841,Emma Stina Blackstenius,7.961155694998058,48.52475794273018,1,1,0.42504205088355895,Right Foot,Open Play,0
3998841,Ingrid Filippa Angeldal,22.99239004540415,19.187677284228236,2,1,1.4847369152041954,Left Foot,Open Play,0
3998841,Gun Nathalie Björn,21.115160430363776,20.134932631491942,3,1,1.982452889913522,Right Foot,Open Play,0
3998841,Gun Nathalie Björn,17.760912138738814,24.552699891817895,3,1,2.3125578214955125,Left Foot,Open Play,0
3998841,Pernille Mosegaard Harder,22.36604569431083,16.734842455811542,1,1,2.1709268975096214,Left Foot,Open Play,0
3998841,Ingrid Filippa Angeldal,26.439364591457185,16.936591780520622,6,1,11.629752507922404,Right Foot,Free Kick,0
3998841,Ingrid Filippa Angeldal,17.74964788383138,25.21219484785179,1,1,5.403707637994707,Right Foot,Open Play,0
3998841,Ingrid Filippa Angeldal,16.61715980545412,19.78975040087025,0,1,0.8087568018290822,Right Foot,Open Play,1
3998841,Emma Snerle,17.48971126119582,23.558523640411043,3,1,1.0780224783779868,Right Foot,Open Play,0
3998841,Emma Stina Blackstenius,7.779460135510695,44.13788507545369,1,0,2.3655460866523565,Right Foot,Open Play,0
3998841,Madelen Fatimma Maria Janogy,7.930952023559338,51.23267268621034,0,1,1.1772552872783326,Head,Open Play,0
3998841,Emma Stina Blackstenius,10.480458005259118,30.827081359958598,1,1,0.958669040841437,Head,Open Play,0
3998841,Jonna Ann-Charlotte Andersson,20.900956915892635,21.667488936667876,1,1,1.9063866419950677,Left Foot,Open Play,0
3998841,Ingrid Filippa Angeldal,27.865749586185547,11.476451620128366,1,1,3.4284157696452273,Right Foot,Open Play,0
3998841,Linda Brigitta Sembrant,13.31840831330831,33.39740072386504,2,1,0.5131153498129298,Head,Open Play,0
3998841,Rebecka Blomqvist,10.877959367454906,40.17531156836133,2,1,1.4404421300973078,Right Foot,Open Play,0
3998841,Pernille Mosegaard Harder,22.74313083108832,16.869501832353755,1,1,2.0183532486515436,Left Foot,Open Play,0
3998841,Janni Thomsen,27.37243138634199,14.848706696950128,2,1,2.4006058449104684,Right Foot,Open Play,0
3998841,Pernille Mosegaard Harder,8.434453153583815,50.29302412896585,4,1,0.360953091291137,Head,Open Play,0
3998841,Nadia Nadim,16.032778923193565,27.37218004461696,3,1,2.818168384216018,Right Foot,Open Play,0
3998841,Janni Thomsen,23.807561823924775,15.736348377128527,3,1,0.7554918121452096,Right Foot,Open Play,0
3998841,Emma Stina Blackstenius,9.027181176868005,40.533500116087346,1,1,0.6447012740028699,Head,Open Play,0
3998841,Pernille Mosegaard Harder,8.357032966310468,49.21170147439373,0,1,0.7388223007131526,Head,Open Play,0
3998837,Vilde Bøe Risa,20.261539921733487,21.874985890804826,2,1,2.578192002358574,Left Foot,Open Play,0
3998837,Noemi Ivelj,17.72794404323299,23.48451646370637,0,1,1.1128940123836721,Head,Open Play,0
3998837,Riola Xhemaili,18.13945974939717,20.9737061953089,1,1,1.8637573788669883,Right Foot,Open Play,0
3998837,Lia Wälti,30.680449801135573,13.280687443675015,1,1,3.2309223814060135,Left Foot,Open Play,0
3998837,Géraldine Reuteler,34.078732370791016,12.064416977729072,0,0,2.5992902416429766,Right Foot,Open Play,0
3998837,Guro Reiten,27.71028689855087,15.746720980920987,1,1,5.214482840260851,Left Foot,Open Play,0
3998837,Géraldine Reuteler,22.771253808255707,19.868409396709044,1,1,3.858904907431555,Left Foot,Open Play,0
3998837,Géraldine Reuteler,27.640911707105463,15.596380516468058,2,1,3.1993896314276227,Right Foot,Open Play,0
3998837,Nadine Riesen,16.12265486822812,20.33384577772487,2,1,0.3242612476519873,Right Foot,Open Play,1
3998837,Géraldine Reuteler,16.953170794869028,20.818632870741016,1,1,1.4299152645850244,Right Foot,Open Play,0
3998837,Nadine Riesen,27.72002886001384,11.655118841008631,1,1,3.303090454605662,Right Foot,Open Play,0
3998837,Ada Stolsmo Hegerberg,3.5846896657869776,97.23872650378037,4,0,0.9373494088806095,Head,Open Play,1
3998837,Iman Beney,9.055385138137412,29.14297798197174,0,1,0.8061880760086365,Left Foot,Open Play,0
3998837,Ada Stolsmo Hegerberg,11.088733020503286,32.75038503116852,0,1,3.207658546625843,Right Foot,Open Play,0
3998837,Vilde Bøe Risa,33.08927318633638,12.98569590106042,2,1,5.649247754521078,Right Foot,Open Play,0
3998837,Géraldine Reuteler,23.546761985462037,16.705589497744207,1,1,1.3406291426308221,Left Foot,Open Play,0
3998837,Nadine Riesen,16.819036833302913,12.179181052524061,1,1,0.590263122401257,Left Foot,Open Play,0
3998837,Ada Stolsmo Hegerberg,11.900420160649796,37.156345075648375,0,1,9.575749097116839,Right Foot,Penalty,0
3998837,Géraldine Reuteler,11.119802156513403,39.00859737250821,0,1,1.518460256403535,Right Foot,Open Play,0
3998837,Celin Bizet Ildhusøy,22.910477952238363,16.79556820091666,0,1,2.628327152184124,Right Foot,Open Play,0
3998837,Alayah Pilgrim,23.420076857260735,7.107800069518159,1,1,1.1993968139830575,Right Foot,Open Play,0
3998837,Iman Beney,12.564234954823158,21.261809217382115,0,0,1.6647105492103746,Right Foot,Open Play,0
3998837,Alayah Pilgrim,12.088010589009256,25.0448496903322,1,1,1.0043801896933893,Right Foot,Open Play,0
3998837,Alayah Pilgrim,29.478297101427014,14.91519431157065,2,0,2.3274060643778647,Right Foot,Open Play,0
3998837,Synne Jensen,17.572706109191042,25.17096003704136,1,1,1.6617394016721372,Left Foot,Open Play,0
4020846,Alessia Russo,17.269916039170543,14.157976527345697,0,1,2.8655229735800645,Right Foot,Open Play,0
4020846,Esther Gonzalez Rodríguez,10.0184829190851,23.56557796272858,0,1,1.7864126307601165,Left Foot,Open Play,0
4020846,Esther Gonzalez Rodríguez,13.285330255586423,31.925092089798884,1,1,2.855000446266025,Left Foot,Open Play,0
4020846,Athenea del Castillo Belvide,16.807438829280326,26.35050965069576,1,1,1.6793101740951222,Left Foot,Open Play,0
4020846,Georgia Stanway,22.622113075484346,20.03653813987592,1,1,2.9766065072544623,Right Foot,Open Play,0
4020846,Lauren Hemp,10.444615837837214,24.48799314627607,1,1,4.314117032365811,Left Foot,Open Play,0
4020846,María Francesca Caldentey Oliver,20.11218536111876,22.484644643708283,3,1,2.2319948845199966,Right Foot,Open Play,0
4020846,María Francesca Caldentey Oliver,6.6287253676706195,61.75051972917409,1,1,0.5960534365835564,Head,Open Play,1
4020846,Keira Walsh,21.91460700081112,19.719079401717647,2,1,6.454108523170445,Right Foot,Open Play,0
4020846,Athenea del Castillo Belvide,21.426385602802913,15.15364137491481,1,1,2.588429767577617,Right Foot,Open Play,0
4020846,Esther Gonzalez Rodríguez,8.699999999999998,38.80466831161657,1,1,1.0819094257811204,Head,Open Play,0
4020846,Ella Toone,12.093386622447825,28.118130932102776,1,1,2.5048379103243645,Right Foot,Open Play,0
4020846,Chloe Kelly,22.790568224596772,15.541426432114596,2,1,1.3865353396191673,Right Foot,Open Play,0
4020846,Aitana Bonmati Conca,15.415576538034506,21.296897628972815,1,1,1.8585906286818417,Right Foot,Open Play,0
4020846,María Francesca Caldentey Oliver,19.66214637317097,22.72297793356179,1,1,1.6385771103197075,Right Foot,Open Play,0
4020846,Alexia Putellas Segura,20.84826131839296,19.857736634661617,1,1,2.5355537395536922,Right Foot,Open Play,0
4020846,Alessia Russo,7.000714249274855,59.48216895354406,0,1,1.356598710772955,Head,Open Play,1
4020846,Aitana Bonmati Conca,20.529978080845577,18.338242881996617,2,1,3.8516753362370206,Left Foot,Open Play,0
4020846,Athenea del Castillo Belvide,15.61697794069006,11.508511308528705,1,1,1.3298067588522673,Right Foot,Open Play,0
4020846,Chloe Kelly,18.77684744572421,18.528356617612413,1,1,1.0982501394758022,Left Foot,Open Play,0
4020846,Claudia Pina Medina,14.717676447048293,15.384814151998444,0,1,1.9081963266184767,Left Foot,Open Play,0
4020846,Salma Paralluelo Ayingono,20.329535164385828,15.207882733384631,1,1,1.5927865139791904,Left Foot,Open Play,0
4020846,Aitana Bonmati Conca,19.15124016872014,23.538571226385972,3,1,1.7873421014008808,Right Foot,Open Play,0
4020846,Salma Paralluelo Ayingono,23.910248848558645,15.067378879715559,2,1,0.6700761345298374,Left Foot,Open Play,0
4020846,Victoria López,18.81621641032011,21.093709497207726,2,1,2.9311353698598834,Left Foot,Open Play,0
4020846,Aitana Bonmati Conca,21.350644018389698,20.081359716615303,0,1,0.8603702108807809,Left Foot,Open Play,0
4020846,Claudia Pina Medina,20.686710710018644,14.898862269518617,0,1,1.7475964052889856,Right Foot,Open Play,0
4020846,Salma Paralluelo Ayingono,5.315072906367325,66.37062226934319,0,1,1.1913451941134703,Right Foot,Open Play,0
4020846,Victoria López,16.20030863903525,22.721312715581682,1,1,2.5194428988196242,Left Foot,Open Play,0
4020846,Victoria López,8.221921916437791,39.9363831469699,1,1,1.5400091881634381,Head,Open Play,0
4020077,Klara Bühl,17.472549899771355,18.35826678961675,0,1,2.7248153680487635,Left Foot,Open Play,0
4020077,Patricia Guijarro Gutiérrez,60.00749953130858,7.135835038258282,0,0,0.7130656821117051,Right Foot,Open Play,0
4020077,Klara Bühl,20.020239758804085,21.6569914840014,1,1,1.687250331344862,Right Foot,Open Play,0
4020077,Esther Gonzalez Rodríguez,12.747548783981966,34.741902356533494,1,1,2.622303995744148,Right Foot,Open Play,0
4020077,Irene Paredes Hernandez,12.310970717209914,27.974117640224147,2,1,2.684439307800474,Head,Open Play,0
4020077,Patricia Guijarro Gutiérrez,19.338303958723994,20.69081279852837,2,1,2.721679105904042,Left Foot,Open Play,0
4020077,Alexia Putellas Segura,6.2201286160335965,52.52788434378002,2,1,0.5920930102074249,Head,Open Play,0
4020077,Esther Gonzalez Rodríguez,8.080841540334768,40.69686716606033,2,1,0.35969642142927866,Right Foot,Open Play,0
4020077,Irene Paredes Hernandez,10.590561835898987,40.86716642350805,3,1,2.8417770623382417,Head,Open Play,0
4020077,Esther Gonzalez Rodríguez,4.8010415536631195,79.59670727156175,0,1,0.976036824079976,Right Foot,Open Play,0
4020077,María Francesca Caldentey Oliver,16.011246047700347,26.530714916997642,1,1,2.1055804559525733,Left Foot,Open Play,0
4020077,Olga  Carmona García,26.850884529191962,16.6775438304677,1,1,4.561047795447431,Left Foot,Open Play,0
4020077,Esther Gonzalez Rodríguez,15.950548579907835,23.728391075952565,0,1,2.0185074818281055,Left Foot,Open Play,0
4020077,Giovanna Hoffmann,13.209844813622901,33.47262728139758,0,1,1.6100192069525034,Head,Open Play,0
4020077,Jule Brand,15.940200751558931,23.272030598550277,1,1,0.9544370648039605,Left Foot,Open Play,0
4020077,Ona Batlle Pascual,11.645600027478185,15.333715910375592,0,1,1.2906795855817064,Right Foot,Open Play,0
4020077,Aitana Bonmati Conca,18.86080592127494,20.408229155646882,1,1,2.079517751852477,Left Foot,Open Play,0
4020077,Klara Bühl,14.827339613025659,20.643780467801452,1,1,1.4296358852520645,Right Foot,Open Play,0
4020077,Aitana Bonmati Conca,22.04381999563596,19.498814683301546,1,1,0.8468141779270119,Right Foot,Open Play,0
4020077,Patricia Guijarro Gutiérrez,27.203860020225076,15.264827185181227,1,1,4.845868311281261,Right Foot,Open Play,0
4020077,Klara Bühl,25.663203229526896,17.67735395356464,4,1,10.522127226304528,Right Foot,Free Kick,0
4020077,Salma Paralluelo Ayingono,11.963277142990549,30.607159443272003,1,1,1.5488154171634998,Left Foot,Open Play,0
4020077,Klara Bühl,21.092415698539604,21.20517096508055,2,1,2.2838434834027805,Right Foot,Open Play,0
4020077,Carlotta Wamser,11.778370006074693,17.033155861429535,0,1,4.713473664503434,Right Foot,Open Play,0
4020077,Elisa Senß,25.402558926218433,17.49880953376482,5,1,2.526881616219984,Right Foot,Open Play,0
4020077,Jule Brand,13.645878498652996,28.182793501733165,0,1,0.7773330520592788,Head,Open Play,0
4020077,Carlotta Wamser,20.86552180032889,17.37230410132305,1,1,5.376263379944198,Right Foot,Open Play,0
4020077,Athenea del Castillo Belvide,10.811567878897119,40.57603010066718,1,1,0.5586034076687802,Right Foot,Open Play,0
4020077,Cristina Martín-Prieto Gutierrez,10.834205093129817,40.17600801460728,1,1,0.5034046124205068,Head,Open Play,0
4020077,Patricia Guijarro Gutiérrez,10.804628637764468,40.35495975701432,1,1,0.6899685844602976,Head,Open Play,0
4020077,Elisa Senß,28.595454184188082,15.663716370483304,3,1,4.3414852817466985,Right Foot,Open Play,0
4020077,Aitana Bonmati Conca,15.141994584598157,6.844468303312773,0,1,1.6360702433156684,Right Foot,Open Play,1
4020077,Lea Schüller,27.94852411130147,16.09719757788903,1,1,4.125359906471746,Right Foot,Open Play,0
4020077,Selina Cerci,11.006361796706484,38.62257298426267,3,1,1.3431111658997787,Head,Open Play,0
4020077,Salma Paralluelo Ayingono,19.777006851391842,19.16810717151749,0,1,5.903720072068689,Left Foot,Open Play,0
4020005,Lauren James,13.164345787011213,33.67325291765459,1,1,3.6104049636430204,Right Foot,Open Play,0
4020005,Alessia Russo,11.515641536623134,38.271837925960405,2,1,1.17000074283361,Right Foot,Open Play,0
4020005,Sofia Cantore,25.374790639530406,16.869541845043628,1,1,3.4525521109724595,Right Foot,Open Play,0
4020005,Lauren Hemp,12.473972903610145,28.31054489618845,0,1,0.804385657744678,Head,Open Play,0
4020005,Cristiana Girelli,6.5299310869258,60.1382320746625,1,1,0.6507191977338788,Left Foot,Open Play,0
4020005,Barbara Bonansea,8.86171540955813,36.57703417042189,1,1,2.904789063050476,Left Foot,Open Play,1
4020005,Lauren James,15.643848631331105,27.99650461255945,1,1,2.494029786026933,Right Foot,Open Play,0
4020005,Arianna Caruso,34.246751670778934,12.478034609492722,2,1,2.7815453620403336,Right Foot,Open Play,0
4020005,Alex Greenwood,23.521266972678156,16.112871389273764,2,1,4.0374798412400175,Left Foot,Open Play,0
4020005,Lauren Hemp,8.237718130647588,34.7674778052554,0,1,3.2216179098972773,Head,Open Play,0
4020005,Keira Walsh,19.57396229688818,23.020931505600217,1,1,2.7355324355137296,Left Foot,Open Play,0
4020005,Lauren Hemp,13.480726983364068,27.316477698532868,0,1,1.0044584395176417,Right Foot,Open Play,0
4020005,Sofia Cantore,21.146394491733098,13.661371540111904,0,1,2.806766452163544,Right Foot,Open Play,0
4020005,Keira Walsh,29.024472432759225,14.075061740790009,0,0,1.647241969558568,Right Foot,Open Play,0
4020005,Georgia Stanway,16.244383644817063,27.602081683827453,2,1,4.41255300748877,Right Foot,Open Play,0
4020005,Alex Greenwood,7.017834423809103,54.83725148520815,0,1,0.6405661084432176,Head,Open Play,0
4020005,Ella Toone,23.20538730553748,19.556163182755753,1,1,1.9962851367742425,Right Foot,Open Play,0
4020005,Georgia Stanway,26.596240335806865,16.744244094025294,2,1,2.6779283428103735,Right Foot,Open Play,0
4020005,Arianna Caruso,46.566189451145775,8.372898092047995,0,0,2.374018650897114,Right Foot,Open Play,0
4020005,Martina Piemonte,9.364827814754522,46.058733723202785,1,1,0.5996220171471214,Head,Open Play,0
4020005,Chloe Kelly,22.273975846265074,14.659826947147508,1,1,1.364534087386741,Left Foot,Open Play,0
4020005,Lucy Bronze,11.462111498323509,24.917314988200737,2,1,3.834419153134493,Head,Open Play,0
4020005,Michela Cambiaghi,10.625441167311598,35.68841173700886,2,1,1.0654889438676645,Right Foot,Open Play,0
4020005,Emma Severini,3.9012818406262375,91.43209618416456,2,1,1.611000423547825,Left Foot,Open Play,0
4020005,Elisabetta Oliviero,36.36371818172614,10.206624699178263,1,1,2.113552357081363,Right Foot,Open Play,0
4020005,Michelle Agyemang,11.119802156513394,31.666856100150763,2,1,2.717076039703874,Right Foot,Open Play,1
4020005,Agnes Beever-Jones,13.035720156554447,29.305240206030962,0,1,1.0740803657108624,Head,Open Play,0
4020005,Giada Greggi,28.001607096736425,14.762470867811892,2,1,1.6112630393595422,Right Foot,Open Play,0
4020005,Chloe Kelly,19.523319389898845,18.643692820920787,0,1,1.3779937491056529,Left Foot,Open Play,0
4020005,Lucy Bronze,14.142135623730953,28.33045808554009,2,1,0.38594233193858996,Head,Open Play,0
4020005,Alex Greenwood,13.121737689803133,33.045267742451514,2,1,0.8800285872247754,Head,Open Play,0
4020005,Michelle Agyemang,15.890248582070704,14.59917515251203,1,1,1.5233825904938276,Right Foot,Open Play,0
4020005,Chloe Kelly,11.900420160649796,37.156345075648375,0,1,9.907429184932484,Right Foot,Penalty,0
4020005,Chloe Kelly,6.226556030423244,62.20703275444849,0,1,1.4764786075512655,Left Foot,Open Play,1
4018357,Jule Brand,19.75246820020222,22.10911974507585,2,1,0.415304195724674,Right Foot,Open Play,0
4018357,Onema Grace Geyoro,11.900420160649796,37.156345075648375,0,1,9.3251219350701,Right Foot,Penalty,1
4018357,Marie-Antoinette Katoto,8.022468448052631,52.9243938471426,1,1,0.5352131109965602,Head,Open Play,0
4018357,Kadidiatou Diani,24.383601046605076,14.274602070016806,1,1,1.2606199325716894,Right Foot,Open Play,0
4018357,Sjoeke Nüsken,8.969392398596462,29.725730038521778,4,1,2.227121331990728,Head,Open Play,1
4018357,Delphine Cascarino,28.85064990602465,8.032213363139704,2,1,11.218661714673134,Right Foot,Free Kick,0
4018357,Delphine Cascarino,23.773935307390744,18.82216097122344,1,1,1.3480754360454557,Right Foot,Open Play,0
4018357,Marie-Antoinette Katoto,6.612866246946177,60.79164125105399,1,1,1.7559435419898073,Head,Open Play,0
4018357,Kadidiatou Diani,17.67766952966368,23.480191451884597,2,1,2.371093922970129,Right Foot,Open Play,0
4018357,Kadidiatou Diani,13.37011593068661,20.48348377860925,2,1,3.429351994404526,Left Foot,Open Play,0
4018357,Sjoeke Nüsken,11.900420160649796,37.156345075648375,0,1,9.346824651571099,Right Foot,Penalty,0
4018357,Klara Bühl,16.890825912311097,15.443975556336186,2,1,2.6226048025885573,Left Foot,Open Play,0
4018357,Jule Brand,20.497804760510327,21.204518230287228,1,1,1.8688119776352525,Right Foot,Open Play,0
4018357,Klara Bühl,20.884922791334425,19.597656148517782,0,1,3.3081006216200435,Right Foot,Open Play,0
4018357,Onema Grace Geyoro,21.965882636488796,13.96397335046044,1,1,1.340835611155416,Right Foot,Open Play,0
4018357,Sakina Karchaoui,26.430474834932493,15.46153296089115,1,1,2.4168935024969436,Left Foot,Open Play,0
4018357,Elisa De Almeida,19.65400722499104,19.94930575884628,4,1,5.323331985821677,Right Foot,Open Play,0
4018357,Selma Bacha,33.83208536286228,12.972999144236883,1,0,4.930983127481491,Left Foot,Open Play,0
4018357,Jule Brand,23.482972554597936,17.263501866469596,1,1,2.0370362056723414,Left Foot,Open Play,0
4018357,Sandy Baltimore,25.316002844051027,17.94671486644325,1,1,1.4826030221785675,Left Foot,Open Play,0
4018357,Sandy Baltimore,22.968674319603213,18.98555654541871,0,1,1.9557767778786006,Left Foot,Open Play,0
4018357,Maëlle Lakrar,5.5578772926361015,23.258936042146388,0,1,1.1119150546020045,Other,Open Play,0
4018357,Melvine Malard,18.2258058806737,22.906202785800875,2,1,0.6667726704806602,Left Foot,Open Play,0
4018357,Melvine Malard,34.727654686143154,12.287858947593955,2,1,4.335703581212101,Right Foot,Open Play,0
4018357,Amel Majri,12.0,36.86989764584404,0,1,11.24317655086094,Left Foot,Penalty,0
4018357,Linda Dallmann,12.0,36.86989764584404,0,1,11.141966821912561,Right Foot,Penalty,1
4018357,Sakina Karchaoui,12.0,36.86989764584404,0,1,11.143772044554481,Left Foot,Penalty,1
4018357,Melvine Malard,12.0,36.86989764584404,0,1,11.447337358659745,Right Foot,Penalty,1
4018357,Sara Däbritz,12.0,36.86989764584404,0,1,11.4745473932333,Left Foot,Penalty,0
4018357,Sandy Baltimore,12.0,36.86989764584404,0,1,11.149465234671341,Left Foot,Penalty,1
4018357,Ann-Katrin Berger,12.0,36.86989764584404,1,0,11.56242235615885,Right Foot,Penalty,1
4018357,Oriane Jean-François,12.0,36.86989764584404,0,1,11.01917198061394,Right Foot,Penalty,1
4018357,Klara Bühl,12.0,36.86989764584404,0,1,11.726856660877207,Right Foot,Penalty,1
4018357,Melween Ndongala,12.0,36.86989764584404,0,1,11.704208770499061,Right Foot,Penalty,1
4018357,Sjoeke Nüsken,12.0,36.86989764584404,0,1,11.370720508610555,Right Foot,Penalty,1
4018357,Alice Sombath,12.0,36.86989764584404,0,1,11.121980665271694,Right Foot,Penalty,0
4018356,Lia Wälti,32.57514389837749,13.639044438711588,2,0,0.9768748944531037,Left Foot,Open Play,0
4018356,Aitana Bonmati Conca,11.05350623105628,36.160620633548746,0,1,5.431514213902806,Right Foot,Open Play,0
4018356,María Francesca Caldentey Oliver,12.0,36.86989764584404,0,1,8.29380989684232,Right Foot,Penalty,0
4018356,Ana-Maria Crnogorčević,27.877589565814336,12.10154260673473,3,1,5.187901536771626,Right Foot,Open Play,0
4018356,Esther Gonzalez Rodríguez,12.924782396620838,31.565155823174283,0,0,1.176590250232269,Head,Open Play,0
4018356,Claudia Pina Medina,31.144341380096638,11.65635738659638,2,1,9.071845008958864,Right Foot,Free Kick,0
4018356,Irene Paredes Hernandez,9.08019823572151,33.028413396751354,3,1,4.040334480193372,Head,Open Play,0
4018356,Claudia Pina Medina,23.086792761230388,16.22019369560277,0,1,2.84823986101462,Right Foot,Open Play,0
4018356,Claudia Pina Medina,15.930473941474563,27.843881560670752,2,1,0.4724118213760408,Right Foot,Open Play,0
4018356,Aitana Bonmati Conca,26.574611944485657,16.831438684969957,1,1,1.2996825120120823,Right Foot,Open Play,0
4018356,Aitana Bonmati Conca,18.180484041961037,24.358117544947326,2,1,0.6009415755553694,Right Foot,Open Play,0
4018356,Esther Gonzalez Rodríguez,6.228964600958972,58.21908490701659,1,1,0.8474396761121419,Head,Open Play,0
4018356,Irene Paredes Hernandez,9.985990186255947,38.75316178372259,4,1,3.701013920788098,Head,Open Play,0
4018356,Patricia Guijarro Gutiérrez,17.917868176767016,25.14682730353593,2,1,3.6575873009322435,Left Foot,Open Play,0
4018356,Claudia Pina Medina,19.319679086361656,21.17655602670662,1,1,1.3273164362577132,Left Foot,Open Play,0
4018356,Esther Gonzalez Rodríguez,11.417968295629487,37.32326330944235,0,1,0.9109762769603262,Head,Open Play,0
4018356,Patricia Guijarro Gutiérrez,15.13472827638475,22.258028278817076,2,1,1.4171259506798994,Head,Open Play,0
4018356,Esther Gonzalez Rodríguez,3.982461550347971,90.32344048085159,1,1,1.5339214667403793,Right Foot,Open Play,0
4018356,Irene Paredes Hernandez,7.088018058667737,57.813205959037454,2,1,0.7392743994811296,Right Foot,Open Play,0
4018356,Athenea del Castillo Belvide,14.671059948074642,27.56381767433265,0,1,1.89124062253743,Right Foot,Open Play,1
4018356,Claudia Pina Medina,16.32482771731451,24.847620959660503,1,1,1.6201015366289666,Right Foot,Open Play,0
4018356,Claudia Pina Medina,22.2,19.40835150274488,1,1,3.112186385773047,Right Foot,Open Play,1
4018356,Leila Wandeler,32.931747600150224,12.045310498261234,2,0,3.333821231524027,Right Foot,Open Play,0
4018356,Alexia Putellas Segura,11.900420160649796,37.156345075648375,0,1,10.0339541139018,Left Foot,Penalty,0
4018356,Athenea del Castillo Belvide,26.75518641310503,14.608075467704609,1,1,5.892597535403344,Right Foot,Open Play,0
4018355,Kosovare Asllani,14.756693396557377,26.18211245842307,0,1,4.0597125216507495,Right Foot,Open Play,1
4018355,Emma Stina Blackstenius,11.182575731914362,20.880671864470486,1,0,1.0094443130539137,Left Foot,Open Play,0
4018355,Lauren Hemp,22.85804016095868,14.86126730889396,1,1,3.703440228972318,Left Foot,Open Play,0
4018355,Emma Stina Blackstenius,11.759676866308869,23.036106746975594,0,1,0.6700408257899939,Right Foot,Open Play,1
4018355,Lauren James,25.2768668944551,17.39905398932562,3,1,3.3660320467094347,Right Foot,Open Play,0
4018355,Fridolina Rolfö,16.209873534361705,27.416792076902063,1,1,2.232910717721591,Left Foot,Open Play,0
4018355,Lauren Hemp,9.700515450222225,31.14680951791697,0,1,1.3220927388870538,Head,Open Play,0
4018355,Emma Stina Blackstenius,15.911316727411348,28.20573415069344,1,1,0.8414557976579194,Left Foot,Open Play,0
4018355,Lauren James,23.025420734483884,19.611104909847132,2,1,0.3335964139787266,Left Foot,Open Play,0
4018355,Georgia Stanway,17.844326829555655,24.33966698238346,1,1,2.1273352018564218,Right Foot,Open Play,0
4018355,Johanna Rytting-Kaneryd,18.183783984638616,18.683146248663544,2,1,1.4007318546107295,Left Foot,Open Play,0
4018355,Ella Toone,19.00026315607234,22.086592976753646,3,1,0.5508855978978429,Left Foot,Open Play,0
4018355,Michelle Agyemang,11.576700738984322,36.459131866641435,2,1,0.8073810852602463,Head,Open Play,0
4018355,Lauren Hemp,6.499999999999994,59.63236301585152,1,1,0.5375613009089092,Head,Open Play,0
4018355,Michelle Agyemang,13.200757554019386,27.04668662461085,1,1,0.45724840227465335,Head,Open Play,0
4018355,Lucy Bronze,5.442425929675115,48.1379874932271,0,0,1.3694097158455003,Head,Open Play,1
4018355,Bethany Mead,6.397655820689323,61.75155163926381,1,1,0.34430934731581103,Head,Open Play,0
4018355,Michelle Agyemang,6.171709649683792,59.565764246556576,0,1,2.851038469225054,Right Foot,Open Play,1
4018355,Madelen Fatimma Maria Janogy,14.375326083258072,21.94117395113403,1,1,0.8697315572677978,Left Foot,Open Play,0
4018355,Alessia Russo,14.71223980228707,28.844249367212868,1,1,1.5368844607205936,Right Foot,Open Play,0
4018355,Lauren James,27.99732130043873,14.54338879250428,3,1,1.3545481621182074,Right Foot,Open Play,0
4018355,Ingrid Filippa Angeldal,35.31600203873592,12.847503085525485,2,0,0.5643381454260396,Right Foot,Open Play,0
4018355,Gun Nathalie Björn,10.429285689825544,36.56133604783259,1,1,0.4604335038600248,Head,Open Play,0
4018355,Lucy Bronze,20.3,15.788994105469484,3,1,1.012060639755632,Right Foot,Open Play,0
4018355,Emma Stina Blackstenius,11.264102272262983,38.94101227602165,4,1,1.1619743185583769,Right Foot,Open Play,0
4018355,Madelen Fatimma Maria Janogy,18.964440408301,21.706484718221713,2,1,2.3110519608530344,Right Foot,Open Play,0
4018355,Lina Mona Andréa Hurtig,6.447480127925954,61.55394304430083,1,1,0.5595980692265851,Head,Open Play,0
4018355,Gun Nathalie Björn,10.551303237041388,40.562665277768716,1,1,0.7042980019108303,Head,Open Play,0
4018355,Alessia Russo,17.72286658529032,14.878767728666933,1,0,3.113117427595366,Right Foot,Open Play,0
4018355,Alessia Russo,13.908630414242811,30.181095607552237,2,1,2.6355461036788417,Right Foot,Open Play,0
4018355,Ingrid Filippa Angeldal,12.0,36.86989764584404,0,1,10.631582655560452,Right Foot,Penalty,0
4018355,Lauren James,12.0,36.86989764584404,0,1,11.626451646406666,Right Foot,Penalty,0
4018355,Julia Zigiotti-Olme,12.0,36.86989764584404,0,1,11.324379895909328,Right Foot,Penalty,1
4018355,Bethany Mead,12.0,36.86989764584404,0,1,11.798083223145806,Right Foot,Penalty,0
4018355,Magdalena Lilly Eriksson,12.0,36.86989764584404,0,1,11.134190010171741,Left Foot,Penalty,0
4018355,Alex Greenwood,12.099999999999994,36.58555192913009,0,1,11.337673560057931,Left Foot,Penalty,0
4018355,Gun Nathalie Björn,12.0,36.86989764584404,0,1,11.408046482344279,Right Foot,Penalty,1
4018355,Chloe Kelly,12.0,36.86989764584404,0,1,11.190756338910244,Right Foot,Penalty,1
4018355,Jennifer Miley Falk,12.0,36.86989764584404,0,1,10.798618060714364,Right Foot,Penalty,0
4018355,Grace Clinton,12.0,36.86989764584404,0,1,11.753202953452776,Right Foot,Penalty,0
4018355,Eva Sofia Jakobsson,12.0,36.86989764584404,0,1,11.251176542788167,Right Foot,Penalty,0
4018355,Lucy Bronze,12.0,36.86989764584404,0,1,11.537797293284203,Right Foot,Penalty,1
4018355,Smilla Holmberg,12.0,36.86989764584404,0,1,11.602415209661574,Right Foot,Penalty,0
4018354,Arianna Caruso,12.712985487288178,33.613728937786966,1,1,0.44314230447390734,Right Foot,Open Play,0
4018354,Emma Severini,7.373601562330316,55.19650031281016,0,1,0.9887147687110556,Head,Open Play,0
4018354,Emma Severini,13.962807740565646,21.02892893095421,0,1,3.7747189784706237,Left Foot,Open Play,0
4018354,Cristiana Girelli,12.640015822774908,19.60205336365521,1,1,0.48940775054916646,Head,Open Play,0
4018354,Lucia Di Guglielmo,17.02057578344516,16.447324426353514,1,1,2.267161947908202,Right Foot,Open Play,0
4018354,Ada Stolsmo Hegerberg,5.412023651093921,70.90958287967423,1,0,0.4554681800732006,Other,Open Play,0
4018354,Arianna Caruso,24.49020212248156,18.488815099292225,4,1,3.566226041969973,Right Foot,Open Play,0
4018354,Signe Gaupset,56.92846388231462,6.5942515358168325,0,0,4.7585992390332015,Right Foot,Open Play,0
4018354,Sofia Cantore,20.882768015758828,13.699111273626977,0,1,3.3315761499564864,Right Foot,Open Play,0
4018354,Cristiana Girelli,4.609772228646446,81.11934084947974,1,0,0.7692144126973363,Left Foot,Open Play,1
4018354,Cristiana Girelli,12.200000000000003,36.3054117733023,1,1,1.1641122725335717,Head,Open Play,0
4018354,Barbara Bonansea,22.382582514088945,17.143232762608264,1,1,1.9414547253074819,Right Foot,Open Play,0
4018354,Barbara Bonansea,30.452914474644295,11.269063063466369,1,1,1.843657130404857,Right Foot,Open Play,0
4018354,Ada Stolsmo Hegerberg,11.900420160649796,37.156345075648375,0,1,9.05577743171668,Right Foot,Penalty,0
4018354,Signe Gaupset,19.787369708983555,14.682715869199827,1,1,1.8176384300048083,Left Foot,Open Play,0
4018354,Ada Stolsmo Hegerberg,14.340153416194683,21.21142085226418,0,1,2.2351419453637624,Right Foot,Open Play,1
4018354,Ada Stolsmo Hegerberg,14.008925726121896,30.55298224295483,2,1,1.216138512505442,Left Foot,Open Play,0
4018354,Signe Gaupset,23.366856870362348,15.199946653432544,2,1,0.9978594257484106,Right Foot,Open Play,0
4018354,Signe Gaupset,11.189280584559494,36.76902489880966,6,1,1.481276014202825,Right Foot,Open Play,0
4018354,Sofia Cantore,31.765704777322348,12.49141516048336,1,0,2.320804441524243,Right Foot,Open Play,0
4018354,Arianna Caruso,22.67531697683628,19.130102540588116,6,1,8.08147434387579,Right Foot,Open Play,0
4018354,Ingrid Syrstad Engen,24.005207768315614,15.103140864493932,1,1,5.713025805368993,Right Foot,Open Play,0
4018354,Cristiana Girelli,7.465252842335616,43.422227324760854,0,0,2.8163035135731707,Head,Open Play,1
3998858,Georgia Stanway,12.0,36.86989764584404,0,1,8.300774025709625,Right Foot,Penalty,1
3998858,Jessica Fishlock,31.751692868255066,14.294525231332122,2,0,3.576860606244752,Right Foot,Open Play,0
3998858,Ella Toone,5.135172830587101,75.7392884169735,1,0,3.8229512469796894,Right Foot,Open Play,0
3998858,Keira Walsh,23.100865784641055,19.646461454712597,2,1,1.80900510718954,Right Foot,Open Play,0
3998858,Lauren James,15.743252522906444,27.675978226308622,1,1,1.166974318564921,Left Foot,Open Play,0
3998858,Alessia Russo,9.08240056372763,43.90681907522334,1,1,1.1067160118594945,Head,Open Play,0
3998858,Lauren Hemp,6.313477647065836,46.10668587685122,0,1,0.7100365856610525,Head,Open Play,1
3998858,Keira Walsh,19.616319736382763,22.18608256932563,3,1,3.4207787249985127,Right Foot,Open Play,0
3998858,Leah Williamson,9.265527507918804,18.373406655920242,0,0,1.8788826899109083,Head,Open Play,0
3998858,Lauren Hemp,6.95701085237043,58.465208094811736,0,1,1.3374704305818443,Head,Open Play,0
3998858,Alessia Russo,10.542295765154758,34.91191458528482,1,1,0.40271455967455716,Right Foot,Open Play,0
3998858,Alessia Russo,6.220128616033597,65.41781577921049,0,1,2.906048646936537,Right Foot,Open Play,1
3998858,Lauren James,9.314504817756013,45.49765326400975,1,0,0.8250978484558594,Left Foot,Open Play,0
3998858,Rachel Rowe,20.066140635408686,22.074262683643706,5,1,2.299551708274893,Right Foot,Open Play,0
3998858,Leah Williamson,9.381364506296514,31.426025222440856,3,1,1.4718100150425948,Right Foot,Open Play,0
3998858,Georgia Stanway,5.374011537017757,67.03839354175209,1,1,0.832852129319142,Right Foot,Open Play,0
3998858,Jessica Park,10.041912168506556,34.17356473687005,0,1,1.9588687157407616,Right Foot,Open Play,0
3998858,Georgia Stanway,10.88531120363584,27.958624595215447,0,1,2.5545361678625698,Right Foot,Open Play,0
3998858,Lucy Bronze,8.091971329657568,45.06939332034478,1,1,0.7593576478687887,Head,Open Play,0
3998858,Jessica Fishlock,9.563472172804186,45.20427564929933,1,1,0.8864196728165381,Head,Open Play,0
3998858,Georgia Stanway,22.72993620756556,19.612852408653833,2,1,1.6166922233183647,Right Foot,Open Play,0
3998858,Chloe Kelly,17.66182323544203,24.038608983040362,1,1,0.8096700768603796,Right Foot,Open Play,0
3998858,Bethany Mead,12.165525060596439,36.02737338510361,0,1,3.5512808414646346,Left Foot,Open Play,1
3998858,Chloe Kelly,22.67906523646863,18.215992165505025,1,1,3.3049105740210742,Right Foot,Open Play,0
3998858,Hannah Cain,10.538026380684377,32.60555661600744,1,1,0.531434401371172,Left Foot,Open Play,1
3998858,Agnes Beever-Jones,4.802082881417183,77.85276335278157,1,0,1.6198018162046062,Head,Open Play,1
3998858,Keira Walsh,19.86454127333425,22.703630647881965,2,1,2.3792721803638566,Right Foot,Open Play,0
3998859,Victoria Pelova,27.548684179103724,15.812280749098495,2,1,3.677888872388225,Right Foot,Open Play,0
3998859,Delphine Cascarino,16.37681287674742,24.549988279145193,3,1,2.042011721139691,Left Foot,Open Play,0
3998859,Sakina Karchaoui,15.285614151874965,25.368238235624514,2,1,1.5898525115250275,Right Foot,Open Play,0
3998859,Danielle van de Donk,6.931810730249351,57.130694211864416,0,1,0.8444703999473867,Head,Open Play,0
3998859,Marie-Antoinette Katoto,12.277621919573837,34.325124451107314,1,1,1.8443830023288101,Right Foot,Open Play,0
3998859,Sandie Toletti,17.000294115102832,26.480202206365597,1,1,2.541732579804424,Right Foot,Open Play,1
3998859,Chasity Grant,15.229576487873851,17.86474119024901,0,1,5.676370185014504,Right Foot,Open Play,0
3998859,Victoria Pelova,17.057842770995393,24.411763232361356,3,1,1.1879061769772832,Right Foot,Open Play,1
3998859,Danielle van de Donk,17.52826289168439,24.772146354964477,0,1,2.498647720602562,Left Foot,Open Play,0
3998859,Lineth Beerensteyn,5.099999999999994,76.21515375502977,0,1,1.3171115074953648,Head,Open Play,0
3998859,Dominique Johanna Anna Petrone Janssen,7.409453421137088,54.82725854375622,2,1,0.9627747705015611,Head,Open Play,0
3998859,Jackie Groenen,23.842189496772317,18.94214258864567,4,1,1.7143402040007594,Right Foot,Open Play,0
3998859,Selma Bacha,35.881053496239495,12.659954570993623,3,1,5.153240662200751,Left Foot,Open Play,0
3998859,Sakina Karchaoui,14.926486525636236,28.781005387324274,5,1,2.7628098670123915,Head,Open Play,0
3998859,Marie-Antoinette Katoto,8.805112151472004,48.84635706621487,1,1,1.3469844588010302,Head,Open Play,0
3998859,Lineth Beerensteyn,5.60802995712398,65.81382104644558,0,0,1.3033895233941084,Right Foot,Open Play,0
3998859,Delphine Cascarino,9.501578816175764,41.44916713639221,1,0,2.3038066701246342,Right Foot,Open Play,0
3998859,Delphine Cascarino,13.600000000000003,16.858398767738315,2,1,0.9697669712965954,Right Foot,Open Play,0
3998859,Delphine Cascarino,7.559100475585705,52.49241590681071,3,1,1.125245729524595,Head,Open Play,0
3998859,Marie-Antoinette Katoto,15.115885683611134,27.792980434054186,0,1,1.4162868315166535,Left Foot,Open Play,1
3998859,Jill Roord,19.0541334098405,13.60582492142252,1,1,5.8299413876898605,Right Foot,Open Play,0
3998859,Delphine Cascarino,23.216588896735026,17.807930701584098,1,1,0.9161201711691092,Right Foot,Open Play,1
3998859,Marie-Antoinette Katoto,12.700393694685214,29.07803521634265,0,1,2.5402517831990945,Right Foot,Open Play,0
3998859,Delphine Cascarino,16.542369842317026,26.560603437643305,3,1,2.2715978807337085,Right Foot,Open Play,1
3998859,Clara Mateo,17.831432920547915,10.506424469685602,0,1,0.8685236033263593,Left Foot,Open Play,0
3998859,Elisa De Almeida,21.34666250260213,20.729502275823993,5,1,3.938310979483562,Left Foot,Open Play,0
3998859,Sandy Baltimore,9.617692030835679,35.81303431664419,1,1,0.2910900342664502,Left Foot,Open Play,0
3998859,Onema Grace Geyoro,21.023796041628643,18.09535038095806,1,1,4.746912980520669,Right Foot,Open Play,0
3998859,Oriane Jean-François,23.310512649875374,19.465717146857173,5,1,5.381857462734669,Right Foot,Open Play,0
3998859,Sakina Karchaoui,12.0,36.86989764584404,0,1,9.590347775363126,Left Foot,Penalty,1
3998859,Lineth Beerensteyn,19.67358635328089,19.80188367690933,1,1,2.8392008935822224,Right Foot,Open Play,0
3998857,Tanja Pawollek,17.36260349141222,24.284971006144094,1,1,1.5432481449678226,Right Foot,Open Play,0
3998857,Signe Kallesøe Bruun,19.557607215607945,19.807179689500806,1,1,1.5679932144512152,Left Foot,Open Play,0
3998857,Pernille Mosegaard Harder,20.515603817582363,22.050324099933132,1,1,2.2360769080623357,Left Foot,Open Play,0
3998857,Janni Thomsen,5.295280917949493,73.85833665477388,0,1,2.8946230545743012,Left Foot,Open Play,0
3998857,Ewa Pajor,4.420407221060071,80.69260065780664,1,1,0.5712728898235625,Right Foot,Open Play,0
3998857,Natalia Padilla-Bidas,9.682974749528158,38.02160318195461,1,1,1.2470029483157108,Right Foot,Open Play,1
3998857,Signe Kallesøe Bruun,50.59377432056241,8.971712855865553,1,0,1.9916840417536905,Right Foot,Open Play,0
3998857,Ewa Pajor,8.969392398596465,43.70475879271933,0,1,2.7985129169545195,Head,Open Play,1
3998857,Paulina Tomasiak,23.43885662740399,16.144390945983723,0,1,1.2752619898219246,Left Foot,Open Play,0
3998857,Natalia Padilla-Bidas,7.7491935064237465,52.97344989552272,0,1,4.625304538444727,Left Foot,Open Play,0
3998857,Ewelina Kamczyk,23.122499864850262,19.45447974896255,3,1,4.663592130760918,Left Foot,Open Play,0
3998857,Sofie Bruun Bredgaard,22.581629702038782,15.135401366012461,1,1,2.464381284925024,Left Foot,Open Play,0
3998857,Signe Kallesøe Bruun,7.602631123499287,49.877755893386365,1,1,0.5008398247507391,Head,Open Play,0
3998857,Signe Kallesøe Bruun,9.11975876873944,47.30336103761767,1,1,0.41913161838842894,Head,Open Play,0
3998857,Natalia Padilla-Bidas,9.800510190801296,38.29132351909264,0,0,2.735252412915333,Right Foot,Open Play,0
3998857,Sofie Bruun Bredgaard,30.14448539948891,14.808466680026463,2,1,1.705810169706999,Left Foot,Open Play,0
3998857,Janni Thomsen,18.721645226849056,20.33987122421596,0,1,2.300882418986283,Right Foot,Open Play,0
3998857,Janni Thomsen,22.02294258267954,18.924269626610993,1,1,3.793500336735805,Right Foot,Open Play,1
3998857,Adriana Achcińska,34.31763395107535,13.289992189906375,4,0,12.076095339857554,Right Foot,Open Play,0
3998857,Signe Kallesøe Bruun,21.192923347193044,19.807026336595687,0,1,1.478551528616575,Right Foot,Open Play,0
3998857,Ewa Pajor,20.37081245311536,17.36996847476144,1,1,0.8693403907981558,Left Foot,Open Play,0
3998857,Ewa Pajor,11.859595271340424,33.721877893496796,1,1,1.799515338482824,Right Foot,Open Play,0
3998857,Klaudia Jedlińska,28.016602220826137,12.495193292642575,2,0,1.8715211378110228,Right Foot,Open Play,0
3998857,Martyna Wiankowska,14.40555448429529,31.02706675991263,3,1,2.175522213851361,Right Foot,Open Play,1
3998857,Natalia Padilla-Bidas,12.254386969571353,33.02071531223215,1,1,1.0412332002063027,Head,Open Play,0
3998857,Signe Kallesøe Bruun,7.42428447730824,56.542840863940704,1,1,1.027598144722216,Head,Open Play,1
3998857,Klaudia Słowińska,22.951252689123532,19.333406691326402,2,1,3.4136070447781672,Right Foot,Open Play,0
3998857,Nadia Nadim,28.640006983239378,15.774944720429941,0,0,3.5363366765012185,Left Foot,Open Play,0
3998857,Janni Thomsen,21.498139454380702,16.386411654880554,2,1,1.5588405442726552,Right Foot,Open Play,0
3998857,Nadia Nadim,6.369458375717672,38.005519755246986,0,0,3.849214519204476,Other,Open Play,0
3998857,Amalie Jørgensen Vangsgaard,19.568597292601225,14.895257080503281,1,1,3.4861025821716423,Right Foot,Open Play,0
3998856,Jule Brand,16.155494421403507,26.993736388064306,1,1,5.861839555574735,Left Foot,Open Play,0
3998856,Lea Schüller,22.230834442278585,19.44216562850758,1,1,4.0367261220745165,Right Foot,Open Play,0
3998856,Kosovare Asllani,12.731064370271639,26.740497022679296,1,1,2.0036110207745064,Right Foot,Open Play,0
3998856,Lea Schüller,5.70087712549569,69.44395478041653,1,1,0.942480025500468,Head,Open Play,0
3998856,Jule Brand,14.676852523616912,27.36277162690432,1,1,1.9315796990833614,Right Foot,Open Play,1
3998856,Lea Schüller,16.902662512160624,26.624504232613788,2,1,1.0498299882843052,Left Foot,Open Play,0
3998856,Emma Stina Blackstenius,18.070971196922425,22.39943305712848,1,1,0.7942106009148616,Right Foot,Open Play,1
3998856,Klara Bühl,15.402921800749363,24.32189322772361,0,1,0.6825350371721197,Left Foot,Open Play,0
3998856,Smilla Holmberg,12.611502686040227,17.38936706183505,0,1,1.4932660300811404,Right Foot,Open Play,1
3998856,Emma Stina Blackstenius,19.307252523339514,17.311494030257524,1,1,3.0443150704784485,Left Foot,Open Play,0
3998856,Fridolina Rolfö,8.338465086573185,51.12511850865979,2,0,0.5828072157767439,Left Foot,Open Play,0
3998856,Fridolina Rolfö,12.0,36.86989764584404,0,1,10.243264927087624,Left Foot,Penalty,1
3998856,Lea Schüller,28.065993657805876,15.692080592925384,0,1,7.347715471255734,Right Foot,Open Play,0
3998856,Kosovare Asllani,20.082330542046165,22.345155493570957,1,1,4.145939056641701,Right Foot,Open Play,0
3998856,Smilla Holmberg,29.47168132292422,15.072199544246088,2,1,5.304626958965316,Left Foot,Open Play,0
3998856,Emma Stina Blackstenius,8.660831368869854,45.09209194427609,1,1,0.8981695691684137,Head,Open Play,0
3998856,Ingrid Filippa Angeldal,14.761097520171056,24.873325740971644,2,1,2.7632628524491216,Left Foot,Open Play,0
3998856,Giovanna Hoffmann,24.70182179516321,18.395018230677522,1,0,1.7410086468677357,Left Foot,Open Play,0
3998856,Johanna Rytting-Kaneryd,16.99941175452845,18.322794560188306,1,1,1.63064909762106,Right Foot,Open Play,0
3998856,Lina Mona Andréa Hurtig,4.9678969393496875,71.27012932008974,0,1,2.976561456409543,Right Foot,Open Play,1
3998856,Selina Cerci,17.22614292289484,16.9569070886589,0,1,3.00913929648019,Right Foot,Open Play,0
3998855,Arianna Caruso,25.00079998720041,16.81034394422212,4,1,3.934869364236025,Right Foot,Open Play,0
3998855,Elena Linari,8.006247560499244,52.726109596722075,2,1,0.3793211911316399,Head,Open Play,0
3998855,Martina Piemonte,11.211155159036917,39.24358140616601,3,1,1.234544962352728,Right Foot,Open Play,0
3998855,Lisa Boattin,24.224367896810016,16.47373534682568,5,1,0.886715649922326,Left Foot,Open Play,0
3998855,Martina Piemonte,16.883423823383687,21.577089041394558,2,1,3.1522016691572716,Right Foot,Open Play,0
3998855,Elisabetta Oliviero,9.141662868428256,45.51676980137605,0,1,2.20435760978704,Left Foot,Open Play,1
3998855,Athenea del Castillo Belvide,17.912007146045916,25.038703196687507,1,1,0.7878027798086862,Right Foot,Open Play,1
3998855,Patricia Guijarro Gutiérrez,31.80062892459833,14.3381733280484,1,1,2.272702071962417,Right Foot,Open Play,0
3998855,Alexia Putellas Segura,13.946325680981355,21.301604372671257,1,1,2.3298448346830116,Left Foot,Open Play,0
3998855,Patricia Guijarro Gutiérrez,25.527436220662658,17.662214997904023,1,1,2.5939085059041886,Right Foot,Open Play,0
3998855,Aitana Bonmati Conca,22.54617484186619,18.674465743647772,5,1,2.819866481313107,Left Foot,Open Play,0
3998855,Irene Paredes Hernandez,9.222797840135058,46.51019729804369,1,1,1.6576324994858687,Head,Open Play,0
3998855,Jana Fernandez Velasco,23.397649454592656,17.699282795317192,2,1,4.01835393152754,Right Foot,Open Play,0
3998855,Barbara Bonansea,8.15659242576212,44.46785635869245,0,1,1.8781598214239048,Head,Open Play,0
3998855,Arianna Caruso,19.543285291884782,20.935670074171046,1,1,0.9210523992971413,Right Foot,Open Play,0
3998855,Patricia Guijarro Gutiérrez,23.98853893008075,18.648217081264942,2,1,3.9262249104908116,Right Foot,Open Play,1
3998855,Aitana Bonmati Conca,16.337992532744035,19.812054581658202,1,1,2.0174917861572372,Right Foot,Open Play,0
3998855,Irene Paredes Hernandez,9.956907150315303,27.88903787783946,4,1,2.578022993376751,Head,Open Play,0
3998855,Sofia Cantore,20.655265672462313,16.28977572554095,2,0,1.8973762309284892,Right Foot,Open Play,0
3998855,Alexia Putellas Segura,17.149344010777792,25.659756853082474,1,1,2.704905335831172,Left Foot,Open Play,0
3998855,Salma Paralluelo Ayingono,25.393896904571374,17.377626412718836,1,1,2.317235163001216,Left Foot,Open Play,0
3998855,Alexia Putellas Segura,17.007351351694943,25.919836713309234,1,1,3.8740909362370823,Left Foot,Open Play,0
3998855,Patricia Guijarro Gutiérrez,17.978042162593784,22.74621785885406,1,1,1.843860707051786,Right Foot,Open Play,0
3998855,Alexia Putellas Segura,21.2339351039792,21.305417674292244,2,1,1.2959271576192228,Right Foot,Open Play,0
3998855,Aitana Bonmati Conca,21.555741694499865,18.990570817411115,2,1,2.7169441281092213,Left Foot,Open Play,0
3998855,María Méndez Fernández,5.632051136131495,70.0041156505881,1,1,1.0683846593412425,Head,Open Play,0
3998855,Cristiana Girelli,13.594484175576504,32.609995990479185,0,1,0.6888696988639669,Right Foot,Open Play,0
3998855,Annamaria Serturini,24.48060456769808,18.14863465302605,4,1,2.0401139175239,Right Foot,Open Play,0
3998855,Claudia Pina Medina,16.961426826773742,14.52691657632432,0,1,2.2054486915396256,Left Foot,Open Play,0
3998855,Esther Gonzalez Rodríguez,10.51189802081432,38.807382375952415,0,1,2.6820312649692752,Head,Open Play,0
3998855,Esther Gonzalez Rodríguez,8.764131445842201,47.857717249586095,0,1,3.224064393004046,Left Foot,Open Play,1
3998855,Arianna Caruso,16.76305461424021,16.48080165775556,1,1,0.7425074571213575,Right Foot,Open Play,0
3998855,Elisabetta Oliviero,39.5733496181458,11.494276850085562,2,0,8.781409226782928,Right Foot,Open Play,0
3998854,Justine Vanhaevermaet,11.388590782006354,37.485699592577845,0,1,3.740696434961163,Head,Open Play,0
3998854,Tessa Wullaert,11.322985472038727,32.39612990586456,1,1,1.239907075986604,Left Foot,Open Play,1
3998854,Fátima Alexandra Figueira Pinto,16.620770138594658,23.43332644017783,0,1,2.9319688503543953,Head,Open Play,0
3998854,Janice Cayman,21.140009460735815,21.39217729959569,4,1,4.475241766932311,Right Foot,Open Play,0
3998854,Sari Kees,6.736467917239719,10.791466784852963,0,0,3.396230855289775,Head,Open Play,0
3998854,Diana Micaela Abreu de Sousa e Silva,35.1160931767758,12.058038828909204,1,1,1.6525657312219932,Right Foot,Open Play,0
3998854,Francisca Ramos Ribeiro Nazareth Sousa,20.4628932460686,20.97599487876866,3,1,1.0298892601091814,Left Foot,Open Play,0
3998854,Diana Catarina Ribeiro Gomes,7.844743462982074,52.80150183679115,0,1,2.7875289501365974,Right Foot,Open Play,0
3998854,Diana Micaela Abreu de Sousa e Silva,19.10235587565052,10.52146464087702,0,1,2.5727700661879798,Left Foot,Open Play,0
3998854,Joana Filipa Gaspar Silva Marchão,27.694403766826248,12.78414904605368,0,1,3.4769957832586154,Left Foot,Open Play,0
3998854,Francisca Ramos Ribeiro Nazareth Sousa,20.79086337793599,15.571664180405044,1,1,0.3441671148274456,Right Foot,Open Play,0
3998854,Joana Filipa Gaspar Silva Marchão,27.506544675767618,11.894740232701231,2,1,0.28521475975372074,Left Foot,Open Play,0
3998854,Mariam Abdulai Toloba,17.295664196555162,25.260346283234984,1,1,3.392935672150613,Left Foot,Open Play,0
3998854,Ana Ines Palma Capeta,13.601470508735444,27.506446400099193,0,1,5.180496265821267,Right Foot,Open Play,0
3998854,Andreia de Jesus Jacinto,12.742448744256347,30.784392404841526,0,1,1.497642149715874,Right Foot,Open Play,0
3998854,Francisca Ramos Ribeiro Nazareth Sousa,24.340295807569806,15.068666383403711,0,0,4.860793092558573,Right Foot,Open Play,0
3998854,Fátima Alexandra Figueira Pinto,8.75728268357257,7.509288894324408,1,1,1.7260639735737815,Head,Open Play,0
3998854,Francisca Ramos Ribeiro Nazareth Sousa,10.778218776773826,37.47726027395818,0,1,2.0691065565532565,Right Foot,Open Play,0
3998854,Mariam Abdulai Toloba,15.606408939919527,25.22440022131598,1,1,2.375553775335658,Right Foot,Open Play,0
3998854,Diana Micaela Abreu de Sousa e Silva,36.33235472688221,11.444721978174362,1,1,1.6896800711565803,Right Foot,Open Play,0
3998854,Jill Janssens,8.800568163476717,42.74809154863384,1,1,0.6968133690790632,Head,Open Play,0
3998854,Jéssica da Silva,15.692354826475215,11.775741556785157,1,1,0.8732150469135417,Right Foot,Open Play,0
3998854,Mariam Abdulai Toloba,7.749193506423754,53.3475131315804,1,1,0.42991575723297565,Head,Open Play,0
3998854,Fátima Alexandra Figueira Pinto,9.84784240328814,39.3502295674719,0,1,2.4395720891847827,Head,Open Play,0
3998854,Tatiana Vanessa Ferreira Pinto,34.06948781534586,13.100616506683311,1,1,2.060597835848731,Right Foot,Open Play,0
3998854,Telma Raquel Velosa Encarnação,13.720787149431333,23.80676239925973,0,1,3.3699244797263286,Left Foot,Open Play,1
3998854,Tessa Wullaert,10.184301645179206,41.20256801366717,0,1,1.9266786532997928,Right Foot,Open Play,0
3998854,Janice Cayman,20.3179723397784,21.860136084527248,2,1,1.9192586298168983,Left Foot,Open Play,0
3998854,Marie Detruyer,4.341658669218483,72.05474677020706,2,1,2.39409898556122,Left Foot,Open Play,0
3998854,Janice Cayman,11.132385189167682,38.677930612439354,1,1,6.017644561730278,Right Foot,Open Play,0
3998854,Janice Cayman,9.425497334358543,44.66771668590186,2,1,3.0946058471917954,Right Foot,Open Play,1
3998854,Jéssica da Silva,16.211724152600173,26.078304262836248,3,0,3.556786776537182,Right Foot,Open Play,0
3998852,Noelle Maritz,14.66049112410631,25.386153160340797,5,1,2.908344117652521,Right Foot,Open Play,0
3998852,Julia Stierli,9.885848471426211,43.80867139594041,1,1,0.872200932226106,Head,Open Play,0
3998852,Sydney Schertenleib,27.05124766069025,13.87471619396432,1,1,3.335600369367166,Right Foot,Open Play,0
3998852,Svenja Fölmli,8.987213138676532,42.42741791291787,1,1,2.0447164179872,Right Foot,Open Play,0
3998852,Oona Sevenius,12.940247292845683,22.133291146217264,6,1,1.6260346966684776,Head,Open Play,0
3998852,Saara Katariina Kosola,20.01449474755733,21.874322479128065,8,1,3.318621376841825,Left Foot,Open Play,0
3998852,Géraldine Reuteler,19.729419656948856,16.477179610912536,1,1,3.6982444366465765,Left Foot,Open Play,0
3998852,Eva Nyström,9.154780172128657,45.08015750684928,1,1,1.035362332590456,Left Foot,Open Play,0
3998852,Oona Siren,27.724537868105212,15.900141360795791,1,1,2.6482280433494676,Left Foot,Open Play,0
3998852,Sydney Schertenleib,24.340295807569802,12.291799355791607,0,0,1.524236367981071,Right Foot,Open Play,0
3998852,Smilla Vallotto,19.525624189766635,18.187528734348156,1,1,5.324671563766767,Right Foot,Open Play,0
3998852,Leila Wandeler,29.567718883945034,14.677657475394305,1,1,7.234683447375085,Right Foot,Open Play,0
3998852,Smilla Vallotto,13.37535046269816,30.720034440034794,0,1,5.05819108763039,Head,Open Play,0
3998852,Alayah Pilgrim,30.082054451117532,11.298404522432076,0,0,1.9522601960054293,Right Foot,Open Play,0
3998852,Natalia Kuikka,11.900420160649796,37.156345075648375,0,1,9.669358506041279,Right Foot,Penalty,1
3998852,Alisha Lehmann,20.15341162185698,14.925567312340721,1,1,0.8921225737102525,Left Foot,Open Play,0
3998852,Riola Xhemaili,28.873517277948668,15.424316855338896,2,1,9.780206902700163,Right Foot,Free Kick,0
3998852,Ana-Maria Crnogorčević,10.255242561733981,40.142038893963495,0,1,2.6366230159325963,Head,Open Play,0
3998852,Alisha Lehmann,24.39385168438966,12.389183367794272,1,1,0.6619189461616927,Left Foot,Open Play,0
3998852,Géraldine Reuteler,23.052114870440853,14.281855027769861,1,1,5.192076761688768,Right Foot,Open Play,0
3998852,Riola Xhemaili,5.797413216254292,68.54118522024694,1,1,0.39265639882617853,Right Foot,Open Play,1
3998852,Olga Ahtinen,19.91607391028664,22.696240760127395,9,0,4.578005022485323,Right Foot,Open Play,0
3998851,Lauren James,7.021395872616782,44.56660600033144,0,1,0.961259218148304,Head,Open Play,0
3998851,Alessia Russo,6.389053137985309,63.041812901616424,1,1,0.7567605388621023,Head,Open Play,0
3998851,Lauren James,17.29855485293497,25.648370827484584,1,1,1.090061056961787,Left Foot,Open Play,1
3998851,Jill Roord,19.672569735548024,22.805479969351556,1,1,1.0324740027427661,Right Foot,Open Play,0
3998851,Lauren Hemp,7.823042886243176,54.0819695728288,0,1,1.0058818025304064,Head,Open Play,0
3998851,Alessia Russo,11.910079764636334,36.4045354055458,1,1,0.709656221121161,Head,Open Play,0
3998851,Lauren James,7.376313442364012,22.614568806342024,1,1,0.5093348393522176,Right Foot,Open Play,0
3998851,Alessia Russo,8.85889383614004,44.96329546977882,1,1,0.846403704451513,Head,Open Play,0
3998851,Alessia Russo,8.041144197189855,52.4060054716004,2,1,0.3719070804982169,Head,Open Play,0
3998851,Georgia Stanway,21.603703386225238,20.976153392512646,2,1,2.07342402870066,Right Foot,Open Play,0
3998851,Lauren James,17.352809570787084,23.63949708405089,1,1,2.120678815947008,Right Foot,Open Play,0
3998851,Georgia Stanway,25.434228905158502,16.859911081718337,2,1,2.41086911275437,Right Foot,Open Play,1
3998851,Victoria Pelova,18.869287214942705,22.261815968573146,1,1,3.162350862275403,Right Foot,Open Play,0
3998851,Ella Toone,11.76520293067654,35.95606774887855,0,1,2.9189241264517602,Left Foot,Open Play,0
3998851,Lauren James,9.718538984847468,44.68791457260009,1,1,4.748616019139642,Left Foot,Open Play,1
3998851,Ella Toone,16.29294325774199,24.02553701241767,2,1,2.2393375288161925,Left Foot,Open Play,1
3998851,Bethany Mead,16.509694121939393,21.138451961419083,1,1,1.0567140928737424,Right Foot,Open Play,0
3998851,Sherida Spitse,15.121177202850308,6.651988360520826,3,1,2.3169878838294387,Right Foot,Open Play,0
3998851,Alessia Russo,9.98248466064436,43.14441426363473,1,1,1.3261380633778321,Right Foot,Open Play,0
3998851,Lucy Bronze,10.807404868885033,40.601294645004494,5,1,1.9702114300617286,Head,Open Play,0
3998851,Wieke Hendrikje Maria Kaptein,24.54220853957525,17.707220626920694,0,1,1.5876518763574934,Right Foot,Open Play,0
3998850,Clara Mateo,13.061393493804557,7.662604102048944,1,0,1.2903816733102322,Right Foot,Open Play,0
3998850,Clara Mateo,11.580155439371266,32.20988580541779,0,1,1.6310181971694855,Left Foot,Open Play,0
3998850,Clara Mateo,12.271104269787626,12.404332257988761,1,1,0.8221915581851945,Right Foot,Open Play,0
3998850,Jessica Fishlock,6.989277502002615,58.11181587062265,1,1,2.310296948903431,Right Foot,Open Play,1
3998850,Selma Bacha,31.911283270968596,13.98337270501601,4,1,8.690048297223917,Left Foot,Free Kick,0
3998850,Melvine Malard,29.644561052577593,15.248375643242712,3,1,1.6871332977337994,Right Foot,Open Play,0
3998850,Amel Majri,18.061284561182244,23.67325499771347,2,1,2.456056114436649,Left Foot,Open Play,0
3998850,Kadidiatou Diani,12.0,36.86989764584404,0,1,8.661330617421031,Right Foot,Penalty,1
3998850,Amel Majri,19.22758435165479,19.550113039545973,0,1,4.603830054031199,Left Foot,Open Play,1
3998850,Ceri Holland,11.036756769993621,14.416564630866015,2,1,1.3401585752037568,Right Foot,Open Play,0
3998850,Kayleigh Anne Marie Barton,7.600657866263951,50.79173561597125,4,1,1.2373190877320819,Head,Open Play,0
3998850,Onema Grace Geyoro,5.2924474489597015,72.9661114186558,0,0,0.804590016463956,Right Foot,Open Play,1
3998850,Clara Mateo,13.652838532700805,28.572752676007163,0,1,2.342256908306443,Right Foot,Open Play,0
3998850,Onema Grace Geyoro,23.875719884434893,18.072764856720447,1,1,1.686125476750353,Right Foot,Open Play,0
3998850,Hannah Cain,4.904079934095695,54.293308599397086,2,1,1.5333057194395086,Right Foot,Open Play,0
3998850,Josie Green,5.651548460377916,33.12230514180665,4,1,0.6517909985983011,Right Foot,Open Play,0
3998850,Josie Green,5.154609587543946,50.45074460718102,1,0,0.8973889214868096,Right Foot,Open Play,0
3998850,Sakina Karchaoui,29.8104008694952,14.346953053624665,1,0,2.9921705335577675,Left Foot,Open Play,0
3998850,Kadidiatou Diani,18.832153355365396,20.349031233303194,0,1,1.5489961552360212,Left Foot,Open Play,0
3998850,Marie-Antoinette Katoto,7.324616030891998,50.454947058198,0,0,1.96707811328628,Left Foot,Open Play,0
3998848,Madelen Fatimma Maria Janogy,14.263590010933433,10.398961239591255,0,0,2.463933939385799,Left Foot,Open Play,0
3998848,Kosovare Asllani,7.3999999999999995,55.31123134814748,0,0,2.319751467863624,Head,Open Play,0
3998848,Gun Nathalie Björn,6.1717096496837875,63.34126882362866,3,1,0.5032348910975072,Head,Open Play,0
3998848,Ingrid Filippa Angeldal,17.79915728342216,22.921474296695244,2,1,1.8544791870109685,Right Foot,Open Play,0
3998848,Martyna Wiankowska,28.825856448681623,14.476587995926488,1,0,1.505234572058058,Left Foot,Open Play,0
3998848,Madelen Fatimma Maria Janogy,11.476933388322855,27.71771245548215,0,1,2.067863676148938,Head,Open Play,0
3998848,Nadia Krezyman,16.65172663719892,11.761283187715243,0,1,1.4752085687158998,Left Foot,Open Play,0
3998848,Emma Stina Blackstenius,8.215229759416347,47.40257225941612,2,1,0.8082390941919273,Right Foot,Open Play,0
3998848,Amanda Ilestedt,8.44807670419724,50.512899338052364,0,1,1.2083542055233993,Head,Open Play,0
3998848,Emma Stina Blackstenius,5.5578772926361015,71.30371340012455,0,1,2.4157044405908255,Head,Open Play,1
3998848,Emma Stina Blackstenius,11.933147112141041,30.211322385834816,1,1,1.8616871723070278,Right Foot,Open Play,0
3998848,Emma Stina Blackstenius,15.815182578775374,24.60232564838361,0,1,3.501489180949726,Right Foot,Open Play,0
3998848,Johanna Rytting-Kaneryd,19.48127305901748,22.044481032073218,4,1,1.5695602869694552,Right Foot,Open Play,0
3998848,Emma Stina Blackstenius,6.918092222571197,60.00757892586535,0,1,2.468076437251799,Head,Open Play,0
3998848,Emma Stina Blackstenius,12.961867149450342,21.800109746557034,3,1,5.346107106332289,Right Foot,Open Play,0
3998848,Ewa Pajor,18.5310550158376,14.521092908614458,1,1,2.5737767387070103,Right Foot,Open Play,0
3998848,Natalia Padilla-Bidas,25.984995670578815,15.659847064063698,2,0,1.701663907434442,Left Foot,Open Play,0
3998848,Kosovare Asllani,7.156814934033161,57.46035400275773,1,1,0.9597197057353573,Head,Open Play,1
3998848,Emma Stina Blackstenius,16.204937519163717,25.64704824876156,1,1,1.5971419629784773,Left Foot,Open Play,0
3998848,Ewelina Kamczyk,26.379537524376733,16.516297069838608,1,0,3.6293470215422063,Right Foot,Open Play,0
3998848,Amanda Ilestedt,7.03846574190711,57.177983923765744,2,1,1.1681319502588177,Head,Open Play,0
3998848,Lina Mona Andréa Hurtig,4.427188724235734,83.88449643371456,2,1,0.8717392372420683,Head,Open Play,1
3998848,Johanna Rytting-Kaneryd,15.065855435387663,18.25715909073939,2,1,0.4392490832185266,Left Foot,Open Play,0
3998848,Emma Stina Blackstenius,12.888754788574415,27.093864170574808,1,1,1.8409523888191932,Right Foot,Open Play,0
3998848,Ingrid Filippa Angeldal,16.60481857775025,27.08156359150015,6,1,8.30241302524615,Left Foot,Open Play,0
3998848,Milena Kokosz,21.855205329623416,19.645568295394305,0,1,3.097653351750579,Left Foot,Open Play,0
3998848,Ingrid Filippa Angeldal,23.027375013231534,19.290939511666263,5,1,8.321330032309756,Right Foot,Free Kick,0
3998848,Milena Kokosz,29.780866340655713,13.382713689121802,1,0,2.608453631949342,Left Foot,Open Play,0
3998849,Klara Bühl,15.839823231336892,20.70825680372407,1,1,0.7431256988629661,Right Foot,Open Play,0
3998849,Klara Bühl,15.13208511739212,21.895967599845832,1,1,0.9141922688124007,Left Foot,Open Play,0
3998849,Klara Bühl,17.71327186038762,23.261728379562534,0,1,2.7671913452500583,Right Foot,Open Play,0
3998849,Klara Bühl,17.97470444819608,24.877518316913733,3,1,1.3358043709845582,Right Foot,Open Play,0
3998849,Amalie Jørgensen Vangsgaard,17.61817243643619,20.28255908891658,1,1,1.8670196245930277,Right Foot,Open Play,1
3998849,Pernille Mosegaard Harder,16.26314852665375,17.00611131945193,0,1,1.9238509509566304,Right Foot,Open Play,0
3998849,Janni Thomsen,22.00568108466539,19.910370610037596,0,1,1.0868330730879407,Right Foot,Open Play,0
3998849,Klara Bühl,22.900873345791858,3.3317789921178784,2,1,10.282005551036088,Right Foot,Free Kick,0
3998849,Sarai Linder,26.81510768205118,16.72055044921593,4,1,2.6134590328403178,Right Foot,Open Play,0
3998849,Carlotta Wamser,22.561028345356956,19.646461454712558,3,1,4.603589308743189,Right Foot,Open Play,0
3998849,Klara Bühl,17.902513789968157,15.422161318738677,5,1,1.5803025639387982,Left Foot,Open Play,0
3998849,Linda Dallmann,19.10235587565052,21.63700310970336,5,1,2.4838819674941734,Left Foot,Open Play,0
3998849,Sjoeke Nüsken,11.512167476196655,33.660556439476366,2,1,4.289789714873423,Left Foot,Open Play,0
3998849,Klara Bühl,18.738729946290388,21.734172717952045,2,1,2.350680788752844,Left Foot,Open Play,0
3998849,Sara Holmgaard,23.443975772040037,12.592002644444396,0,1,0.926886639490323,Left Foot,Open Play,0
3998849,Sara Holmgaard,5.685068161420753,60.46121774044194,4,1,0.6379337516838818,Head,Open Play,0
3998849,Klara Bühl,21.587033144922902,16.441915580968864,1,1,1.886721832315073,Left Foot,Open Play,0
3998849,Sjoeke Nüsken,6.500000000000005,49.92454970011894,3,1,2.221758714396198,Right Foot,Open Play,0
3998849,Sjoeke Nüsken,7.3824115301167,32.787846364449585,2,1,0.7937013162298256,Right Foot,Open Play,0
3998849,Sarai Linder,32.96452638822526,13.487717988436918,3,1,3.0592390052283522,Right Foot,Open Play,0
3998849,Jule Brand,18.964440408301,21.706484718221727,0,1,2.029276621573516,Left Foot,Open Play,0
3998849,Carlotta Wamser,21.810318658836696,19.19099613764516,1,1,3.6407000105770315,Right Foot,Open Play,0
3998849,Sjoeke Nüsken,11.900420160649796,37.156345075648375,0,1,10.134425562589579,Right Foot,Penalty,1
3998849,Lea Schüller,12.747548783981959,31.67727672728029,0,1,2.2325553627289776,Right Foot,Open Play,1
3998849,Lea Schüller,9.305912099305475,46.19183457664074,0,1,1.6848734460103223,Head,Open Play,0
3998849,Giovanna Hoffmann,8.709190547921203,43.902513946619464,1,1,0.6467092458508226,Head,Open Play,0
3998849,Giovanna Hoffmann,7.1175838597096925,58.607987716882796,1,1,0.8223497375752084,Right Foot,Open Play,0
3998849,Klara Bühl,23.53146829248018,18.660646016434324,1,1,2.6684003047113998,Right Foot,Open Play,0
3998849,Laura Freigang,24.307406278745578,18.68426055041844,1,1,4.937457287312214,Right Foot,Open Play,0
3998849,Klara Bühl,22.085742007005333,8.392106814878979,0,1,4.940399984841696,Left Foot,Open Play,0
3998849,Klara Bühl,19.110729970359586,16.463238438667815,1,1,0.594965849701517,Right Foot,Open Play,0
3998846,Cristiana Girelli,30.251115681905027,11.907540543050514,2,1,3.809762369839872,Right Foot,Open Play,0
3998846,Cristiana Girelli,6.407807737440322,62.03472809528006,1,1,2.031904891500889,Right Foot,Open Play,0
3998846,Cecilia Salvai,7.22772439983706,57.091363380427026,3,1,0.2805281647808412,Head,Open Play,0
3998846,Carole da Silva Costa,36.694686263817545,10.458627733839139,1,0,3.2733984292440215,Right Foot,Open Play,0
3998846,Manuela Giugliano,27.908421668019848,14.577818007212885,1,0,3.3680915897948847,Left Foot,Open Play,0
3998846,Cristiana Girelli,12.63012272307756,34.65195157122515,1,1,0.471837867118831,Head,Open Play,0
3998846,Cristiana Girelli,8.256512580987211,50.4611896127245,1,1,1.7174761864841288,Left Foot,Open Play,0
3998846,Emma Severini,9.391485505499123,42.94579527053199,0,1,1.7794050434925113,Right Foot,Open Play,0
3998846,Arianna Caruso,22.47576472558831,17.773227301403296,1,1,2.456608992760081,Right Foot,Open Play,0
3998846,Cristiana Girelli,25.646247288833504,13.865322876703564,2,1,1.5662156016944488,Right Foot,Open Play,1
3998846,Diana Micaela Abreu de Sousa e Silva,9.353608929178087,42.53982989850959,4,1,1.0429953101582814,Head,Open Play,0
3998846,Carole da Silva Costa,9.902019995940226,27.76717403420693,1,1,1.5217054494841786,Head,Open Play,0
3998846,Diana Catarina Ribeiro Gomes,14.369411957348843,26.362559362820665,1,1,3.6613300886969293,Right Foot,Open Play,1
3998846,Valentina Bergamaschi,6.552098900352463,28.13429108510223,0,0,4.579226879666172,Head,Open Play,0
3998846,Emma Severini,21.13764414498456,11.952990115906484,1,1,1.638067175664103,Left Foot,Open Play,0
3998846,Fátima Alexandra Figueira Pinto,16.868017073740468,22.34889926389946,1,1,5.491019503669266,Right Foot,Open Play,0
3998846,Barbara Bonansea,18.99078724013305,23.127325894626118,1,1,2.869819999710197,Right Foot,Open Play,0
3998846,Barbara Bonansea,17.93348822733603,22.72561537519568,3,1,1.056796811545657,Left Foot,Open Play,0
3998846,Barbara Bonansea,14.338758663147937,16.89864869403827,0,1,1.475057404388627,Right Foot,Open Play,0
3998847,Victoria López,22.242751628339512,19.762167044963263,0,1,2.110224147517804,Right Foot,Open Play,0
3998847,Mariam Abdulai Toloba,20.418863827353373,20.462177909934333,1,1,3.7986541988216866,Left Foot,Open Play,0
3998847,Claudia Pina Medina,17.568437608393072,24.796243299924573,1,1,2.708208272161171,Right Foot,Open Play,0
3998847,Olga  Carmona García,27.600181158825745,16.492432494698317,1,1,4.69230410821458,Left Foot,Open Play,0
3998847,Olga  Carmona García,31.780025173054856,12.436368948266633,1,0,2.049061881481107,Left Foot,Open Play,0
3998847,Victoria López,23.769728648009426,18.52882494784181,1,1,0.6302992196478281,Right Foot,Open Play,0
3998847,Alexia Putellas Segura,14.714618581533124,26.688356107621374,0,1,1.7247545138562814,Left Foot,Open Play,1
3998847,Justine Vanhaevermaet,4.750789408087878,75.16209046376984,0,1,0.5048804418117049,Head,Open Play,1
3998847,Esther Gonzalez Rodríguez,9.170605214488294,43.577597986322054,0,0,5.417015286051387,Head,Open Play,0
3998847,Esther Gonzalez Rodríguez,20.57887266105702,21.92300342465299,0,1,1.317201999165351,Right Foot,Open Play,0
3998847,Irene Paredes Hernandez,10.547511554864492,33.22953409394973,2,1,3.6144516734567924,Right Foot,Open Play,0
3998847,Claudia Pina Medina,27.485450696686783,16.169264300456053,2,1,0.5709621857628755,Right Foot,Open Play,0
3998847,Esther Gonzalez Rodríguez,8.220097323024826,45.67519925708133,1,1,0.5671553749452123,Right Foot,Open Play,0
3998847,Irene Paredes Hernandez,10.101980003939824,37.319993863691245,0,0,2.2560434916326324,Head,Open Play,1
3998847,Alexia Putellas Segura,15.961516218705546,28.04557786033922,3,1,2.8268950570048488,Left Foot,Open Play,0
3998847,Aitana Bonmati Conca,21.74971264177989,20.446749487115802,1,1,1.9543500944944125,Left Foot,Open Play,0
3998847,Hannah Eurlings,15.431461369552784,27.249089218548978,0,1,3.0081475486051428,Right Foot,Open Play,1
3998847,Esther Gonzalez Rodríguez,13.509256086106296,26.771150214462132,0,1,3.3230145683847336,Right Foot,Open Play,1
3998847,Esther Gonzalez Rodríguez,3.8078865529319543,93.0664855011259,3,1,1.106515524351608,Left Foot,Open Play,0
3998847,María Francesca Caldentey Oliver,6.621933252457327,61.456227162180156,4,1,0.7405093290430107,Right Foot,Open Play,1
3998847,Claudia Pina Medina,7.872102641607263,30.612388521177692,1,1,1.1095972003882797,Right Foot,Open Play,0
3998847,Alexia Putellas Segura,11.200446419674527,26.428782657270002,2,1,2.250711652639166,Right Foot,Open Play,0
3998847,Aitana Bonmati Conca,13.852075656738238,30.98099986930976,2,1,4.672254411468026,Right Foot,Open Play,0
3998847,Aitana Bonmati Conca,17.664653973401236,22.33066727090263,1,1,1.419026680299456,Left Foot,Open Play,0
3998847,María Francesca Caldentey Oliver,18.698663053812158,20.749265872454348,1,1,2.656277233763976,Right Foot,Open Play,0
3998847,Patricia Guijarro Gutiérrez,26.034016209567056,16.752368657801348,2,1,3.589851390262373,Left Foot,Open Play,0
3998847,María Francesca Caldentey Oliver,19.498974332000127,19.475739945925238,2,1,1.5529461938377316,Right Foot,Open Play,0
3998847,Elena Dhont,20.06838309381202,17.992034026232187,0,1,0.8344690828035148,Head,Open Play,0
3998847,Alexia Putellas Segura,9.492101980067433,43.85660218251093,0,1,3.633061040002001,Head,Open Play,0
3998847,María Francesca Caldentey Oliver,9.192388155425123,46.107225104285234,1,1,0.44082845779864843,Right Foot,Open Play,0
3998847,Athenea del Castillo Belvide,12.764011908487083,21.946495792595176,1,1,1.1907723272480073,Right Foot,Open Play,0
3998847,Patricia Guijarro Gutiérrez,23.84156035162128,16.991297596541745,2,1,2.5571066338709167,Right Foot,Open Play,0
3998847,Janice Cayman,27.246467660964782,16.32866597545411,2,1,6.286704287220366,Left Foot,Open Play,0
3998847,Claudia Pina Medina,11.818629362155324,17.248453228035693,0,1,1.5263374554126845,Left Foot,Open Play,0
3998847,Claudia Pina Medina,23.68649404196409,18.199684867010095,2,1,1.6371255359152197,Right Foot,Open Play,1
3998847,Leila Ouahabi El Ouahabi,22.23533224397602,18.146678299493445,3,1,5.035481248497694,Left Foot,Open Play,0
3998847,Alexia Putellas Segura,9.302150289046075,43.27240302946978,1,1,0.5556387902496497,Left Foot,Open Play,1
3998847,Alexia Putellas Segura,21.707602354935464,20.34526992373021,1,0,2.5059327854610345,Left Foot,Open Play,0
3998847,Alexia Putellas Segura,20.068383093812013,21.763595554861276,1,1,2.627863261712769,Left Foot,Open Play,0
3998844,Ingibjörg Sigurðardóttir,15.883639381451596,22.938507468021353,4,1,2.6550590980886595,Right Foot,Open Play,0
3998844,Julia Stierli,15.31600470096559,28.28105650239098,5,1,2.200846242713157,Head,Open Play,0
3998844,Dagný Brynjarsdóttir,22.44749429223672,15.314027857971698,3,1,3.0941950070124697,Left Foot,Open Play,0
3998844,Sandra María Jessen,11.00727032465361,39.923269734253175,2,1,1.1097328795564803,Left Foot,Open Play,0
3998844,Sydney Schertenleib,29.868545327819362,14.978134253828664,1,0,2.6406859396335385,Right Foot,Open Play,0
3998844,Iman Beney,34.12872690271349,12.790792030452186,3,1,1.3119436995195404,Right Foot,Open Play,0
3998844,Karólína Lea Vilhjálmsdóttir,32.6663435358168,13.275880681234536,2,1,11.472895501347413,Right Foot,Free Kick,0
3998844,Sydney Schertenleib,22.00363606316011,20.603241073417305,1,1,1.5033206990767864,Right Foot,Open Play,0
3998844,Svenja Fölmli,17.527692375210155,13.738661113285128,0,1,3.8174409165932257,Right Foot,Open Play,0
3998844,Sveindís Jane Jónsdóttir,37.1938166904124,8.747547683404179,3,1,7.026289512299096,Right Foot,Open Play,0
3998844,Glódís Perla Viggósdóttir,15.599999999999994,28.7627891821812,3,1,1.324291522656534,Right Foot,Open Play,0
3998844,Glódís Perla Viggósdóttir,15.891192529196791,28.11973962157877,4,1,0.41803549051421907,Right Foot,Open Play,0
3998844,Iman Beney,21.25582273166579,13.81919158131682,0,1,4.195027791798317,Right Foot,Open Play,0
3998844,Sydney Schertenleib,21.749712641779894,14.146801719705145,3,1,1.3882677173863323,Right Foot,Open Play,0
3998844,Iman Beney,15.716551784663205,27.29350683255205,0,1,1.8055455811183208,Head,Open Play,0
3998844,Iman Beney,29.389964273540716,14.598256702538464,6,1,6.358989134451665,Left Foot,Open Play,0
3998844,Dagný Brynjarsdóttir,8.695401083331348,45.18681778130971,3,0,1.1550376416750558,Head,Open Play,0
3998844,Hafrún Rakel Halldórsdóttir,21.284031572989175,15.354582934698989,2,1,1.2614947979915465,Right Foot,Open Play,0
3998844,Sveindís Jane Jónsdóttir,28.97464408754662,11.903664396504613,1,1,4.26657194443067,Left Foot,Open Play,0
3998844,Géraldine Reuteler,13.220060514233657,28.10693985880842,0,1,2.42241646390364,Right Foot,Open Play,1
3998844,Karólína Lea Vilhjálmsdóttir,21.55203006679417,13.539501300982375,0,1,2.9448579688129506,Right Foot,Open Play,0
3998844,Leila Wandeler,24.05847044182153,14.6570882786728,2,1,1.8061208880518929,Left Foot,Open Play,0
3998844,Sydney Schertenleib,11.603878661895765,38.03011173268553,0,1,1.11749076453546,Head,Open Play,0
3998844,Alayah Pilgrim,8.914033879226622,39.33166400316812,1,1,0.8279249089129018,Right Foot,Open Play,0
3998844,Alayah Pilgrim,31.166167553935786,11.962027076291283,1,1,3.521973374335588,Right Foot,Open Play,0
3998844,Alayah Pilgrim,21.72233873228203,20.6719336923756,2,1,3.5797795838215594,Right Foot,Open Play,1
3998844,Glódís Perla Viggósdóttir,7.8390050389064045,28.619291385280647,0,0,2.560788807160023,Head,Open Play,0
3998845,Eveliina Summanen,31.552654404978362,14.382942546424466,0,0,10.516798450616367,Right Foot,Open Play,0
3998845,Linda Sällström,16.334319698108033,20.14361952530772,1,1,0.7846942734558644,Right Foot,Open Play,0
3998845,Ingrid Syrstad Engen,5.336665625650538,73.30075576600635,2,1,1.2266329328737642,Head,Open Play,0
3998845,Caroline Graham Hansen,23.668122020980036,18.454530212404126,2,1,0.7085991218423814,Right Foot,Open Play,0
3998845,Ada Stolsmo Hegerberg,10.526157893552616,34.68258039570765,0,1,3.9165801958534883,Left Foot,Open Play,0
3998845,Ria Öling,18.690371852908648,23.711292126343473,1,1,0.7865418121051732,Right Foot,Open Play,0
3998845,Linda Sällström,21.944703233354517,20.621966558589726,1,1,4.236141940057819,Right Foot,Open Play,0
3998845,Oona Sevenius,17.307801709055948,24.29458700484925,0,1,1.768083486851698,Left Foot,Open Play,1
3998845,Vilde Bøe Risa,24.767922803497264,17.327537245796744,2,1,3.686543290998866,Right Foot,Open Play,0
3998845,Oona Sevenius,24.972985404232304,17.94561689245346,2,1,2.512623658794329,Right Foot,Open Play,0
3998845,Ria Öling,17.32541485794785,19.24342120272003,1,1,1.5365084989246338,Right Foot,Open Play,0
3998845,Ria Öling,27.4,12.879066801938249,1,1,3.286092086103061,Right Foot,Open Play,0
3998845,Saara Katariina Kosola,23.803361107205003,19.07561968694072,1,1,1.9141672740874787,Right Foot,Open Play,0
3998845,Saara Katariina Kosola,25.73091525772063,17.32978374266915,2,1,2.595218087890931,Right Foot,Open Play,0
3998845,Eveliina Summanen,21.12865353021816,20.297986829751274,2,1,1.1130539342286287,Left Foot,Open Play,0
3998845,Oona Sevenius,15.791770008456936,26.113524510085757,1,1,1.8856482674727493,Right Foot,Open Play,0
3998845,Natalia Kuikka,12.88099375048369,31.757374938048372,2,1,2.122589643312368,Head,Open Play,0
3998845,Ada Stolsmo Hegerberg,8.720091742636658,43.00601954762125,0,1,2.3310742165070737,Head,Open Play,0
3998845,Thea Bjelde,19.00315763235152,12.545681741799644,0,1,1.1556516270330452,Left Foot,Open Play,0
3998845,Signe Gaupset,9.170605214488303,45.62411234620525,1,1,0.7082650832212071,Right Foot,Open Play,0
3998845,Guro Reiten,10.940292500660115,34.174420689594356,1,1,1.4359087027078403,Left Foot,Open Play,0
3998845,Caroline Graham Hansen,11.115754585272203,39.28824653565078,1,1,3.1158807435399503,Left Foot,Open Play,0
3998845,Caroline Graham Hansen,16.58553586713435,15.858901185340274,2,1,0.7334831422049061,Right Foot,Open Play,1
3998845,Joanna Tynnilä,22.921823662178372,19.780194745632187,3,1,4.079295894088723,Right Foot,Open Play,0
3998842,Jill Roord,18.29152809362848,11.773316187941543,2,1,2.394045142968249,Right Foot,Open Play,0
3998842,Vivianne Miedema,14.542695761102891,19.17991743391003,1,0,1.5871464286395898,Right Foot,Open Play,0
3998842,Wieke Hendrikje Maria Kaptein,10.767079455451235,40.583347059457516,1,1,1.443236756015015,Right Foot,Open Play,0
3998842,Jackie Groenen,23.400000000000006,19.40078388789163,4,1,5.549910743775015,Right Foot,Open Play,0
3998842,Jill Roord,25.700194551792794,17.693045971150077,0,1,2.195285816118619,Right Foot,Open Play,0
3998842,Angharad James,45.62148616605995,10.016905353766415,1,0,7.731217932151168,Right Foot,Open Play,0
3998842,Josie Green,24.63371673134202,18.072857238125337,0,1,1.5223230043367413,Left Foot,Open Play,0
3998842,Lily Woodham,21.01071155387175,16.050282641800624,3,1,1.9108503627746494,Left Foot,Open Play,0
3998842,Wieke Hendrikje Maria Kaptein,25.160286166894046,16.60446729613439,3,1,2.530567713390875,Right Foot,Open Play,0
3998842,Vivianne Miedema,21.377558326431952,19.203192387594225,3,1,3.503301542652116,Right Foot,Open Play,1
3998842,Victoria Pelova,9.829038610159188,34.40250706926271,0,1,4.933877016366683,Right Foot,Open Play,1
3998842,Jill Roord,13.322161986704707,28.14904320903676,0,0,0.8137452324384269,Left Foot,Open Play,0
3998842,Jackie Groenen,29.068883707497264,15.429248159555462,2,1,5.923756132863365,Right Foot,Open Play,0
3998842,Esmee Brugts,9.269843580125826,20.106686364779293,0,0,2.7175565460423234,Right Foot,Open Play,1
3998842,Jill Roord,24.70809583921837,17.338383307701154,0,1,1.9188360244857041,Left Foot,Open Play,0
3998842,Gemma Evans,9.062008607367359,45.46413207585751,0,0,1.4711338580299669,Head,Open Play,0
3998842,Chasity Grant,16.91892431568863,15.707102901360928,0,1,7.77432002783616,Right Foot,Open Play,0
3998842,Lineth Beerensteyn,12.617844506887849,31.801744871336155,0,0,1.334234360697732,Right Foot,Open Play,0
3998842,Rachel Rowe,24.08007475071454,15.313999958392822,1,1,2.5699553451511084,Right Foot,Open Play,0
3998842,Chasity Grant,14.844864431849823,18.60551398376061,1,1,2.413250423885529,Right Foot,Open Play,0
3998842,Lynn Wilms,32.69281266578328,12.468635802739131,1,0,1.1050246476559045,Right Foot,Open Play,0
3998842,Jackie Groenen,21.611339616044162,20.96214037501559,5,1,4.748797341843234,Right Foot,Open Play,0
3998842,Caitlin Dijkstra,10.90412765882719,40.27876451215021,2,1,1.4350868202332012,Right Foot,Open Play,0
3998842,Victoria Pelova,15.352198539622918,20.92470251364349,0,0,1.328337401230687,Right Foot,Open Play,0
3998843,Lauren James,15.565667348366407,17.64981069307037,1,1,1.0788653911563366,Right Foot,Open Play,0
3998843,Selma Bacha,31.453139747885263,14.42755666154008,0,1,4.6088829990298885,Left Foot,Open Play,0
3998843,Oriane Jean-François,24.24644303810355,18.702329386989952,2,1,1.2079362861862517,Left Foot,Open Play,0
3998843,Lauren James,11.704699910719627,36.51979495519858,1,1,2.7418542485952897,Left Foot,Open Play,0
3998843,Sakina Karchaoui,34.35127362995439,10.892738259507295,0,1,2.2747475891029114,Left Foot,Open Play,0
3998843,Sakina Karchaoui,28.1897144362975,12.792498092494943,1,1,1.0526302034622923,Left Foot,Open Play,0
3998843,Marie-Antoinette Katoto,9.902019995940218,42.20061435197561,4,1,0.38918528418991777,Head,Open Play,0
3998843,Selma Bacha,22.96366695456107,17.130126302204605,2,1,1.1112218020220745,Left Foot,Open Play,0
3998843,Marie-Antoinette Katoto,6.428841264178176,62.94725863142351,0,0,5.539810031273512,Right Foot,Open Play,1
3998843,Sandy Baltimore,10.868762579061153,20.211599348201936,0,1,3.72168270244504,Right Foot,Open Play,1
3998843,Georgia Stanway,29.049784852903816,15.654490433873,2,1,3.4640640380747034,Right Foot,Open Play,0
3998843,Elisa De Almeida,35.46674498738219,11.824561725562058,1,1,2.1853674980541387,Right Foot,Open Play,0
3998843,Elisa De Almeida,19.87259419401503,11.457574715927441,1,1,1.5351602043913146,Left Foot,Open Play,0
3998843,Onema Grace Geyoro,16.6715326230074,22.705235484580204,0,1,2.503325653971566,Right Foot,Open Play,0
3998843,Lauren Hemp,14.43121616496683,11.98114460858392,1,1,2.3093523419019064,Left Foot,Open Play,0
3998843,Kadidiatou Diani,5.1999999999999975,73.96005669395036,2,0,0.8551372102115452,Right Foot,Open Play,0
3998843,Oriane Jean-François,14.665946952038249,30.227261974988362,3,1,2.0405320976971844,Right Foot,Open Play,0
3998843,Kadidiatou Diani,6.369458375717676,62.50073043456638,0,1,1.473437067337836,Head,Open Play,0
3998843,Ella Toone,12.924395537122809,32.43976290315444,1,1,3.2307473400665185,Left Foot,Open Play,0
3998843,Ella Toone,15.811388300841895,28.37662871072319,1,1,1.8427379244801907,Right Foot,Open Play,0
3998843,Keira Walsh,18.886238376129853,23.480729686911843,6,1,4.079419598972039,Right Foot,Open Play,1
3998843,Grace Clinton,22.95321328267569,19.090217581726275,2,1,1.5165387908312062,Right Foot,Open Play,0
3998843,Michelle Agyemang,10.94166349327194,23.361067068985065,2,1,1.9472769694405407,Left Foot,Open Play,0
3998843,Alessia Russo,19.625493624365216,23.013265052553226,2,1,0.6487164009718017,Left Foot,Open Play,0
3998843,Lauren Hemp,12.828094168659657,19.56582118923694,2,1,1.2543287834755252,Left Foot,Open Play,0
3998843,Grace Clinton,21.605786262017862,20.97232988648897,3,1,2.845440850018256,Left Foot,Open Play,0
3998840,Linda Dallmann,21.986359407596336,17.83714002089126,0,1,4.389858809558356,Right Foot,Open Play,0
3998840,Klara Bühl,19.557607215607945,19.807179689500806,2,1,1.2330669465781645,Left Foot,Open Play,0
3998840,Emilia Urszula Szymczak,12.035364556173612,19.488865455739035,0,1,2.183675073893854,Right Foot,Open Play,0
3998840,Linda Dallmann,14.610954794263101,29.207109119456224,2,1,0.8524101094332311,Left Foot,Open Play,0
3998840,Jule Brand,17.608236708995026,18.50214592274332,1,1,1.0551819650771663,Right Foot,Open Play,0
3998840,Rebecca Knaak,7.83134726595622,54.00375849843611,2,1,0.278998374674935,Head,Open Play,0
3998840,Giulia Gwinn,13.509256086106292,28.072486935852975,0,1,2.597694626303195,Head,Open Play,0
3998840,Paulina Tomasiak,26.520369529853838,10.420267525794308,0,1,1.4578714229875738,Left Foot,Open Play,0
3998840,Ewelina Kamczyk,25.91698284908951,15.025140069756814,2,1,0.6437605073243781,Right Foot,Open Play,0
3998840,Ewa Pajor,29.695117443781893,13.808682536917612,2,1,2.9990890530097567,Right Foot,Open Play,0
3998840,Natalia Padilla-Bidas,28.28091229080137,15.678382894659919,1,0,5.0478761156716505,Right Foot,Open Play,0
3998840,Janina Minge,10.845275469069465,35.61760006170077,5,1,0.6292615918064054,Head,Open Play,0
3998840,Sjoeke Nüsken,24.286621831782202,17.778285531548267,1,1,1.2780513558957518,Right Foot,Open Play,0
3998840,Klara Bühl,28.214358046923554,13.32810022573076,4,1,9.072947765493822,Left Foot,Free Kick,0
3998840,Lea Schüller,10.604244433244638,41.322323445557764,0,1,2.227335314167646,Left Foot,Open Play,0
3998840,Sjoeke Nüsken,12.244182292011171,24.418162138099657,1,1,2.2068426910015755,Right Foot,Open Play,0
3998840,Jule Brand,12.790621564255588,31.71134586523798,2,1,0.901466298014752,Head,Open Play,0
3998840,Linda Dallmann,20.28053253738668,22.135491878100332,1,1,6.244331699518469,Right Foot,Open Play,0
3998840,Jule Brand,23.352944139872392,16.340304679695638,1,1,2.141738612356585,Left Foot,Open Play,1
3998840,Sylwia Matysik,47.06867323390367,9.518665289500424,1,0,1.6679411589013229,Right Foot,Open Play,0
3998840,Sjoeke Nüsken,6.1400325732034995,32.07652859309866,0,0,3.1225018788054677,Head,Open Play,0
3998840,Klara Bühl,19.252012881774203,19.616971056101868,1,1,1.336737965897814,Right Foot,Open Play,0
3998840,Ewa Pajor,17.440183485273312,21.239758134501045,1,1,2.427815995129328,Left Foot,Open Play,0
3998840,Lea Schüller,5.830951894845307,67.38013505195951,0,0,3.103866953622251,Head,Open Play,0
3998840,Lea Schüller,7.641989269817118,46.57655005518373,0,1,2.964931737479968,Head,Open Play,1
3998840,Kayla Joan Zophia Adamek,27.004073766748608,13.193585318899656,2,1,0.9442349716754077,Right Foot,Open Play,0
3998840,Sjoeke Nüsken,8.527602242131133,42.950113062448374,3,1,1.583669247821449,Head,Open Play,0
3998840,Tanja Pawollek,10.37111372997134,34.95336362100376,2,1,0.5675044939717202,Right Foot,Open Play,0
3998840,Ewa Pajor,7.184705978674417,57.907654094532305,1,1,0.46220480005533865,Head,Open Play,0
3998840,Sjoeke Nüsken,32.19767072320605,13.656681481658826,5,1,7.373546204826578,Right Foot,Open Play,0
3998840,Sjoeke Nüsken,19.141577782408635,23.23015843305069,2,1,4.563601204076948,Right Foot,Open Play,0
3998840,Selina Cerci,23.982702099638395,11.405075705650686,1,1,1.0176404586314778,Right Foot,Open Play,0
3998840,Giovanna Hoffmann,26.941603515752362,12.209638302738608,0,1,2.01791634852205,Right Foot,Open Play,0
3998839,Esther Gonzalez Rodríguez,8.215229759416347,47.40257225941612,1,1,0.8061172643512868,Right Foot,Open Play,1
3998839,Victoria López,5.008991914547277,77.19697215999834,0,1,1.4368193261915243,Right Foot,Open Play,1
3998839,Esther Gonzalez Rodríguez,16.506059493410294,13.506717819969206,0,1,1.307206047844041,Right Foot,Open Play,0
3998839,Claudia Pina Medina,19.19713520294109,20.184855520751068,0,1,1.488992462699461,Right Foot,Open Play,0
3998839,Alexia Putellas Segura,15.50290295396317,28.93085343202699,1,1,2.96129359703921,Left Foot,Open Play,0
3998839,Victoria López,29.77549327886945,13.088117772194598,1,0,3.645606898571052,Right Foot,Open Play,0
3998839,Carole da Silva Costa,14.956603892595405,26.066357759374235,2,1,0.3989160009628931,Head,Open Play,0
3998839,Beatriz Pina Fonseca,18.923266102869242,22.256783972760964,1,1,0.6749205696483537,Right Foot,Open Play,0
3998839,Esther Gonzalez Rodríguez,7.932212806020781,36.877712127453094,0,1,2.0854664478291243,Left Foot,Open Play,0
3998839,Claudia Pina Medina,14.52446212429225,25.069641345987524,0,1,4.429300745668858,Right Foot,Open Play,0
3998839,Alexia Putellas Segura,10.292715870944853,37.73446862513221,1,1,1.8758363645251808,Left Foot,Open Play,1
3998839,Esther Gonzalez Rodríguez,14.043147795277244,31.535470539995572,2,1,1.6699686680001886,Left Foot,Open Play,0
3998839,Esther Gonzalez Rodríguez,2.247220505424417,123.09573428450841,0,1,0.7866012954012063,Left Foot,Open Play,1
3998839,Alexia Putellas Segura,11.18033988749895,31.040995336070925,2,1,0.506859358187292,Right Foot,Open Play,0
3998839,Olga  Carmona García,33.10785405307931,13.413890393975782,1,1,5.33356467423583,Left Foot,Open Play,0
3998839,María Francesca Caldentey Oliver,19.525624189766642,21.408170777563164,4,1,2.456235053078829,Left Foot,Open Play,0
3998839,Alexia Putellas Segura,12.529964086141673,35.12815323338343,3,1,1.1618908510389918,Left Foot,Open Play,0
3998839,Andreia Alexandra Norton,30.14000663569933,14.138619807157403,1,1,4.228646670184289,Right Foot,Open Play,0
3998839,Ana Ines Palma Capeta,12.10165277968262,28.6258439739254,0,1,2.5157606261260326,Right Foot,Open Play,0
3998839,Jana Fernandez Velasco,32.63694225873497,13.464706147757349,1,1,3.412947694852681,Right Foot,Open Play,0
3998839,Patricia Guijarro Gutiérrez,22.469757453074568,18.544222715394497,1,1,1.7409000741445695,Left Foot,Open Play,0
3998839,Cristina Martín-Prieto Gutierrez,8.122191822408524,52.36267526812022,0,1,1.6121860974018178,Right Foot,Open Play,0
3998839,Olga  Carmona García,22.552383466055208,17.487374125347458,4,1,4.138516398508172,Left Foot,Open Play,0
3998839,Ana Ines Palma Capeta,22.599557517792242,13.01981914591809,1,1,1.7051079466298311,Right Foot,Open Play,0
3998839,Andreia Martins Faria,15.057224179774973,28.665296892334663,2,1,2.164835689205744,Right Foot,Open Play,0
3998839,Salma Paralluelo Ayingono,23.482972554597936,17.263501866469596,2,1,1.9833228888776178,Right Foot,Open Play,0
3998839,Cristina Martín-Prieto Gutierrez,6.109828148156055,64.93153889036813,0,0,2.2795197973511607,Head,Open Play,1
3998836,Sandra María Jessen,16.807438829280322,26.763368061196623,6,1,3.285075351040574,Right Foot,Open Play,0
3998836,Linda Sällström,11.788129622633106,36.56449870334927,1,1,1.5770530180088034,Left Foot,Open Play,0
3998836,Ria Öling,13.961733416735905,29.588768980704234,2,1,3.426418426946598,Right Foot,Open Play,0
3998836,Karólína Lea Vilhjálmsdóttir,25.628889948649746,13.343332889646032,1,0,0.5556366983197955,Right Foot,Open Play,0
3998836,Sanni Maija Franssi,22.063544592834575,15.028328388876226,2,1,1.959418378554862,Right Foot,Open Play,0
3998836,Saara Katariina Kosola,20.71617725353787,21.169351583820788,2,1,2.3152263587871795,Right Foot,Open Play,0
3998836,Sandra María Jessen,20.802163349036558,21.766791833220093,5,1,0.9672691974531986,Left Foot,Open Play,0
3998836,Sanni Maija Franssi,16.726027621644057,24.46359141667321,3,1,0.7268670983522512,Left Foot,Open Play,0
3998836,Oona Siren,29.254914117118847,14.729961883271844,1,1,2.8151607359973867,Right Foot,Open Play,0
3998836,Saara Katariina Kosola,18.87326150934173,18.707351427434677,1,1,5.7339339678076895,Right Foot,Open Play,0
3998836,Sanni Maija Franssi,20.209156340629363,22.18253045439798,2,1,1.8084088756632712,Right Foot,Open Play,0
3998836,Sandra María Jessen,8.06597793203031,41.88769139079452,1,1,1.5337117017633217,Left Foot,Open Play,0
3998836,Linda Sällström,24.08318915758459,12.786701449186797,0,1,1.5079997866315615,Left Foot,Open Play,0
3998836,Ingibjörg Sigurðardóttir,8.764131445842201,47.857717249586095,7,1,2.3579115714160976,Right Foot,Open Play,0
3998836,Agla María Albertsdóttir,9.121951545584974,46.651230874690924,5,1,0.9363170757479296,Left Foot,Open Play,0
3998836,Alexandra Jóhannsdóttir,6.1,66.16056306759731,5,1,2.4422355571604335,Right Foot,Open Play,0
3998836,Ria Öling,16.96496389621858,20.937860883871245,1,1,1.8042867004041452,Right Foot,Open Play,0
3998836,Joanna Tynnilä,27.600181158825745,16.492432494698317,2,1,5.820651013394015,Right Foot,Open Play,0
3998836,Guðrún Arnardóttir,8.786353054595512,40.78582147726598,0,1,2.347017422763565,Right Foot,Open Play,0
3998836,Saara Katariina Kosola,25.181342299408904,16.372977524296775,0,1,1.6667980458927694,Right Foot,Open Play,0
3998836,Natalia Kuikka,10.547511554864496,18.136677227454985,1,1,0.9953032115593939,Head,Open Play,0
3998836,Saara Katariina Kosola,18.228000438885232,20.65168095511471,2,1,2.3063764172100423,Right Foot,Open Play,1
3998836,Saara Katariina Kosola,20.902152999152985,17.80787219040207,2,1,1.9148810670775724,Right Foot,Open Play,0
3998836,Sveindís Jane Jónsdóttir,22.50199991111901,15.06689577662152,0,1,1.5477786174502621,Right Foot,Open Play,0
3998836,Katla Tryggvadóttir,21.70023041352326,12.973457804923813,4,1,1.5679857377987276,Left Foot,Open Play,0
3998836,Katla Tryggvadóttir,22.784643951574054,14.870728978024239,1,1,2.753505562182116,Right Foot,Open Play,0
3998836,Sveindís Jane Jónsdóttir,26.665520808714767,11.957605246415065,1,0,2.5652759315476534,Right Foot,Open Play,0
